  0.386585 0.000168584 0.000393437   0.0012574  -0.206996 -0.0179482   0.973803
  0.390742   0.00123385 -0.000139195    0.0012574  -0.207606 -0.0235634   0.978319
  0.396576   0.00176648 -0.000671827  0.000192136  -0.211513 -0.0236855   0.982225
  0.400988  0.000701215 -0.000139195 -0.000340495  -0.216151 -0.0208779   0.981371
  0.406291 -0.000896681  0.000393437  0.000192139   -0.21725 -0.0166054   0.977587
  0.411099 -0.000896681   0.00092607 -0.000340492  -0.215175 -0.0126992   0.972338
  0.416489  0.000701215 -0.000139195  -0.00140576 -0.211391 -0.012455  0.971727
  0.420716 0.000168584 -0.00120446 0.000192139  -0.207484 -0.0170937   0.974047
  0.426577   0.00123385 -0.000671827  0.000192139  -0.206508 -0.0235634   0.977221
  0.430815   0.00283175 -0.000139195  -0.00300365  -0.210292 -0.0249062   0.981859
  0.436577   0.00176648 -0.000139195  -0.00140576  -0.215419 -0.0222207   0.981737
  0.441039  0.000168584 -0.000139195 -0.000340495  -0.217494 -0.0195351   0.978197
  0.446577  0.000701217 -0.000139195 -0.000873126  -0.216518 -0.0162392   0.974535
  0.450681  0.000701217 -0.000671827   0.00072477  -0.212367 -0.0129433   0.973803
  0.456579  -0.00142931 -0.000139195   0.00179004  -0.207851 -0.0148964   0.975145
   0.46089 -0.000896681   0.00092607   0.00179004  -0.206508 -0.0214882   0.976366
  0.466576   0.00176648 -0.000139195   0.00072477   -0.20956 -0.0242959   0.979662
  0.470791   0.00123385 -0.000671827   0.00232267  -0.213954 -0.0220986   0.981737
   0.47658 -0.00142931 0.000393437  0.00338794  -0.216395 -0.0191689   0.979662
  0.480782 -0.00249458  0.00092607  0.00498583  -0.216151 -0.0155068   0.975023
  0.486576 -0.00196194 0.000393437  0.00605109  -0.212245 -0.0125771   0.972948
  0.490684  0.000168584 -0.000671827   0.00392056  -0.208583 -0.0146523   0.974535
  0.496577  0.00123385 -0.00120446  0.00392056  -0.207118 -0.0214882   0.976366
  0.501055 0.000168584 -0.00120446  0.00392056 -0.209804  -0.02454   0.97954
  0.506578 -0.00196194 -0.00120446  0.00338793  -0.214931 -0.0229531   0.982103
  0.510694  -0.00355984 -0.000671827    0.0044532 -0.217494 -0.019413  0.980883
  0.516578  -0.00196194 -0.000139195   0.00498583  -0.217128 -0.0152626   0.975634
  0.520885 -0.000364047 -0.000139195    0.0044532  -0.213222 -0.0125771   0.971972
  0.526582 -0.000364047 -0.000671827   0.00392057  -0.207851 -0.0140419   0.972826
   0.53101 -0.000896679 -0.000671827   0.00498583   -0.20602 -0.0206337   0.973925
  0.536357  -0.00142931 -0.000671827   0.00711636  -0.208339 -0.0253945   0.978197
  0.540814 -0.000896679  -0.00120446   0.00818162  -0.212978 -0.0241738   0.982836
  0.546577 -0.00249458 -0.00120446   0.0103122 -0.216762 -0.021122  0.980394
  0.551032  -0.00302721 -0.000139195   0.00924689  -0.217494 -0.0184365   0.975023
  0.556416 -0.000364048   0.00092607   0.00338793  -0.214564 -0.0145302   0.973436
  0.560729 0.00176648 0.00092607 0.00072477  -0.209437 -0.0130654   0.974779
  0.566576  0.00176648 0.000393437  0.00072477   -0.20724 -0.0177041   0.974901
  0.570904 -0.000364048 -0.000139195   0.00232267  -0.208949 -0.0231972   0.977587
  0.576576 -0.000896679 -0.000671827   0.00392057  -0.212611 -0.0225869   0.980883
  0.580876 0.000701217 -0.00120446   0.0044532 -0.216029 -0.019413  0.979174
   0.58658   0.00123385 -0.000139195   0.00711636  -0.216151 -0.0163613   0.975267
   0.59085 0.000701215  0.00092607  0.00658373  -0.213222 -0.0135537   0.973436
  0.596462 -0.000364048   0.00092607   0.00232267   -0.20956 -0.0136757   0.974169
  0.600718 -0.000896679 -0.000139195    0.0012574   -0.20663 -0.0180703   0.974657
  0.606576  0.000701217  -0.00120446 -0.000340492  -0.207362 -0.0235634   0.978197
  0.610768  0.000701217  -0.00120446 -0.000873126  -0.211391 -0.0249062   0.982225
  0.616428 -0.000364047  -0.00120446   0.00232267  -0.216395 -0.0213662   0.980516
  0.620999 -0.000896679 -0.000139195   0.00232267   -0.21786 -0.0159951   0.977221
  0.626579 -0.000364048   0.00092607    0.0012574  -0.215297 -0.0126992   0.973925
  0.630922 0.000168584   0.0014587  0.00179004   -0.21078 -0.0117226   0.972704
  0.636516 -0.000364047   0.00092607   0.00072477  -0.206752 -0.0156289   0.973681
  0.640662   0.00229911 -0.000139195   0.00072477  -0.206874 -0.0224648   0.976488
  0.646575   0.00283174 -0.000139195   0.00179004 -0.209804  -0.02454  0.981737
  0.650856  0.000701215 -0.000671827   0.00179004  -0.214198 -0.0217324   0.982592
  0.656576  0.000701215 -0.000671827   0.00179004  -0.216884 -0.0186806   0.978075
  0.660954 0.000168584 0.000393437  0.00498583  -0.215907 -0.0157509   0.974291
  0.666577 0.000701217 0.000393437  0.00551846  -0.211879 -0.0130654   0.973803
   0.67092 0.00176648 0.00092607  0.0012574  -0.206874 -0.0153847   0.975145
  0.676576  0.00229911 0.000393437 -0.00140576   -0.20663 -0.0214882   0.977221
  0.680746   0.00283175 -0.000671827 -0.000873126  -0.210292 -0.0242959   0.980639
  0.686577  0.00123385 0.000393437 0.000192136  -0.214686 -0.0213662   0.981249
  0.690881 -0.00196194  0.00092607  0.00392056  -0.217372 -0.0179482   0.977465
  0.696481 -0.00142931 0.000393437  0.00605109  -0.215541 -0.0156289   0.973803
   0.70064 0.000701215 0.000393437   0.0044532  -0.211269 -0.0130654   0.973314
  0.706576  0.00123385 0.000393437  0.00392057  -0.207606 -0.0147744   0.974413
  0.711097   0.00229911 -0.000671827  0.000724774  -0.206264 -0.0217324   0.976122
  0.716305  0.00229911 -0.00120446 -0.00140576  -0.209071 -0.0258828   0.980028
  0.720748 0.000168584 -0.00120446   0.0012574  -0.214931 -0.0238076   0.981493
  0.726577 -0.00142931 -0.00120446  0.00179004  -0.218104 -0.0190468   0.979174
  0.730965 -0.000364048  -0.00120446 -0.000873126  -0.216884 -0.0146523   0.974901
  0.736517  0.000168584 -0.000139195  0.000724774    -0.2131 -0.0117226   0.973925
  0.740654  0.00123385 0.000393437 0.000192139  -0.208949 -0.0126992   0.974779
  0.746577  0.000701217  0.000393437 -0.000340495 -0.206142 -0.019413  0.974779
  0.750894 -0.000896679   0.00092607   0.00179004  -0.208461 -0.0236855   0.979052
  0.756577 -0.00142931 0.000393437  0.00232267  -0.213222 -0.0229531    0.98308
  0.760912  -0.00249458 -0.000139195   0.00232267  -0.215663 -0.0208779   0.980272
  0.766576 -0.000896681  0.000393437  -0.00140576   -0.21664 -0.0173378   0.974779
  0.771025  0.00176648 0.000393437 -0.00140576  -0.214564 -0.0144082   0.973681
   0.77647   0.00176648  0.000393437 -0.000340492  -0.209682 -0.0148964   0.973803
  0.780929  0.000701215   0.00092607 -0.000340492  -0.206996 -0.0202675   0.975023
  0.786578  0.00123385 0.000393437  0.00072477  -0.209315 -0.0240517   0.980028
   0.79093   0.00229911 -0.000671827   0.00179004   -0.21371 -0.0227089   0.982348
  0.796519   0.00176648 -0.000671827   0.00179004  -0.217128 -0.0199013   0.979418
  0.800642  0.000168584 -0.000671827    0.0012574  -0.217006 -0.0163613    0.97539
  0.806578 0.000701217 -0.00120446   0.0012574  -0.213588 -0.0131875   0.972582
  0.810711 -0.000896681 -0.000139195   0.00179004  -0.209437 -0.0133095   0.973192
  0.816578 -0.000896681  0.000393437   0.00232267  -0.206142 -0.0186806   0.975756
  0.820689   0.00176648 -0.000139195    0.0028553  -0.206264 -0.0246621   0.979296
  0.826578   0.00229911 -0.000139195   0.00338793  -0.211391 -0.0253945   0.981859
   0.83111   0.00176648 -0.000671827   0.00338793  -0.216518 -0.0212441   0.981005
  0.836529 -0.000364048 -0.000139195   0.00179004  -0.217738 -0.0172158   0.977587
  0.840694 -0.00142931 0.000393437  0.00072477  -0.215419 -0.0145302   0.973803
  0.846575  0.000701217 -0.000671827  0.000192139 -0.210536 -0.012455  0.972826
  0.850752   0.00283175 -0.000671827  0.000192139  -0.206996 -0.0153847   0.974169
  0.856577   0.00229911 -0.000671827 -0.000340495  -0.207606 -0.0222207   0.977587
   0.86083 -0.000896681  -0.00120446  0.000192139  -0.211146 -0.0239296   0.981249
  0.866577  -0.00249458 -0.000139195    0.0044532  -0.214686 -0.0207558   0.982225
  0.871105 -0.000896679  0.000393437   0.00551846  -0.217372 -0.0180703   0.978808
  0.876576 -0.000896679  0.000393437    0.0044532  -0.215785 -0.0147744   0.973314
  0.880844  -0.00249458 -0.000139195   0.00498583  -0.210902 -0.0120888   0.972582
  0.886576 -0.00302721 -0.00120446  0.00498583   -0.20724 -0.0161171   0.973558
  0.891014  -0.00196194 -0.000671827   0.00338794  -0.206996 -0.0225869   0.975756
   0.89646 -0.000364048 -0.000671827    0.0028553  -0.210292 -0.0239296   0.981249
  0.900738 0.000168584 -0.00173709   0.0028553  -0.215053 -0.0220986   0.981981
  0.906577 -0.000896679  -0.00173709   0.00232267  -0.217372 -0.0183144   0.978441
  0.910786  -0.00142931 -0.000671827   0.00338793  -0.215785 -0.0139199   0.973436
  0.916577 -0.00142931 0.000393437  0.00392056  -0.212123 -0.0125771    0.97246
  0.921053 -0.00142931  0.00092607  0.00498583  -0.207606 -0.0157509   0.974535
   0.92647 -0.00142931 0.000393437  0.00658372  -0.205409 -0.0217324   0.977099
  0.930629 -0.000896679 -0.000139195   0.00338793  -0.208339 -0.0252724   0.982348
  0.936579  -0.00142931 -0.000671827    0.0028553  -0.214442 -0.0236855   0.981981
   0.94095 -0.00249458 -0.00120446  0.00711636  -0.217494 -0.0201455   0.978197
  0.946512 -0.000896681 -0.000671827    0.0044532  -0.216273 -0.0168496   0.975756
  0.950758   0.00123385 -0.000671827   0.00338793  -0.213344 -0.0131875   0.973436
  0.956578   0.00123385 -0.000139195   0.00551846  -0.209193 -0.0136757   0.973681
  0.960892 0.00123385  0.0014587 0.00338794  -0.207118 -0.0197793   0.975023
   0.96649 0.00176648 0.00092607  0.0028553  -0.209804 -0.0236855   0.978075
  0.970583   0.00229911 -0.000671827   0.00179004  -0.213466 -0.0227089   0.981493
  0.976576   0.00176648 -0.000671827 -0.000340492  -0.215907 -0.0197793   0.979906
  0.980963  0.000168584 -0.000139195   0.00179004  -0.216273 -0.0162392   0.975145
  0.986577  0.000701217 -0.000139195    0.0028553  -0.212733 -0.0128212   0.973192
   0.99096   0.00229911 -0.000139195   0.00072477  -0.208583 -0.0142861    0.97307
  0.996577   0.00336438 -0.000139195 -0.000340492  -0.206996 -0.0207558   0.973925
   1.00086   0.00336438 -0.000139195  -0.00247102  -0.208827 -0.0251503   0.980028
   1.00658   0.00283175 -0.000671827  -0.00300366  -0.213832 -0.0239296   0.982592
   1.01084   0.00123385  -0.00120446 -0.000340495  -0.217616 -0.0201455   0.978685
   1.01641 0.000168584 -0.00120446  0.00232267  -0.217006 -0.0157509    0.97661
   1.02075  0.000701215 -0.000139195    0.0028553  -0.213466 -0.0125771   0.973558
   1.02658 0.000168584 0.000393437   0.0028553  -0.210048 -0.0133095   0.971972
   1.03083  0.000168584 -0.000139195   0.00232267  -0.206142 -0.0188027   0.975512
   1.03658   0.00123385 -0.000671827   0.00179004  -0.206142 -0.0240517   0.979662
   1.04109 -0.000364048 -0.000671827    0.0028553  -0.211757 -0.0240517   0.981737
   1.04653 -0.00249458 0.000393437  0.00551846 -0.216518 -0.021122  0.980883
   1.05066 -0.00142931 0.000393437   0.0044532  -0.218104 -0.0178261    0.97661
   1.05658 -0.000364047 -0.000671827   0.00392056  -0.215907 -0.0142861    0.97307
   1.06079 0.000701217 -0.00120446  0.00392056  -0.210902 -0.0128212   0.974413
   1.06658   0.00123385 -0.000671827   0.00179004  -0.207606 -0.0167275   0.975634
   1.07077  0.000168584 -0.000139195   0.00072477  -0.207851 -0.0224648   0.976854
   1.07647 -0.000364047 -0.000671827  0.000192136  -0.211146 -0.0239296   0.980639
   1.08071   0.00123385  -0.00120446 -0.000340495  -0.215663 -0.0212441   0.981249
   1.08658   0.00283175  -0.00120446 -0.000873126  -0.217616 -0.0195351   0.979784
   1.09065   0.00229911 -0.000139195 -0.000340495  -0.214809 -0.0159951   0.976244
   1.09658 0.00176648 0.00092607  0.0028553  -0.210292 -0.0131875   0.973314
   1.10109 0.000701217  0.00092607  0.00338793  -0.207362 -0.0178261   0.974047
   1.10658 -0.000364047   0.00092607    0.0012574  -0.206142 -0.0217324   0.974169
   1.11075 0.000701217 0.000393437  0.00179004  -0.210292 -0.0229531   0.979418
   1.11658   0.00176648 -0.000139195   0.00232267  -0.214442 -0.0241738   0.984667
   1.12068  0.000701217 -0.000139195  -0.00193839  -0.215785 -0.0196572   0.980883
   1.12658  -0.00142931 -0.000139195  -0.00247102 -0.215541 -0.014164  0.973681
   1.13116 0.000701217 0.000393437 -0.00140576  -0.211757 -0.0128212   0.972704
   1.13627  0.00389701  0.00092607 -0.00406892  -0.20956 -0.012455  0.975145
   1.14079   0.00176648 -0.000139195 -0.000873126  -0.208095 -0.0186806   0.976244
   1.14658 -0.000364047  -0.00120446   0.00232267   -0.20663 -0.0249062   0.977343
   1.15094  0.000168584 -0.000671827   0.00232267  -0.211757 -0.0229531   0.979052
   1.15658  0.000701215 -0.000139195   0.00232267 -0.216884    -0.021  0.980761
   1.16071  0.00123385 0.000393437   0.0012574  -0.216273 -0.0180703   0.976488
   1.16658  0.00176648  0.00092607 0.000192136  -0.215663 -0.0151406   0.972216
   1.17067  0.00229911  0.00092607 -0.00406892  -0.211391 -0.0155068   0.974169
   1.17658  0.00283175  0.00092607 -0.00832998 -0.207118 -0.015873  0.976122
   1.18068  0.00283175 0.000393437 -0.00300366  -0.209804 -0.0200234   0.979052
   1.18658   0.00283175 -0.000139195   0.00232267  -0.212489 -0.0241738   0.981981
   1.19083   0.00176648 -0.000139195   0.00072477 -0.215419    -0.021   0.97954
    1.1964  0.000701215 -0.000139195 -0.000873126  -0.218349 -0.0178261   0.977099
   1.20077  0.000168584 -0.000139195  0.000192139  -0.214076 -0.0146523   0.975512
   1.20658 -0.000364047 -0.000139195    0.0012574  -0.209804 -0.0114785   0.973925
   1.21093 -0.000364047 -0.000671827   0.00072477 -0.208339 -0.017582  0.975023
   1.21644 -0.000364047  -0.00120446  0.000192136  -0.206874 -0.0236855   0.976122
   1.22081  -0.00196194 -0.000139195    0.0028553  -0.211513 -0.0229531   0.979784
   1.22658 -0.00355984  0.00092607  0.00551846  -0.216151 -0.0222207   0.983446
   1.23095 -0.00196194 0.000393437  0.00338793  -0.216518 -0.0183144   0.978319
   1.23658 -0.000364047 -0.000139195    0.0012574  -0.216884 -0.0144082   0.973192
   1.24067 -0.000896679 -0.000139195   0.00232267  -0.212001 -0.0144082   0.973192
   1.24658  -0.00142931 -0.000139195   0.00338794  -0.207118 -0.0144082   0.973192
   1.25109 -0.000896679  0.000393437   0.00179004  -0.206874 -0.0181923   0.973436
   1.25647  0.000701217 -0.000139195   0.00072477   -0.20724 -0.0241738   0.977953
   1.26078  0.00123385 -0.00120446  0.00179004  -0.211635 -0.0244179   0.981981
   1.26658  0.000701215 -0.000671827   0.00179004 -0.215785 -0.021122  0.980761
   1.27076   0.00123385 -0.000671827   0.00072477  -0.216395 -0.0180703   0.976976
   1.27658 -0.000364048 -0.000671827   0.00232267  -0.214809 -0.0146523    0.97246
   1.28074  -0.00142931 -0.000671827   0.00551846  -0.210536 -0.0130654   0.973314
   1.28644  0.000701217 -0.000671827    0.0044532 -0.207118 -0.017582  0.975267
   1.29074   0.00123385 -0.000139195   0.00232267 -0.207606 -0.022831  0.978075
   1.29658  -0.00196195 -0.000671827   0.00551846  -0.211513 -0.0230751   0.982225
   1.30069  -0.00462511 -0.000671827   0.00977952  -0.215907 -0.0207558   0.980639
   1.30658  -0.00142931 -0.000139195   0.00498583  -0.216884 -0.0170937   0.976976
   1.31109  0.000168584 -0.000671827   0.00498583  -0.214198 -0.0136757   0.974047
   1.31651 -0.00142931 -0.00120446  0.00871425  -0.210536 -0.0125771   0.973558
   1.32085  0.00123385 -0.00120446  0.00658373  -0.207362 -0.0166054   0.974901
   1.32674   0.00283175 -0.000671827   0.00711636  -0.207606 -0.0229531   0.977953
     1.331   0.00229911 -0.000671827   0.00605109  -0.211513 -0.0255166   0.981615
   1.33674  0.00123385 -0.00120446   0.0044532  -0.217006 -0.0218544   0.980883
   1.34119 -0.000896679  -0.00120446    0.0044532  -0.219203 -0.0167275   0.977465
   1.34654 -0.000896679 -0.000139195   0.00338793  -0.215907 -0.0140419   0.974535
   1.35082 0.000168584  0.00092607  0.00551846  -0.211269 -0.0119668   0.973803
   1.35674  0.00176648 0.000393437  0.00711636   -0.20724 -0.0144082   0.974169
   1.36113  0.00229911 0.000393437   0.0044532  -0.205775 -0.0207558   0.976122
   1.36655  0.00229911  0.00092607 0.000724774  -0.209315 -0.0234414   0.980639
   1.37092  0.00123385 0.000393437  0.00179004  -0.214442 -0.0217324   0.982225
   1.37667 -0.000364047 -0.000139195   0.00392056  -0.216884 -0.0189248   0.978441
   1.38096 0.000168584 0.000393437  0.00179004  -0.216518 -0.0162392   0.974047
   1.38674  0.000168584   0.00092607 -0.000340492  -0.212978 -0.0133095   0.973558
   1.39109   0.00123385  0.000393437 -0.000873126  -0.207973 -0.0156289   0.973925
   1.39674   0.00229911 -0.000139195   0.00072477   -0.20663 -0.0218544   0.975512
     1.401   0.00176648 -0.000139195  0.000192139  -0.209926 -0.0235634   0.981249
   1.40656   0.00176648 -0.000671827  -0.00140576  -0.214686 -0.0218544    0.98247
   1.41084   0.00229911  -0.00120446 -0.000340492  -0.217494 -0.0188027   0.978808
   1.41674   0.00123385 -0.000139195  -0.00193839  -0.216884 -0.0151406   0.975023
   1.42102   0.00176648 -0.000139195  -0.00193839  -0.212489 -0.0126992   0.972582
   1.42674   0.00176648 -0.000139195    0.0012574  -0.207606 -0.0144082   0.973803
   1.43119 -0.000364047  0.000393437   0.00232267   -0.20602 -0.0203896    0.97661
   1.43674 -0.000896679  0.000393437   0.00179004  -0.208095 -0.0249062   0.980394
   1.44139 -0.000896679 -0.000671827   0.00072477  -0.213344 -0.0241738   0.981371
   1.44662 0.000168584 -0.00120446   0.0012574  -0.217738 -0.0200234   0.979296
   1.45081 -0.000364048  0.000393437   0.00179004   -0.21786 -0.0167275   0.975634
   1.45674 -0.000896679  0.000393437  0.000192139  -0.213954 -0.0136757    0.97307
   1.46125  0.000701217 -0.000139195  -0.00140576  -0.209193 -0.0126992   0.973681
   1.46674   0.00123385 -0.000671827 -0.000340495 -0.206752 -0.017582  0.974779
   1.47108 0.000701215 -0.00120446  0.00072477  -0.208217 -0.0231972   0.978197
   1.47674  0.000168584 -0.000139195  0.000192139  -0.212245 -0.0235634   0.982225
   1.48084  -0.00142931 -0.000139195    0.0028553  -0.215907 -0.0205117   0.981005
   1.48674  -0.00142931 -0.000671827    0.0044532  -0.216518 -0.0174599   0.975756
   1.49113  0.000701217 -0.000139195   0.00232267  -0.213832 -0.0136757   0.972582
   1.49674  0.000168584 -0.000139195   0.00392056  -0.209804 -0.0133095   0.973436
   1.50117 -0.000896679 -0.000139195    0.0044532   -0.20724 -0.0191689   0.975512
   1.50674 -0.000364047  0.000393437   0.00392057  -0.208339 -0.0235634   0.978685
    1.5109 -0.000896679 -0.000139195   0.00605109  -0.212611 -0.0231972   0.982103
   1.51674  -0.00196194 -0.000671827   0.00658372   -0.21664 -0.0206337   0.981005
   1.52132 -0.000896681  0.000393437   0.00498583  -0.217616 -0.0166054   0.976854
   1.52674 0.000168584  0.00092607   0.0044532  -0.214809 -0.0139199   0.971972
   1.53103   0.00176648  0.000393437 -0.000340492   -0.21017 -0.0131875   0.972338
   1.53677   0.00336438 -0.000671827  -0.00300365  -0.206752 -0.0168496   0.975756
   1.54085 0.000701217 -0.00120446 0.000192139  -0.206386 -0.0231972   0.977953
   1.54674 -0.00196194 -0.00120446  0.00232267  -0.211146 -0.0247841   0.981249
   1.55125  -0.00142931 -0.000671827    0.0044532  -0.216395 -0.0218544   0.981615
   1.55646 -0.000364047 -0.000139195   0.00498583  -0.217616 -0.0185585   0.976732
   1.56093  0.000701217 -0.000139195   0.00551846  -0.216151 -0.0151406   0.972826
   1.56674   0.00123385 -0.000139195   0.00392057  -0.212001 -0.0126992   0.974169
   1.57115  0.000701215  0.000393437 -0.000340492  -0.208217 -0.0151406   0.974779
    1.5766  0.00123385 0.000393437 -0.00193839  -0.207728 -0.0216103   0.975267
   1.58081  0.000701217 -0.000671827    0.0012574   -0.21017 -0.0242959   0.979784
   1.58674 -0.000896679  -0.00173709   0.00711636  -0.214198 -0.0214882   0.982225
   1.59113 0.000168584 -0.00173709  0.00658373   -0.21664 -0.0183144   0.978563
    1.5967  0.000168584 -0.000671827   0.00498583  -0.215785 -0.0146523   0.973681
   1.60089 -0.000364048 -0.000139195   0.00551846  -0.211879 -0.0126992    0.97307
   1.60674  0.000701215 -0.000139195    0.0028553  -0.207728 -0.0163613   0.973558
   1.61115  0.000701215 -0.000671827  0.000192139  -0.206874 -0.0224648   0.975878
   1.61644  0.00123385 -0.00120446 0.000192139   -0.21017 -0.0250283   0.981127
   1.62094  0.00176648 -0.00173709   0.0028553  -0.215419 -0.0225869   0.981249
   1.62674 0.000701217 -0.00173709  0.00551846   -0.21786 -0.0178261   0.978685
   1.63113  0.00176648 -0.00120446  0.00338793   -0.21664 -0.0137978   0.974413
    1.6367   0.00229911 -0.000139195    0.0028553  -0.212855 -0.0118447   0.971483
   1.64089 0.000701215  0.00092607  0.00338793  -0.207973 -0.0136757   0.973192
   1.64674 0.000168584 0.000393437  0.00179004   -0.20602 -0.0203896      0.976
   1.65112 -0.000364047 -0.000139195   0.00179004 -0.208583  -0.02454  0.980516
   1.65674 -0.000896679 -0.000139195   0.00232267  -0.213832 -0.0227089    0.98247
   1.66086 -0.00142931  0.00092607   0.0028553  -0.217128 -0.0196572   0.980028
   1.66674 -0.00142931  0.00092607   0.0044532  -0.216518 -0.0164834   0.975145
   1.67125 -0.000364048 -0.000139195    0.0044532  -0.213222 -0.0133095   0.972338
   1.67667  0.000168584 -0.000139195    0.0028553  -0.209193 -0.0133095   0.974169
   1.68094  0.00123385 0.000393437   0.0028553  -0.207728 -0.0189248   0.975267
   1.68659  0.00283175 0.000393437 0.000192139  -0.209071 -0.0242959   0.977221
   1.69083  0.000701217 -0.000671827  -0.00247102  -0.212855 -0.0236855   0.981005
   1.69677  -0.00196194 -0.000671827   0.00072477  -0.216395 -0.0202675   0.979784
   1.70085 -0.000364048 -0.000139195   0.00232267  -0.216151 -0.0167275    0.97539
   1.70674  0.00176648 0.000393437  0.00072477  -0.212611 -0.0133095   0.974291
   1.71124  0.00229911 0.000393437   0.0028553  -0.208827 -0.0140419   0.974291
   1.71678  0.00176648 0.000393437  0.00179004  -0.206874 -0.0196572   0.974657
   1.72079  0.00229911 0.000393437 -0.00140576  -0.208339 -0.0247841    0.97954
   1.72674  0.000701217 -0.000139195    0.0012574  -0.212978 -0.0249062   0.982714
   1.73144  -0.00196194 -0.000671827    0.0028553  -0.216884 -0.0208779   0.980394
   1.73641 -0.000364048 -0.000671827    0.0012574   -0.21786 -0.0159951   0.976732
   1.74107   0.00123385 -0.000139195  0.000192139  -0.215419 -0.0122109   0.973558
   1.74665  0.000701217 -0.000671827   0.00179004  -0.210658 -0.0116005    0.97307
   1.75092 -0.000364047  -0.00120446   0.00232267  -0.206142 -0.0167275   0.973681
   1.75674  0.000701217 -0.000671827 -0.000873126  -0.206752 -0.0229531   0.977465
   1.76118  0.000168584 -0.000671827  -0.00300365   -0.21078 -0.0242959   0.982714
   1.76651  -0.00142931 -0.000671827 -0.000873126  -0.214931 -0.0217324   0.981615
   1.77085  -0.00196194 -0.000139195   0.00232267  -0.217372 -0.0183144   0.977465
   1.77674 -0.000896681 -0.000671827   0.00179004  -0.215663 -0.0153847   0.973558
   1.78096  0.000701215 -0.000671827    0.0012574  -0.211757 -0.0129433   0.972826
   1.78674  -0.00142931 -0.000139195    0.0028553  -0.208095 -0.0153847   0.975634
   1.79094 -0.000896681 -0.000139195   0.00498583   -0.20724 -0.0216103   0.977709
   1.79674 0.000701217 -0.00120446  0.00605109  -0.211024 -0.0239296   0.980883
   1.80096 -0.00142931 -0.00173709  0.00605109  -0.215419 -0.0214882   0.981493
   1.80656  -0.00196194 -0.000139195   0.00338793   -0.21664 -0.0178261   0.977953
   1.81085 -0.00142931 0.000393437  0.00179004  -0.215297 -0.0147744   0.974169
   1.81674 -0.000896679  0.000393437   0.00179004  -0.211391 -0.0126992   0.972948
   1.82127 -0.000896679  0.000393437   0.00392057  -0.207606 -0.0156289   0.974291
   1.82674  -0.00142931 -0.000139195   0.00498583  -0.206996 -0.0223427   0.977099
   1.83094  -0.00142931 -0.000671827    0.0028553  -0.210292 -0.0256386   0.980883
   1.83674 0.000701217 -0.00120446   0.0028553  -0.215907 -0.0238076   0.981981
   1.84106   0.00176648 -0.000671827   0.00338794   -0.21786 -0.0190468   0.979418
   1.84667 -0.000364048  0.000393437    0.0028553  -0.215663 -0.0148964   0.973803
   1.85085 -0.000896679   0.00092607   0.00392056 -0.212367 -0.012455  0.972216
   1.85677 0.000701217 0.000393437  0.00392056  -0.207973 -0.0139199   0.973314
   1.86089   0.00229911 -0.000139195   0.00392056   -0.20602 -0.0196572   0.974779
   1.86674   0.00176648 -0.000139195   0.00658372  -0.209437 -0.0240517   0.979296
   1.87098 0.000701215 0.000393437  0.00498583   -0.21432 -0.0233193   0.981981
   1.87674  0.00229911 0.000393437   0.0012574  -0.216518 -0.0199013   0.979296
    1.8811  0.00283175 0.000393437  0.00232267  -0.216151 -0.0168496   0.974535
   1.88674  0.00176648  0.00092607 0.000192139  -0.213222 -0.0139199   0.973803
   1.89088   0.00229911 -0.000139195  -0.00140576  -0.209193 -0.0139199   0.974657
   1.89667   0.00176648 -0.000671827   0.00179004   -0.20663 -0.0199013    0.97539
   1.90084 -0.00142931 0.000393437  0.00338793  -0.209071 -0.0241738   0.979174
   1.90668 -0.00142931 0.000393437   0.0028553  -0.213588 -0.0223427   0.982103
   1.91086   0.00123385 -0.000139195   0.00232267  -0.215907 -0.0190468   0.979418
   1.91674  0.00123385 0.000393437   0.0012574  -0.216151 -0.0157509   0.975512
   1.92099   0.00229911  0.000393437 -0.000873126    -0.2131 -0.0133095    0.97307
   1.92674   0.00336438 -0.000139195  -0.00140576  -0.208949 -0.0135537   0.973925
   1.93096   0.00336438 -0.000139195 -0.000873126  -0.20663 -0.019413  0.975756
   1.93674   0.00229911 -0.000139195   0.00179004  -0.207851 -0.0253945    0.97893
    1.9412  0.000701215 -0.000671827    0.0028553  -0.212733 -0.0249062   0.981981
   1.94662 0.000701215 -0.00120446  0.00232267  -0.217372 -0.0213662   0.980272
   1.95085 -0.000364048 -0.000139195    0.0028553   -0.21786 -0.0177041   0.976976
   1.95674  0.000701217 -0.000139195  0.000724774  -0.214931 -0.0137978   0.974291
    1.9609   0.00229911 -0.000671827 -0.000340492  -0.210292 -0.0119668   0.973436
   1.96674   0.00176648  0.000393437 -0.000873126  -0.206508 -0.0161171   0.973803
   1.97118  0.00176648 0.000393437 -0.00300366   -0.20724 -0.0227089   0.977709
   1.97647   0.00176648 -0.000139195  -0.00193839  -0.211269 -0.0241738   0.981981
   1.98094   0.00176648 -0.000671827  0.000192139 -0.215175    -0.021  0.981615
   1.98674   0.00176648 -0.000671827    0.0012574  -0.216884 -0.0179482   0.977343
   1.99097   0.00123385 -0.000671827    0.0044532  -0.215419 -0.0147744   0.972704
   1.99674   0.00123385 -0.000139195    0.0044532  -0.211513 -0.0126992   0.972948
   2.00092  0.00123385 0.000393437   0.0028553  -0.207484 -0.0167275   0.974169
   2.00665  0.000168584 -0.000671827   0.00392057   -0.20724 -0.0220986   0.977221
   2.01085  0.00123385 -0.00173709  0.00232267   -0.21078 -0.0234414   0.981981
   2.01674  0.000701217 -0.000671827  0.000192139 -0.215541    -0.021  0.981371
   2.02087 -0.000896679 -0.000139195 -0.000873126  -0.217494 -0.0168496   0.978197
   2.02674 0.000701217 -0.00120446   0.0012574  -0.215663 -0.0137978    0.97307
   2.03126   0.00123385 -0.000139195    0.0044532  -0.211757 -0.0122109   0.972582
   2.03638   0.00123385 -0.000139195    0.0044532 -0.206996 -0.015873  0.975145
   2.04124  0.000168584 -0.000671827    0.0044532  -0.205531 -0.0225869   0.977099
   2.04669  -0.00142931 -0.000139195   0.00392056  -0.209437 -0.0255166   0.982348
   2.05088 -0.000364048 -0.000139195   0.00072477  -0.215419 -0.0235634   0.981737
   2.05674  0.000168584 -0.000139195    0.0012574  -0.218104 -0.0214882   0.978563
   2.06088  0.000701217 -0.000139195   0.00392057   -0.21664 -0.0181923   0.976122
   2.06674   0.00176648 -0.000139195    0.0044532  -0.215175 -0.0148964   0.973681
   2.07091 -0.00142931 0.000393437  0.00551846   -0.21078 -0.0155068   0.974413
   2.07674 -0.00249458 0.000393437  0.00551846   -0.20663 -0.0201455   0.975634
     2.081  0.000701217 -0.000671827   0.00498583 -0.208949  -0.02454  0.979418
   2.08674 0.000701217 -0.00120446  0.00498583  -0.211024 -0.0249062   0.982714
   2.09104  0.000168584 -0.000671827   0.00232267   -0.21371 -0.0218544    0.98015
   2.09674  0.000701215 -0.000139195  0.000192136  -0.216395 -0.0188027   0.977587
    2.1009  0.00123385 0.000393437  0.00179004  -0.213222 -0.0148964   0.976122
   2.10674 0.00176648 0.00092607 0.00338794  -0.210048 -0.0109902   0.974657
     2.111 0.000701217 0.000393437  0.00392057  -0.208705 -0.0173378   0.975878
   2.11674 -0.000364047 -0.000139195    0.0044532  -0.207362 -0.0236855   0.977099
   2.12088 -0.000896679  0.000393437   0.00498583  -0.211879 -0.0222207   0.979296
   2.12674  -0.00142931 -0.000139195    0.0044532  -0.216395 -0.0207558   0.981493
   2.13125  -0.00142931 -0.000671827   0.00232267  -0.215785 -0.0172158   0.976366
   2.13674  -0.00142931 -0.000139195    0.0012574  -0.215175 -0.0136757   0.971239
   2.14081 -0.000896679 -0.000671827   0.00072477  -0.211513 -0.0145302   0.972704
   2.14674 -0.000364047  -0.00120446  0.000192136  -0.207851 -0.0153847   0.974169
   2.15107 -0.000364047 -0.000671827    0.0012574  -0.208949 -0.0203896   0.978563
   2.15666 -0.000364047 -0.000139195   0.00232267  -0.210048 -0.0253945   0.982958
   2.16097 -0.00196194 0.000393437  0.00232267  -0.213954 -0.0220986   0.980761
   2.16674 -0.00355984  0.00092607  0.00232267   -0.21786 -0.0188027   0.978563
   2.17096 -0.000364048  0.000393437    0.0012574  -0.215175 -0.0162392   0.976244
   2.17674   0.00283175 -0.000139195  0.000192136  -0.212489 -0.0136757   0.973925
   2.18116 0.000701217 0.000393437  0.00179004  -0.209437 -0.0179482   0.974535
   2.18669 -0.00142931  0.00092607  0.00338794  -0.206386 -0.0222207   0.975145
   2.19085 -0.00196194 0.000393437  0.00498583  -0.211024 -0.0219765   0.979906
   2.19674  -0.00249458 -0.000139195   0.00658373  -0.215663 -0.0217324   0.984667
   2.20104  -0.00196194 -0.000671827   0.00658373 -0.216029 -0.019291  0.979418
   2.20674 -0.00142931 -0.00120446  0.00658373  -0.216395 -0.0168496   0.974169
   2.21107  -0.00142931 -0.000139195   0.00498583  -0.212245 -0.0163613   0.973681
   2.21674 -0.00142931  0.00092607  0.00338794 -0.208095 -0.015873  0.973192
   2.22099 -0.000364048 -0.000671827    0.0044532  -0.207851 -0.0189248   0.974413
   2.22675 0.000701215 -0.00226972  0.00551846  -0.207851 -0.0234414   0.977709
   2.23099 0.000168584 -0.00120446  0.00551846  -0.211513 -0.0241738   0.981249
   2.23674  0.000168584 -0.000139195   0.00498583  -0.216762 -0.0217324   0.981005
     2.241 -0.000364048 -0.000671827   0.00498583  -0.217494 -0.0172158   0.977709
   2.24655 -0.000364048 -0.000671827   0.00498583 -0.214931 -0.012455  0.973681
   2.25121   0.00176648 -0.000671827    0.0028553  -0.211757 -0.0117226   0.971972
   2.25674   0.00229911 -0.000139195 -0.000340492  -0.207484 -0.0161171   0.972826
   2.26095  0.00229911  0.00092607 -0.00193839   -0.20602 -0.0217324    0.97661
   2.26674   0.00229911 -0.000139195  0.000192139  -0.209804 -0.0241738   0.981615
   2.27088   0.00123385 -0.000671827    0.0012574  -0.214076 -0.0222207   0.981859
   2.27678   0.00123385 -0.000139195   0.00232267  -0.217006 -0.0189248   0.978563
   2.28089 0.000168584 0.000393437  0.00338793   -0.21664 -0.0162392   0.973803
   2.28674 0.000168584 0.000393437  0.00179004  -0.212733 -0.0136757   0.972948
   2.29126   0.00123385 -0.000139195   0.00179004  -0.208705 -0.0148964   0.974901
   2.29674   0.00176648 -0.000139195    0.0012574  -0.206996 -0.0212441   0.976488
   2.30106   0.00283175  0.000393437 -0.000340495  -0.209926 -0.0246621   0.979784
   2.30674   0.00229911  0.000393437 -0.000340495   -0.21432 -0.0225869   0.981249
   2.31122   0.00123385  0.000393437 -0.000873126  -0.216884 -0.0191689   0.979052
   2.31674  0.00283174 0.000393437 0.000192139  -0.216273 -0.0156289   0.974413
   2.32099   0.00442964 -0.000139195   0.00179004  -0.212367 -0.0133095   0.972094
   2.32674 0.00229911 0.00092607 0.00072477  -0.208583 -0.0144082   0.974169
   2.33112   0.00176648   0.00092607 -0.000340495 -0.206508    -0.021  0.976366
   2.33655   0.00176648 -0.000139195 -0.000340495  -0.208583 -0.0251503   0.979662
   2.34114  0.00123385 -0.00120446 0.000192136   -0.21432 -0.0235634   0.982225
   2.34669 0.000701217 -0.00120446   0.0012574  -0.217982 -0.0197793   0.980516
   2.35074 -0.000364047  0.000393437 -0.000873126  -0.217006 -0.0144082   0.975756
   2.35674 -0.000364047  0.000393437   0.00072477  -0.213222 -0.0116005    0.97307
   2.36111 -0.000364047  0.000393437   0.00232267  -0.208217 -0.0131875    0.97307
   2.36674  0.00123385  0.00092607 -0.00193839  -0.205897 -0.0185585   0.973681
   2.37087  0.00229911  0.00092607 -0.00247102  -0.208095 -0.0234414   0.978808
   2.37674 -0.000364048  0.000393437 -0.000340492  -0.212489 -0.0230751   0.982714
   2.38091 -0.000364048  0.000393437  -0.00193839  -0.216395 -0.0200234   0.980639
   2.38674 0.000701217  0.00092607 -0.00247102  -0.217006 -0.0177041   0.975756
   2.39093 0.000168584 0.000393437 -0.00193839  -0.214686 -0.0142861   0.973436
   2.39674 -0.000364048 -0.000139195  -0.00140576  -0.210292 -0.0128212   0.974413
   2.40131 -0.00249458 0.000393437  0.00338793  -0.207362 -0.0180703   0.974657
   2.40652 -0.000896681 -0.000139195    0.0028553  -0.208583 -0.0239296   0.977709
   2.41107   0.00123385 -0.000671827   0.00072477  -0.212489 -0.0239296   0.981005
   2.41674  0.000168584 -0.000671827   0.00179004  -0.216395 -0.0208779   0.980028
   2.42107 -0.000364047  -0.00120446    0.0012574  -0.217128 -0.0178261   0.975878
   2.42674  -0.00196194 -0.000139195   0.00338793  -0.213466 -0.0146523   0.972338
   2.43108 -0.000896681 -0.000671827   0.00392057  -0.209193 -0.0134316   0.973192
   2.43674  0.00176648 -0.00226972  0.00338793  -0.206386 -0.0179482   0.974413
   2.44108  0.00176648 -0.00120446  0.00498583  -0.206752 -0.0242959   0.977343
   2.44674  0.000168584 -0.000139195   0.00498583  -0.211513 -0.0258828   0.982225
   2.45086 -0.000896679 -0.000139195   0.00392056   -0.21664 -0.0223427   0.981615
   2.45674 -0.000364047  -0.00120446   0.00605109  -0.218104 -0.0170937   0.977343
   2.46127 0.000168584 -0.00120446  0.00551846  -0.215541 -0.0139199   0.974169
   2.46677  0.000168584 -0.000671827   0.00232267  -0.210902 -0.0125771    0.97307
   2.47084 -0.000364047 -0.000671827   0.00498583  -0.207362 -0.0152626   0.972826
   2.47674  -0.00142931 -0.000671827   0.00658373  -0.207118 -0.0219765   0.975634
   2.48097 -0.00142931 -0.00173709  0.00764899  -0.209926 -0.0241738   0.980639
    2.4867 -0.000364047  -0.00226972   0.00924689  -0.214076 -0.0217324   0.981615
   2.49087  -0.00142931 -0.000671827   0.00764899  -0.21664 -0.019413  0.977099
   2.49674 -0.00196194 0.000393437  0.00658372  -0.216395 -0.0161171   0.973314
   2.50087 -0.000896679  0.000393437   0.00658372  -0.212489 -0.0126992   0.973681
   2.50674 0.000168584 0.000393437  0.00392056  -0.207606 -0.0151406   0.973681
   2.51116  0.000168584 -0.000139195   0.00338793  -0.206874 -0.0217324   0.976976
   2.51674  0.000168584 -0.000139195   0.00338793  -0.210048 -0.0241738   0.981249
   2.52119  0.000168584 -0.000139195   0.00338793   -0.21432 -0.0218544   0.980639
   2.52674 -0.000896679 -0.000671827   0.00818162  -0.216762 -0.0183144   0.978197
   2.53102 -0.000896679 -0.000671827   0.00764899  -0.215419 -0.0155068   0.974291
   2.53674  0.000168584 -0.000139195   0.00498583  -0.212245 -0.0134316   0.973192
   2.54085 -0.000896681  0.000393437   0.00551846  -0.208949 -0.0156289   0.974291
   2.54674 -0.000896681  0.000393437   0.00392057  -0.206142 -0.0222207   0.975634
    2.5512   0.00176648 -0.000671827    0.0028553  -0.208339 -0.0253945    0.98015
   2.55638  0.00176648 -0.00173709  0.00498583  -0.214076 -0.0240517   0.981859
   2.56088 0.000701215 -0.00120446  0.00498583  -0.217372 -0.0199013    0.97893
   2.56674  0.000168584 -0.000139195   0.00392056  -0.217128 -0.0156289   0.975512
   2.57104 0.000168584 -0.00120446  0.00498583    -0.2131 -0.0126992    0.97307
   2.57674  0.00229911 -0.00173709  0.00179004  -0.208705 -0.0125771   0.972582
   2.58098   0.00389701 -0.000671827 -0.000873126  -0.206386 -0.0183144   0.975267
   2.58663   0.00283175 -0.000671827 -0.000340495  -0.208339 -0.0234414   0.978441
   2.59083  0.00229911 -0.00120446 0.000192136  -0.213222 -0.0233193   0.981005
   2.59662   0.00229911 -0.000139195   0.00179004  -0.216151 -0.0206337   0.980883
   2.60079  0.000701217 -0.000139195   0.00498583  -0.216762 -0.0172158   0.975634
   2.60674   0.00123385 -0.000671827   0.00338793  -0.214564 -0.0140419    0.97246
    2.6111 0.000701217 0.000393437  0.00392056 -0.209804 -0.014164  0.973803
   2.61647 -0.000896679  0.000393437   0.00498583  -0.207118 -0.0189248   0.976244
   2.62088  0.000168584 -0.000139195    0.0028553  -0.208583 -0.0238076   0.979296
   2.62674  -0.00196195 -0.000139195   0.00338794  -0.212978 -0.0235634   0.982592
   2.63139 -0.00302721 -0.00120446  0.00498583  -0.217128 -0.0200234   0.981493
   2.63651  -0.00196194 -0.000671827    0.0044532  -0.217372 -0.0163613   0.975878
   2.64098 -0.000896681  0.000393437   0.00392056  -0.214198 -0.0129433    0.97307
   2.64667   0.00229911 -0.000671827   0.00392056  -0.209804 -0.0129433   0.973681
   2.65085   0.00123385 -0.000139195    0.0028553  -0.206264 -0.0180703   0.974291
   2.65674 -0.000896679   0.00092607   0.00179004  -0.206264 -0.0239296   0.977953
   2.66093  0.000168584   0.00092607 -0.000873126  -0.211146 -0.0252724   0.981249
   2.66674   0.00123385 -0.000139195  -0.00353628  -0.216395 -0.0222207   0.980394
   2.67126  0.000701217 -0.000671827  -0.00193839  -0.217982 -0.0184365   0.977465
   2.67674 -0.000364047 -0.000139195   0.00179004  -0.215785 -0.0151406   0.973558
   2.68097 0.000168584 0.000393437  0.00338793  -0.211024 -0.0129433   0.972948
   2.68668 0.000168584  0.00092607  0.00392057 -0.207362 -0.015873  0.974291
   2.69093 0.000168584  0.00092607  0.00392057  -0.207118 -0.0222207   0.976488
   2.69674 0.000168584 0.000393437  0.00392057  -0.210536 -0.0242959   0.980516
   2.70098 -0.00249458 0.000393437   0.0028553  -0.214564 -0.0220986   0.982103
   2.70661  -0.00249458   0.00092607 -0.000873126  -0.216884 -0.0180703   0.978319
   2.71088 -0.00142931 0.000393437   0.0012574  -0.215663 -0.0145302   0.973681
   2.71674 -0.000364048  0.000393437   0.00179004  -0.211269 -0.0130654   0.973681
   2.72091  0.00336438 0.000393437 -0.00300366 -0.207973 -0.015873  0.973925
   2.72674   0.00389701 -0.000671827  -0.00140576  -0.207851 -0.0222207      0.976
   2.73131  0.000701217 -0.000139195    0.0012574  -0.211146 -0.0242959   0.981737
   2.73667 -0.000896679  0.000393437   0.00179004  -0.216151 -0.0212441   0.981981
   2.74084  0.000168584 -0.000671827    0.0012574   -0.21786 -0.0177041   0.978197
   2.74674  0.000168584 -0.000671827 -0.000340492  -0.215663 -0.0139199   0.973925
   2.75093  -0.00196194  0.000393437 -0.000340492  -0.211757 -0.0119668   0.972216
   2.75674  -0.00142931   0.00092607 -0.000340492  -0.207484 -0.0151406   0.973681
   2.76121  0.000701215   0.00092607 -0.000340492  -0.205897 -0.0217324   0.976854
   2.76639 0.000701215 0.000393437  0.00179004  -0.208217 -0.0260048   0.981615
   2.77095 -0.00196195 0.000393437  0.00338793   -0.21371 -0.0239296   0.982225
   2.77674 -0.00409248  0.00092607 0.000192139  -0.217982 -0.0199013   0.979296
   2.78119  -0.00249458 -0.000139195  -0.00140576  -0.217494 -0.0168496   0.975023
   2.78674  0.000168584 -0.000671827  0.000192139  -0.214076 -0.0131875   0.973314
   2.79085   0.00176648 -0.000139195 -0.000340495  -0.209315 -0.0135537   0.974901
   2.79674  0.000701217 -0.000139195 -0.000340495  -0.20663 -0.019291  0.975145
   2.80107 -0.00142931 0.000393437  0.00179004  -0.208949 -0.0238076   0.978319
   2.80674 -0.00249458  0.00092607  0.00658372 -0.212978 -0.022831  0.981981
   2.81089 -0.000896681 -0.000139195   0.00818162 -0.215663 -0.019291  0.979418
   2.81674   0.00123385 -0.000671827   0.00551846  -0.216395 -0.0164834   0.975145
   2.82101 0.000701217 0.000393437   0.0044532  -0.213466 -0.0133095   0.973925
   2.82674 -0.000896679  0.000393437   0.00711636  -0.208827 -0.0136757   0.973925
   2.83093 -0.000896679 -0.000139195   0.00711636  -0.206752 -0.0202675   0.974413
   2.83674   0.00123385 -0.000671827    0.0044532  -0.208461 -0.0252724   0.979418
    2.8411 0.000701217 -0.00120446  0.00551846  -0.213466 -0.0238076   0.982958
   2.84658 -0.00196194 -0.00120446  0.00658372  -0.217006 -0.0200234   0.980028
   2.85101  -0.00196194 -0.000671827   0.00605109   -0.21725 -0.0152626   0.976854
    2.8566  0.000701217 -0.000139195   0.00498583  -0.214686 -0.0119668   0.973803
   2.86085  0.00229911 0.000393437   0.0028553  -0.210048 -0.0129433   0.972216
   2.86674 -0.000364048    0.0014587    0.0028553  -0.206142 -0.0186806   0.974657
   2.87096 -0.000896681  0.000393437   0.00392057  -0.206874 -0.0239296   0.979174
   2.87674 -0.000364048  -0.00173709    0.0044532  -0.211513 -0.0234414    0.98247
   2.88123 -0.00142931 -0.00120446  0.00711636  -0.215907 -0.0208779   0.981737
   2.88665 -0.000364048 -0.000671827   0.00498583  -0.217616 -0.0181923   0.976854
   2.89095   0.00123385 -0.000671827   0.00072477  -0.215541 -0.0147744   0.972948
   2.89674   0.00176648 -0.000139195 -0.000873126  -0.211269 -0.0131875   0.973925
   2.90102  0.000701217 -0.000139195  -0.00193839  -0.207728 -0.0163613   0.975145
   2.90675   0.00123385 -0.000671827   0.00072477  -0.207973 -0.0220986   0.977465
   2.91086  0.00283175 -0.00120446  0.00232267  -0.211269 -0.0241738   0.981859
   2.91675   0.00123385 -0.000139195  0.000192139  -0.215297 -0.0213662   0.981737
    2.9211 -0.000896679   0.00092607   0.00179004  -0.217128 -0.0180703   0.977221
   2.92674 -0.000896679    0.0014587   0.00338793  -0.214686 -0.0151406   0.973925
   2.93096  0.00176648  0.00092607 -0.00140576  -0.210658 -0.0129433   0.974047
   2.93674   0.00442964 -0.000139195  -0.00193839   -0.20724 -0.0157509   0.974291
   2.94122  0.00389701   0.0014587 0.000192136  -0.206386 -0.0219765   0.976732
   2.94674   0.00176648    0.0014587 -0.000340495   -0.21017 -0.0249062   0.982103
   2.95093 -0.000364048 -0.000671827    0.0028553 -0.215663 -0.022831  0.981493
   2.95674 -0.000364048 -0.000671827   0.00605109  -0.218227 -0.0178261   0.978563
   2.96085 -0.000364048 -0.000139195   0.00338793   -0.21664 -0.0137978   0.974901
   2.96674 -0.000896679  0.000393437    0.0028553  -0.212001 -0.0118447   0.972216
   2.97118 0.000168584 0.000393437  0.00232267  -0.207606 -0.0146523   0.973681
   2.97641 -0.000364048  0.000393437   0.00179004   -0.20663 -0.0212441    0.97539
   2.98088 -0.00196194   0.0014587  0.00392057  -0.209437 -0.0242959   0.979418
   2.98674 -0.00142931  0.00092607  0.00551846  -0.214076 -0.0229531   0.982714
   2.99117 -0.000896679  0.000393437   0.00551846  -0.217006 -0.0202675   0.979174
   2.99659 -0.000364048  0.000393437   0.00551846   -0.21664 -0.0174599   0.973436
   3.00086   0.00123385 -0.000671827   0.00392057  -0.213344 -0.0142861   0.973314
   3.00674   0.00229911  0.000393437 -0.000340492  -0.209315 -0.0139199   0.974779
   3.01108   0.00229911    0.0014587 -0.000340492  -0.207362 -0.0190468   0.975145
   3.01674 0.000701217 0.000393437   0.0012574  -0.209804 -0.0236855   0.978808
   3.02108 -0.000896679 -0.000139195   0.00072477  -0.214442 -0.0227089   0.981615
   3.02674 -0.000896679 -0.000139195   0.00338793 -0.217616 -0.019413  0.979174
   3.03121  0.000701217 -0.000139195   0.00392057  -0.217372 -0.0163613   0.974535
   3.03643   0.00176648 -0.000139195    0.0012574  -0.215907 -0.0148964   0.971972
   3.04088 0.000701217 0.000393437   0.0028553  -0.211391 -0.0157509   0.973314
   3.04674 0.00176648 0.00092607 0.00179004   -0.20663 -0.0200234    0.97539
   3.05105  0.00123385  0.00092607 0.000192139  -0.208217 -0.0246621    0.97954
   3.05674 -0.00142931  0.00092607   0.0012574  -0.210048 -0.0258828   0.982958
   3.06104 -0.000896679 -0.000139195  -0.00140576  -0.214442 -0.0217324   0.980883
   3.06663 -0.000364047  -0.00120446  -0.00406892 -0.218837 -0.017582  0.978808
   3.07091 -0.000896679 -0.000139195  -0.00247102  -0.215419 -0.0137978   0.975512
   3.07674  -0.00142931   0.00092607 -0.000873126  -0.212001 -0.0100136   0.972216
   3.08096 0.000168584 0.000393437 0.000192139 -0.208827 -0.015873  0.972826
   3.08666   0.00176648 -0.000139195    0.0012574  -0.205653 -0.0217324   0.973436
   3.09084  0.00123385 0.000393437   0.0012574   -0.21017 -0.0217324   0.979052
   3.09674 0.000701215  0.00092607   0.0012574  -0.214686 -0.0217324   0.984667
   3.10112  0.000701215   0.00092607 -0.000873126  -0.215907 -0.0191689   0.979174
   3.10658 0.000701215  0.00092607 -0.00300366  -0.217128 -0.0166054   0.973681
   3.11083 0.000701215 0.000393437 -0.00193839  -0.212611 -0.0145302   0.974535
   3.11674  0.000701215 -0.000139195 -0.000873126 -0.208095 -0.012455   0.97539
   3.12095  0.000701215 -0.000671827   0.00072477  -0.209315 -0.0188027   0.978808
   3.12674 0.000701215 -0.00120446  0.00232267  -0.210536 -0.0251503   0.982225
   3.13132 -0.000364048  -0.00120446   0.00179004  -0.214198 -0.0219765   0.980394
   3.13674 -0.00142931 -0.00120446   0.0012574   -0.21786 -0.0188027   0.978563
    3.1408  0.00176648 -0.00120446  0.00232267  -0.215785 -0.0156289   0.974901
   3.14674  0.00496227 -0.00120446  0.00338794  -0.21371 -0.012455  0.971239
   3.15134   0.00336438 -0.000139195    0.0012574  -0.209315 -0.0162392   0.973436
   3.15661   0.00176648   0.00092607 -0.000873126  -0.204921 -0.0200234   0.975634
   3.16088   0.00123385 -0.000139195  0.000192139 -0.208461 -0.022831  0.979662
   3.16674 0.000701215 -0.00120446   0.0012574  -0.212001 -0.0256386    0.98369
   3.17093   0.00123385 -0.000671827    0.0028553  -0.215175 -0.0214882   0.979418
   3.17674   0.00176648 -0.000139195    0.0044532  -0.218349 -0.0173378   0.975145
   3.18119 -0.000364048 -0.000139195    0.0044532  -0.216518 -0.0159951   0.974413
    3.1865  -0.00249458 -0.000139195   0.00338793  -0.212489 -0.0120888   0.973803
   3.19089 -0.000896681  0.000393437   0.00179004  -0.208095 -0.0134316   0.973558
   3.19674  0.00229911 0.000393437   0.0012574   -0.20663 -0.0202675   0.975145
   3.20115   0.00336438 -0.000671827    0.0028553  -0.209926 -0.0238076   0.980394
   3.20658   0.00123385 -0.000671827    0.0028553  -0.214076 -0.0230751   0.982348
   3.21085 -0.000896679  0.000393437    0.0012574  -0.216518 -0.0190468    0.97893
   3.21674 -0.00196194 0.000393437   0.0028553  -0.217006 -0.0153847   0.975145
   3.22112 -0.000364048 -0.000139195   0.00498583  -0.213466 -0.0134316   0.973436
   3.22674 0.000168584 0.000393437  0.00551846  -0.208217 -0.0152626   0.973314
   3.23096 -0.00142931 0.000393437   0.0044532  -0.206874 -0.0214882      0.976
   3.23674 -0.000364048 -0.000139195   0.00338794  -0.209804 -0.0246621   0.980883
   3.24119 -0.000364048 -0.000671827   0.00551846  -0.214931 -0.0225869   0.981981
   3.24647  -0.00142931 -0.000139195   0.00658372  -0.217372 -0.0195351   0.979662
   3.25091 -0.000364048 -0.000139195   0.00711636 -0.216151 -0.015873  0.974535
   3.25674 0.000701215 -0.00120446  0.00818162    -0.2131 -0.0126992   0.971727
   3.26107   0.00123385 -0.000671827   0.00605109  -0.208339 -0.0139199   0.973681
   3.26674   0.00336438 -0.000139195   0.00392057  -0.205653 -0.0197793   0.976122
   3.27083  0.00229911 0.000393437  0.00338794  -0.207728 -0.0242959    0.98015
   3.27674 -0.00142931   0.0014587  0.00179004  -0.212611 -0.0239296   0.982592
   3.28093  -0.00142931 -0.000139195   0.00232267  -0.217006 -0.0203896   0.980394
   3.28674  0.00123385 -0.00226972  0.00392057  -0.217982 -0.0166054   0.975756
   3.29094  0.00283175 -0.00120446  0.00605109  -0.214564 -0.0135537   0.973681
   3.29662   0.00229911 -0.000139195   0.00551846  -0.209682 -0.0125771   0.973925
   3.30107   0.00176648 -0.000139195    0.0012574  -0.206874 -0.0170937   0.973803
   3.30674   0.00229911 -0.000671827 -0.000873126  -0.208461 -0.0229531   0.977343
   3.31099   0.00176648 -0.000671827  0.000192139  -0.212611 -0.0236855   0.981981
   3.31666  0.000701215 -0.000671827   0.00232267  -0.216029 -0.0208779   0.980761
   3.32083  0.000168584 -0.000671827   0.00392056  -0.216395 -0.0177041   0.976244
   3.32674 0.000168584 0.000393437   0.0012574  -0.213344 -0.0137978   0.973192
   3.33085  0.00123385  0.00092607 0.000192139   -0.20956 -0.0128212   0.973436
   3.33674  0.00336438 0.000393437 0.000192139  -0.207362 -0.0181923   0.975145
   3.34093  0.00336438 0.000393437 -0.00140576  -0.207728 -0.0240517   0.978197
   3.34674  0.00123385 0.000393437 -0.00247102  -0.212123 -0.0242959   0.981981
   3.35093   0.00123385 -0.000139195  -0.00406892   -0.21664 -0.0208779   0.981249
   3.35674  0.000701217 -0.000139195  -0.00247102  -0.217494 -0.0159951   0.977587
   3.36127  0.000168584 -0.000139195  0.000192139  -0.214931 -0.0125771   0.973314
   3.36657  0.000168584 -0.000139195   0.00179004 -0.210414 -0.012455  0.971972
   3.37093  0.000168584 -0.000139195   0.00232267  -0.207118 -0.0170937   0.974169
   3.37674   0.00123385 -0.000139195    0.0028553   -0.20602 -0.0239296   0.978075
   3.38086  0.000701217 -0.000671827   0.00232267  -0.210048 -0.0255166   0.981981
   3.38674 0.000168584 -0.00120446   0.0012574  -0.216151 -0.0216103   0.981981
   3.39119 -0.000364048  0.000393437    0.0012574  -0.218104 -0.0180703   0.977587
   3.39659 -0.000896679   0.00092607   0.00072477  -0.216884 -0.0152626   0.973436
   3.40083  0.000701217 -0.000671827  0.000192139  -0.212855 -0.0129433   0.974169
   3.40669  0.00176648 -0.00120446 0.000192139  -0.208461 -0.0151406   0.974657
   3.41091 0.000168584 -0.00120446  0.00072477  -0.207362 -0.0216103   0.975267
   3.41674 -0.000896679 -0.000139195   0.00179004  -0.210536 -0.0246621   0.979906
   3.42095 -0.00196194  0.00092607  0.00338793  -0.214809 -0.0220986   0.981615
   3.42674 -0.00249458   0.0014587  0.00392056 -0.216518 -0.019291  0.978685
    3.4311 -0.000364048    0.0014587    0.0012574  -0.215175 -0.0157509   0.974901
   3.43674 0.000168584 0.000393437   0.0012574  -0.211757 -0.0128212   0.973192
   3.44121  -0.00142931 -0.000139195    0.0028553  -0.208095 -0.0157509   0.974047
   3.44674  -0.00142931 -0.000671827    0.0044532  -0.206752 -0.0223427   0.976366
    3.4511 -0.00142931 -0.00120446  0.00711636  -0.209682 -0.0250283   0.980639
   3.45641  -0.00249458 -0.000671827   0.00764899  -0.214686 -0.0227089   0.981981
   3.46091 -0.00249458 0.000393437  0.00658373  -0.217128 -0.0186806   0.980394
   3.46674  -0.00196194 -0.000139195   0.00605109  -0.215907 -0.0145302   0.976122
   3.47102  0.000701217 -0.000671827   0.00232267    -0.2131 -0.0117226   0.971727
   3.47674   0.00283175 -0.000671827  -0.00140576  -0.208583 -0.0135537    0.97307
   3.48093   0.00229911 -0.000671827 -0.000340492   -0.20602 -0.0197793   0.975267
   3.48664  0.000168584 -0.000139195   0.00392057  -0.208461 -0.0236855   0.978563
   3.49092 -0.000896679 -0.000139195   0.00551846  -0.212855 -0.0233193   0.983202
   3.49674  0.00176648 -0.00120446   0.0028553  -0.216395 -0.0205117   0.980028
   3.50096  0.00229911 -0.00173709  0.00498583  -0.217128 -0.0168496   0.974047
   3.50674  0.000701215 -0.000671827   0.00498583  -0.214076 -0.0139199   0.973681
   3.51107 -0.000364048  0.000393437   0.00179004  -0.209315 -0.0129433   0.974657
   3.51669 -0.000896679   0.00092607   0.00338793   -0.20663 -0.0173378   0.974901
   3.52094 -0.000896679  0.000393437   0.00338793  -0.207973 -0.0234414   0.978441
   3.52674  -0.00196194 -0.000139195   0.00338793  -0.212489 -0.0238076   0.981249
   3.53092 -0.00249458 0.000393437  0.00551846   -0.21664 -0.0197793   0.979052
   3.53674 -0.00249458  0.00092607  0.00498583  -0.216884 -0.0166054   0.976854
   3.54095 -0.00142931 0.000393437  0.00498583  -0.213466 -0.0136757   0.974291
   3.54668 0.000701217 0.000393437  0.00392057  -0.209193 -0.0129433   0.973192
   3.55082  0.00123385 0.000393437   0.0012574   -0.20663 -0.0185585   0.975512
   3.55674   0.00176648 -0.000139195   0.00232267  -0.207851 -0.0250283   0.978197
   3.56093  0.00176648 0.000393437  0.00179004 -0.212367 -0.026249  0.981127
   3.56674  0.000168584  0.000393437 -0.000873126   -0.21664 -0.0218544   0.981737
   3.57124 -0.000896679 -0.000671827  0.000724774  -0.218227 -0.0159951   0.977709
    3.5765  -0.00196194 -0.000139195   0.00498583  -0.215541 -0.0128212   0.973192
   3.58102  -0.00142931 -0.000139195   0.00551846   -0.21078 -0.0116005   0.973925
   3.58674 -0.000364047  -0.00120446   0.00498583  -0.206996 -0.0153847   0.974535
   3.59095   0.00176648 -0.000671827    0.0028553  -0.206752 -0.0223427   0.976244
   3.59674   0.00389701 -0.000671827 -0.000873126  -0.210536 -0.0242959   0.981859
   3.60117  0.000701217 -0.000671827 -0.000340492  -0.214931 -0.0218544   0.982103
   3.60647  -0.00142931 -0.000139195 -0.000340492  -0.216762 -0.0190468   0.977953
   3.61091   0.00123385  -0.00120446 -0.000340492  -0.215297 -0.0156289   0.973803
   3.61674  0.00176648 -0.00173709 0.000192139  -0.211635 -0.0128212    0.97246
   3.62107 -0.000896681 -0.000139195   0.00179004  -0.207606 -0.0150185   0.973925
   3.62674 -0.00142931 0.000393437  0.00605109  -0.206752 -0.0208779   0.976366
   3.63112 -0.000364047 -0.000139195   0.00711636  -0.210292 -0.0234414   0.979784
   3.63664 -0.00142931 -0.00120446  0.00498583  -0.215419 -0.0208779   0.980516
   3.64086 -0.00249458 -0.00120446  0.00392057   -0.21786 -0.0178261   0.977343
   3.64674  -0.00142931 -0.000139195   0.00392057  -0.216029 -0.0150185   0.974047
   3.65088  -0.00196194 -0.000139195   0.00338794  -0.212123 -0.0130654    0.97307
   3.65674  -0.00142931 -0.000139195   0.00232267  -0.207973 -0.0155068   0.974169
   3.66121   0.00123385 -0.000671827   0.00179004   -0.20602 -0.0212441   0.976366
   3.66647  0.00229911 -0.00173709  0.00338793  -0.209315 -0.0253945   0.979784
   3.67098  0.00229911 -0.00226972  0.00498583  -0.215175 -0.0240517   0.981859
   3.67674 0.000701217 -0.00173709   0.0028553 -0.218104 -0.019291  0.979296
   3.68105  0.000168584 -0.000139195    0.0012574   -0.21664 -0.0153847   0.974047
   3.68674  0.00176648 0.000393437   0.0012574  -0.212001 -0.0122109   0.973192
    3.6909   0.00123385 -0.000139195   0.00072477  -0.208095 -0.0133095   0.974169
   3.69677  0.000701217 -0.000671827   0.00232267  -0.206508 -0.0202675   0.974779
   3.70082   0.00176648 -0.000671827   0.00338794  -0.209193 -0.0246621    0.97893
   3.70674 -0.000896681  0.000393437    0.0028553  -0.213954 -0.0233193   0.982714
   3.71111 -0.00249458  0.00092607  0.00392056  -0.216273 -0.0196572   0.980394
   3.71674 -0.00196194  0.00092607  0.00392056  -0.217128 -0.0161171   0.975267
     3.721 -0.00196194  0.00092607  0.00232267  -0.214198 -0.0131875   0.973925
   3.72674 0.000701217 0.000393437   0.0012574  -0.209193 -0.0135537   0.974291
   3.73136  0.00283175 0.000393437 0.000192136  -0.206386 -0.0196572    0.97539
   3.73674   0.00229911   0.00092607 -0.000340495  -0.208339 -0.0236855   0.979662
   3.74095  0.000701217 -0.000139195   0.00072477  -0.213466 -0.0220986   0.982592
   3.74674 -0.000364047 -0.000671827  0.000192139  -0.217128 -0.0191689    0.97954
   3.75085 -0.000896679  0.000393437  -0.00140576  -0.21725 -0.015873  0.976244
   3.75674  0.00176648 0.000393437 -0.00140576  -0.213832 -0.0134316   0.973803
   3.76092  0.00389701  0.00092607 -0.00193839  -0.209071 -0.0137978    0.97307
   3.76674   0.00176648   0.00092607 -0.000340492   -0.20602 -0.0186806   0.975023
   3.77085  0.000168584 -0.000139195 -0.000340492 -0.206508  -0.02454  0.979296
   3.77674  0.000701217 -0.000139195  -0.00140576  -0.211269 -0.0252724   0.981615
   3.78123  0.000701217 -0.000139195   0.00232267  -0.217128 -0.0220986   0.980394
   3.78656  0.000701217 -0.000671827   0.00338793  -0.218349 -0.0185585   0.977587
   3.79094 -0.000896681 -0.000671827    0.0028553  -0.215297 -0.0142861   0.974169
   3.79674 -0.000896681 -0.000671827   0.00392057 -0.210658 -0.012333  0.974169
   3.80086  0.000701217 -0.000139195    0.0028553 -0.206996 -0.015873  0.974047
   3.80674 -0.000364047  0.000393437   0.00232267 -0.207484 -0.021122     0.976
   3.81112   0.00229911 -0.000671827    0.0028553  -0.211391 -0.0231972   0.981981
   3.81674   0.00176648 -0.000671827   0.00338794 -0.215297 -0.021122  0.982225
   3.82122 -0.000364048 -0.000671827   0.00338794  -0.216762 -0.0179482   0.977221
   3.82674   0.00123385 -0.000671827   0.00498583  -0.215297 -0.0151406   0.974535
   3.83131  0.000701217 -0.000139195   0.00392057  -0.211513 -0.0134316   0.973803
   3.83674 -0.000364047  0.000393437   0.00338793  -0.207362 -0.0168496   0.973558
   3.84101 -0.00142931 0.000393437  0.00711636  -0.207362 -0.0220986   0.977465
   3.84674 -0.000896681 -0.000671827   0.00658372  -0.211513 -0.0235634   0.982103
   3.85095 -0.000364048  -0.00120446    0.0044532  -0.215297 -0.0218544   0.981249
    3.8567 -0.00142931 -0.00120446  0.00605109  -0.217006 -0.0173378   0.978563
   3.86087  -0.00142931 -0.000139195   0.00605109  -0.215907 -0.0134316   0.974047
   3.86674 -0.00142931  0.00092607  0.00658372 -0.212123 -0.012455  0.972216
   3.87112 -0.000364048  0.000393437   0.00605109  -0.207362 -0.0156289   0.975145
   3.87646   0.00176648 -0.000671827    0.0028553  -0.205531 -0.0225869   0.977953
   3.88123  0.00229911 -0.00120446  0.00338793 -0.209437 -0.026371  0.981127
   3.88674   0.00123385 -0.000671827   0.00392057  -0.214809 -0.0240517   0.982348
   3.89097 -0.000364048 -0.000139195   0.00605109  -0.217738 -0.0196572   0.979418
   3.89674 -0.00142931 0.000393437  0.00924689  -0.216762 -0.0162392   0.974535
   3.90094 0.000168584 0.000393437  0.00658373  -0.212733 -0.0134316   0.973803
   3.90666  0.000701217 -0.000139195   0.00551846  -0.208583 -0.0136757   0.975878
   3.91089 -0.000896679 -0.000139195   0.00605109 -0.206874 -0.019413  0.975023
   3.91674 -0.00196194 0.000393437  0.00498583  -0.208827 -0.0242959   0.978075
   3.92099 -0.000364048 -0.000139195   0.00658372    -0.2131 -0.0227089    0.98247
   3.92674  0.000701217 -0.000671827   0.00658372  -0.216395 -0.0195351   0.979418
   3.93119 -0.000364047  0.000393437   0.00338793  -0.216518 -0.0168496   0.974779
   3.93674 -0.000364047 -0.000139195   0.00232267  -0.213832 -0.0129433   0.973558
   3.94123 0.000701217 -0.00120446   0.0012574  -0.209437 -0.0140419   0.972948
   3.94674   0.00123385 -0.000671827  0.000192139  -0.206874 -0.0205117   0.974779
     3.951   0.00123385 -0.000671827   0.00392057  -0.209071 -0.0242959   0.980761
   3.95674  0.00283175 -0.00120446  0.00392057  -0.214198 -0.0231972   0.982714
   3.96094  0.00229911 -0.00120446  0.00392057  -0.217372 -0.0196572   0.980394
    3.9666  0.000701215 -0.000671827   0.00498583  -0.217128 -0.0156289    0.97661
   3.97095 0.000701215 0.000393437   0.0012574  -0.213832 -0.0129433   0.972704
   3.97674  0.00176648 0.000393437 0.000192139  -0.209437 -0.0131875   0.972948
   3.98095 0.000701217 0.000393437   0.0012574 -0.205775 -0.019291  0.974657
   3.98674 -0.000364048   0.00092607    0.0012574  -0.206386 -0.0251503   0.978685
   3.99122   0.00123385 -0.000139195   0.00179004  -0.211391 -0.0244179   0.982714
   3.99667  0.00176648 -0.00120446  0.00232267  -0.213954 -0.0229531   0.983202
   4.00083   0.00176648 -0.000671827    0.0012574  -0.215785 -0.0196572   0.978441
   4.00674   0.00176648 -0.000139195  0.000192136  -0.217616 -0.0163613   0.973681
   4.01087  0.00123385  0.00092607 -0.00300366  -0.212733 -0.0150185   0.973803
   4.01674 0.000701215  0.00199133 -0.00619945  -0.207851 -0.0136757   0.973925
   4.02089  0.00283174  0.00092607 -0.00353629 -0.208461 -0.019291   0.97661
   4.02674   0.00389701 -0.000139195  -0.00140576  -0.211513 -0.0234414   0.981249
   4.03138   0.00176648 -0.000671827 -0.000340492  -0.215419 -0.0208779   0.981493
   4.03659 0.000701215 -0.00120446   0.0012574  -0.216884 -0.0197793   0.979784
    4.0408 0.000168584 0.000393437   0.0028553  -0.215175 -0.0156289   0.976244
   4.04674 0.000168584   0.0014587  0.00179004  -0.213466 -0.0114785   0.972704
   4.05122   0.00176648 -0.000139195  -0.00247102  -0.209804 -0.0153847   0.974169
   4.05651  0.00283175 -0.00120446 -0.00406892 -0.206142 -0.019291  0.975634
   4.06096 -0.000896681 -0.000139195  0.000192139  -0.210536 -0.0218544   0.979296
   4.06674 -0.00462511  0.00092607   0.0044532  -0.214931 -0.0244179   0.982958
   4.07084 -0.00196195 0.000393437   0.0028553  -0.216395 -0.0191689   0.979906
   4.07674  0.000701215 -0.000139195    0.0012574   -0.21786 -0.0139199   0.976854
   4.08091 -0.000364048   0.00092607   0.00179004   -0.21371 -0.0134316   0.975267
    4.0866 -0.00142931  0.00199133  0.00232267   -0.20956 -0.0129433   0.973681
   4.09092 0.000168584   0.0014587  0.00072477  -0.207851 -0.0186806   0.975756
   4.09674   0.00176648   0.00092607 -0.000873126  -0.206142 -0.0244179   0.977831
   4.10107 -0.000364048 -0.000139195    0.0012574  -0.211269 -0.0230751   0.980028
   4.10674 -0.00249458 -0.00120446  0.00338794  -0.216395 -0.0217324   0.982225
    4.1109  -0.00196194 -0.000139195   0.00498583  -0.216151 -0.0180703   0.977099
   4.11668 -0.00142931  0.00092607  0.00658373  -0.215907 -0.0144082   0.971972
   4.12092 -0.00196194  0.00092607  0.00551846  -0.211391 -0.0156289   0.972704
   4.12674 -0.00249458  0.00092607   0.0044532  -0.206874 -0.0168496   0.973436
   4.13095 -0.000364048  0.000393437    0.0028553  -0.209437 -0.0201455   0.977953
   4.13667   0.00176648 -0.000139195    0.0012574  -0.212001 -0.0234414    0.98247
   4.14074 0.000701217 0.000393437  0.00232267  -0.214442 -0.0205117   0.979784
   4.14674 -0.000364047   0.00092607   0.00338794 -0.216884 -0.017582  0.977099
   4.15128  0.000168584 -0.000671827   0.00232267  -0.215663 -0.0159951   0.975267
   4.15674 0.000168584 -0.00120446  0.00232267  -0.212489 -0.0125771   0.973192
   4.16101 -0.000364047 -0.000139195   0.00338794  -0.208339 -0.0135537   0.973803
    4.1667  0.000168584 -0.000139195   0.00392057  -0.206142 -0.0200234   0.976122
   4.17085  0.000168584 -0.000139195   0.00392057 -0.208095  -0.02454   0.98015
   4.17674 -0.000364047 -0.000139195   0.00392057   -0.21371 -0.0241738   0.982225
   4.18118  -0.00249458 -0.000139195   0.00338793  -0.218349 -0.0201455   0.980272
   4.18666  -0.00196195 -0.000671827  0.000192139 -0.218104 -0.015873     0.976
   4.19081  0.000701215 -0.000671827  0.000192139  -0.214931 -0.0125771   0.972948
   4.19674 -0.000364048 -0.000671827   0.00232267  -0.209804 -0.0126992   0.973436
   4.20121 -0.000896679 -0.000671827   0.00232267   -0.20663 -0.0180703   0.973925
   4.20654 -0.000896679 -0.000139195    0.0028553  -0.207606 -0.0239296   0.976976
   4.21094  0.000168584 -0.000671827   0.00232267  -0.211269 -0.0246621   0.982225
   4.21662  0.00123385 -0.00120446   0.0028553  -0.215175 -0.0213662   0.981371
   4.22078  0.000168584 -0.000671827   0.00338793  -0.216151 -0.0185585   0.975878
   4.22674 -0.00142931 0.000393437  0.00072477  -0.214442 -0.0151406   0.973314
     4.231 -0.00142931 0.000393437  0.00072477  -0.210902 -0.0133095   0.974413
   4.23674  0.000701217 -0.000139195   0.00338793  -0.207606 -0.0180703   0.974657
   4.24105   0.00123385 -0.000671827    0.0044532  -0.208095 -0.0239296   0.978197
   4.24641  0.00229911 -0.00120446   0.0028553  -0.212367 -0.0244179   0.982592
   4.25088  0.00123385 -0.00120446  0.00338793 -0.215907 -0.021122  0.980272
   4.25674 -0.000896679 -0.000671827   0.00392056   -0.21664 -0.0173378   0.976488
   4.26124  0.000701217 -0.000139195   0.00232267  -0.214442 -0.0145302   0.974169
   4.26658   0.00229911 -0.000671827    0.0012574  -0.210292 -0.0128212   0.973314
   4.27091  0.00229911 -0.00120446   0.0012574 -0.206874 -0.015873  0.974535
   4.27674   0.00123385 -0.000671827    0.0012574   -0.20663 -0.0220986   0.977953
   4.28088  0.000168584 -0.000139195  0.000192136  -0.210536 -0.0246621   0.981249
   4.28674  0.000168584 -0.000671827   0.00232267  -0.215785 -0.0222207   0.981127
   4.29091 0.000168584 -0.00173709  0.00764899  -0.218349 -0.0179482   0.977587
   4.29663  0.00176648 -0.00173709  0.00658372 -0.216518 -0.014164  0.973681
   4.30088   0.00123385 -0.000139195   0.00551846  -0.211635 -0.0111123   0.973925
   4.30674 -0.00142931 0.000393437  0.00605109   -0.20724 -0.0135537   0.974047
   4.31104 -0.000896679 -0.000139195   0.00232267  -0.206386 -0.0203896   0.974657
   4.31677 -0.000364047 -0.000671827  0.000192139  -0.209682 -0.0231972   0.981005
   4.32093  0.000701217  -0.00120446 -0.000340495  -0.213954 -0.0218544   0.983202
   4.32675  0.000168584 -0.000671827    0.0028553  -0.216518 -0.0195351   0.978197
   4.33134  -0.00196194 -0.000671827   0.00551846  -0.216518 -0.0166054   0.973925
   4.33644 0.000701217 -0.00120446  0.00338793   -0.2131 -0.014164  0.973925
   4.34094   0.00123385 -0.000139195   0.00338793  -0.208339 -0.0163613   0.974413
   4.34675 0.000168584 0.000393437  0.00551846  -0.206874 -0.0216103   0.976244
   4.35095   0.00123385 -0.000671827    0.0028553  -0.209804 -0.0241738   0.981127
   4.35671   0.00123385 -0.000671827   0.00072477  -0.214809 -0.0231972   0.981981
   4.36083  0.00123385 0.000393437  0.00605109  -0.217616 -0.0196572   0.979174
   4.36675 0.000701215 0.000393437  0.00658372  -0.216273 -0.0157509   0.975023
   4.37107 0.000168584 0.000393437  0.00498583  -0.212489 -0.0128212   0.972094
   4.37675 -0.000364047  0.000393437   0.00658372  -0.207728 -0.0142861   0.973925
   4.38089 0.000701217 0.000393437   0.0044532  -0.205165 -0.0205117    0.97661
   4.38675 0.00176648 0.00092607  0.0028553  -0.207851 -0.0246621   0.979906
   4.39128  0.00123385 0.000393437  0.00179004   -0.21371 -0.0239296   0.981615
   4.39647   0.00123385 -0.000139195 -0.000873126   -0.21786 -0.0195351   0.979174
   4.40093   0.00123385 -0.000139195    0.0012574  -0.218227 -0.0155068   0.975634
   4.40675  0.00123385 -0.00120446  0.00338793 -0.214686 -0.012455  0.974413
   4.41122  0.00229911 -0.00120446  0.00179004   -0.20956 -0.0114785   0.974901
   4.41663  0.00283175 0.000393437   0.0012574  -0.207118 -0.0170937   0.974779
   4.42087  0.00336438   0.0014587 -0.00140576  -0.208583 -0.0235634   0.977465
   4.42675  0.00283175  0.00092607 -0.00406892  -0.212245 -0.0234414   0.982103
   4.43113   0.00123385 -0.000139195  -0.00353628  -0.216151 -0.0201455   0.981615
   4.43675  0.000168584 -0.000671827  -0.00193839  -0.217494 -0.0167275   0.976366
   4.44105 -0.000364047 -0.000671827 -0.000873126  -0.214564 -0.0135537   0.973681
   4.44675 -0.000896679  0.000393437  -0.00140576  -0.210048 -0.0136757   0.973192
   4.45098  0.00123385 0.000393437 -0.00353629   -0.20724 -0.0189248   0.974535
   4.45675   0.00389701 -0.000671827  -0.00247102  -0.207973 -0.0244179   0.979662
   4.46095   0.00176648 -0.000671827  0.000192139  -0.212611 -0.0242959   0.982348
   4.46675 -0.000896679 -0.000671827  -0.00140576 -0.216518 -0.021122  0.980516
   4.47125 0.000168584 -0.00120446 -0.00140576  -0.217128 -0.0169716   0.977709
   4.47652  0.000168584 -0.000671827   0.00072477  -0.214686 -0.0136757    0.97307
   4.48111 0.000168584 0.000393437 0.000192136  -0.210536 -0.0139199   0.971483
   4.48654 0.000701217 0.000393437  0.00179004  -0.206752 -0.0180703   0.974901
   4.49097  0.000168584 -0.000671827   0.00338794   -0.20602 -0.0236855   0.978685
   4.49675   0.00123385 -0.000139195    0.0044532  -0.210658 -0.0249062   0.980639
   4.50097   0.00283175 -0.000139195   0.00605109  -0.216273 -0.0220986   0.981249
   4.50675   0.00176648 -0.000139195   0.00498583  -0.218349 -0.0190468   0.978319
   4.51101 0.000168584  0.00092607  0.00179004  -0.216151 -0.0157509   0.972948
   4.51675 -0.000896681  0.000393437   0.00232267  -0.211391 -0.0122109   0.973436
    4.5211  -0.00142931 -0.000139195   0.00392057  -0.207606 -0.0136757   0.974535
   4.52675  0.000168584 -0.000139195   0.00392057   -0.20663 -0.0206337   0.975267
   4.53097  0.00123385 0.000393437  0.00338793  -0.209437 -0.0236855   0.979784
   4.53675  0.000701217 -0.000671827   0.00392056  -0.213954 -0.0217324   0.981981
   4.54083 -0.000364047 -0.000671827   0.00338793  -0.216518 -0.0188027   0.979174
   4.54675 0.000168584 0.000393437   0.0028553  -0.215297 -0.0152626   0.974169
   4.55123   0.00123385 -0.000139195    0.0012574  -0.211513 -0.0125771   0.972582
   4.55675   0.00176648 -0.000139195 -0.000873126  -0.208095 -0.0159951   0.974169
   4.56091  0.000701217 -0.000139195    0.0012574  -0.207362 -0.0225869    0.97661
   4.56662 -0.000364047 -0.000139195    0.0028553  -0.211024 -0.0249062   0.980272
   4.57095 -0.000364047  0.000393437   0.00338794  -0.215907 -0.0230751   0.982225
   4.57675 -0.000364047 -0.000139195    0.0028553 -0.217616 -0.019291  0.979296
   4.58101  0.000168584 -0.000671827  0.000192139  -0.216395 -0.0148964   0.973436
   4.58675  0.000701215 -0.000139195 -0.000873126  -0.213222 -0.0118447    0.97246
   4.59083  0.000168584 -0.000671827 -0.000873126  -0.208949 -0.0142861   0.973925
   4.59675 -0.000896679 -0.000139195   0.00179004   -0.20602 -0.0208779   0.975267
   4.60123 -0.000364048 -0.000139195    0.0044532  -0.208339 -0.0242959   0.980394
   4.60664 -0.000364048 -0.000671827   0.00498583  -0.213466 -0.0227089   0.982958
   4.61085  0.000701217 -0.000671827   0.00338793  -0.216518 -0.0197793    0.97954
   4.61675   0.00229911 -0.000139195   0.00179004  -0.217006 -0.0163613   0.974779
   4.62121 0.00123385  0.0014587 0.00179004   -0.21432 -0.0133095   0.972948
   4.62676 0.000701215 0.000393437 0.000192136  -0.210048 -0.0135537   0.973925
   4.63094   0.00176648 -0.000139195 -0.000340495   -0.20724 -0.0184365   0.974901
   4.63675  0.00123385 0.000393437 0.000192139  -0.208583 -0.0234414   0.978563
   4.64117  0.00123385 -0.00120446  0.00232267  -0.212611 -0.0233193   0.981127
   4.64675 0.000168584 -0.00173709  0.00711636  -0.216151 -0.0199013   0.979418
   4.65102 -0.000364048  -0.00120446   0.00711636  -0.216762 -0.0169716   0.976244
   4.65675  0.000168584 -0.000671827   0.00498583  -0.213954 -0.0137978   0.973436
   4.66118 -0.000896679 -0.000139195   0.00498583  -0.209682 -0.0135537   0.973803
   4.66669  0.000701217 -0.000671827   0.00392057  -0.206996 -0.0186806   0.974657
   4.67081  0.000701217 -0.000139195   0.00498583  -0.208339 -0.0235634   0.977953
   4.67675 -0.000364047   0.00092607   0.00392056  -0.212489 -0.0246621   0.982348
   4.68109 -0.000364047 -0.000139195   0.00338793  -0.216395 -0.0212441   0.981249
   4.68669 0.000168584 -0.00120446  0.00711636  -0.217372 -0.0161171   0.976854
   4.69092  0.00229911 -0.00120446  0.00498583  -0.214442 -0.0129433   0.973558
   4.69662  0.00229911 -0.00120446  0.00392056  -0.210292 -0.0126992    0.97307
   4.70088 0.000168584 0.000393437  0.00658372  -0.206874 -0.0169716   0.973925
   4.70675 -0.000364047   0.00092607   0.00551846  -0.206874 -0.0230751   0.977221
   4.71096  -0.00142931 -0.000671827   0.00711636  -0.211146 -0.0242959   0.981493
   4.71669 -0.00196194 -0.00120446  0.00924689  -0.215053 -0.0217324   0.981371
   4.72085  0.000168584 -0.000671827   0.00498583  -0.217372 -0.0186806   0.977465
   4.72675   0.00123385 -0.000139195   0.00338793  -0.216518 -0.0153847   0.973558
   4.73127   0.00123385 -0.000671827    0.0044532  -0.211879 -0.0133095   0.974169
   4.73653  0.00283175 -0.00120446  0.00338793  -0.207973 -0.0151406   0.974779
   4.74088   0.00229911 -0.000671827    0.0044532 -0.207728    -0.021  0.976122
   4.74675  0.000701215 -0.000139195   0.00392057  -0.211024 -0.0239296   0.980639
   4.75093 0.000168584 0.000393437   0.0028553  -0.215907 -0.0213662   0.980883
   4.75675 -0.000896679   0.00092607   0.00498583  -0.217494 -0.0185585   0.977465
   4.76097 0.000701217 0.000393437  0.00392056  -0.215053 -0.0156289   0.974657
   4.76675   0.00123385 -0.000671827   0.00605109  -0.211146 -0.0126992   0.973436
   4.77087 -0.000364047 -0.000671827   0.00924689  -0.207728 -0.0156289   0.974047
   4.77669 -0.000364047 -0.000139195   0.00711636  -0.206752 -0.0229531    0.97661
   4.78107 -0.000364047 -0.000671827   0.00711636  -0.209437 -0.0261269   0.980394
   4.78675 0.000168584 -0.00120446  0.00658373  -0.214809 -0.0239296   0.981371
   4.79096   0.00123385 -0.000671827    0.0028553  -0.218349 -0.0190468   0.979052
   4.79675   0.00123385 -0.000671827 -0.000340495  -0.217128 -0.0144082   0.975023
   4.80096   0.00176648 -0.000139195  -0.00406892  -0.212123 -0.0119668   0.973192
   4.80675   0.00389701 -0.000139195  -0.00566682  -0.208095 -0.0129433   0.973314
   4.81114   0.00389701 -0.000671827  -0.00247102  -0.206508 -0.0199013   0.974291
   4.81675  0.00229911 0.000393437 -0.00193839  -0.208461 -0.0247841    0.97954
   4.82097 0.000168584  0.00092607 -0.00247102  -0.212978 -0.0230751   0.982836
   4.82675 -0.000364048  0.000393437   0.00072477  -0.215907 -0.0200234   0.980516
   4.83134  0.000168584 -0.000139195    0.0012574  -0.216273 -0.0172158   0.975267
   4.83662  0.000701217 -0.000139195  -0.00300365   -0.21371 -0.0144082   0.972948
   4.84086  0.000701217 -0.000139195    0.0012574 -0.209315 -0.014164  0.974657
   4.84667 -0.000364047 -0.000139195   0.00605109 -0.206752 -0.019413  0.975267
   4.85086 -0.000364047 -0.000671827   0.00551846  -0.208827 -0.0231972   0.978563
   4.85675 -0.000896679 -0.000671827   0.00658372  -0.213466 -0.0220986   0.981737
   4.86095 -0.00249458  0.00092607  0.00764899  -0.217006 -0.0197793   0.979174
   4.86675 -0.00249458   0.0014587   0.0044532  -0.216762 -0.0161171    0.97539
   4.87116 -0.000364048  0.000393437    0.0044532  -0.213222 -0.0126992   0.972948
   4.87675 -0.000364048 -0.000139195   0.00551846  -0.208827 -0.0133095   0.973925
   4.88088 -0.000364048 -0.000139195    0.0044532  -0.206386 -0.0184365   0.975512
   4.88675  0.000701215 -0.000139195   0.00605109  -0.207606 -0.0239296   0.978808
   4.89109   0.00123385 -0.000671827   0.00498583  -0.212489 -0.0253945   0.981493
   4.89667 0.000701217 -0.00120446  0.00338794  -0.217372 -0.0214882   0.979174
   4.90087 -0.000896679 -0.000671827   0.00498583  -0.217616 -0.0170937   0.975756
    4.9067 -0.000896679 -0.000139195   0.00338793  -0.214442 -0.0139199   0.974047
   4.91084   0.00123385 -0.000139195    0.0012574 -0.209926 -0.012455  0.973681
   4.91675  0.00283175 0.000393437  0.00232267  -0.206874 -0.0169716   0.974291
   4.92097  0.00123385 0.000393437  0.00232267  -0.207484 -0.0227089   0.977587
   4.92675 0.000168584 0.000393437   0.0028553  -0.211269 -0.0239296   0.981249
   4.93102 0.000168584 0.000393437   0.0044532  -0.215663 -0.0214882   0.981249
   4.93675  0.000701217 -0.000139195   0.00338793   -0.21664 -0.0180703   0.977953
    4.9411  0.00176648 -0.00120446  0.00551846  -0.215053 -0.0150185   0.973192
   4.94652  0.00176648 -0.00226972  0.00977952  -0.214198 -0.0134316   0.970263
   4.95082  0.00229911 -0.00120446  0.00392057 -0.210292 -0.017582   0.97246
   4.95668   0.00283175 -0.000139195  -0.00193839  -0.206386 -0.0217324   0.974657
    4.9609  0.00176648 -0.00120446 0.000192139  -0.210048 -0.0220986   0.978685
   4.96668 0.000701215 -0.00226972  0.00232267   -0.21371 -0.0224648   0.982714
   4.97087  0.00176648 -0.00280236  0.00338793 -0.215785 -0.019291  0.979174
   4.97675  0.00283175 -0.00333499   0.0044532   -0.21786 -0.0161171   0.975634
   4.98097   0.00123385 -0.000671827   0.00392057  -0.213466 -0.0142861   0.974779
   4.98664 0.000701217  0.00092607   0.0028553 -0.209071 -0.012455  0.973925
    4.9911   0.00336438 -0.000139195   0.00072477  -0.207606 -0.0184365   0.976854
   4.99671   0.00496227 -0.000139195 -0.000873126  -0.206142 -0.0244179   0.979784
   5.00081   0.00123385 -0.000671827   0.00179004  -0.212001 -0.0224648   0.979906
   5.00675 -0.00249458 -0.00120446   0.0044532   -0.21786 -0.0205117   0.980028
   5.01084 -0.000896681  -0.00120446    0.0028553  -0.216884 -0.0169716      0.976
   5.01675 0.000701215 -0.00120446   0.0012574  -0.215907 -0.0134316   0.971972
   5.02118   0.00123385 -0.000671827    0.0012574  -0.210902 -0.0151406   0.974047
   5.02675   0.00176648 -0.000139195    0.0012574  -0.205897 -0.0168496   0.976122
   5.03097   0.00229911 -0.000139195   0.00232267  -0.208217 -0.0213662    0.97954
   5.03675   0.00283175 -0.000139195   0.00338794  -0.210536 -0.0258828   0.982958
   5.04102  0.000168584 -0.000671827   0.00605109  -0.213954 -0.0216103   0.979662
   5.04675 -0.00249458 -0.00120446  0.00871425  -0.217372 -0.0173378   0.976366
   5.05097 -0.000364048 -0.000671827   0.00764899  -0.214076 -0.0144082      0.976
   5.05661   0.00176648 -0.000139195   0.00658373   -0.21078 -0.0114785   0.975634
   5.06087  0.00123385 0.000393437  0.00338793  -0.208949 -0.0181923   0.976122
   5.06675 0.000701215  0.00092607 0.000192136  -0.207118 -0.0249062    0.97661
   5.07085 -0.000364048 -0.000671827   0.00179004  -0.211757 -0.0231972   0.978197
   5.07675 -0.00142931 -0.00226972  0.00338794  -0.216395 -0.0214882   0.979784
    5.0812  0.000168584 -0.000671827   0.00179004  -0.217128 -0.0191689   0.979052
   5.08638   0.00176648 -0.000139195   0.00179004   -0.21664 -0.0148964   0.975878
   5.09099   0.00176648 -0.000671827   0.00392057   -0.21078 -0.0139199   0.974291
   5.09675   0.00176648 -0.000139195    0.0044532  -0.206142 -0.0148964   0.975145
   5.10104 0.000168584 0.000393437   0.0028553  -0.207973 -0.0195351   0.978319
   5.10675 -0.00142931  0.00092607   0.0012574  -0.209804 -0.0241738   0.981493
   5.11094 -0.00142931 0.000393437  0.00072477  -0.212367 -0.0234414   0.981371
   5.11668  -0.00142931 -0.000139195  0.000192136 -0.217006    -0.021  0.980272
   5.12087 -0.000896679 -0.000671827  0.000192136 -0.217982 -0.017582   0.97661
   5.12675 -0.000364047 -0.000671827   0.00232267  -0.215053 -0.0144082   0.972704
   5.13104 -0.000364047  0.000393437   0.00338793  -0.210658 -0.0133095   0.974169
   5.13675 -0.000896679   0.00092607   0.00392056 -0.207728 -0.017582  0.976122
     5.141 0.000701217 0.000393437  0.00338793  -0.208217 -0.0236855   0.975878
   5.14675   0.00283175 -0.000139195    0.0012574  -0.211635 -0.0244179   0.980272
   5.15103   0.00229911  0.000393437 -0.000340492 -0.215663 -0.021122  0.982348
   5.15671 0.000701217 0.000393437 -0.00140576  -0.216762 -0.0181923   0.976366
   5.16088  0.00123385  0.00092607 -0.00140576   -0.21432 -0.0144082   0.973192
   5.16675   0.00229911   0.00092607 -0.000340492  -0.210414 -0.0128212   0.974291
   5.17099   0.00176648 -0.000671827    0.0012574  -0.207728 -0.0178261   0.973314
   5.17662   0.00123385 -0.000139195    0.0028553  -0.207484 -0.0236855   0.976976
   5.18087  0.00123385 0.000393437  0.00338793  -0.211513 -0.0240517    0.98247
   5.18675  0.000168584 -0.000671827    0.0028553 -0.215907    -0.021  0.981005
   5.19095 -0.000896679 -0.000671827   0.00232267  -0.217128 -0.0166054   0.977221
   5.19675 -0.000364047 -0.000139195   0.00179004 -0.215785 -0.012333  0.973558
   5.20118 0.000168584 0.000393437  0.00072477  -0.211635 -0.0117226   0.971727
    5.2066   0.00123385  0.000393437 -0.000340495  -0.206996 -0.0161171   0.972704
   5.21094   0.00176648 -0.000671827 -0.000873126  -0.205409 -0.0223427    0.97661
   5.21675  0.00176648 -0.00120446 0.000192139  -0.209071 -0.0240517   0.981981
   5.22091 0.000168584 -0.00120446  0.00232267  -0.214564 -0.0219765   0.982103
   5.22675 -0.00142931 0.000393437  0.00338793  -0.217372 -0.0190468   0.978319
   5.23125 -0.000896679  0.000393437 -0.000340492  -0.216762 -0.0157509   0.974657
   5.23667  0.000701217 -0.000671827  -0.00300365  -0.212245 -0.0130654   0.973436
   5.24088   0.00123385 -0.000139195  -0.00140576  -0.207851 -0.0144082   0.974413
   5.24675 -0.000364048 -0.000139195  0.000724774  -0.207484 -0.0213662   0.975878
   5.25111 -0.000896679   0.00092607   0.00232267  -0.210536 -0.0247841   0.979418
   5.25675 -0.00142931  0.00092607   0.0028553  -0.214686 -0.0224648   0.981249
   5.26104  -0.00142931 -0.000139195   0.00392057  -0.217128 -0.0200234   0.978685
   5.26675  0.000701217 -0.000139195    0.0028553  -0.216518 -0.0164834   0.975145
     5.271   0.00283175 -0.000671827   0.00179004  -0.212611 -0.0128212   0.973436
   5.27675   0.00336438 -0.000671827   0.00179004 -0.208461 -0.014164  0.972582
    5.2809   0.00176648 -0.000139195    0.0012574 -0.206996 -0.021122  0.975145
   5.28675  0.000168584 -0.000671827    0.0028553  -0.209437 -0.0253945   0.980394
   5.29132 -0.000896679 -0.000671827   0.00551846   -0.21432 -0.0235634   0.981127
   5.29632  -0.00249458 -0.000671827   0.00498583  -0.217738 -0.0197793    0.97954
   5.30105  -0.00302721 -0.000139195   0.00338793  -0.217006 -0.0150185   0.976366
   5.30675 -0.00249458 0.000393437   0.0044532  -0.213832 -0.0109902   0.972094
   5.31109 -0.000896681  0.000393437   0.00392057 -0.208949 -0.012333  0.972216
    5.3168  0.00176648 0.000393437  0.00179004  -0.205653 -0.0183144   0.974901
   5.32072  0.00283175 -0.00120446   0.0012574  -0.207851 -0.0233193   0.978319
   5.32645 0.000168584 -0.00173709  0.00232267  -0.212001 -0.0239296   0.982592
   5.33075  -0.00196194 -0.000671827    0.0044532  -0.215541 -0.0206337   0.981981
   5.33645  -0.00142931 -0.000671827    0.0044532  -0.217494 -0.0170937   0.975145
   5.34083 -0.000364048 -0.000671827   0.00392057  -0.214809 -0.0147744    0.97307
   5.34645 -0.000364048 -0.000139195   0.00498583  -0.210414 -0.0140419   0.975634
   5.35075 -0.000364048  0.000393437   0.00392057  -0.207606 -0.0180703   0.974901
   5.35645 0.000168584 0.000393437  0.00232267  -0.207851 -0.0235634   0.976976
   5.36093 -0.000364047 -0.000139195   0.00338794  -0.212489 -0.0236855   0.982225
   5.36645 -0.000896679 -0.000671827   0.00179004  -0.216395 -0.0205117   0.980761
   5.37071 0.000168584 -0.00120446   0.0012574  -0.216884 -0.0170937   0.975267
   5.37645 0.000701217 -0.00120446  0.00179004 -0.214442 -0.014164  0.973925
   5.38058  0.000168584 -0.000139195    0.0012574  -0.210536 -0.0140419   0.973803
   5.38645 -0.000364048 -0.000139195   0.00392057  -0.207362 -0.0183144   0.973558
    5.3906 -0.000896679 -0.000671827   0.00711636  -0.207362 -0.0244179   0.977953
   5.39645 -0.000896679  0.000393437   0.00658372 -0.211757 -0.026249  0.982348
   5.40055 -0.000896679 -0.000139195   0.00711636  -0.216762 -0.0225869   0.981127
   5.40645  -0.00142931 -0.000671827   0.00658372  -0.217738 -0.0170937   0.977465
   5.41102  0.000168584 -0.000139195    0.0044532  -0.215053 -0.0134316   0.974169
   5.41629   0.00283175 -0.000139195    0.0012574 -0.211391 -0.012455  0.973192
   5.42061   0.00229911  0.000393437 -0.000873126  -0.206996 -0.0153847   0.974047
   5.42645  0.00123385 0.000393437  0.00072477  -0.205775 -0.0216103   0.976732
   5.43073 -0.000364048 -0.000139195    0.0028553  -0.209804 -0.0242959   0.980394
   5.43645  -0.00142931 -0.000671827   0.00232267  -0.213832 -0.0220986   0.981249
   5.44076 -0.00142931 -0.00173709  0.00445319 -0.216273 -0.019413  0.978197
   5.44645  -0.00249458 -0.000671827   0.00711636  -0.215663 -0.0166054   0.973803
   5.45099  -0.00196194 -0.000139195   0.00498583  -0.212245 -0.0135537   0.973192
   5.45645  0.000168584 -0.000139195   0.00392057  -0.208217 -0.0148964   0.974291
   5.46073 0.000168584 0.000393437  0.00232267  -0.206752 -0.0207558   0.976976
   5.46645 -0.000364047 -0.000671827  0.000192139  -0.210658 -0.0241738   0.981005
   5.47086 -0.000896679 -0.000671827    0.0012574  -0.215541 -0.0222207   0.981249
   5.47634 -0.000364048 -0.000139195   0.00338794  -0.217128 -0.0185585   0.978808
   5.48061 -0.000364048  0.000393437   0.00392057  -0.215541 -0.0157509   0.974779
   5.48645 0.000168584  0.00092607  0.00498583  -0.211879 -0.0137978   0.972582
   5.49065  0.00176648 0.000393437  0.00551846  -0.208705 -0.0150185   0.974535
   5.49645 0.000701217 0.000393437   0.0044532  -0.206752 -0.0213662   0.976732
   5.50085 -0.000364047    0.0014587   0.00392057 -0.208461 -0.026249   0.98015
   5.50622 0.000701217  0.00092607   0.0028553 -0.21432 -0.02454 0.982103
   5.51062 0.000701217 0.000393437  0.00232267  -0.217982 -0.0201455    0.97954
   5.51645 0.000168584  0.00092607 -0.00140576  -0.217494 -0.0159951   0.974657
   5.52087  0.000701215  0.000393437 -0.000873126  -0.213466 -0.0128212   0.972704
   5.52645 -0.000364048 -0.000139195    0.0044532  -0.208705 -0.0126992   0.974291
   5.53086 -0.000364048 -0.000139195   0.00392057  -0.206508 -0.0180703   0.974779
   5.53627   0.00176648 -0.000139195  0.000724774  -0.208827 -0.0235634   0.977709
   5.54073   0.00336438 -0.000671827  -0.00193839 -0.213466 -0.022831  0.981859
   5.54638   0.00283175 -0.000671827  0.000192139 -0.216151 -0.019291  0.980272
   5.55045  0.00123385 0.000393437  0.00072477  -0.216884 -0.0162392   0.975267
   5.55645  0.000701215  0.000393437 -0.000873126   -0.21432 -0.0128212   0.973192
   5.56079 0.000168584 0.000393437  0.00179004  -0.209682 -0.0133095   0.973558
   5.56645 -0.000896679   0.00092607   0.00551846  -0.207118 -0.0191689   0.974657
   5.57099 -0.00142931 0.000393437  0.00658373  -0.208461 -0.0235634   0.979174
   5.57645 -0.000364048 -0.000139195   0.00498583 -0.212611 -0.022831  0.982836
    5.5807 -0.000896681  0.000393437    0.0028553  -0.216762 -0.0200234   0.980272
   5.58645 -0.00142931 0.000393437  0.00072477  -0.217738 -0.0170937   0.976976
   5.59076 -0.000896679 -0.000671827   0.00072477  -0.214931 -0.0137978   0.972216
   5.59626 -0.000364048 -0.000671827   0.00179004  -0.210048 -0.0133095   0.972216
   5.60069   0.00123385 -0.000671827    0.0028553  -0.206264 -0.0178261   0.975756
   5.60645  0.00229911 -0.00120446  0.00498583  -0.206264 -0.0230751   0.977709
   5.61062  0.000168584 -0.000671827   0.00551846   -0.21078 -0.0244179   0.982103
   5.61645 -0.00142931 0.000393437   0.0028553  -0.216395 -0.0218544   0.981249
   5.62095 0.000168584   0.0014587  0.00392056  -0.218104 -0.0179482   0.976854
   5.62645 0.00176648  0.0014587 0.00338793  -0.215785 -0.0146523   0.974413
   5.63077   0.00229911 -0.000139195  0.000192139  -0.211391 -0.0125771    0.97307
   5.63632  0.000701217 -0.000671827   0.00338793  -0.207362 -0.0150185   0.973436
   5.64051  0.000168584 -0.000139195    0.0044532   -0.20663 -0.0212441   0.976732
   5.64645 -0.000364048  0.000393437   0.00338794   -0.21017 -0.0236855   0.980516
   5.65067 -0.000896679 -0.000139195   0.00392057  -0.214809 -0.0213662   0.981249
   5.65645 -0.000896679 -0.000671827   0.00232267  -0.217128 -0.0186806    0.97893
   5.66088  -0.00142931  0.000393437 -0.000340495  -0.215907 -0.0155068   0.974169
    5.6663  0.000168584  0.000393437 -0.000340495  -0.211879 -0.0126992   0.972582
   5.67054  0.000701217  0.000393437 -0.000873126 -0.207973 -0.015873  0.973803
   5.67645  0.00229911 0.000393437 -0.00193839  -0.207606 -0.0225869   0.976488
   5.68096   0.00336438 -0.000671827 -0.000340492   -0.21078 -0.0249062   0.981249
   5.68638   0.00123385 -0.000671827   0.00072477  -0.215541 -0.0224648   0.981737
   5.69053 -0.000364048  0.000393437 -0.000340495   -0.21786 -0.0185585   0.977953
   5.69645  0.000168584  0.000393437 -0.000340495  -0.215419 -0.0152626   0.974169
   5.70054  0.000701217 -0.000139195 -0.000340495 -0.212123 -0.012333  0.972948
   5.70645  -0.00142931 -0.000139195 -0.000340495  -0.208583 -0.0142861   0.974047
    5.7107 -0.00302721 0.000393437  0.00072477  -0.205043 -0.0213662   0.976122
   5.71626 -0.00142931 0.000393437  0.00179004  -0.207606 -0.0251503   0.980883
   5.72067   0.00123385 -0.000671827    0.0028553  -0.214076 -0.0239296    0.98369
   5.72645 0.000168584 -0.00120446  0.00551846   -0.21786 -0.0202675   0.979174
   5.73086  -0.00196194 -0.000671827   0.00498583  -0.217982 -0.0168496   0.974535
   5.73636 -0.000364048 -0.000671827   0.00072477  -0.214564 -0.0131875   0.973803
   5.74057  0.000701217 -0.000671827  -0.00140576  -0.209804 -0.0125771   0.974047
   5.74645  0.000168584 -0.000139195  0.000724774   -0.20724 -0.0188027   0.974901
   5.75063   0.00176648 -0.000671827  0.000724774  -0.208217 -0.0239296   0.978441
   5.75633 -0.000896681 -0.000671827   0.00232267  -0.212733 -0.0224648   0.981615
   5.76053  -0.00249458 -0.000671827   0.00498583 -0.216395 -0.019291   0.98015
   5.76645 0.000701217 -0.00120446   0.0028553  -0.216884 -0.0164834   0.976244
   5.77057  0.000168584 -0.000671827   0.00232267  -0.213466 -0.0131875   0.973192
   5.77645 -0.00196194 0.000393437  0.00392056  -0.208583 -0.0137978   0.972704
   5.78076  -0.00249458 -0.000139195   0.00498583  -0.20663 -0.019413  0.974535
   5.78645 -0.000896681 -0.000139195   0.00392057  -0.208705 -0.0246621   0.979052
   5.79075 -0.000364048   0.00092607    0.0044532  -0.213832 -0.0246621    0.98247
   5.79639  -0.00196194 -0.000139195   0.00764899  -0.217738 -0.0206337   0.980761
   5.80064  -0.00302721 -0.000671827   0.00764899  -0.217494 -0.0164834   0.976854
    5.8064  -0.00196194 -0.000671827   0.00551846  -0.214442 -0.0135537   0.973314
   5.81063  0.000701217 -0.000671827    0.0044532  -0.210658 -0.0137978   0.972948
   5.81645 0.000168584 -0.00120446  0.00498583 -0.205897 -0.019291  0.974901
   5.82059 -0.00249458 -0.00173709  0.00605109  -0.206508 -0.0236855   0.978685
   5.82645 -0.00249458 -0.00120446  0.00392056  -0.211513 -0.0238076   0.983202
   5.83106 -0.00142931 -0.00173709  0.00498583  -0.215419 -0.0214882   0.982592
   5.83633 -0.00196194 -0.00173709  0.00711636  -0.217494 -0.0188027   0.976854
   5.84059 -0.000896681 -0.000671827   0.00498583 -0.216273 -0.015873   0.97307
    5.8464  0.000701215 -0.000671827   0.00551846  -0.211757 -0.0130654   0.974047
   5.85045  -0.00142931 -0.000671827   0.00711636  -0.207362 -0.0157509   0.975145
   5.85645  -0.00249458 -0.000671827   0.00818162  -0.207118 -0.0213662   0.976488
   5.86069 0.000168584 -0.00173709  0.00871425  -0.211269 -0.0230751   0.980028
   5.86645  0.00123385 -0.00173709  0.00605109  -0.215785 -0.0208779   0.980516
   5.87082 -0.000364048 -0.000139195    0.0028553  -0.21725 -0.017582  0.977099
   5.87621 -0.000896679  0.000393437    0.0012574  -0.215297 -0.0139199   0.973803
   5.88057  -0.00249458 -0.000139195   0.00498583 -0.210292 -0.012333  0.972948
   5.88645  -0.00196195 -0.000139195   0.00764899   -0.20724 -0.0156289   0.974657
   5.89087  0.000701215 -0.000139195   0.00605109   -0.20724 -0.0225869   0.976854
   5.89634  0.00229911 -0.00120446  0.00338793  -0.210414 -0.0247841   0.980516
   5.90061 0.000168584 -0.00173709  0.00551846  -0.215297 -0.0220986   0.982592
   5.90645  -0.00355984 -0.000671827   0.00605109  -0.217006 -0.0183144   0.979784
   5.91066 -0.00249458 0.000393437  0.00179004  -0.216151 -0.0140419   0.974291
   5.91645 0.000168584 0.000393437  0.00179004  -0.212001 -0.0119668    0.97307
   5.92066  0.00283175 0.000393437   0.0012574   -0.20724 -0.0144082   0.973803
   5.92645 0.00176648 0.00092607 0.00179004  -0.206752 -0.0216103   0.974657
   5.93074 0.00123385 0.00092607 0.00179004 -0.209193 -0.026249  0.980394
   5.93645  0.00283175  0.00092607 0.000192136  -0.213588 -0.0241738   0.982958
   5.94078  0.00229911 0.000393437   0.0012574  -0.216884 -0.0200234   0.979906
   5.94636   0.00176648 -0.000139195   0.00232267  -0.217372 -0.0183144   0.978075
   5.95063   0.00229911  0.000393437 -0.000340495   -0.21432 -0.0152626   0.976488
   5.95645   0.00176648  0.000393437 -0.000340495  -0.209437 -0.0136757   0.975267
   5.96091   0.00176648 -0.000139195    0.0012574  -0.207118 -0.0190468   0.975634
   5.96623   0.00283175 -0.000139195  0.000192136   -0.20663 -0.0229531   0.975634
   5.97066  0.00176648 -0.00120446  0.00179004  -0.211024 -0.0218544   0.978197
   5.97645 0.000701215 -0.00226972  0.00338794  -0.215419 -0.0207558   0.980761
   5.98066 -0.000896681  -0.00173709   0.00232267  -0.214809 -0.0178261   0.977221
   5.98636 -0.00249458 -0.00120446   0.0012574  -0.214198 -0.0148964   0.973681
   5.99052  0.000701217 -0.000671827  0.000192139  -0.210902 -0.0145302   0.974901
   5.99645   0.00389701 -0.000139195 -0.000873126 -0.207606 -0.014164  0.976122
   6.00079  0.00229911 0.000393437 0.000192139 -0.208217 -0.019413  0.978808
   6.00639 0.000701215  0.00092607   0.0012574  -0.208827 -0.0246621   0.981493
   6.01064  0.000168584 -0.000139195   0.00179004  -0.214076 -0.0205117   0.979662
   6.01639 -0.000364047  -0.00120446   0.00232267  -0.219325 -0.0163613   0.977831
   6.02076   0.00176648 -0.000671827  0.000192139 -0.215785 -0.014164     0.976
   6.02645   0.00389701 -0.000139195  -0.00193839  -0.212245 -0.0119668   0.974169
   6.03072   0.00229911 -0.000139195  -0.00140576  -0.209071 -0.0162392   0.973925
   6.03645  0.000701215 -0.000139195 -0.000873126  -0.205897 -0.0205117   0.973681
   6.04091 -0.000896681 -0.000671827    0.0012574  -0.209926 -0.0217324   0.978808
   6.04645 -0.00249458 -0.00120446  0.00338794  -0.213954 -0.0229531   0.983934
    6.0506 -0.00142931 -0.00120446  0.00232267  -0.215419 -0.0206337   0.979052
   6.05645 -0.000364047  -0.00120446    0.0012574  -0.216884 -0.0183144   0.974169
   6.06063  0.000701217 -0.000671827    0.0012574  -0.212489 -0.0161171   0.973925
   6.06645   0.00176648 -0.000139195    0.0012574  -0.208095 -0.0139199   0.973681
   6.07081  0.000701217 -0.000139195    0.0012574  -0.209193 -0.0185585   0.977465
   6.07645 -0.000364047 -0.000139195    0.0012574  -0.210292 -0.0231972   0.981249
   6.08089 -0.000896679  0.000393437   0.00179004  -0.212001 -0.0230751   0.981737
   6.08631  0.000701217   0.00092607 -0.000340495  -0.215907 -0.0208779   0.980761
   6.09055   0.00176648  0.000393437 -0.000340495  -0.217494 -0.0170937   0.977709
   6.09645 0.000701215 0.000393437  0.00179004  -0.214686 -0.0139199   0.973681
     6.101  0.00123385 0.000393437  0.00179004  -0.211146 -0.0119668    0.97246
   6.10616   0.00176648 -0.000139195   0.00179004 -0.207606 -0.015873  0.974047
   6.11083   0.00123385 -0.000139195  0.000192139  -0.206142 -0.0225869   0.977221
   6.11631 0.000701215 -0.00120446   0.0012574  -0.209926 -0.0251503   0.981127
   6.12056 0.000168584 -0.00120446   0.0012574 -0.215663 -0.022831  0.981005
   6.12645 0.000701217 0.000393437 -0.00460155  -0.218593 -0.0178261   0.978441
   6.13093 -0.000364048  0.000393437  -0.00300366  -0.217372 -0.0146523   0.974657
    6.1362 -0.000896681 -0.000139195  0.000192139 -0.212611 -0.012455   0.97307
   6.14068   0.00176648 -0.000139195  -0.00140576 -0.208095 -0.014164  0.974291
   6.14645   0.00123385 -0.000139195  0.000192139  -0.207118 -0.0206337   0.975512
   6.15085 -0.000364047 -0.000139195    0.0012574  -0.209804 -0.0238076   0.980272
   6.15637  0.000168584 -0.000139195    0.0012574  -0.213588 -0.0223427    0.98308
   6.16057   0.00123385 -0.000139195   0.00179004  -0.216029 -0.0197793   0.978563
   6.16645  0.00229911 -0.00120446  0.00072477  -0.216395 -0.0161171   0.973925
   6.17085  0.000701217 -0.000671827  0.000192139    -0.2131 -0.0135537   0.973436
   6.17636 -0.000364048   0.00092607  -0.00140576 -0.208827 -0.015873  0.974291
   6.18064  0.000701215 -0.000139195  -0.00247102  -0.207606 -0.0207558      0.976
   6.18645 -0.000364048  -0.00120446   0.00072477  -0.210048 -0.0231972   0.979906
   6.19059 -0.000364048 -0.000139195 -0.000340495  -0.214076 -0.0216103   0.982225
   6.19633  0.00123385 0.000393437 -0.00193839   -0.21725 -0.0191689   0.979784
   6.20064   0.00123385 -0.000139195   0.00179004  -0.216518 -0.0161171   0.974291
   6.20645  0.00229911 0.000393437  0.00179004  -0.212611 -0.0128212   0.971483
   6.21072   0.00229911  0.000393437 -0.000873126  -0.208583 -0.0134316    0.97307
   6.21645   0.00176648 -0.000139195  -0.00247102  -0.205775 -0.0188027   0.975878
   6.22055   0.00123385 -0.000139195  -0.00140576  -0.207728 -0.0240517   0.979296
   6.22645 -0.000896679 -0.000139195   0.00072477  -0.213344 -0.0250283   0.981249
   6.23096 -0.000364048 -0.000671827   0.00072477  -0.217494 -0.0216103   0.980272
   6.23639  0.000168584 -0.000671827   0.00179004  -0.218104 -0.0173378   0.975756
   6.24046 -0.000896679  0.000393437    0.0028553  -0.214809 -0.0136757   0.972948
   6.24645 -0.000896679 -0.000139195   0.00179004  -0.210048 -0.0118447   0.973558
   6.25094  -0.00142931 -0.000671827 -0.000873126  -0.207118 -0.0167275   0.974291
   6.25631  -0.00142931 -0.000671827 -0.000873126  -0.207973 -0.0231972   0.977221
   6.26061 -0.000364047  -0.00120446   0.00232267  -0.212245 -0.0239296   0.981371
   6.26636 -0.000896679 -0.000139195   0.00338793  -0.215419 -0.0212441   0.981737
   6.27059 -0.00142931 0.000393437  0.00551846  -0.216395 -0.0177041   0.976976
   6.27645  0.000168584 -0.000671827   0.00658372  -0.214564 -0.0145302   0.973192
   6.28068 0.000701217 -0.00120446  0.00551846   -0.21017 -0.0134316   0.973314
   6.28645  0.000168584 -0.000671827    0.0044532 -0.207606 -0.017582  0.974779
   6.29087  0.000701215 -0.000671827   0.00232267  -0.208095 -0.0241738   0.977099
   6.29641  0.000168584 -0.000671827    0.0028553 -0.211269  -0.02454  0.981249
   6.30046  -0.00142931 -0.000139195   0.00605109  -0.215663 -0.0208779   0.981371
   6.30645 -0.000896681 -0.000139195   0.00711636   -0.21725 -0.0167275   0.977465
   6.31087  0.000168584 -0.000139195   0.00871425  -0.215663 -0.0125771    0.97246
   6.31629 -0.00196194 0.000393437  0.00871425  -0.211269 -0.0122109   0.971727
   6.34102 0.000701215 0.000393437  0.00498583  -0.206874 -0.0170937   0.974291
   6.34677   0.00229911 -0.000139195   0.00338793  -0.206508 -0.0233193    0.97661
   6.35095  -0.00196194 -0.000139195    0.0044532   -0.20956 -0.0250283   0.981249
   6.35677  -0.00142931 -0.000139195   0.00658373  -0.214442 -0.0212441   0.982103
     6.361   0.00123385 -0.000671827    0.0044532  -0.217616 -0.0180703   0.978075
   6.36665   0.00336438 -0.000671827    0.0028553  -0.216395 -0.0163613   0.973803
   6.37085   0.00176648 -0.000671827   0.00658373  -0.212489 -0.0129433   0.973436
   6.37677  -0.00142931 -0.000671827   0.00924689  -0.207728 -0.0140419   0.974413
   6.38113   0.00123385 -0.000139195   0.00764899  -0.206264 -0.0205117   0.975634
   6.38663   0.00229911 -0.000139195   0.00658373  -0.209804 -0.0239296   0.979906
   6.39087 -0.000364048 -0.000139195   0.00498583   -0.21371 -0.0225869   0.982225
   6.39671 -0.000896679 -0.000139195   0.00338794   -0.21725 -0.0190468    0.97893
   6.40086  0.000168584 -0.000671827   0.00392057  -0.216518 -0.0157509   0.974901
   6.40677   0.00176648 -0.000139195   0.00392057  -0.211757 -0.0129433   0.974413
     6.411  0.00176648 0.000393437   0.0044532  -0.208705 -0.0142861   0.974413
   6.41677   0.00176648 -0.000139195   0.00392056  -0.207362 -0.0213662   0.975756
   6.42102   0.00229911 -0.000139195   0.00338793  -0.209926 -0.0252724   0.980028
   6.42654   0.00229911 -0.000139195   0.00551846  -0.215175 -0.0231972   0.981737
   6.43097  0.00123385 0.000393437  0.00338793  -0.217494 -0.0188027    0.97954
   6.43677  0.000168584   0.00092607 -0.000340495   -0.21664 -0.0140419   0.975634
   6.44105 0.000701215  0.00092607  0.00072477  -0.213832 -0.0116005   0.972216
   6.44677  0.00123385 0.000393437  0.00072477  -0.208827 -0.0133095   0.972826
   6.45091   0.00176648 -0.000671827   0.00179004 -0.205287 -0.019291  0.975634
   6.45677   0.00229911 -0.000671827   0.00338793  -0.206996 -0.0241738   0.979296
   6.46104 -0.000364048  0.000393437   0.00338793  -0.212001 -0.0233193   0.982714
   6.46677 -0.00196194 0.000393437  0.00498583  -0.216395 -0.0205117   0.980516
   6.47098 0.000168584 0.000393437  0.00338793  -0.217494 -0.0177041   0.974901
   6.47677  0.00283174  0.00092607 -0.00140576  -0.214809 -0.0140419   0.973192
   6.48113  0.00442964  0.00092607 -0.00300365  -0.210536 -0.0136757   0.974901
   6.48677  0.00336438  0.00092607 -0.00193839  -0.207851 -0.0180703   0.975267
   6.49091  0.00123385 0.000393437 -0.00193839  -0.208583 -0.0230751   0.978197
   6.49669 -0.000364047 -0.000671827  0.000724774  -0.212978 -0.0241738   0.981371
   6.50087  0.00176648 -0.00120446   0.0028553  -0.216884 -0.0207558   0.980394
   6.50677  0.00389701 -0.00120446   0.0028553  -0.217372 -0.0177041   0.976244
   6.51092   0.00229911 -0.000671827   0.00338794  -0.214564 -0.0144082   0.972704
   6.51677 0.000701215 0.000393437  0.00232267  -0.210658 -0.0129433   0.973803
   6.52127 0.00176648 0.00092607 0.00072477  -0.207484 -0.0183144   0.974657
   6.52677   0.00389701   0.00092607 -0.000340495  -0.207484 -0.0240517   0.977709
   6.53091   0.00283174   0.00092607 -0.000873126  -0.212245 -0.0247841   0.981981
   6.53677   0.00176648  0.000393437 -0.000340495  -0.216762 -0.0220986   0.981005
   6.54118   0.00229911 -0.000139195  -0.00140576  -0.218471 -0.0164834   0.977465
   6.54677   0.00229911 -0.000139195  -0.00140576  -0.216029 -0.0126992   0.973803
   6.55117   0.00176648 -0.000139195   0.00338793  -0.211024 -0.0119668   0.972826
   6.55649   0.00123385 -0.000139195   0.00392057  -0.207118 -0.0152626    0.97307
   6.56093   0.00123385 -0.000139195    0.0028553  -0.206264 -0.0219765   0.975634
   6.56677   0.00123385 -0.000139195    0.0044532  -0.209926 -0.0244179   0.981127
   6.57107  0.000701217 -0.000671827   0.00392057  -0.214809 -0.0223427   0.981859
   6.57654  -0.00196194 -0.000139195    0.0028553  -0.216884 -0.0191689   0.977709
   6.58104 -0.00249458 0.000393437  0.00232267  -0.215663 -0.0151406   0.973681
   6.58663 -0.00142931 0.000393437  0.00179004 -0.212001 -0.012333  0.972948
   6.59101 -0.000364048 -0.000139195   0.00338793  -0.208095 -0.0146523   0.974413
   6.59677  0.00123385 -0.00120446  0.00551846  -0.207118 -0.0203896   0.976732
    6.6009  0.000701217 -0.000671827   0.00392056  -0.209682 -0.0233193   0.980394
   6.60677 0.000168584  0.00092607  0.00072477  -0.214564 -0.0217324   0.982103
   6.61083 -0.000896681   0.00199133   0.00179004  -0.217738 -0.0190468   0.978808
   6.61678 -0.00142931  0.00199133   0.0028553  -0.216273 -0.0163613   0.973925
   6.62102 0.000701217   0.0014587  0.00179004  -0.212123 -0.0134316   0.973314
   6.62677  0.00229911 0.000393437  0.00232267  -0.208705 -0.0152626   0.974779
   6.63091  0.00123385 0.000393437  0.00232267  -0.206752 -0.0224648   0.976244
   6.63671 -0.00142931  0.00092607   0.0044532  -0.208949 -0.0258828   0.980272
    6.6412 -0.00142931 0.000393437  0.00338793  -0.213954 -0.0244179   0.981615
   6.64677  0.000168584 -0.000671827 -0.000340495   -0.21725 -0.0201455   0.979296
   6.65102  -0.00196195 -0.000671827   0.00232267  -0.21725 -0.015873  0.974535
   6.65677  -0.00196195 -0.000139195    0.0012574  -0.212978 -0.0128212   0.972948
   6.66097   0.00176648  0.000393437 -0.000873126  -0.208095 -0.0125771   0.973925
   6.66677   0.00229911 -0.000139195   0.00179004  -0.205775 -0.0190468   0.973681
    6.6712  0.000168584 -0.000139195   0.00232267  -0.207484 -0.0241738   0.977953
   6.67669 -0.00249458  0.00092607   0.0028553  -0.212367 -0.0223427   0.982714
   6.68087 -0.00249458 0.000393437  0.00232267 -0.216029 -0.019291  0.980516
   6.68677 -0.000364048 -0.000139195  0.000192139  -0.217128 -0.0172158   0.974779
   6.69109   0.00123385 -0.000671827   0.00072477  -0.215297 -0.0142861   0.972216
   6.69677  0.000701217 -0.000671827   0.00232267  -0.210658 -0.0133095   0.972704
   6.70099 -0.000896679  0.000393437   0.00338793  -0.207728 -0.0184365   0.974779
   6.70665 -0.000364048 -0.000139195   0.00605109  -0.209071 -0.0234414   0.978685
   6.71095 -0.000364048  -0.00173709   0.00924689  -0.212855 -0.0223427   0.981615
   6.71677 0.000701217 -0.00173709  0.00658372  -0.216762 -0.0191689   0.979174
   6.72089  0.000168584 -0.000139195   0.00338793   -0.21725 -0.0164834   0.975634
   6.72678 -0.00249458 0.000393437  0.00392057  -0.214198 -0.0136757   0.972948
   6.73126  -0.00302721 -0.000139195   0.00338794  -0.210292 -0.0128212   0.973314
   6.73647 -0.00142931 -0.00120446   0.0044532 -0.206752 -0.017582  0.975756
   6.74089 0.000701215 -0.00173709  0.00658372  -0.206996 -0.0236855   0.978808
   6.74678 0.000168584 -0.00120446  0.00764899  -0.211391 -0.0257607   0.982225
   6.75115 -0.000896679 -0.000671827   0.00711636  -0.217006 -0.0227089   0.981249
   6.75672 -0.000364048  -0.00120446   0.00392057  -0.218837 -0.0188027   0.976854
     6.761 -0.000364048  -0.00120446   0.00605109  -0.215541 -0.0153847   0.973436
   6.76669  -0.00249458 -0.000139195   0.00764899  -0.21078 -0.012333  0.973925
   6.77095  -0.00249458 -0.000139195    0.0028553  -0.207362 -0.0153847   0.974657
   6.77677  0.000168584 -0.000139195    0.0028553  -0.207484 -0.0212441      0.976
   6.78106  0.00123385 -0.00120446  0.00551846  -0.210536 -0.0231972   0.981005
   6.78677 -0.000896681  -0.00173709   0.00498583  -0.214686 -0.0216103   0.981859
   6.79095 -0.00196194 -0.00120446  0.00498583  -0.217006 -0.0180703   0.977587
   6.79677 -0.000364048  -0.00120446   0.00605109  -0.215785 -0.0146523   0.973681
   6.80106   0.00176648 -0.000671827   0.00498583  -0.211391 -0.0126992   0.972948
   6.80677   0.00229911 -0.000139195    0.0028553  -0.207118 -0.0161171   0.974169
   6.81109  0.00176648 0.000393437  0.00232267   -0.20724 -0.0218544      0.976
   6.81677 0.000701217  0.00092607  0.00392057  -0.210292 -0.0234414   0.980516
   6.82106 -0.000364047   0.00092607   0.00605109  -0.214442 -0.0217324   0.981737
   6.82658 -0.000364047  0.000393437    0.0044532  -0.216884 -0.0181923   0.977953
   6.83094 0.000168584 -0.00120446   0.0044532 -0.215907 -0.014164  0.973925
   6.83677  0.000168584 -0.000671827   0.00658372  -0.212245 -0.0122109   0.972704
   6.84102 -0.000364047  0.000393437   0.00498583  -0.208095 -0.0153847   0.974413
   6.84677   0.00123385 -0.000671827    0.0028553  -0.206386 -0.0216103   0.977221
   6.85151  0.00336438 -0.00120446  0.00072477  -0.209315 -0.0258828   0.980883
   6.85657   0.00229911 -0.000671827  -0.00140576 -0.215175  -0.02454  0.981737
   6.86091  0.000168584 -0.000671827    0.0012574  -0.218104 -0.0202675    0.97893
   6.86677  0.000168584 -0.000139195    0.0028553   -0.21725 -0.0166054   0.974779
    6.8709  0.00229911 0.000393437 0.000192136  -0.213344 -0.0135537   0.972948
   6.87677   0.00229911 -0.000671827    0.0012574  -0.208217 -0.0140419   0.974657
   6.88111   0.00123385 -0.000671827   0.00072477 -0.206264 -0.019413  0.975145
   6.88677   0.00229911 -0.000139195  -0.00193839  -0.208827 -0.0234414   0.977831
   6.89119   0.00283175 -0.000139195  -0.00140576  -0.212978 -0.0223427   0.982103
   6.89677   0.00229911 -0.000671827 -0.000873126  -0.215785 -0.0195351   0.980761
   6.90113   0.00229911  -0.00120446 -0.000340492  -0.216395 -0.0164834   0.975634
   6.90677  0.00176648 0.000393437 0.000192139  -0.213588 -0.0128212   0.973314
   6.91101   0.00123385    0.0014587 -0.000340495  -0.209193 -0.0136757   0.973925
   6.91677 0.00176648 0.00092607 0.00072477   -0.20663 -0.0206337   0.974657
   6.92105  0.00176648 0.000393437  0.00179004  -0.208461 -0.0244179   0.978808
   6.92673   0.00176648 -0.000139195   0.00232267  -0.211024 -0.0239296    0.98247
    6.9309 -0.000364048 -0.000139195   0.00232267 -0.214809 -0.021122  0.980394
   6.93677  -0.00142931 -0.000139195 -0.000873126  -0.217494 -0.0161171      0.976
   6.94129 0.000701217 0.000393437 -0.00300365  -0.214198 -0.0130654   0.971972
   6.94667  0.00176648  0.00092607 -0.00193839  -0.212001 -0.0122109   0.970263
   6.95078   0.00176648 -0.000139195 -0.000873126 -0.208095 -0.017582  0.973681
   6.95677  0.00176648 -0.00120446 0.000192136  -0.204188 -0.0229531   0.977099
   6.96114   0.00123385 -0.000139195   0.00179004  -0.209071 -0.0231972    0.98015
   6.96677 0.000701215  0.00092607  0.00338794  -0.213954 -0.0234414   0.983202
   6.97106 0.000701215 0.000393437  0.00232267  -0.215419 -0.0207558   0.978441
   6.97677  0.000701215 -0.000139195    0.0012574  -0.216884 -0.0180703   0.973681
   6.98101 -0.000364048 -0.000139195   0.00232267  -0.212855 -0.0161171   0.974535
   6.98677  -0.00142931 -0.000139195   0.00338794 -0.208827 -0.014164   0.97539
   6.99089 -0.000364048 -0.000671827   0.00392057 -0.208705 -0.019413  0.976854
   6.99677 0.000701215 -0.00120446   0.0044532  -0.208583 -0.0246621   0.978319
   7.00128 -0.000364048 -0.000671827   0.00658372  -0.212489 -0.0217324   0.978685
    7.0067  -0.00142931 -0.000139195   0.00871425  -0.216395 -0.0188027   0.979052
   7.01111   0.00123385 -0.000139195   0.00445319  -0.214442 -0.0156289   0.975878
   7.01677   0.00389701 -0.000139195  0.000192136 -0.212489 -0.012455  0.972704
   7.02111  0.000701217 -0.000139195   0.00179004  -0.208949 -0.0163613   0.973314
   7.02666  -0.00249458 -0.000139195   0.00338794  -0.205409 -0.0202675   0.973925
   7.03086  -0.00249458 -0.000139195   0.00551846  -0.209437 -0.0220986   0.979174
   7.03678  -0.00249458 -0.000139195   0.00764899  -0.213466 -0.0239296   0.984423
   7.04096  -0.00249458 -0.000671827   0.00605109  -0.215785 -0.0186806   0.981005
   7.04678 -0.00249458 -0.00120446   0.0044532  -0.218104 -0.0134316   0.977587
     7.051 -0.000896681  -0.00120446   0.00179004  -0.213832 -0.0125771   0.975145
   7.05677  0.000701215  -0.00120446 -0.000873126   -0.20956 -0.0117226   0.972704
   7.06132 -0.000896681 -0.000671827   0.00072477  -0.207728 -0.0150185   0.972826
   7.06664 -0.000896681   0.00092607   0.00232267  -0.206386 -0.0213662   0.975145
   7.07094 -0.000364048   0.00092607    0.0012574   -0.20956 -0.0247841   0.981249
   7.07677 -0.00142931 0.000393437  0.00179004  -0.214809 -0.0235634    0.98308
   7.08093 -0.00142931 0.000393437  0.00392057  -0.217372 -0.0205117   0.979052
   7.08677 -0.000896679 -0.000139195   0.00232267   -0.21664 -0.0169716   0.974901
   7.09093   0.00176648 -0.000671827   0.00072477  -0.213466 -0.0139199   0.972948
   7.09677   0.00229911 -0.000139195    0.0012574  -0.208827 -0.0148964   0.974169
   7.10132  0.000701215   0.00092607 -0.000340492  -0.206752 -0.0203896   0.975878
   7.10672 -0.000364048  0.000393437  0.000192139  -0.209071 -0.0236855   0.979418
   7.11087 0.000168584 -0.00120446  0.00338793  -0.213832 -0.0218544   0.981859
   7.11677 0.000701217 -0.00120446  0.00551846  -0.216518 -0.0190468   0.979418
   7.12122  0.000168584 -0.000139195   0.00711636  -0.215541 -0.0164834   0.975145
   7.12681 0.000701215 0.000393437  0.00658372  -0.212489 -0.0134316   0.972948
   7.13086  0.00123385 0.000393437   0.0044532  -0.208583 -0.0135537   0.973558
   7.13677   0.00176648 -0.000139195   0.00232267   -0.20602 -0.0191689   0.975023
   7.14091  0.00176648 0.000393437  0.00179004  -0.208095 -0.0239296   0.979296
   7.14677 -0.000364048  0.000393437    0.0028553  -0.213222 -0.0241738   0.982592
   7.15127  -0.00196194 -0.000671827    0.0044532  -0.217738 -0.0195351   0.979906
   7.15642 -0.000364048  -0.00226972   0.00392056   -0.21786 -0.0147744   0.976366
   7.16095 0.000168584 -0.00173709   0.0044532 -0.214198 -0.012455  0.973558
   7.16677  0.000701217 -0.000139195    0.0044532 -0.209682 -0.012455  0.973192
   7.17111 0.000701217 0.000393437   0.0044532  -0.206508 -0.0183144   0.974413
   7.17677 -0.000364047  0.000393437    0.0044532  -0.207851 -0.0239296   0.977709
   7.18104 -0.000364047  0.000393437    0.0028553  -0.211513 -0.0244179   0.982958
   7.18677 -0.000896679   0.00092607    0.0028553  -0.214809 -0.0218544   0.982225
   7.19109 -0.00142931 0.000393437  0.00498583  -0.216762 -0.0184365   0.976366
   7.19662 -0.000364048  0.000393437   0.00605109  -0.214931 -0.0153847   0.973803
   7.20085  0.00176648 0.000393437  0.00392057  -0.210536 -0.0134316   0.975145
   7.20677  0.00229911 -0.00120446  0.00392057  -0.207362 -0.0166054   0.974657
   7.21113   0.00283175 -0.000671827   0.00338793  -0.207606 -0.0224648   0.977221
   7.21662  0.00283175 0.000393437 0.000192139  -0.211635 -0.0235634   0.982103
   7.22092  0.000701217 -0.000139195 -0.000340492  -0.216029 -0.0207558   0.980639
   7.22677  0.000701217  0.000393437 -0.000873126  -0.217738 -0.0172158      0.976
   7.23108   0.00229911 -0.000139195  -0.00140576  -0.215419 -0.0139199   0.973681
   7.23677   0.00336438 -0.000671827  0.000192136  -0.210902 -0.0129433   0.973192
   7.24107  0.00229911 0.000393437   0.0012574  -0.206996 -0.0161171   0.974047
   7.24677 0.00176648 0.00092607  0.0012574  -0.206142 -0.0216103   0.977587
   7.25099  0.00123385 0.000393437  0.00072477 -0.209926  -0.02454  0.980883
   7.25677 0.000701217 -0.00120446   0.0012574  -0.215297 -0.0223427   0.980883
   7.26097  0.00229911 -0.00120446 0.000192139 -0.217738 -0.017582  0.978197
   7.26677  0.00283175 0.000393437 -0.00406892  -0.215907 -0.0140419   0.974535
   7.27126  0.00123385 0.000393437 -0.00247102  -0.211757 -0.0117226   0.973558
   7.27673  0.000701217 -0.000139195  0.000192139  -0.207851 -0.0144082   0.973192
   7.28085   0.00229911 -0.000139195  -0.00193839  -0.206386 -0.0216103   0.975023
   7.28677   0.00229911 -0.000139195 -0.000873126  -0.209926 -0.0242959   0.979906
   7.29099   0.00176648 -0.000671827  -0.00140576   -0.21432 -0.0227089   0.981859
   7.29677  0.000701217 -0.000139195  -0.00300366   -0.21664 -0.0197793   0.978685
   7.30098  0.000168584  0.000393437 -0.000873126  -0.217006 -0.0162392   0.974047
   7.30662   0.00123385 -0.000139195  -0.00140576  -0.213344 -0.0137978   0.973681
   7.31099 -0.000896681  0.000393437 -0.000340492  -0.208827 -0.0151406   0.974413
   7.31659 -0.000364048  0.000393437  0.000192139 -0.207606 -0.021122  0.976366
   7.32086   0.00336438 -0.000671827  -0.00300366  -0.209804 -0.0241738   0.980516
   7.32677   0.00283175 -0.000671827  -0.00140576  -0.214076 -0.0223427   0.981615
   7.33129   0.00123385 -0.000139195  0.000192136  -0.217006 -0.0195351   0.979174
   7.33677   0.00123385 -0.000139195 -0.000873126  -0.213954 -0.0216103    0.97954
   7.34126 -0.000364048 -0.000139195  -0.00140576  -0.213222 -0.0239296   0.981859
   7.34625  -0.00249458 -0.000139195  0.000192139  -0.217738 -0.0201455   0.980516
   7.35083  -0.00142931 -0.000671827    0.0044532  -0.218471 -0.0162392   0.975145
   7.35659 -0.000364047  -0.00120446   0.00711636  -0.214686 -0.0129433   0.972948
   7.36093 -0.000364047  -0.00120446   0.00605109  -0.210048 -0.0125771   0.974535
   7.36649  -0.00196194 -0.000671827   0.00658372  -0.207118 -0.0179482   0.974047
   7.37069  -0.00249458 -0.000671827   0.00818162  -0.207606 -0.0234414   0.977343
   7.37658 0.000168584 -0.00173709  0.00711636  -0.211391 -0.0233193   0.982348
   7.38069 -0.000364048  -0.00280236   0.00711636  -0.215053 -0.0201455   0.981493
   7.38658 -0.00196194 -0.00226972  0.00764899  -0.216884 -0.0174599   0.976854
   7.39075 -0.00142931 -0.00120446  0.00658373  -0.215663 -0.0148964    0.97307
   7.39658  0.000168584 -0.000671827   0.00498583  -0.210902 -0.0144082   0.972948
    7.4008   0.00176648 -0.000139195   0.00338794 -0.207606 -0.019413  0.974657
   7.40645  0.000701217 -0.000139195    0.0044532  -0.208705 -0.0244179   0.977709
    7.4107 -0.000364047  -0.00120446    0.0044532  -0.212733 -0.0241738   0.982225
   7.41659  0.00176648 -0.00173709   0.0012574  -0.216884 -0.0208779   0.980761
   7.42095   0.00123385 -0.000671827    0.0044532  -0.217372 -0.0169716   0.976976
   7.42659  0.000168584 -0.000139195   0.00658373  -0.214931 -0.0137978   0.973436
   7.43099  0.00176648 0.000393437   0.0012574  -0.210658 -0.0129433   0.972338
   7.43658  0.00176648 0.000393437 -0.00140576  -0.206508 -0.0166054   0.975267
   7.44123   0.00176648 -0.000139195  -0.00193839  -0.206508 -0.0229531   0.978197
   7.44641  0.00229911 -0.00120446 -0.00140576  -0.210658 -0.0252724   0.981737
   7.45066  0.00176648 -0.00173709  0.00179004  -0.215663 -0.0220986   0.981737
   7.45658 -0.000896681  0.000393437    0.0028553  -0.218593 -0.0183144   0.977953
   7.46109 -0.00196194  0.00092607   0.0044532  -0.217128 -0.0148964   0.974169
   7.46658 -0.000896679 -0.000671827   0.00498583  -0.212001 -0.0117226   0.973436
   7.47079  0.000168584  -0.00120446 -0.000340495  -0.207484 -0.0136757   0.974413
   7.47654  0.00176648 -0.00120446 -0.00193839  -0.206874 -0.0206337      0.976
   7.48072   0.00229911  -0.00120446 -0.000873126  -0.209804 -0.0239296   0.980272
   7.48658  0.00123385 -0.00120446 -0.00140576  -0.214076 -0.0216103   0.981981
   7.49085 -0.000364048 -0.000671827  0.000724774  -0.217128 -0.0185585   0.978685
   7.49659  -0.00142931 -0.000139195   0.00392057  -0.216395 -0.0155068   0.974901
   7.50092  -0.00142931 -0.000139195    0.0028553  -0.212733 -0.0125771   0.973436
   7.50658  0.000168584 -0.000139195   0.00232267  -0.208827 -0.0151406   0.973436
   7.51086   0.00123385 -0.000139195   0.00232267  -0.207606 -0.0220986   0.976122
   7.51658 0.000701215 0.000393437  0.00232267  -0.210292 -0.0246621   0.980883
   7.52106 0.000701215 0.000393437  0.00392057  -0.214931 -0.0227089   0.981615
   7.52658 -0.00249458 0.000393437  0.00711636  -0.217494 -0.0188027   0.979296
   7.53081 -0.00462511  0.00092607  0.00764899  -0.216151 -0.0145302   0.974901
   7.53658 -0.00142931 0.000393437  0.00605109  -0.212733 -0.0119668   0.971361
    7.5407  0.000701215 -0.000139195   0.00498583  -0.208583 -0.0139199   0.972826
   7.54658  0.00229911 0.000393437 0.000724774  -0.205653 -0.0207558      0.976
   7.55094   0.00123385  0.000393437 -0.000340492  -0.208217 -0.0247841   0.980028
   7.55642 -0.000364048 -0.000671827   0.00392057  -0.213832 -0.0231972   0.982836
   7.56072 -0.000364048 -0.000139195    0.0044532  -0.217494 -0.0195351   0.980394
   7.56658 -0.00142931 0.000393437   0.0044532  -0.217982 -0.0163613   0.974657
    7.5709 -0.000364048 -0.000139195   0.00551846   -0.21432 -0.0137978   0.972582
   7.57645   0.00123385 -0.000139195   0.00179004   -0.20956 -0.0133095   0.974901
   7.58072   0.00123385  0.000393437 -0.000873126  -0.207362 -0.0177041   0.975023
   7.58658  0.000701215  0.000393437 -0.000340495 -0.208339 -0.022831  0.977099
   7.59096 -0.000364048 -0.000671827  0.000192136 -0.212489 -0.022831  0.981005
   7.59647 -0.000364048  -0.00173709   0.00179004  -0.215907 -0.0202675   0.979784
   7.60072  0.00176648 -0.00173709  0.00232267 -0.215907 -0.017582  0.975634
   7.60658   0.00176648 -0.000671827   0.00338793  -0.213466 -0.0140419   0.973558
   7.61092  0.000168584 -0.000671827   0.00392056  -0.209804 -0.0137978   0.973681
   7.61633  -0.00142931 -0.000671827    0.0028553  -0.207362 -0.0186806   0.974657
   7.62072  -0.00142931 -0.000671827   0.00232267  -0.208095 -0.0242959   0.978319
   7.62658 -0.000896679  -0.00120446   0.00338793  -0.212489 -0.0255166   0.981981
   7.63097 -0.000896679 -0.000671827   0.00392056  -0.217006 -0.0220986   0.981371
   7.63658  0.000168584 -0.000139195   0.00338793  -0.217982 -0.0170937   0.977709
   7.64076  0.000168584 -0.000139195    0.0028553  -0.214809 -0.0131875   0.973436
   7.64645 0.000168584 0.000393437  0.00232267  -0.210536 -0.0125771   0.973314
   7.65084  0.000168584 -0.000139195   0.00551846  -0.206752 -0.0170937   0.974291
   7.65658   0.00123385 -0.000671827   0.00818162  -0.206752 -0.0227089    0.97661
   7.66076   0.00283175 -0.000139195   0.00605109  -0.211391 -0.0239296   0.981737
   7.66658   0.00229911 -0.000671827   0.00498583  -0.215419 -0.0220986   0.981371
   7.67108  0.000168584 -0.000139195   0.00498583  -0.217128 -0.0184365   0.977465
   7.67658 -0.000364048   0.00092607   0.00392057  -0.215663 -0.0150185   0.973925
   7.68086 0.000701215 0.000393437  0.00232267  -0.211635 -0.0128212   0.972826
   7.68659 0.000701215 -0.00120446   0.0012574  -0.208217 -0.0146523   0.974535
   7.69078 0.000701215 -0.00120446   0.0028553  -0.207484 -0.0214882   0.976244
   7.69658  0.00123385 -0.00120446   0.0028553  -0.210536 -0.0242959   0.979906
   7.70093  0.00123385 -0.00226972  0.00392056  -0.214931 -0.0212441   0.981981
   7.70658 -0.000364048  -0.00120446   0.00924689  -0.217006 -0.0180703   0.978441
   7.71105  0.000168584 -0.000671827   0.00764899  -0.215907 -0.0148964   0.973803
   7.71658   0.00176648 -0.000139195   0.00338793  -0.211513 -0.0126992   0.973436
   7.72064 -0.000896681   0.00092607    0.0044532  -0.207606 -0.0157509   0.975267
   7.72658 -0.00196194 0.000393437   0.0044532  -0.206752 -0.0224648   0.976366
   7.73124 -0.000896679  0.000393437   0.00392057  -0.209315 -0.0258828   0.980639
   7.73627 -0.000364048  0.000393437   0.00338794  -0.214809 -0.0241738   0.982225
   7.74094  0.000168584 -0.000139195   0.00392057   -0.21786 -0.0196572   0.979418
   7.74651 0.000168584 0.000393437  0.00658372  -0.217006 -0.0151406   0.974657
   7.75066   0.00229911 -0.000139195   0.00605109    -0.2131 -0.0119668   0.972826
   7.75658   0.00336438 -0.000671827   0.00232267  -0.208461 -0.0134316   0.973681
   7.76093  0.00176648 0.000393437   0.0028553  -0.206752 -0.0200234   0.974169
   7.76637  0.00229911 0.000393437   0.0028553  -0.208705 -0.0247841   0.979418
   7.77079   0.00176648 -0.000139195  0.000192139  -0.213344 -0.0238076   0.982225
   7.77658  0.00123385 0.000393437  0.00179004   -0.21664 -0.0205117   0.979662
   7.78098  0.00229911 0.000393437  0.00232267  -0.216273 -0.0174599    0.97539
   7.78645  0.000168584 -0.000671827   0.00072477 -0.213832 -0.014164  0.972704
   7.79067  0.000168584 -0.000671827   0.00232267  -0.209804 -0.0137978   0.974169
   7.79658  0.00123385 0.000393437  0.00179004 -0.207118 -0.019413  0.975634
   7.80084   0.00123385 -0.000139195    0.0012574  -0.209193 -0.0233193    0.97954
   7.80652   0.00123385 -0.000671827   0.00072477  -0.213344 -0.0222207   0.982592
   7.81069  0.00176648 0.000393437 -0.00353629 -0.217006 -0.019413  0.979052
   7.81658  0.00123385  0.00092607 -0.00247102  -0.217006 -0.0159951   0.975023
   7.82104  0.000168584 -0.000139195    0.0012574  -0.213222 -0.0136757    0.97307
   7.82658   0.00176648 -0.000671827 -0.000340492  -0.209437 -0.0133095   0.973558
   7.83124   0.00283175 -0.000139195 -0.000873126  -0.206874 -0.0178261   0.975512
   7.83659  0.00123385 0.000393437 -0.00140576  -0.207851 -0.0241738   0.978808
   7.84077 0.000168584 0.000393437 -0.00406892  -0.212855 -0.0251503   0.981493
   7.84658  0.000701215 -0.000139195  -0.00513418  -0.215907 -0.0234414   0.981737
   7.85065   0.00123385 -0.000671827  -0.00300365  -0.216518 -0.0195351   0.978075
   7.85658   0.00123385 -0.000671827  0.000192139  -0.215297 -0.0137978   0.973803
   7.86103   0.00176648 -0.000139195 -0.000873126   -0.21078 -0.0126992   0.974169
   7.86665   0.00283175 -0.000139195  -0.00300366  -0.208095 -0.0134316   0.975145
   7.87066   0.00229911 -0.000139195  0.000192139 -0.207973 -0.019413  0.977343
   7.87658   0.00123385 -0.000671827    0.0028553  -0.210536 -0.0244179   0.981737
   7.88113 -0.000896681 -0.000139195 -0.000873126  -0.214686 -0.0213662   0.982225
   7.88653 -0.00249458  0.00092607 -0.00406892 -0.216151 -0.019291  0.980516
   7.89078 -0.000896681 -0.000139195  -0.00300365  -0.215419 -0.0162392    0.97661
   7.89648 0.000701215 -0.00120446 -0.00193839  -0.214686 -0.0131875   0.972704
   7.90067  0.000168584 -0.000671827  0.000192139  -0.210292 -0.0167275   0.972826
   7.90659 -0.000364047 -0.000139195   0.00232267  -0.205897 -0.0202675   0.972948
   7.91066  -0.00142931 -0.000671827   0.00232267  -0.209804 -0.0207558   0.978563
   7.91658 -0.00249458 -0.00120446  0.00232267   -0.21371 -0.0212441   0.984179
   7.92102  -0.00142931 -0.000671827   0.00179004  -0.215907 -0.0185585   0.980394
   7.92658 -0.000364047 -0.000139195    0.0012574 -0.218104 -0.015873   0.97661
   7.93076 -0.000364047 -0.000139195   0.00392057  -0.213954 -0.0137978   0.974779
   7.93658 -0.000364047 -0.000139195   0.00658373  -0.209804 -0.0117226   0.972948
   7.94104  0.000168584 -0.000671827   0.00711636  -0.208217 -0.0183144   0.975878
   7.94635 0.000701215 -0.00120446  0.00764899   -0.20663 -0.0249062   0.978808
   7.95086 0.000168584 -0.00173709  0.00498583  -0.212123 -0.0238076   0.980272
   7.95654 -0.000364047  -0.00226972   0.00232267  -0.217616 -0.0227089   0.981737
   7.96068 -0.000364047  -0.00173709   0.00498583  -0.216151 -0.0188027   0.976732
   7.96658 -0.000364047  -0.00120446   0.00764899  -0.214686 -0.0148964   0.971727
     7.971  -0.00142931 -0.000671827   0.00551846  -0.212245 -0.0136757   0.973681
   7.97631 -0.00142931 0.000393437  0.00498583 -0.208461 -0.014164  0.975145
    7.9807  0.000701217 -0.000139195   0.00498583  -0.208583 -0.0203896   0.978808
   7.98658  0.00176648 -0.00120446  0.00338794  -0.210048 -0.0249062   0.982958
   7.99077 -0.000364048 -0.000671827   0.00392057  -0.213588 -0.0216103   0.980028
   7.99658  -0.00249458 -0.000139195    0.0044532  -0.217128 -0.0183144   0.977099
   8.00075 -0.000364048 -0.000671827   0.00338793  -0.216395 -0.0166054   0.975267
   8.00658  0.00176648 -0.00120446  0.00232267  -0.213832 -0.0130654   0.973192
    8.0107   0.00176648 -0.000671827   0.00179004  -0.209682 -0.0139199    0.97307
   8.01646   0.00229911 -0.000671827   0.00179004  -0.207484 -0.0200234   0.975267
   8.02071   0.00123385 -0.000671827   0.00232267  -0.209315 -0.0240517   0.979662
   8.02658  -0.00142931 -0.000139195    0.0028553  -0.213344 -0.0227089   0.981859
   8.03108  -0.00302721 -0.000139195   0.00551846 -0.216395 -0.019291  0.980761
   8.03626  -0.00196194 -0.000139195   0.00605109 -0.216884 -0.015873  0.975634
   8.04091  0.000168584 -0.000671827   0.00338793  -0.213832 -0.0126992   0.971361
   8.04658  0.000168584 -0.000671827   0.00232267  -0.209071 -0.0129433   0.972704
   8.05081  0.000168584 -0.000139195    0.0012574   -0.20602 -0.0189248   0.975756
   8.05659  0.000701215 -0.000139195 -0.000340495   -0.20663 -0.0242959   0.980028
   8.06077 -0.000364048 -0.000671827    0.0012574  -0.211635 -0.0246621   0.981859
   8.06659 -0.000896679 -0.000671827   0.00232267   -0.21664 -0.0214882   0.981005
   8.07097  0.000168584 -0.000671827    0.0028553  -0.218349 -0.0179482   0.976854
   8.07658   0.00123385 -0.000671827   0.00338793  -0.215907 -0.0148964   0.972948
   8.08079   0.00176648 -0.000139195   0.00179004  -0.21078 -0.012455  0.974535
   8.08658   0.00176648 -0.000671827    0.0012574 -0.208095 -0.015873  0.974535
   8.09095   0.00123385 -0.000671827    0.0028553  -0.208583 -0.0229531   0.975878
   8.09649   0.00229911 -0.000139195    0.0028553  -0.211513 -0.0240517   0.981615
   8.10073   0.00336438 -0.000139195 -0.000340492  -0.215175 -0.0203896   0.982103
   8.10649   0.00176648 -0.000139195  -0.00247102  -0.216884 -0.0173378   0.976854
   8.11072   0.00123385 -0.000671827  -0.00193839  -0.215175 -0.0137978   0.974047
   8.11658  0.000701217 -0.000671827   0.00498583  -0.210536 -0.0131875   0.974047
   8.12076 0.000701217  0.00092607  0.00711636  -0.207362 -0.0177041   0.974413
   8.12658  0.00176648 0.000393437   0.0028553  -0.207362 -0.0231972   0.977099
     8.131  0.00176648 -0.00120446  0.00179004  -0.210536 -0.0239296   0.981859
   8.13658  0.00123385 -0.00173709  0.00179004  -0.215419 -0.0206337   0.981371
    8.1407  -0.00196195 -0.000671827    0.0028553   -0.21786 -0.0168496   0.977709
   8.14658 -0.00409248  0.00092607  0.00232267  -0.216151 -0.0129433   0.973558
   8.15102  0.000168584 -0.000671827   0.00072477  -0.212245 -0.0114785    0.97246
   8.15643  0.00283175 -0.00120446   0.0012574  -0.207728 -0.0153847   0.973436
   8.16076 0.000701217 0.000393437  0.00392056  -0.205531 -0.0223427      0.976
   8.16658 -0.00142931 0.000393437  0.00551846  -0.209315 -0.0249062   0.981615
   8.17084  -0.00196194 -0.000671827   0.00764899  -0.214809 -0.0222207   0.981859
   8.17659  -0.00142931 -0.000139195   0.00605109   -0.21725 -0.0196572   0.978685
   8.18103 -0.000364048  0.000393437    0.0012574   -0.21664 -0.0168496   0.974169
   8.18639   0.00123385 -0.000671827   0.00232267  -0.212978 -0.0135537   0.972826
   8.19074  0.000168584 -0.000671827   0.00392057  -0.208339 -0.0144082   0.974535
   8.19658 -0.00249458 0.000393437   0.0028553  -0.206996 -0.0200234   0.975145
   8.20092 -0.000896681  0.000393437    0.0028553  -0.209926 -0.0239296   0.979418
   8.20658   0.00176648 -0.000139195   0.00338794 -0.213954 -0.022831   0.98247
    8.2109  0.000701217 -0.000139195   0.00392057  -0.217128 -0.0195351   0.979296
   8.21651  0.000168584 -0.000139195    0.0028553   -0.21664 -0.0166054   0.975267
   8.22066  0.000701215 -0.000139195   0.00232267 -0.212367 -0.014164  0.973436
   8.22658  0.00176648 0.000393437  0.00179004  -0.208949 -0.0151406   0.973192
   8.23093 0.00229911 0.00092607 0.00072477  -0.207362 -0.0205117   0.975634
   8.23658   0.00283175 -0.000671827    0.0012574  -0.208949 -0.0242959   0.979784
   8.24075  0.00336438 -0.00226972   0.0028553  -0.214076 -0.0234414   0.981005
   8.24641   0.00176648 -0.000671827    0.0044532  -0.217616 -0.0196572   0.980516
   8.25096   0.00123385 -0.000139195   0.00392057  -0.217372 -0.0148964   0.976488
   8.25658 0.000168584 0.000393437   0.0028553  -0.213954 -0.0116005   0.971117
   8.26076 -0.00142931   0.0014587   0.0012574  -0.208705 -0.0128212    0.97246
   8.26658 0.000168584 0.000393437  0.00072477  -0.205897 -0.0181923   0.975145
   8.27068   0.00336438 -0.000671827   0.00072477  -0.207728 -0.0234414   0.977465
   8.27658  0.00176648 -0.00120446 0.000192136  -0.212001 -0.0236855   0.982103
   8.28096  0.000168584 -0.000671827 -0.000340495 -0.215785 -0.021122  0.981859
   8.28654   0.00123385 -0.000139195 -0.000873126  -0.217128 -0.0184365   0.975756
   8.29078 -0.000896681  0.000393437  -0.00193839  -0.215297 -0.0148964   0.972704
   8.29658 -0.00196194 0.000393437 -0.00140576  -0.211146 -0.0129433   0.974657
    8.3009  -0.00142931 -0.000671827    0.0012574  -0.207728 -0.0169716   0.974535
   8.30658 -0.000896679 -0.000139195    0.0028553  -0.208217 -0.0236855   0.976732
   8.31073 -0.000364047  0.000393437    0.0028553  -0.212123 -0.0247841   0.981859
   8.31658 -0.000364047 -0.000671827   0.00392056 -0.215907    -0.021   0.98015
   8.32106  0.000168584 -0.000139195   0.00498583  -0.216884 -0.0174599   0.975634
   8.32679  0.000701215 -0.000139195   0.00498583  -0.214198 -0.0144082   0.973681
   8.33101 0.000168584 -0.00120446  0.00551846  -0.210292 -0.0126992   0.973436
   8.33679  0.000168584 -0.000671827   0.00498583  -0.206996 -0.0173378   0.974169
   8.34126   0.00123385 -0.000671827   0.00498583  -0.207118 -0.0233193   0.977465
   8.34679  0.00229911 -0.00173709  0.00551846 -0.211391  -0.02454  0.981737
   8.35086  0.00176648 -0.00120446  0.00498583  -0.216273 -0.0218544   0.981737
   8.35679 0.000168584 0.000393437  0.00605109  -0.217982 -0.0166054   0.977709
   8.36116 -0.000364047  0.000393437   0.00605109  -0.215419 -0.0129433   0.974291
   8.36674  0.000168584 -0.000139195   0.00658372  -0.211513 -0.0111123   0.973803
   8.37094   0.00123385 -0.000139195   0.00658372  -0.207851 -0.0135537   0.972948
   8.37679   0.00176648 -0.000139195    0.0044532  -0.206874 -0.0206337   0.975512
   8.38104  0.000168584 -0.000671827   0.00338793  -0.210292 -0.0241738   0.980516
   8.38679 -0.00142931 -0.00120446  0.00605109  -0.214442 -0.0219765   0.981005
   8.39114  -0.00249458 -0.000671827   0.00764899  -0.216273 -0.0186806   0.977831
   8.39679 -0.00196194 -0.00120446  0.00711636  -0.216029 -0.0155068   0.974535
   8.40097 -0.000896679  -0.00173709   0.00551846  -0.212489 -0.0129433   0.973436
   8.40679  0.000701217 -0.000139195    0.0028553  -0.207851 -0.0151406   0.973925
   8.41122   0.00389701 -0.000139195   0.00338794  -0.206264 -0.0212441   0.976732
   8.41679   0.00229911 -0.000671827    0.0044532  -0.209682 -0.0239296   0.980272
   8.42115 -0.000896679  0.000393437    0.0044532  -0.215175 -0.0217324   0.981371
   8.42679 -0.000896679   0.00092607   0.00498583   -0.21786 -0.0190468   0.979418
   8.43117  0.000701217 -0.000671827   0.00338793  -0.216762 -0.0157509   0.974535
   8.43679  0.00283175 -0.00173709   0.0012574  -0.212611 -0.0133095    0.97185
   8.44125  0.00389701 -0.00120446  0.00179004  -0.209071 -0.0153847   0.974169
   8.44679   0.00229911 -0.000671827   0.00072477  -0.207484 -0.0219765      0.976
   8.45098   0.00123385 -0.000671827 -0.000873126 -0.209193 -0.026249  0.979662
   8.45667 0.000701217 -0.00120446 -0.00140576  -0.214442 -0.0244179   0.981737
   8.46117 0.000701217 -0.00120446  0.00072477  -0.21786 -0.019413  0.979296
   8.46679   0.00123385 -0.000139195  0.000192139  -0.217372 -0.0150185    0.97539
   8.47111   0.00123385 -0.000139195  -0.00140576  -0.213954 -0.0118447    0.97307
   8.47672   0.00229911 -0.000671827 -0.000873126  -0.209437 -0.0117226   0.973803
   8.48086   0.00123385 -0.000139195   0.00072477  -0.206508 -0.0179482   0.974535
   8.48679  -0.00142931 -0.000671827   0.00338793  -0.207851 -0.0231972   0.977953
   8.49117 -0.00249458 -0.00120446  0.00392057  -0.212001 -0.0225869   0.981981
   8.49679  -0.00196194 -0.000671827   0.00232267  -0.215175 -0.0195351   0.980761
   8.50119 -0.000896679 -0.000139195    0.0012574   -0.21664 -0.0170937   0.975512
   8.50679  0.00123385 0.000393437  0.00179004  -0.214442 -0.0146523   0.972704
   8.51126 0.000701217 0.000393437  0.00232267  -0.209315 -0.0136757   0.974291
   8.51679 -0.000896679  0.000393437   0.00072477  -0.206508 -0.0184365   0.975145
   8.52134 -0.000364047   0.00092607    0.0012574  -0.208461 -0.0238076   0.978319
   8.52679   0.00123385 -0.000139195    0.0028553    -0.2131 -0.0238076   0.983446
   8.53104   0.00176648 -0.000671827    0.0012574  -0.217616 -0.0206337   0.980883
   8.53675  0.000168584 -0.000671827    0.0012574  -0.217616 -0.0183144   0.975756
   8.54088  -0.00142931 -0.000671827   0.00338793  -0.213832 -0.0153847    0.97307
   8.54679  -0.00142931 -0.000671827   0.00338793  -0.210048 -0.0134316   0.972826
   8.55133  0.000168584 -0.000139195   0.00392056  -0.206264 -0.0180703   0.974657
   8.55642   0.00123385 -0.000139195   0.00551846  -0.206142 -0.0247841   0.978808
   8.56101  0.00123385 -0.00120446   0.0044532  -0.211513 -0.0261269   0.981981
   8.56679   0.00123385 -0.000139195  0.000192139  -0.216518 -0.0224648   0.980516
   8.57109   0.00123385 -0.000139195  -0.00193839  -0.218349 -0.0184365   0.977953
   8.57669 0.000701215 -0.00120446   0.0012574  -0.216884 -0.0151406   0.973681
   8.58097   0.00123385 -0.000671827    0.0028553  -0.212001 -0.0126992    0.97307
   8.58679   0.00123385 -0.000139195   0.00179004  -0.208339 -0.0145302   0.975267
   8.59101 -0.000364048 -0.000139195   0.00232267  -0.207851 -0.0206337   0.975512
   8.59679 -0.00142931 0.000393437   0.0044532  -0.210048 -0.0240517   0.979784
   8.60094 -0.000896679  0.000393437   0.00392056  -0.214686 -0.0213662   0.982348
   8.60679 -0.000364047 -0.000139195   0.00179004  -0.216884 -0.0174599   0.978685
   8.61129 -0.000364047  0.000393437 -0.000340492  -0.215541 -0.0147744   0.974169
   8.61662 -0.000364047    0.0014587  -0.00247102  -0.212245 -0.0126992   0.973192
    8.6212 -0.000364047   0.00092607 -0.000873126  -0.208095 -0.0163613   0.973803
   8.62679  0.000168584 -0.000139195  0.000192139  -0.207118 -0.0229531   0.975634
   8.63109  0.000168584 -0.000671827   0.00232267   -0.21017 -0.0242959   0.981371
   8.63679 -0.000364047  -0.00173709   0.00551846  -0.214564 -0.0220986    0.98247
   8.64105 0.000168584 -0.00120446   0.0044532  -0.217372 -0.0189248   0.978441
   8.64675 0.000701215 0.000393437 0.000724774   -0.21664 -0.0152626   0.974901
   8.65085  0.000168584 -0.000139195 -0.000340492  -0.212611 -0.0129433   0.972338
   8.65679  0.000168584 -0.000671827 -0.000340492  -0.207851 -0.0156289    0.97307
   8.66091  0.000168584 -0.000139195 -0.000873126  -0.205653 -0.0219765   0.976366
   8.66679 -0.000364047 -0.000139195   0.00179004  -0.208095 -0.0255166   0.980394
   8.67135 -0.000364047 -0.000671827   0.00392057  -0.213588 -0.0240517   0.982592
    8.6767  0.000168584 -0.000139195    0.0028553  -0.217494 -0.0201455   0.979662
   8.68097 0.000701215 0.000393437  0.00392057  -0.217738 -0.0163613   0.974779
   8.68679 -0.000896681   0.00092607    0.0044532   -0.21432 -0.0129433   0.973314
     8.691 -0.000896681    0.0014587    0.0028553  -0.209804 -0.0119668   0.974779
   8.69679  0.00123385 0.000393437  0.00338794  -0.207728 -0.0167275   0.974901
   8.70105  0.000701217 -0.000139195   0.00232267  -0.208705 -0.0225869   0.977709
   8.70669   0.00123385 -0.000139195    0.0012574  -0.212733 -0.0229531   0.982225
   8.71086   0.00123385 -0.000139195   0.00338793  -0.216518 -0.0199013   0.980272
   8.71679   0.00123385 -0.000671827   0.00551846  -0.216518 -0.0166054   0.975267
   8.72093  0.000701217 -0.000671827   0.00764899  -0.213466 -0.0129433   0.973803
   8.72679 -0.000364048  0.000393437   0.00605109  -0.209437 -0.0133095   0.974169
   8.73134 0.000168584  0.00092607   0.0028553 -0.207118 -0.019291  0.974779
   8.73671 0.000168584  0.00092607  0.00338794  -0.208827 -0.0244179   0.978685
   8.74096  0.000168584 -0.000671827   0.00392057  -0.213466 -0.0241738   0.982225
   8.74679 -0.000896679  -0.00173709   0.00392057  -0.217006 -0.0208779   0.981005
   8.75095 -0.000896679 -0.000139195   0.00498583  -0.217616 -0.0170937   0.976976
   8.75679 0.000701217  0.00092607   0.0028553  -0.215419 -0.0135537   0.972704
   8.76123 0.00283175 0.00092607  0.0012574  -0.210902 -0.0125771   0.971727
   8.76649 0.00442964 0.00092607 0.00338794  -0.206386 -0.0179482   0.973803
   8.77098  0.00283174 0.000393437  0.00498583  -0.206264 -0.0240517   0.978075
   8.77679  0.00123385 0.000393437  0.00498583  -0.210902 -0.0247841   0.981981
   8.78113   0.00176648 -0.000139195   0.00338794  -0.215663 -0.0224648   0.981127
   8.78673  0.00123385 0.000393437  0.00179004  -0.217494 -0.0183144   0.977587
   8.79098 0.00336438 0.00092607 0.00232267  -0.216029 -0.0140419   0.973803
   8.79679 0.00496227 0.00092607 0.00392057  -0.211635 -0.0114785    0.97307
   8.80104 0.00229911  0.0014587 0.00392057  -0.207851 -0.0146523   0.975023
   8.80679 0.000701215 0.000393437  0.00392057  -0.207851 -0.0214882    0.97661
     8.811 0.000168584 0.000393437   0.0028553  -0.210292 -0.0235634   0.979784
   8.81679 0.000701217 0.000393437  0.00232267  -0.214809 -0.0212441   0.981249
   8.82107   0.00176648 -0.000671827    0.0028553  -0.217006 -0.0183144   0.977587
   8.82679   0.00123385 -0.000139195  0.000192139 -0.214931 -0.014164  0.973803
   8.83116   0.00176648 -0.000139195  0.000192139  -0.211513 -0.0116005   0.973192
   8.83679   0.00229911 -0.000671827   0.00232267  -0.208339 -0.0150185   0.974169
   8.84113   0.00176648 -0.000671827  0.000192139  -0.206996 -0.0224648   0.976732
   8.84666   0.00176648  -0.00120446 -0.000873126 -0.206874 -0.026371  0.978808
   8.85106   0.00176648 -0.000671827   0.00072477  -0.212123 -0.0238076   0.979296
   8.85662   0.00176648 -0.000139195   0.00232267  -0.217372 -0.0212441   0.979784
     8.861  0.00123385 0.000393437 0.000192139  -0.215907 -0.0172158   0.974901
   8.86679 0.000701215  0.00092607 -0.00193839  -0.214442 -0.0131875   0.970018
   8.87098  0.00176648 0.000393437 0.000192139  -0.209804 -0.0155068   0.972094
   8.87679   0.00283175 -0.000139195   0.00232267  -0.205165 -0.0178261   0.974169
    8.8813   0.00229911 -0.000671827   0.00179004  -0.208095 -0.0216103   0.978563
   8.88679  0.00176648 -0.00120446   0.0012574  -0.211024 -0.0253945   0.982958
     8.891  0.000701217 -0.000671827   0.00179004  -0.214564 -0.0220986   0.980028
   8.89671 -0.000364047 -0.000139195   0.00232267  -0.218104 -0.0188027   0.977099
   8.90089 0.000701217 0.000393437  0.00179004  -0.215175 -0.0156289   0.975634
   8.90679 0.00176648 0.00092607  0.0012574 -0.212245 -0.012455  0.974169
   8.91103  0.00176648 0.000393437 -0.00140576  -0.209926 -0.0179482   0.974291
   8.91662   0.00176648 -0.000139195  -0.00406892  -0.207606 -0.0234414   0.974413
   8.92094   0.00123385  -0.00120446 -0.000873126  -0.212001 -0.0223427   0.978563
   8.92679 0.000701215 -0.00226972  0.00232267  -0.216395 -0.0212441   0.982714
   8.93103  0.00123385 -0.00173709  0.00338793  -0.215785 -0.0177041   0.978319
   8.93679  0.00176648 -0.00120446   0.0044532 -0.215175 -0.014164  0.973925
   8.94134 -0.000364048 -0.000139195   0.00338793  -0.211269 -0.0140419   0.973314
   8.94672 -0.00249458  0.00092607  0.00232267  -0.207362 -0.0139199   0.972704
   8.95087 -0.000364048 -0.000139195   0.00072477  -0.208461 -0.0199013   0.977709
   8.95679   0.00176648  -0.00120446 -0.000873126   -0.20956 -0.0258828   0.982714
   8.96089   0.00123385 -0.000671827   0.00232267  -0.214564 -0.0220986   0.980394
   8.96679  0.000701215 -0.000139195   0.00551846  -0.219569 -0.0183144   0.978075
   8.97119 0.000701215 -0.00120446  0.00551846  -0.218471 -0.0163613   0.976488
   8.97651  0.000168584 -0.000671827   0.00551846  -0.215297 -0.0131875   0.974047
     8.981 -0.000896679  0.000393437    0.0028553  -0.210292 -0.0129433   0.973558
   8.98679 -0.000896679 -0.000139195   0.00179004 -0.207362 -0.017582  0.973803
   8.99107  0.000701217 -0.000139195   0.00179004  -0.208339 -0.0238076   0.977221
   8.99669 0.000701217 0.000393437 0.000192136  -0.211391 -0.0251503   0.981737
   9.00093 0.000168584  0.00092607  0.00072477  -0.215175 -0.0218544   0.981493
   9.00671 -0.000364048 -0.000139195   0.00392057  -0.217372 -0.0185585   0.977465
   9.01106 -0.000896679 -0.000139195    0.0044532  -0.216395 -0.0155068   0.973681
   9.01679 0.000701217 0.000393437   0.0028553  -0.212245 -0.0134316   0.974657
   9.02094   0.00123385 -0.000671827    0.0044532  -0.207728 -0.0169716   0.975267
   9.02679   0.00176648 -0.000671827    0.0044532  -0.207118 -0.0223427   0.977221
    9.0311  0.00123385 0.000393437   0.0012574  -0.210658 -0.0234414   0.981249
    9.0366  0.000168584  0.000393437 -0.000340495  -0.215053 -0.0207558   0.979662
   9.04097   0.00123385  0.000393437 -0.000873126  -0.216762 -0.0166054   0.976976
   9.04679 -0.000364048   0.00092607    0.0028553  -0.214442 -0.0135537   0.974169
   9.05108 -0.000364048  0.000393437   0.00551846  -0.210414 -0.0122109   0.972094
   9.05674  0.00123385 0.000393437   0.0028553  -0.207362 -0.0159951   0.974535
   9.06094  0.00123385 0.000393437  0.00072477  -0.206142 -0.0231972   0.978319
   9.06679 0.000701217 0.000393437 0.000192139  -0.209437 -0.0253945   0.980394
   9.07096 -0.000896679  0.000393437  0.000192139  -0.215541 -0.0225869   0.981737
   9.07679  -0.00142931 -0.000139195    0.0012574  -0.219081 -0.0189248   0.979418
   9.08092 -0.000364048 -0.000139195   0.00232267  -0.217982 -0.0151406   0.973558
   9.08679 -0.000364048 -0.000139195   0.00338793  -0.212489 -0.0120888   0.973803
   9.09126  -0.00196194 -0.000139195   0.00498583   -0.20724 -0.0136757   0.975145
   9.09673 -0.00249458 0.000393437  0.00392057  -0.206386 -0.0199013   0.974657
     9.101  -0.00142931 -0.000139195   0.00179004 -0.209193  -0.02454  0.979418
   9.10679 -0.000896679  -0.00173709   0.00179004  -0.213466 -0.0235634   0.982958
   9.11103 -0.000896679  -0.00120446    0.0012574  -0.216395 -0.0199013   0.979174
   9.11679   0.00123385 -0.000671827   0.00072477   -0.21664 -0.0161171   0.974169
   9.12111 0.000168584 -0.00120446  0.00498583    -0.2131 -0.0130654   0.973192
   9.12679 -0.00196194 -0.00120446  0.00551846  -0.207973 -0.0150185   0.972948
   9.13123 -0.00142931 -0.00173709  0.00498583  -0.206752 -0.0206337   0.975512
   9.13679 -0.000364048  -0.00226972   0.00764899   -0.20956 -0.0238076   0.981737
   9.14093 0.000168584 -0.00173709  0.00498583  -0.214686 -0.0225869   0.981737
   9.14679 -0.00196194 -0.00120446   0.0044532  -0.217494 -0.0195351    0.97954
   9.15132  -0.00302721 -0.000671827   0.00658372  -0.217128 -0.0161171      0.976
   9.15672  -0.00249458 -0.000139195   0.00551846  -0.213954 -0.0133095   0.971483
   9.16093  -0.00249458 -0.000671827   0.00658372  -0.209071 -0.0136757   0.973436
   9.16679  -0.00142931 -0.000671827   0.00658372  -0.206508 -0.0191689   0.975878
     9.171 -0.000364047 -0.000139195   0.00498583  -0.207362 -0.0251503    0.97893
   9.17679 -0.00249458 0.000393437  0.00551846  -0.212367 -0.0253945   0.981493
   9.18123 -0.00355984 0.000393437  0.00605109  -0.217372 -0.0217324   0.980028
   9.18661  -0.00196194 -0.000671827   0.00818162  -0.217738 -0.0174599   0.975512
   9.19086 -0.000896679  -0.00173709   0.00711636  -0.214686 -0.0136757   0.973192
   9.19679 0.000168584 -0.00173709  0.00392057  -0.210414 -0.0119668   0.974413
   9.20118 -0.00142931 -0.00173709  0.00551846  -0.207118 -0.0164834   0.974901
   9.20667 -0.000896681  -0.00173709   0.00658373  -0.207606 -0.0233193   0.977221
   9.21088  0.000701217 -0.000671827   0.00658373  -0.211757 -0.0236855   0.981005
   9.21679 -0.000896679 -0.000671827   0.00658373  -0.216151 -0.0203896   0.981249
   9.22122  -0.00142931 -0.000671827   0.00605109   -0.21786 -0.0174599   0.977221
    9.2268 0.000168584 0.000393437  0.00605109 -0.216029 -0.014164  0.972948
   9.23117  0.00229911 0.000393437  0.00338793  -0.211391 -0.0135537   0.972948
   9.23679   0.00123385 -0.000139195   0.00232267  -0.207362 -0.0181923   0.974413
   9.24115  0.000701217 -0.000139195    0.0044532  -0.208095 -0.0233193   0.977709
   9.24656  0.000701217 -0.000139195   0.00392057  -0.212001 -0.0239296   0.982348
   9.25089 -0.000364047 -0.000671827   0.00498583  -0.216151 -0.0205117   0.980761
   9.25679 -0.000896679  -0.00120446   0.00818162  -0.217616 -0.0162392   0.976854
   9.26115 -0.000364048  -0.00120446   0.00551846  -0.214931 -0.0131875    0.97246
   9.26675  0.000168584 -0.000139195   0.00498583 -0.211024 -0.012333  0.971972
   9.27102 -0.000364047  0.000393437   0.00818162  -0.207118 -0.0166054   0.974901
   9.27667 -0.00196194 0.000393437  0.00818162 -0.205653 -0.022831   0.97661
   9.28101 -0.00142931 0.000393437  0.00658372  -0.209193 -0.0247841   0.980883
   9.28679  0.000701215 -0.000139195   0.00232267  -0.214686 -0.0223427   0.982348
   9.29098 -0.00196195  0.00092607   0.0012574  -0.217982 -0.0188027   0.977831
   9.29679 -0.00355984  0.00092607  0.00392056  -0.217128 -0.0156289    0.97307
   9.30126   0.00123385 -0.000671827    0.0028553  -0.212489 -0.0125771   0.973925
    9.3068   0.00283174 -0.000671827   0.00392056  -0.208095 -0.0135537   0.974901
   9.31117 0.000168584 0.000393437  0.00658372  -0.206874 -0.0197793   0.974535
   9.31664 -0.00142931 0.000393437  0.00498583   -0.20956 -0.0239296    0.97893
   9.32088  -0.00302721 -0.000671827   0.00551846  -0.213954 -0.0224648   0.981005
   9.32678  -0.00196194 -0.000671827    0.0028553  -0.216273 -0.0191689   0.978441
    9.3313  0.000701217 -0.000139195  -0.00193839  -0.216029 -0.0155068   0.975878
   9.33666   0.00176648 -0.000671827 -0.000340495  -0.212733 -0.0125771   0.973558
   9.34108  0.000168584 -0.000139195   0.00232267  -0.208095 -0.0147744   0.972948
   9.34678 -0.000896679  0.000393437   0.00338793  -0.206752 -0.0212441   0.976122
   9.35099  0.000168584 -0.000139195    0.0044532  -0.209437 -0.0247841   0.980516
   9.35678  0.00176648 -0.00120446  0.00338793  -0.214442 -0.0231972   0.981737
   9.36137   0.00123385 -0.000671827   0.00338793  -0.218104 -0.0186806   0.980394
   9.36657 0.000701217 0.000393437   0.0044532 -0.217616 -0.014164  0.976366
   9.37093  0.000701217 -0.000139195    0.0012574  -0.213954 -0.0117226   0.971483
   9.37678  0.000168584 -0.000139195  -0.00193839  -0.209071 -0.0131875   0.972582
    9.3809   0.00123385 -0.000671827  -0.00140576   -0.20602 -0.0189248   0.975145
   9.38678  0.00229911 -0.00173709 0.000192139  -0.207484 -0.0240517   0.978075
   9.39126  0.00176648 -0.00173709  0.00179004  -0.212489 -0.0240517   0.982592
   9.39656 -0.000364048 -0.000671827   0.00232267  -0.216395 -0.0206337   0.981249
   9.40097  -0.00196194 -0.000139195   0.00232267 -0.216762 -0.017582  0.975512
   9.40678 -0.00249458 0.000393437   0.0028553  -0.21432 -0.014164  0.972948
   9.41107 -0.00196194 0.000393437   0.0044532  -0.210414 -0.0125771   0.975267
   9.41674  0.000168584 -0.000139195   0.00338793  -0.207362 -0.0170937   0.975878
   9.42093   0.00123385 -0.000671827    0.0012574  -0.207728 -0.0231972   0.977709
   9.42678  0.00176648 -0.00173709  0.00232267  -0.212123 -0.0236855   0.981371
   9.43116   0.00123385 -0.000671827    0.0028553  -0.216518 -0.0206337   0.980761
   9.43678 0.000168584  0.00092607  0.00551846  -0.217372 -0.0173378   0.976854
    9.4412   0.00123385 -0.000139195   0.00445319 -0.214686 -0.014164   0.97307
   9.44678   0.00176648 -0.000671827 -0.000873126   -0.21017 -0.0135537    0.97307
   9.45117   0.00442964 -0.000671827  -0.00247102  -0.206996 -0.0179482   0.974901
   9.45653   0.00389701 -0.000671827 -0.000873126   -0.20724 -0.0239296   0.977831
   9.46099  0.000168584 -0.000139195   0.00179004  -0.211635 -0.0250283   0.981859
   9.46678 -0.000364047 -0.000671827   0.00498583   -0.21664 -0.0222207   0.981859
   9.47109 -0.000364047 -0.000139195   0.00392056  -0.218104 -0.0177041   0.977587
   9.47678 0.000701217 0.000393437   0.0012574  -0.215663 -0.0131875   0.973681
   9.48091   0.00176648 -0.000139195   0.00072477  -0.210902 -0.0116005   0.972582
   9.48678  0.00176648 0.000393437 -0.00353629  -0.206752 -0.0156289    0.97307
   9.49092  0.00336438  0.00092607 -0.00460155  -0.206142 -0.0224648      0.976
   9.49678  0.00229911 0.000393437   0.0012574  -0.209682 -0.0251503   0.981005
   9.50093  0.000701217 -0.000671827    0.0028553  -0.214442 -0.0225869   0.982225
   9.50678  0.000701217 -0.000139195    0.0028553   -0.21664 -0.0190468   0.977953
   9.51125  0.000701217 -0.000671827   0.00232267  -0.216029 -0.0155068   0.973192
   9.51671   0.00176648 -0.000671827  -0.00406892 -0.212978 -0.012333  0.973192
   9.52102 0.000701217  0.00092607 -0.00353629  -0.208827 -0.0144082   0.974901
   9.52678 -0.000364047  0.000393437  0.000192136 -0.207362    -0.021  0.976122
   9.53093  -0.00142931 -0.000139195   0.00072477  -0.210048 -0.0240517   0.980272
   9.53667  -0.00196194 -0.000139195   0.00232267  -0.214686 -0.0220986   0.981981
   9.54083 0.000701217 -0.00120446  0.00179004 -0.217372 -0.019291  0.978075
   9.54678   0.00176648 -0.000671827   0.00179004  -0.216395 -0.0161171   0.974657
   9.55126 0.000168584 0.000393437  0.00232267  -0.212245 -0.0133095   0.973681
   9.55678 -0.000896679 -0.000671827  0.000192139  -0.208095 -0.0142861   0.974047
   9.56087 -0.000896679  -0.00120446  0.000192139  -0.206386 -0.0208779   0.975878
   9.56678  0.00123385 -0.00120446  0.00232267  -0.208339 -0.0261269   0.980761
   9.57128  0.00123385 -0.00173709  0.00232267  -0.214076 -0.0244179   0.982103
   9.57653 0.000701217 -0.00173709  0.00338793  -0.217494 -0.0195351   0.979052
   9.58102  0.000701217 -0.000139195   0.00338793  -0.217006 -0.0153847   0.975756
   9.58678 -0.000364047   0.00092607  0.000192139  -0.213588 -0.0120888    0.97307
   9.59097 0.000701217  0.00092607  0.00338793 -0.208827 -0.012333  0.972216
   9.59678   0.00229911 -0.000139195   0.00551846  -0.207362 -0.0183144   0.973925
   9.60122  0.00229911 -0.00120446  0.00232267  -0.208827 -0.0246621   0.977831
   9.60656  0.00123385 -0.00120446  0.00338793  -0.212978 -0.0239296   0.981615
   9.61087 0.000168584 -0.00120446   0.0044532   -0.21664 -0.0199013   0.980761
   9.61671 -0.000364047 -0.000671827   0.00392057  -0.216762 -0.0170937   0.975023
     9.621  0.000168584 -0.000671827   0.00658372  -0.214564 -0.0135537    0.97246
   9.62678  0.000701215 -0.000139195   0.00658372  -0.209804 -0.0128212   0.974779
   9.63109  0.000168584 -0.000139195    0.0044532  -0.206142 -0.0186806      0.976
   9.63682 -0.000896679 -0.000671827   0.00551846  -0.208095 -0.0240517   0.978441
   9.64096 0.000168584 -0.00120446  0.00498583  -0.212367 -0.0231972   0.982225
   9.64678 0.000168584 -0.00120446  0.00338794  -0.216151 -0.0202675    0.98015
   9.65105 -0.000896679  0.000393437   0.00232267   -0.21725 -0.0173378   0.976244
   9.65678 0.00229911  0.0014587 0.00179004 -0.214198 -0.014164  0.973925
   9.66113 0.00176648  0.0014587  0.0044532  -0.209926 -0.0133095   0.973558
   9.66656  0.000168584 -0.000139195   0.00551846  -0.206386 -0.0184365   0.974901
   9.67096   0.00176648 -0.000671827   0.00392057  -0.206874 -0.0239296   0.978441
   9.67678  0.000168584 -0.000139195   0.00605109  -0.211635 -0.0252724   0.981737
   9.68111 -0.000896679 -0.000139195   0.00658372  -0.21664 -0.022831  0.980516
    9.6867 -0.000364047  0.000393437    0.0044532  -0.218959 -0.0180703   0.976976
   9.69092   0.00176648 -0.000671827   0.00392057  -0.216518 -0.0142861   0.973925
   9.69674  0.00283175 -0.00120446   0.0012574 -0.211269 -0.012455  0.974047
   9.70094 0.000168584 0.000393437  0.00232267  -0.207118 -0.0156289   0.974779
   9.70678   0.00176648 -0.000139195    0.0044532  -0.206874 -0.0216103      0.976
   9.71102  0.00336438 -0.00173709  0.00392057  -0.210292 -0.0234414   0.981005
   9.71678 0.000701217 -0.00120446  0.00658372 -0.213954 -0.021122  0.982836
   9.72112  0.000701217 -0.000139195   0.00605109  -0.215785 -0.0179482   0.977709
   9.72678   0.00176648 -0.000139195    0.0028553 -0.215907 -0.014164   0.97307
   9.73118  0.00123385 0.000393437 0.000192139  -0.212978 -0.0118447   0.973803
   9.73666 0.000701215 0.000393437 -0.00140576  -0.208217 -0.0153847   0.974535
    9.7409   0.00176648 -0.000671827  0.000192139  -0.207362 -0.0218544      0.976
   9.74678  0.00176648 -0.00120446  0.00232267  -0.210414 -0.0234414   0.980761
     9.751  -0.00196195 -0.000671827    0.0044532  -0.214809 -0.0205117    0.98247
   9.75666  -0.00249458 -0.000139195   0.00498583  -0.217494 -0.0178261   0.978563
   9.76101  -0.00142931 -0.000139195   0.00392057  -0.216273 -0.0148964    0.97307
   9.76678   0.00176648 -0.000671827  0.000724774  -0.214931 -0.0129433   0.970751
   9.77094   0.00496227 -0.000671827  -0.00193839  -0.209682 -0.0156289   0.972338
   9.77678  0.00442964 0.000393437 -0.00193839  -0.204677 -0.0218544    0.97661
   9.78123   0.00336438 -0.000139195  -0.00140576  -0.208705 -0.0258828   0.981493
   9.78664   0.00176648  -0.00120446 -0.000873126 -0.212489 -0.026371   0.98369
    9.7909  0.000701217 -0.000671827    0.0044532  -0.216151 -0.0218544   0.980761
   9.79678 -0.000364047 -0.000139195   0.00977952  -0.219813 -0.0173378   0.977831
   9.80092 -0.000364047  0.000393437   0.00764899 -0.215419 -0.014164  0.975512
   9.80678   0.00123385 -0.000139195   0.00179004  -0.211024 -0.0109902   0.973192
   9.81115   0.00229911 -0.000671827 -0.000340492  -0.208827 -0.0169716   0.974657
   9.81674   0.00176648 -0.000139195    0.0012574   -0.20663 -0.0229531   0.976122
   9.82096  0.00176648 -0.00120446  0.00392057  -0.211513 -0.0217324   0.979296
   9.82679  0.00176648 -0.00226972  0.00658373  -0.216395 -0.0205117    0.98247
   9.83104  0.00123385 -0.00173709  0.00605109  -0.215907 -0.0172158   0.977465
   9.83678 0.000701215 -0.00120446  0.00551846  -0.215419 -0.0139199    0.97246
   9.84116 -0.000364048 -0.000139195    0.0044532  -0.211024 -0.0145302   0.974047
   9.84678 -0.00142931  0.00092607  0.00338794   -0.20663 -0.0151406   0.975634
   9.85106 -0.000364048  0.000393437    0.0012574  -0.207851 -0.0197793   0.977709
   9.85678  0.000701215 -0.000139195 -0.000873126  -0.209071 -0.0244179   0.979784
   9.86086 -0.000896681 -0.000139195   0.00232267   -0.2131 -0.021122  0.980394
   9.86678  -0.00249458 -0.000139195   0.00551846  -0.217128 -0.0178261   0.981005
    9.8713 -0.00142931 0.000393437  0.00392056 -0.217006 -0.015873  0.977099
   9.87649 -0.000364047   0.00092607   0.00232267  -0.214442 -0.0134316   0.972948
   9.88127 0.000168584 0.000393437  0.00232267 -0.208461 -0.017582  0.974169
   9.88673  0.000701215 -0.000139195   0.00232267  -0.204921 -0.0222207   0.975634
    9.8909  -0.00142931 -0.000139195   0.00232267  -0.209926 -0.0230751   0.979296
   9.89678  -0.00355984 -0.000139195   0.00232267  -0.214931 -0.0239296   0.982958
   9.90096  -0.00302721 -0.000671827    0.0044532  -0.215907 -0.0212441   0.978563
   9.90678 -0.00249458 -0.00120446  0.00658373  -0.216884 -0.0185585   0.974169
   9.91098 -0.000896681 -0.000671827   0.00392057  -0.212978 -0.0157509    0.97539
   9.91678  0.000701215 -0.000139195    0.0012574  -0.209071 -0.0129433    0.97661
   9.92119   0.00176648 -0.000139195   0.00179004  -0.208827 -0.0184365   0.976366
   9.92678   0.00283175 -0.000139195   0.00232267  -0.208583 -0.0239296   0.976122
   9.93114   0.00176648 -0.000671827    0.0028553  -0.210902 -0.0231972    0.98015
   9.93669   0.00176648 -0.000671827   0.00232267 -0.214931 -0.021122  0.982103
   9.94105  0.00176648 0.000393437   0.0012574  -0.217372 -0.0178261   0.977343
   9.94678 -0.00142931  0.00092607  0.00179004  -0.215785 -0.0144082   0.973681
   9.95104  -0.00142931 -0.000139195    0.0028553  -0.211391 -0.0125771   0.973803
   9.95674 0.000168584 -0.00120446  0.00232267  -0.207728 -0.0155068   0.974169
   9.96091 -0.000364047  -0.00120446   0.00232267  -0.206874 -0.0220986   0.975878
   9.96678  -0.00142931 -0.000671827   0.00498583   -0.21078 -0.0249062   0.981981
   9.97116 -0.00249458 -0.00120446  0.00498583  -0.216273 -0.0220986   0.982225
   9.97678 -0.00196194 -0.00173709  0.00338794  -0.218349 -0.0180703   0.978197
   9.98086 -0.000364048  -0.00120446   0.00498583  -0.216395 -0.0144082   0.975267
   9.98678 0.000701215 -0.00120446  0.00551846  -0.212733 -0.0122109   0.972338
   9.99129 0.000701215 -0.00120446  0.00498583  -0.207484 -0.0153847   0.972582
   9.99658 -0.000896681 -0.000671827   0.00551846  -0.205409 -0.0218544   0.976366
    10.001  -0.00142931 -0.000671827   0.00498583  -0.209071 -0.0253945   0.980761
   10.0068 -0.000364047  -0.00120446   0.00711636   -0.21371 -0.0231972   0.982225
    10.011 0.000168584 -0.00120446  0.00711636  -0.216273 -0.0197793   0.979296
   10.0168   0.00123385 -0.000671827    0.0044532  -0.216151 -0.0170937   0.974047
    10.021 -0.000896681 -0.000671827   0.00551846 -0.213466 -0.014164  0.972704
   10.0268  -0.00142931 -0.000139195   0.00392057  -0.209315 -0.0145302   0.974413
   10.0314   0.00123385 -0.000139195    0.0028553 -0.207362 -0.019413     0.976
   10.0368   0.00123385 -0.000671827   0.00605109   -0.20956 -0.0235634   0.978319
   10.0411 -0.00142931 0.000393437  0.00711636  -0.213344 -0.0230751   0.981371
   10.0468 -0.00302721 0.000393437  0.00551846 -0.216762 -0.019291   0.98015
   10.0511  0.000168584 -0.000671827   0.00498583  -0.217006 -0.0157509   0.974291
   10.0568  0.00123385 -0.00120446  0.00764899  -0.213466 -0.0128212   0.972704
    10.061 -0.000896679 -0.000671827   0.00818162   -0.20956 -0.0126992   0.974169
   10.0668 -0.000364048 -0.000139195    0.0044532  -0.206752 -0.0191689   0.974657
    10.071 -0.000896681 -0.000671827   0.00338793  -0.207973 -0.0244179   0.978685
   10.0768 -0.00196194 -0.00173709  0.00764899  -0.213588 -0.0242959   0.982103
    10.081 -0.00142931 -0.00173709  0.00764899  -0.217738 -0.0208779   0.980028
   10.0867 -0.000364048  -0.00120446   0.00498583   -0.21786 -0.0161171    0.97661
   10.0912 0.000168584 -0.00120446  0.00605109   -0.21432 -0.0129433   0.973192
   10.0968  0.000168584 -0.000139195   0.00605109  -0.209437 -0.0128212   0.972948
    10.101 0.000168584 0.000393437  0.00392056  -0.206996 -0.0178261   0.974047
   10.1068 0.00123385 0.00092607 0.00179004  -0.207362 -0.0239296   0.976854
    10.111 0.00176648  0.0014587  0.0028553  -0.211879 -0.0239296   0.982225
   10.1167  0.00176648 0.000393437  0.00498583  -0.216273 -0.0213662   0.981371
    10.121   0.00336438 -0.000139195   0.00338793   -0.21725 -0.0184365    0.97661
   10.1268   0.00336438 -0.000139195    0.0028553  -0.215785 -0.0147744   0.973314
   10.1314   0.00389701 -0.000671827    0.0028553  -0.211391 -0.0134316   0.972948
   10.1368   0.00389701 -0.000139195  0.000192139   -0.20724 -0.0166054   0.974535
   10.1409   0.00176648   0.00092607 -0.000873126  -0.207973 -0.0223427   0.977221
   10.1468  0.00176648 0.000393437 0.000192139  -0.212001 -0.0241738   0.981005
   10.1513   0.00176648 -0.000139195   0.00072477  -0.215663 -0.0212441   0.981493
   10.1568  0.000168584 -0.000671827   0.00179004  -0.217128 -0.0179482   0.976366
    10.161 -0.000896679  0.000393437 -0.000340492  -0.214198 -0.0146523   0.973192
   10.1668 -0.000364048   0.00092607  -0.00193839 -0.209682 -0.012455  0.974535
   10.1709  0.000701215 -0.000139195   0.00072477  -0.206752 -0.0162392   0.973681
   10.1766  0.00123385 0.000393437 0.000192139  -0.206386 -0.0224648   0.976732
   10.1811   0.00176648 -0.000139195  -0.00247102   -0.21017 -0.0257607   0.981981
   10.1867 0.000701217 -0.00173709 -0.00140576  -0.215297 -0.0234414   0.980516
   10.1908 -0.000896679  -0.00120446   0.00232267  -0.217738 -0.0178261   0.978197
   10.1968 -0.000364048  0.000393437   0.00179004   -0.21664 -0.0146523   0.975512
   10.2013 -0.000896681  0.000393437   0.00232267  -0.212123 -0.0122109   0.972826
   10.2066 -0.00196194  0.00092607   0.0028553  -0.207728 -0.0139199   0.973436
    10.211 -0.000364048   0.00092607   0.00232267   -0.20663 -0.0216103   0.975634
   10.2167   0.00123385 -0.000671827    0.0044532  -0.209804 -0.0255166   0.979784
   10.2209  0.000701217 -0.000671827   0.00392056  -0.214686 -0.0230751   0.982348
   10.2268 -0.000364047 -0.000139195   0.00179004 -0.216884 -0.019291  0.979418
   10.2311 -0.000364047  -0.00120446   0.00498583   -0.21664 -0.0164834   0.974779
   10.2368 -0.00196194 -0.00120446  0.00711636    -0.2131 -0.0144082   0.973192
   10.2412 -0.00196194 0.000393437   0.0044532  -0.208095 -0.0153847   0.974169
   10.2466 -0.000896679   0.00092607   0.00338794  -0.20663 -0.021122  0.977343
    10.251 -0.00142931 0.000393437  0.00392057  -0.209437 -0.0247841   0.981127
   10.2568  0.000168584 -0.000139195   0.00179004  -0.214931 -0.0219765   0.982103
   10.2612  0.000168584 -0.000139195   0.00232267  -0.218104 -0.0185585   0.979296
   10.2667 -0.000896679 -0.000139195   0.00338793  -0.216762 -0.0156289   0.974535
   10.2709 -0.000364047 -0.000671827   0.00232267  -0.213222 -0.0122109   0.972338
   10.2768  0.000701217 -0.000139195    0.0044532  -0.208461 -0.0136757   0.973558
    10.281   0.00283175 -0.000139195    0.0028553  -0.205897 -0.0199013   0.975634
   10.2868   0.00176648 -0.000671827   0.00072477  -0.207973 -0.0244179   0.979418
   10.2909 -0.000896679  0.000393437    0.0028553  -0.213222 -0.0235634   0.981981
   10.2968 -0.00196194 0.000393437  0.00498583   -0.21786 -0.0197793   0.979784
   10.3013 -0.000896681 -0.000139195    0.0044532   -0.21786 -0.0166054    0.97539
   10.3068 0.000701215 -0.00120446  0.00392057  -0.213832 -0.0133095   0.973314
    10.311  0.00123385 -0.00173709  0.00338793   -0.20956 -0.0120888   0.973681
   10.3168  0.000701217 -0.000671827    0.0044532  -0.206386 -0.0173378   0.974047
   10.3209  0.000701217 -0.000139195   0.00551846   -0.20724 -0.0229531   0.977831
   10.3268  0.00176648 -0.00120446   0.0028553  -0.211513 -0.0233193   0.982714
   10.3312 -0.000364048 -0.000671827   0.00232267  -0.214931 -0.0205117   0.980639
   10.3365 -0.00142931 0.000393437  0.00232267  -0.216518 -0.0174599   0.975878
   10.3409   0.00283175 -0.000139195   0.00179004  -0.214809 -0.0155068   0.974169
   10.3468   0.00336438 -0.000139195   0.00179004  -0.211146 -0.0145302   0.973314
   10.3509   0.00176648 -0.000671827   0.00179004  -0.207973 -0.0186806   0.974291
   10.3568   0.00176648 -0.000671827   0.00338793  -0.208095 -0.0235634   0.978685
   10.3613  0.000168584 -0.000139195   0.00551846 -0.212489 -0.022831  0.981981
   10.3668  0.000701217 -0.000671827   0.00392057  -0.217128 -0.0205117   0.980639
    10.371   0.00123385 -0.000671827   0.00232267  -0.218104 -0.0174599   0.977465
   10.3768  0.00123385 -0.00120446   0.0028553  -0.215663 -0.0136757    0.97246
   10.3809  0.00176648 -0.00173709  0.00232267   -0.21078 -0.0128212   0.971727
   10.3868  0.000701217 -0.000671827   0.00179004   -0.20663 -0.0169716   0.975267
   10.3913 -0.000364047 -0.000671827    0.0028553 -0.206142 -0.022831  0.977709
   10.3965  0.000168584 -0.000671827    0.0044532  -0.209804 -0.0247841   0.980639
   10.4009  0.000168584 -0.000671827    0.0044532  -0.215419 -0.0213662   0.981371
   10.4068  0.00123385 -0.00120446  0.00498583   -0.21786 -0.0180703   0.977221
   10.4112 0.000701217 -0.00120446  0.00871425  -0.215785 -0.0159951   0.973192
   10.4167  0.000168584 -0.000671827   0.00658373  -0.211391 -0.0129433   0.974047
   10.4209  0.00229911 0.000393437   0.0012574  -0.207728 -0.0139199   0.974535
   10.4268   0.00229911 -0.000139195   0.00179004  -0.207118 -0.0203896   0.975512
    10.431  0.00123385 -0.00120446  0.00338793  -0.209804 -0.0249062   0.979662
   10.4368 -0.000896681 -0.000139195   0.00338793  -0.214076 -0.0224648   0.981249
   10.4409 -0.00196194 0.000393437  0.00338793  -0.216884 -0.0184365    0.97893
   10.4468 -0.000896679  -0.00120446    0.0044532  -0.216273 -0.0155068   0.974535
    10.451 -0.000896679 -0.000671827   0.00498583 -0.212367 -0.012333   0.97307
   10.4565  0.000701217 -0.000139195   0.00338793  -0.208583 -0.0155068   0.974047
    10.461   0.00229911 -0.000671827    0.0012574  -0.207606 -0.0227089   0.975512
   10.4668  0.000701217 -0.000671827    0.0028553  -0.209804 -0.0250283   0.980394
   10.4711 -0.000364047 -0.000671827   0.00338793  -0.214442 -0.0235634   0.982714
   10.4767   0.00176648 -0.000671827   0.00232267   -0.21725 -0.0191689   0.979784
    10.481  0.00283175 -0.00173709  0.00658372  -0.216273 -0.0151406   0.974657
   10.4867  0.00176648 -0.00120446  0.00498583  -0.212733 -0.0131875   0.971605
   10.4909   0.00123385 -0.000139195   0.00072477  -0.208949 -0.0139199    0.97307
   10.4968  0.000701215 -0.000671827   0.00232267  -0.205897 -0.0201455   0.976122
    10.501   0.00229911 -0.000671827   0.00392056  -0.207484 -0.0247841   0.979784
   10.5068   0.00389701 -0.000671827   0.00498583  -0.213832 -0.0234414   0.981981
   10.5113   0.00283175 -0.000671827   0.00392057  -0.217494 -0.0205117   0.979418
   10.5168   0.00176648 -0.000139195   0.00338794  -0.217372 -0.0174599   0.975145
    10.521   0.00176648 -0.000671827   0.00338794  -0.214564 -0.0137978    0.97307
   10.5268  0.00283175 -0.00120446  0.00232267  -0.209804 -0.0131875   0.973314
   10.5311   0.00283175 -0.000671827    0.0012574  -0.206996 -0.0178261   0.974779
   10.5368   0.00176648 -0.000139195   0.00179004  -0.208217 -0.0225869   0.977953
    10.541   0.00229911 -0.000671827   0.00232267  -0.212123 -0.0229531   0.981127
   10.5467  0.00123385 -0.00120446 0.000192139  -0.215419 -0.0196572   0.981005
    10.551 -0.000896679  -0.00120446  0.000192139  -0.216151 -0.0168496    0.97661
   10.5568  0.000168584 -0.000139195   0.00072477  -0.214076 -0.0139199   0.973803
    10.561   0.00229911  0.000393437 -0.000340495  -0.210048 -0.0130654   0.974291
   10.5667  0.00336438 0.000393437 -0.00140576  -0.206996 -0.0183144   0.974047
   10.5709  0.00283175 0.000393437 -0.00193839  -0.207973 -0.0241738   0.978319
   10.5768   0.00176648 -0.000671827   0.00072477  -0.212855 -0.0247841    0.98247
   10.5811  0.00176648 -0.00173709  0.00072477 -0.217372    -0.021  0.980761
   10.5868   0.00229911 -0.000671827  -0.00140576  -0.218471 -0.0168496   0.977953
   10.5909   0.00229911   0.00092607 -0.000873126  -0.216518 -0.0137978   0.973192
   10.5968  0.00123385  0.00092607 -0.00193839  -0.211757 -0.0125771   0.971605
   10.6013 -0.000364048  0.000393437 -0.000873126  -0.206508 -0.0168496   0.974169
   10.6065 -0.000896679 -0.000671827   0.00179004  -0.206386 -0.0230751   0.976366
    10.611 -0.000896679 -0.000671827    0.0028553  -0.210048 -0.0240517   0.981615
   10.6168  -0.00142931 -0.000139195   0.00392057  -0.214198 -0.0217324   0.982714
   10.6213 -0.000896679 -0.000671827    0.0044532  -0.216762 -0.0190468   0.977099
   10.6268 -0.000896679  -0.00120446   0.00392056  -0.215663 -0.0156289   0.973558
   10.6311 -0.000364048 -0.000671827    0.0028553  -0.212245 -0.0131875   0.974169
   10.6367   0.00123385 -0.000671827   0.00338794  -0.208827 -0.0144082   0.974291
   10.6411   0.00176648 -0.000671827   0.00338794  -0.207851 -0.0202675   0.974901
   10.6468  0.000168584 -0.000139195   0.00551846  -0.210292 -0.0239296   0.980639
   10.6511  -0.00196194 -0.000139195   0.00818162 -0.215419    -0.021  0.981737
   10.6568  -0.00142931 -0.000671827   0.00711636  -0.217738 -0.0178261   0.976732
   10.6612 -0.000896679 -0.000671827   0.00658372  -0.215297 -0.0146523   0.974413
   10.6666  -0.00302721 -0.000139195   0.00658372 -0.211513 -0.012455  0.973558
    10.671 -0.00249458 0.000393437  0.00338793  -0.208095 -0.0153847   0.972826
   10.6768 -0.000896679   0.00092607    0.0028553  -0.206508 -0.0216103      0.976
   10.6811 -0.00196194 0.000393437  0.00605109  -0.209315 -0.0253945   0.980761
   10.6867  -0.00142931 -0.000671827   0.00658372  -0.214564 -0.0244179   0.981005
    10.691 0.000168584 -0.00173709  0.00764899  -0.218471 -0.0191689   0.979784
   10.6967 -0.000896681 -0.000671827   0.00711636  -0.217494 -0.0151406   0.976122
   10.7009  -0.00196194 -0.000139195   0.00605109  -0.212978 -0.0128212   0.973558
   10.7068 -0.00142931 -0.00120446  0.00551846  -0.208827 -0.0133095   0.974291
    10.711  0.00123385 -0.00120446  0.00232267  -0.206142 -0.0201455   0.974535
   10.7167   0.00336438 -0.000139195   0.00232267  -0.208217 -0.0244179    0.97893
    10.721   0.00176648 -0.000139195    0.0044532    -0.2131 -0.0235634   0.982592
   10.7268  0.000701215 -0.000671827   0.00338793  -0.216518 -0.0202675   0.979906
   10.7312 0.000701215 0.000393437  0.00232267   -0.21725 -0.0167275   0.975267
   10.7368 0.000701215  0.00092607  0.00338794  -0.216884 -0.0156289   0.973192
   10.7409 0.000168584 0.000393437  0.00338794  -0.212123 -0.0145302   0.974047
   10.7468 0.000168584 0.000393437  0.00232267  -0.206752 -0.0179482   0.975267
   10.7513 -0.000364048  0.000393437   0.00179004  -0.208461 -0.0231972   0.978197
   10.7566 0.000168584 -0.00120446   0.0012574    -0.2131 -0.0227089   0.981249
   10.7612  0.00123385 -0.00280236   0.0028553  -0.216395 -0.0197793   0.979784
   10.7668 0.000701215 -0.00333499  0.00551846  -0.217372 -0.0180703   0.977831
   10.7709 -0.000364048  -0.00173709   0.00551846  -0.214931 -0.0147744   0.975023
   10.7768  -0.00142931 -0.000139195   0.00498583 -0.209804 -0.012455  0.973436
   10.7813 -0.000364048 -0.000139195   0.00392057  -0.206508 -0.0173378   0.975267
   10.7868  0.000701215 -0.000139195   0.00338794  -0.205897 -0.0212441   0.975878
    10.791  0.000168584 -0.000139195   0.00179004  -0.21017 -0.022831  0.979906
   10.7968 -0.000364047 -0.000139195  0.000192136  -0.214442 -0.0244179   0.983934
   10.8009 -0.000364047  0.000393437  -0.00140576  -0.215785 -0.0201455   0.978441
   10.8068 -0.000364047   0.00092607  -0.00300366 -0.217128 -0.015873  0.972948
   10.8113 -0.000896679   0.00092607 -0.000340495  -0.212855 -0.0137978   0.973558
   10.8166 -0.00142931  0.00092607  0.00232267  -0.208583 -0.0117226   0.974169
   10.8209 0.000701217  0.00092607  0.00392056  -0.208339 -0.0185585   0.977343
   10.8268 0.00283175 0.00092607 0.00551846  -0.208095 -0.0253945   0.980516
   10.8311  0.00123385 0.000393437  0.00498583  -0.212001 -0.0225869   0.980028
   10.8368 -0.000364047 -0.000139195    0.0044532  -0.215907 -0.0197793    0.97954
   10.8409  0.000701217 -0.000139195    0.0028553  -0.215419 -0.0172158    0.97539
   10.8468   0.00176648 -0.000139195    0.0012574  -0.214931 -0.0146523   0.971239
   10.8512   0.00229911 -0.000139195 -0.000340492  -0.210414 -0.0172158   0.971727
   10.8568   0.00283175 -0.000139195  -0.00193839  -0.205897 -0.0197793   0.972216
    10.861  0.000168584 -0.000139195   0.00179004  -0.209682 -0.0203896   0.977465
   10.8668  -0.00249458 -0.000139195   0.00551846 -0.213466    -0.021  0.982714
   10.8712  -0.00196194 -0.000671827   0.00498583  -0.215175 -0.0201455   0.981249
   10.8767 -0.000364048 -0.000671827   0.00605109   -0.21725 -0.0177041   0.977221
   10.8809  0.000701215 -0.000139195   0.00658372 -0.213344 -0.014164  0.973681
   10.8868  0.000701215 -0.000139195   0.00551846  -0.209071 -0.0122109   0.972704
   10.8911   0.00123385 -0.000671827    0.0028553  -0.207973 -0.0150185   0.973436
   10.8968  0.00176648 -0.00120446 0.000192136  -0.206386 -0.0216103    0.97661
   10.9011 -0.000896681 -0.000139195   0.00232267  -0.209071 -0.0253945   0.980516
   10.9067  -0.00142931 -0.000139195    0.0044532  -0.215053 -0.0235634   0.981249
   10.9109  0.00176648 -0.00120446  0.00498583  -0.218227 -0.0195351   0.978441
   10.9168   0.00176648 -0.000671827   0.00658372  -0.217494 -0.0156289   0.974779
    10.921   0.00176648 -0.000139195    0.0044532  -0.213832 -0.0129433   0.973192
   10.9268  0.00123385 0.000393437   0.0028553  -0.208949 -0.0139199   0.973681
   10.9313  0.00176648 0.000393437  0.00179004  -0.206874 -0.0196572   0.976488
   10.9367  0.00442964 0.000393437 0.000192139 -0.209315  -0.02454  0.980272
   10.9409  0.00336438 0.000393437   0.0012574  -0.212978 -0.0234414   0.981737
   10.9467   0.00176648 -0.000671827    0.0028553  -0.215419 -0.0197793   0.981127
    10.951   0.00123385 -0.000671827    0.0028553  -0.216395 -0.0168496   0.975512
   10.9568   0.00123385 -0.000139195   0.00179004  -0.213466 -0.0136757   0.971361
   10.9608   0.00283175 -0.000139195    0.0028553  -0.208949 -0.0144082   0.973803
   10.9668   0.00389701 -0.000139195    0.0012574  -0.207484 -0.0199013   0.975756
   10.9709   0.00336438 -0.000139195  -0.00193839  -0.208827 -0.0236855   0.978197
   10.9768   0.00176648 -0.000139195 -0.000873126 -0.213344 -0.022831  0.981493
    10.981  0.000168584 -0.000139195 -0.000340492 -0.217006 -0.019291  0.980394
   10.9867   0.00123385 -0.000671827 -0.000340492   -0.21725 -0.0156289   0.974901
   10.9912   0.00336438 -0.000671827  0.000192139   -0.21432 -0.0128212   0.971483
   10.9968   0.00283175  0.000393437 -0.000873126  -0.209315 -0.0128212   0.973681
   11.0009   0.00176648  0.000393437 -0.000873126  -0.206142 -0.0180703   0.975267
   11.0068   0.00229911  0.000393437 -0.000873126  -0.206874 -0.0246621   0.978319
   11.0109   0.00176648  0.000393437 -0.000873126  -0.211757 -0.0250283   0.983568
   11.0168 0.000701215 0.000393437  0.00072477  -0.217128 -0.0214882   0.981127
   11.0213 0.000701215  0.00092607  0.00179004  -0.218227 -0.0189248   0.975756
   11.0268 -0.000364048   0.00092607    0.0012574  -0.215175 -0.0153847   0.974535
    11.031 -0.000896679  0.000393437   0.00232267  -0.211024 -0.0131875   0.974535
   11.0368  0.000168584 -0.000139195   0.00232267  -0.207728 -0.0172158   0.974413
   11.0412   0.00229911 -0.000139195   0.00179004  -0.208095 -0.0236855   0.977221
   11.0468  0.00283175 -0.00120446  0.00232267  -0.211513 -0.0251503   0.981005
    11.051  0.00123385 -0.00226972  0.00232267  -0.215419 -0.0219765   0.981005
   11.0568 0.000701215 -0.00173709   0.0028553  -0.217128 -0.0188027   0.977465
    11.061 -0.000364048 -0.000671827   0.00551846  -0.215175 -0.0145302   0.973192
   11.0666 -0.00142931 0.000393437  0.00392056  -0.211024 -0.0125771    0.97307
   11.0709 -0.000364048  0.000393437   0.00392056  -0.207606 -0.0172158   0.974413
   11.0768 -0.000364048 -0.000139195   0.00764899  -0.207851 -0.0225869   0.976366
   11.0813  0.000168584 -0.000671827   0.00551846  -0.211146 -0.0241738   0.981005
   11.0865  0.000168584 -0.000671827   0.00551846  -0.215541 -0.0216103   0.981249
    11.091  -0.00142931 -0.000139195   0.00711636  -0.217372 -0.0173378   0.977465
   11.0968 -0.00196194 0.000393437  0.00551846 -0.215419 -0.014164  0.973681
   11.1011 -0.00142931 0.000393437  0.00658372 -0.212001 -0.012455  0.972704
   11.1068 -0.000896679 -0.000139195   0.00711636  -0.207484 -0.0153847   0.973925
   11.1109 -0.00196194 0.000393437  0.00711636  -0.204921 -0.0223427   0.976488
   11.1168 -0.000896681  0.000393437   0.00711636  -0.208705 -0.0250283   0.981737
    11.121   0.00229911 -0.000671827    0.0028553  -0.214442 -0.0229531   0.982836
   11.1268   0.00123385 -0.000139195    0.0012574  -0.217372 -0.0199013   0.978563
   11.1312 -0.000364048 -0.000139195   0.00392056  -0.217616 -0.0164834   0.973925
   11.1366   0.00123385 -0.000139195   0.00392056  -0.214442 -0.0131875   0.972948
   11.1411 0.000701217 0.000393437  0.00338793  -0.210292 -0.0136757   0.974169
   11.1468  0.000168584 -0.000139195   0.00338793  -0.207973 -0.0201455    0.97539
   11.1511  0.000701215 -0.000139195    0.0028553 -0.209437  -0.02454  0.978319
   11.1566  0.00176648 0.000393437  0.00498583 -0.213222 -0.022831  0.980883
   11.1609   0.00123385 -0.000139195   0.00498583  -0.215907 -0.0196572   0.980028
   11.1667  0.000168584 -0.000671827    0.0012574  -0.216151 -0.0163613   0.975512
   11.1709   0.00176648 -0.000671827   0.00072477  -0.212855 -0.0134316   0.973192
   11.1768   0.00229911 -0.000671827   0.00072477  -0.208705 -0.0144082   0.973436
   11.1809  0.000168584 -0.000671827    0.0028553  -0.206874 -0.0200234   0.974657
   11.1868 0.000168584 -0.00120446  0.00551846  -0.208339 -0.0246621    0.97954
    11.191  0.00123385 -0.00120446  0.00392057  -0.213222 -0.0234414    0.98247
   11.1968   0.00176648 -0.000671827    0.0028553   -0.21786 -0.0188027    0.97954
   11.2013  0.000701217 -0.000139195   0.00232267  -0.217982 -0.0146523    0.97539
   11.2065 0.000168584 0.000393437 -0.00140576  -0.214564 -0.0118447   0.972704
    11.211  0.00229911  0.00092607 -0.00353628 -0.210292 -0.012333  0.972704
   11.2167  0.00176648   0.0014587 -0.00140576 -0.207118 -0.017582  0.973803
   11.2209  0.00176648  0.00092607 0.000192139  -0.207728 -0.0230751   0.978075
   11.2268   0.00229911 -0.000671827   0.00179004  -0.212123 -0.0238076   0.982714
   11.2313 -0.000364048  -0.00120446   0.00392056  -0.216395 -0.0212441   0.981127
   11.2365  -0.00249458 -0.000671827   0.00551846   -0.21786 -0.0183144   0.976976
   11.2409 -0.000896681 -0.000139195   0.00551846  -0.215053 -0.0152626   0.974047
   11.2468   0.00176648 -0.000139195   0.00232267  -0.210414 -0.0129433   0.973681
   11.2511   0.00176648 -0.000671827 -0.000340495  -0.207851 -0.0169716   0.974779
   11.2568  0.000701215 -0.000671827  -0.00193839  -0.208461 -0.0235634   0.977343
   11.2611   0.00123385 -0.000671827  -0.00300365  -0.212489 -0.0239296    0.98015
   11.2667  0.00283175 -0.00120446 -0.00247102  -0.215907 -0.0213662   0.981493
    11.271   0.00176648 -0.000671827   0.00072477   -0.21664 -0.0185585   0.977831
   11.2768 -0.000364047  0.000393437   0.00232267  -0.214809 -0.0146523   0.972704
   11.2809 0.000701217  0.00092607  0.00232267  -0.210414 -0.0130654   0.973681
   11.2868  0.00283175 0.000393437   0.0028553  -0.207118 -0.0164834   0.975267
   11.2913  0.00229911 0.000393437   0.0012574  -0.207118 -0.0222207   0.977343
   11.2964  0.000168584 -0.000139195   0.00179004  -0.211146 -0.0247841   0.981493
    11.301 -0.000364047  -0.00173709    0.0044532  -0.216518 -0.0219765   0.981981
   11.3068 0.000168584 -0.00173709   0.0044532  -0.218227 -0.0169716   0.978563
   11.3111   0.00123385 -0.000671827    0.0044532  -0.216151 -0.0126992   0.974291
   11.3168 0.000701217 0.000393437   0.0044532  -0.211513 -0.0103798   0.973192
    11.321  0.000168584 -0.000139195   0.00072477   -0.20724 -0.0137978   0.973558
   11.3268  0.000701215 -0.000671827  -0.00193839  -0.206752 -0.0208779   0.974535
   11.3311 -0.000896681  0.000393437  -0.00140576  -0.209682 -0.0244179    0.98015
   11.3368 -0.000896681   0.00092607 -0.000340495 -0.213832 -0.022831  0.983202
   11.3411 -0.000364048 -0.000139195   0.00179004 -0.216395 -0.019413  0.978197
   11.3468 -0.000364048  -0.00120446   0.00232267   -0.21664 -0.0164834   0.973803
   11.3511  0.000168584 -0.000671827    0.0012574  -0.213466 -0.0137978   0.974047
   11.3568 -0.000896679 -0.000139195   0.00232267  -0.208217 -0.0157509   0.973436
   11.3611 0.000168584 0.000393437   0.0012574  -0.206264 -0.0219765    0.97539
   11.3668 0.000168584 0.000393437  0.00179004   -0.20956 -0.0247841   0.980883
    11.371  -0.00142931 -0.000671827   0.00338794 -0.214686 -0.022831  0.980516
   11.3768 -0.000896679  -0.00120446    0.0012574  -0.217372 -0.0190468   0.977587
    11.381 0.000168584 -0.00173709  0.00232267 -0.216518 -0.015873  0.975634
   11.3868 -0.000364048  -0.00120446   0.00338793  -0.212733 -0.0136757    0.97307
    11.391 -0.000896679 -0.000671827   0.00179004  -0.208217 -0.0144082   0.973925
   11.3968 0.000168584 -0.00120446   0.0044532   -0.20602 -0.0197793   0.975634
    11.401   0.00123385 -0.000671827    0.0044532  -0.207973 -0.0244179    0.97893
   11.4068  0.000701217 -0.000671827   0.00232267  -0.213466 -0.0236855   0.981981
   11.4113 -0.000364047 -0.000671827   0.00392056  -0.218227 -0.0190468   0.979296
   11.4166 -0.000896679 -0.000671827   0.00498583  -0.217738 -0.0152626   0.974657
   11.4211 -0.000896679 -0.000671827   0.00392057 -0.213466 -0.012333  0.973925
   11.4268  0.000168584 -0.000671827   0.00711636  -0.209193 -0.0116005   0.973558
    11.431 0.000701215 -0.00120446  0.00711636  -0.206752 -0.0168496   0.972948
   11.4368  0.000701215 -0.000139195    0.0028553  -0.208339 -0.0227089   0.978075
   11.4411 0.000701215 0.000393437  0.00179004 -0.212489 -0.022831  0.983446
   11.4468  0.000168584 -0.000671827    0.0028553  -0.216029 -0.0201455   0.980761
   11.4512 -0.00196194 0.000393437  0.00392057  -0.216884 -0.0181923   0.975267
   11.4568 -0.00249458 0.000393437  0.00498583  -0.214686 -0.0152626   0.973925
   11.4611  0.000701217 -0.000671827   0.00338793  -0.210902 -0.0142861   0.973192
   11.4668  0.000701217 -0.000139195   0.00392056  -0.207606 -0.0199013   0.974413
   11.4712  0.00123385 -0.00173709  0.00551846  -0.208705 -0.0249062   0.980272
   11.4767  0.00336438 -0.00226972  0.00392057  -0.212978 -0.0244179   0.982225
    11.481  0.000168584 -0.000139195    0.0044532  -0.216518 -0.0214882   0.979662
   11.4868  -0.00142931 -0.000139195   0.00392057  -0.217494 -0.0174599   0.977587
   11.4909   0.00123385 -0.000671827   0.00338794 -0.214686 -0.014164  0.972582
   11.4968   0.00389701 -0.000671827   0.00179004  -0.209804 -0.0136757   0.972094
   11.5013   0.00389701 -0.000139195 -0.000873126   -0.20663 -0.0178261   0.975023
   11.5066   0.00283175   0.00092607 -0.000873126  -0.206386 -0.0233193   0.977587
    11.511   0.00176648   0.00092607 -0.000340495 -0.210902  -0.02454  0.981371
   11.5168 0.000168584 0.000393437 0.000192139   -0.21664 -0.0214882   0.980516
   11.5212   0.00176648  -0.00120446 -0.000340492   -0.21786 -0.0173378   0.976976
   11.5268  0.00283175 -0.00173709 0.000192139  -0.215907 -0.0139199   0.973436
   11.5312   0.00123385  0.000393437 -0.000873126  -0.211635 -0.0117226   0.973558
   11.5367 -0.000896681    0.0014587  -0.00140576 -0.207484 -0.014164   0.97539
   11.5409 -0.00142931 0.000393437   0.0012574   -0.20724 -0.0208779   0.975756
   11.5468   0.00123385 -0.000139195    0.0012574  -0.210414 -0.0239296    0.97954
   11.5512   0.00283175 -0.000671827 -0.000340492   -0.21432 -0.0216103   0.982225
   11.5568   0.00176648 -0.000671827  -0.00193839  -0.216518 -0.0184365   0.978808
   11.5611  0.00123385  0.00092607 -0.00300365  -0.215907 -0.0156289   0.974169
   11.5668  0.00176648   0.0014587 -0.00300365  -0.212123 -0.0133095   0.973436
   11.5714   0.00123385   0.00092607 -0.000873126  -0.207606 -0.0164834   0.973436
   11.5768   0.00123385 -0.000139195 -0.000340495  -0.206874 -0.0229531   0.976122
    11.581  0.000701217 -0.000671827   0.00072477   -0.21017 -0.0249062   0.981371
   11.5868  0.000701217 -0.000139195   0.00072477 -0.215175 -0.022831  0.982103
   11.5909  0.000168584 -0.000139195    0.0012574 -0.218104 -0.019291  0.980028
   11.5968 -0.000364048 -0.000671827    0.0044532  -0.216518 -0.0153847   0.974779
    11.601   0.00229911 -0.000671827   0.00072477  -0.212245 -0.0130654    0.97185
   11.6068   0.00283175 -0.000139195  -0.00300365  -0.208095 -0.0153847   0.974047
   11.6109  0.00176648 0.000393437 -0.00193839 -0.205409    -0.021  0.976244
   11.6168   0.00123385  0.000393437 -0.000340492   -0.20724 -0.0251503   0.980272
   11.6213  0.000701215 -0.000139195   0.00232267    -0.2131 -0.0241738   0.982225
   11.6268 -0.000364048 -0.000671827    0.0028553  -0.217006 -0.0196572    0.97954
    11.631 -0.00196194 -0.00120446   0.0028553 -0.217128 -0.015873   0.97539
   11.6368  -0.00142931 -0.000139195   0.00392057  -0.213832 -0.0125771   0.972826
   11.6409 0.000701217 0.000393437  0.00232267  -0.209193 -0.0122109   0.973803
   11.6468 0.000168584 0.000393437   0.0012574  -0.206508 -0.0180703   0.974169
    11.651 -0.000896679  0.000393437   0.00072477  -0.208095 -0.0241738   0.977343
   11.6568 -0.000364047 -0.000671827  -0.00193839  -0.212978 -0.0235634   0.982348
   11.6613  -0.00196194 -0.000671827  0.000192139  -0.216029 -0.0195351   0.980639
   11.6668  -0.00142931 -0.000671827   0.00392057  -0.215907 -0.0163613   0.976366
   11.6711 0.000168584 -0.00173709  0.00392057  -0.213466 -0.0129433   0.974535
   11.6768  -0.00249458 -0.000671827    0.0044532  -0.209315 -0.0139199   0.973925
   11.6812 -0.00302721  0.00092607  0.00338793   -0.20724 -0.0201455   0.974413
   11.6866 -0.000364048  0.000393437   0.00072477  -0.208705 -0.0251503   0.978441
    11.691 0.000701215 -0.00120446  0.00179004  -0.212978 -0.0249062    0.98247
   11.6968 -0.000364048  -0.00173709   0.00338794  -0.215907 -0.0229531   0.983202
    11.701 -0.000896679  -0.00120446   0.00179004  -0.216151 -0.0191689   0.979052
   11.7068  -0.00196194 -0.000671827   0.00658372  -0.214686 -0.0134316   0.972826
   11.7112 -0.00196194 0.000393437  0.00711636  -0.210536 -0.0125771   0.971972
   11.7165  0.000168584 -0.000139195   0.00338793  -0.205897 -0.0178261   0.974413
   11.7213  0.000701215 -0.000671827    0.0044532  -0.205897 -0.0238076   0.977343
   11.7268  0.00176648 -0.00120446  0.00392057   -0.21017 -0.0247841   0.982103
   11.7311  0.00176648 -0.00173709   0.0012574  -0.215541 -0.0214882   0.982958
   11.7368 0.000701215 -0.00120446 -0.00193839  -0.218837 -0.0190468   0.980761
    11.741  0.000701215 -0.000671827 -0.000873126  -0.216151 -0.0161171   0.976976
   11.7467  0.000701215 -0.000139195  0.000192136  -0.213466 -0.0131875   0.973192
    11.751  0.000701215 -0.000139195   0.00232267  -0.209682 -0.0152626    0.97307
   11.7567  0.000701215 -0.000139195    0.0044532  -0.205897 -0.0173378   0.972948
   11.7609 -0.000364048 -0.000139195   0.00392057  -0.209682 -0.0196572    0.97893
   11.7668  -0.00142931 -0.000139195   0.00338794  -0.213466 -0.0219765   0.984911
   11.7711 -0.000896679  0.000393437   0.00179004  -0.214931 -0.0191689   0.980639
   11.7768 -0.000364047   0.00092607  0.000192136  -0.216395 -0.0163613   0.976366
   11.7813   0.00123385 -0.000139195 -0.000340495  -0.213222 -0.0146523   0.974413
   11.7868   0.00283175  -0.00120446 -0.000873126  -0.210048 -0.0129433    0.97246
   11.7911   0.00123385 -0.000671827    0.0012574  -0.208827 -0.0196572   0.975023
   11.7968 -0.000364047 -0.000139195   0.00338794 -0.207606 -0.026371  0.977587
    11.801 -0.000896679 -0.000139195    0.0028553  -0.212733 -0.0238076   0.979052
   11.8066  -0.00142931 -0.000139195   0.00232267   -0.21786 -0.0212441   0.980516
   11.8112  0.000701217 -0.000139195   0.00072477  -0.216884 -0.0170937   0.977343
   11.8168   0.00283175 -0.000139195 -0.000873126  -0.215907 -0.0129433   0.974169
    11.821   0.00336438 -0.000139195 -0.000873126  -0.211024 -0.0153847   0.973436
   11.8268   0.00389701 -0.000139195 -0.000873126  -0.206142 -0.0178261   0.972704
   11.8311  0.00123385 -0.00120446  0.00232267  -0.208705 -0.0212441   0.977465
   11.8368 -0.00142931 -0.00226972  0.00551846  -0.211269 -0.0246621   0.982225
    11.841 0.000168584 -0.00173709  0.00392056 -0.214564 -0.021122  0.979296
   11.8468  0.00176648 -0.00120446  0.00232267  -0.21786 -0.017582  0.976366
   11.8509  0.000168584 -0.000671827   0.00232267  -0.214442 -0.0145302   0.975267
   11.8568  -0.00142931 -0.000139195   0.00232267  -0.211024 -0.0114785   0.974169
   11.8611 -0.000364048 -0.000139195   0.00232267   -0.20956 -0.0129433   0.973436
   11.8668   0.00123385 -0.000139195   0.00179004  -0.207606 -0.0181923   0.974413
   11.8712  0.00283175 -0.00120446 0.000192139  -0.208827 -0.0227089   0.978441
   11.8766  0.00229911 -0.00120446   0.0012574  -0.212855 -0.0222207   0.980272
   11.8809  0.000701215 -0.000139195   0.00498583   -0.21664 -0.0191689   0.978441
   11.8868  0.00123385 -0.00120446  0.00498583  -0.216518 -0.0163613   0.975145
   11.8913 0.000168584 -0.00120446  0.00658373  -0.212978 -0.0137978   0.972826
   11.8967 0.000168584 0.000393437  0.00658373  -0.209437 -0.0137978   0.973558
   11.9009   0.00176648 -0.000139195    0.0028553  -0.206874 -0.0191689   0.974657
   11.9068  0.000701217 -0.000671827   0.00232267  -0.207484 -0.0244179   0.978197
   11.9111 -0.000896679 -0.000671827   0.00338793  -0.212489 -0.0250283   0.982958
   11.9168  -0.00196194 -0.000671827   0.00338793   -0.21786 -0.0216103   0.981249
    11.921 -0.00355984 0.000393437   0.0044532  -0.218593 -0.0173378   0.977221
   11.9268 -0.00249458  0.00092607  0.00392057  -0.214686 -0.0142861   0.974413
   11.9311 0.000168584 0.000393437  0.00232267  -0.209926 -0.0136757    0.97307
   11.9368   0.00176648 -0.000671827    0.0028553  -0.207606 -0.0180703   0.973681
   11.9411   0.00229911 -0.000671827    0.0012574  -0.208095 -0.0242959   0.977099
   11.9467   0.00123385 -0.000139195  -0.00140576  -0.211635 -0.0250283   0.981249
   11.9509  0.000701215 -0.000139195  0.000192139  -0.215663 -0.0216103   0.981005
   11.9568  0.00176648 0.000393437   0.0012574  -0.216884 -0.0181923   0.977465
   11.9609  0.00283175  0.00092607 -0.00140576  -0.215907 -0.0148964   0.973925
   11.9667   0.00229911  0.000393437 -0.000340492  -0.211757 -0.0130654   0.973436
   11.9709  0.00123385 0.000393437 0.000192139  -0.207606 -0.0162392   0.973925
   11.9768  0.000701215   0.00092607 -0.000340495  -0.207851 -0.0216103   0.977709
    11.981 -0.000364048  0.000393437   0.00072477  -0.211513 -0.0224648   0.981493
   11.9867  -0.00142931 -0.000671827 -0.000873126  -0.215785 -0.0202675   0.980516
   11.9909  -0.00196194 -0.000671827 -0.000873126  -0.217616 -0.0173378   0.977221
   11.9968 -0.000896681 -0.000139195   0.00072477  -0.215541 -0.0137978    0.97307
   12.0012 0.000701215 0.000393437 0.000192136 -0.211269 -0.012455  0.972826
   12.0067 0.000168584 0.000393437  0.00072477  -0.207728 -0.0157509   0.974291
   12.0109 0.000701217 0.000393437   0.0012574  -0.206264 -0.0219765   0.976854
   12.0168  0.00123385 0.000393437 -0.00193839  -0.209315 -0.0256386   0.981493
   12.0212 -0.000364048 -0.000139195  -0.00247102  -0.215419 -0.0238076   0.981981
   12.0268  -0.00142931 -0.000671827    0.0012574  -0.218715 -0.0199013   0.978441
   12.0309 -0.00196194 -0.00120446  0.00338793  -0.217372 -0.0166054   0.975023
   12.0368  -0.00249458 -0.000671827   0.00498583  -0.212855 -0.0131875   0.973558
   12.0413 -0.00249458  0.00092607  0.00392056  -0.207973 -0.0139199   0.973925
   12.0467 -0.000896681   0.00092607    0.0028553  -0.206386 -0.0208779   0.975145
    12.051   0.00229911 -0.000671827    0.0028553  -0.209437 -0.0250283    0.97954
   12.0567   0.00123385 -0.000139195    0.0012574  -0.214198 -0.0227089   0.982592
    12.061 -0.000896679   0.00092607  0.000192136  -0.216518 -0.0186806   0.979296
   12.0668  -0.00196194 -0.000139195   0.00605109  -0.216518 -0.0156289   0.974169
   12.0711 -0.00249458 -0.00120446  0.00924689  -0.213588 -0.0134316   0.972582
   12.0768 -0.000364048 -0.000671827   0.00711636  -0.208583 -0.0144082   0.973192
   12.0809 0.000168584 0.000393437  0.00605109  -0.206752 -0.0196572   0.975634
   12.0868 -0.000364047 -0.000139195   0.00392057  -0.208827 -0.0239296   0.980516
    12.091  -0.00142931 -0.000671827    0.0028553  -0.213588 -0.0224648   0.982103
   12.0968  -0.00142931 -0.000139195   0.00392056  -0.217006 -0.0186806   0.978808
   12.1012 -0.000896679   0.00092607   0.00498583   -0.21664 -0.0153847   0.975512
   12.1066 0.000168584 0.000393437   0.0044532  -0.213222 -0.0128212   0.972704
   12.1111  0.00229911 -0.00120446  0.00338793  -0.208827 -0.0133095   0.972704
   12.1168   0.00176648 -0.000671827    0.0028553  -0.205653 -0.0189248   0.975756
    12.121   0.00123385 -0.000139195    0.0028553   -0.20663 -0.0244179   0.979662
   12.1268  0.000701217 -0.000139195   0.00338793  -0.212245 -0.0241738   0.982592
   12.1311 0.000168584 0.000393437  0.00232267   -0.21725 -0.0212441   0.981005
   12.1367 -0.000364048  0.000393437   0.00232267  -0.218715 -0.0181923   0.976488
   12.1409 -0.000364048 -0.000139195   0.00232267  -0.215907 -0.0145302    0.97307
   12.1468  0.000701215 -0.000671827   0.00072477 -0.211024 -0.012455  0.973925
   12.1511  0.000701215 -0.000671827   0.00232267  -0.206874 -0.0172158   0.975634
   12.1568   0.00123385 -0.000139195   0.00179004  -0.207484 -0.0231972   0.976488
    12.161   0.00176648 -0.000671827    0.0012574  -0.211635 -0.0241738   0.980761
   12.1668 0.000701217 -0.00120446  0.00179004  -0.215053 -0.0216103    0.98308
   12.1712 0.000701217 -0.00120446 -0.00193839  -0.216762 -0.0173378   0.976488
   12.1767  0.00336438 -0.00120446 -0.00300365  -0.214442 -0.0135537   0.972216
   12.1809   0.00336438 -0.000671827  -0.00193839  -0.209682 -0.0128212   0.973925
   12.1868   0.00229911 -0.000139195  -0.00140576  -0.206996 -0.0174599   0.973436
    12.191  0.00123385 0.000393437  0.00072477  -0.207851 -0.0234414   0.976488
   12.1967 0.000701217 0.000393437   0.0028553  -0.211757 -0.0240517   0.982958
   12.2009   0.00176648 -0.000139195   0.00232267   -0.21664 -0.0208779   0.981127
   12.2068  0.000701217 -0.000139195   0.00179004   -0.21786 -0.0170937   0.976732
   12.2111  0.000701217 -0.000671827    0.0028553  -0.215175 -0.0133095   0.974413
   12.2168   0.00123385 -0.000139195  0.000192139  -0.210902 -0.0122109   0.972216
    12.221 -0.000896681 -0.000139195  0.000192139  -0.206752 -0.0159951   0.973681
   12.2268  -0.00142931 -0.000139195    0.0028553  -0.205531 -0.0222207   0.978808
   12.2315 -0.000896679  0.000393437    0.0028553  -0.209682 -0.0252724   0.982348
   12.2365  -0.00196194 -0.000139195   0.00338793  -0.215175 -0.0235634   0.981493
    12.241  -0.00249458 -0.000139195   0.00338793   -0.21786 -0.0201455   0.978563
   12.2468  -0.00249458 -0.000139195   0.00232267  -0.216884 -0.0167275   0.974535
   12.2513 -0.000364048 -0.000139195   0.00072477  -0.212611 -0.0134316   0.973558
   12.2567   0.00176648  0.000393437 -0.000873126  -0.208827 -0.0146523   0.974413
   12.2609 0.000701217 0.000393437  0.00179004   -0.20724 -0.0214882   0.974901
   12.2668 -0.000364047 -0.000139195    0.0044532  -0.209315 -0.0247841   0.978075
   12.2712 0.000701217 -0.00120446  0.00392057  -0.21371 -0.022831  0.981127
   12.2768  0.00176648 -0.00173709   0.0044532   -0.21664 -0.0197793   0.979052
   12.2812  0.000701217 -0.000671827    0.0044532  -0.215907 -0.0162392   0.974535
   12.2868  0.000701217 -0.000139195    0.0028553  -0.212611 -0.0130654   0.972948
   12.2911 0.000701217 0.000393437   0.0028553  -0.208949 -0.0146523   0.973803
   12.2968  0.00176648 0.000393437 0.000724774   -0.20663 -0.0216103   0.976122
   12.3009  0.00283175 0.000393437 -0.00140576 -0.208827  -0.02454  0.979784
   12.3068 0.000168584 0.000393437  0.00179004  -0.214198 -0.0222207   0.981981
   12.3113  -0.00142931 -0.000139195   0.00392057   -0.21786 -0.0184365   0.979784
   12.3166 -0.00142931 0.000393437  0.00338794  -0.216884 -0.0144082   0.975512
   12.3212  0.000701217 -0.000139195    0.0028553  -0.213466 -0.0118447    0.97246
   12.3268  0.00229911 -0.00120446   0.0044532  -0.209193 -0.0125771    0.97246
    12.331   0.00123385 -0.000139195    0.0044532  -0.205165 -0.0184365   0.975512
   12.3368 -0.000364048  0.000393437  0.000192139   -0.20663 -0.0239296   0.979784
    12.341  0.000701217 -0.000139195  -0.00247102  -0.212123 -0.0235634   0.981859
   12.3467   0.00123385 -0.000139195  -0.00140576  -0.216273 -0.0206337    0.98015
   12.3509 0.000701217 0.000393437 -0.00406892  -0.217006 -0.0179482   0.975512
   12.3568  0.000168584 -0.000139195  -0.00193839   -0.21432 -0.0152626   0.972338
   12.3612  -0.00196194 -0.000139195   0.00392057  -0.210658 -0.0139199   0.973803
   12.3666 -0.00142931 0.000393437   0.0028553  -0.208217 -0.0177041   0.975023
   12.3709  0.000168584 -0.000671827   0.00179004  -0.208461 -0.0239296   0.976854
   12.3768  0.00176648 -0.00120446   0.0028553  -0.211757 -0.0246621   0.980883
   12.3809  0.000168584 -0.000671827   0.00498583  -0.215419 -0.0213662   0.981371
   12.3868 -0.00142931  0.00092607   0.0028553  -0.216762 -0.0180703   0.976366
   12.3913  0.000168584    0.0014587 -0.000873126  -0.214564 -0.0146523   0.972582
   12.3968  0.000168584    0.0014587 -0.000873126  -0.210536 -0.0131875   0.973436
    12.401 0.000168584 0.000393437  0.00072477 -0.207606 -0.017582  0.974657
   12.4067  0.00176648 -0.00173709  0.00232267  -0.208095 -0.0240517   0.977221
    12.411  0.00229911 -0.00120446  0.00232267  -0.212123 -0.0246621   0.981493
   12.4168 -0.000364048 -0.000139195   0.00232267   -0.21664 -0.0212441   0.981737
   12.4211  -0.00196194 -0.000139195  0.000724774  -0.218104 -0.0163613   0.978197
   12.4268 -0.000364048  0.000393437  0.000192139  -0.216273 -0.0119668   0.974169
    12.431   0.00123385 -0.000139195   0.00072477  -0.212001 -0.0108681   0.972948
   12.4368 -0.000364048 -0.000671827   0.00232267  -0.206996 -0.0150185   0.972826
   12.4412  -0.00142931 -0.000671827   0.00392056  -0.206386 -0.0220986   0.974657
   12.4468 -0.000896679 -0.000671827   0.00232267 -0.210048  -0.02454  0.981005
   12.4509  -0.00142931 -0.000139195    0.0028553  -0.214564 -0.0218544   0.981737
   12.4568 -0.000364048 -0.000139195    0.0044532  -0.216884 -0.0184365   0.976976
   12.4612 -0.000364048 -0.000139195   0.00392056  -0.215785 -0.0156289   0.974047
   12.4668 -0.000896679 -0.000139195    0.0028553  -0.212611 -0.0131875   0.973192
    12.471 -0.000896679   0.00092607    0.0044532  -0.208583 -0.0148964   0.974901
   12.4767 0.00123385  0.0014587 0.00658372  -0.206874 -0.0213662   0.976732
   12.4809 0.000701217  0.00092607  0.00711636  -0.210292 -0.0244179   0.979906
   12.4868 -0.00142931  0.00092607  0.00711636  -0.215053 -0.0218544   0.982225
   12.4909 -0.000364047 -0.000139195   0.00658372  -0.216884 -0.0190468    0.97954
   12.4968  0.000701217 -0.000139195   0.00392056  -0.216029 -0.0157509   0.974047
   12.5013  0.00176648 0.000393437  0.00179004  -0.212489 -0.0126992   0.973192
   12.5068  0.00123385 0.000393437  0.00072477 -0.208339 -0.014164  0.974901
    12.511  0.00176648 0.000393437   0.0028553   -0.20663 -0.0205117   0.974413
   12.5168   0.00336438 -0.000671827   0.00392056  -0.209437 -0.0253945   0.979418
   12.5211  0.00229911 -0.00120446  0.00232267   -0.21432 -0.0240517   0.982836
   12.5268   0.00123385 -0.000139195  -0.00140576   -0.21725 -0.0186806   0.978563
   12.5312  0.00283175 0.000393437 -0.00353628  -0.216273 -0.0142861   0.974047
   12.5366   0.00283175 -0.000139195  -0.00300365  -0.212489 -0.0116005   0.974047
   12.5409  0.000701217 -0.000671827 -0.000873126 -0.208583 -0.012455  0.973681
   12.5468 0.000168584 0.000393437  0.00072477  -0.206142 -0.0188027   0.973558
   12.5511 0.00123385 0.00092607  0.0012574  -0.208339 -0.0236855   0.978808
   12.5567   0.00123385 -0.000671827   0.00338794  -0.212978 -0.0231972    0.98247
   12.5611  0.000168584 -0.000671827    0.0028553  -0.215907 -0.0201455   0.980394
   12.5668 -0.00142931 0.000393437   0.0012574  -0.216884 -0.0170937   0.975756
    12.571 -0.00142931 0.000393437 0.000192136  -0.214931 -0.0135537   0.973192
   12.5768 -0.000364047 -0.000139195  -0.00193839   -0.21078 -0.0131875   0.973436
    12.581   0.00123385 -0.000139195 -0.000873126  -0.207851 -0.0188027   0.975023
   12.5867  0.00336438 -0.00120446 0.000192139  -0.208583 -0.0238076   0.979174
    12.591   0.00123385  -0.00173709 -0.000340492  -0.212733 -0.0234414   0.982225
   12.5967 -0.000896679 -0.000671827   0.00072477  -0.216762 -0.0203896   0.979662
    12.601   0.00123385 -0.000671827   0.00179004   -0.21664 -0.0172158      0.976
   12.6068   0.00176648 -0.000671827  0.000724774  -0.213588 -0.0144082   0.972704
   12.6111   0.00176648 -0.000671827 -0.000340492  -0.209926 -0.0134316    0.97246
   12.6167  0.00176648 -0.00120446   0.0012574  -0.206386 -0.0180703   0.975023
   12.6213 -0.000364048 -0.000139195   0.00232267  -0.206142 -0.0242959   0.978319
   12.6268  -0.00142931 -0.000139195   0.00338794  -0.211391 -0.0251503   0.981127
   12.6311 -0.00142931 -0.00120446  0.00551846  -0.216884 -0.0212441   0.980516
   12.6368 -0.000896679  -0.00120446   0.00764899  -0.218471 -0.0172158   0.976976
    12.641 0.000168584 -0.00120446  0.00658372  -0.216273 -0.0137978   0.973192
   12.6468 -0.000364048 -0.000139195   0.00338793  -0.211513 -0.0113564   0.973803
   12.6512 -0.000896679   0.00092607    0.0012574  -0.207728 -0.0152626   0.974535
   12.6568 -0.000364047   0.00092607    0.0012574 -0.206386 -0.019291  0.973681
   12.6609  0.00123385 0.000393437   0.0012574  -0.209926 -0.0213662   0.978197
   12.6668   0.00176648 -0.000671827    0.0012574  -0.215175 -0.0216103   0.981859
   12.6712 -0.000364048 -0.000671827    0.0044532  -0.217372 -0.0186806   0.978441
   12.6768  -0.00142931 -0.000139195   0.00764899  -0.21786 -0.017582  0.975878
    12.681 -0.000896679 -0.000671827   0.00924689  -0.213588 -0.0150185   0.975512
   12.6867 -0.000364047  -0.00120446    0.0108448 -0.209315 -0.012455  0.975145
    12.691 -0.000364047 -0.000671827   0.00818162  -0.208461 -0.0184365   0.976976
   12.6968 -0.000364047 -0.000139195   0.00551846  -0.207606 -0.0244179   0.978808
    12.701 -0.000364047  0.000393437    0.0028553  -0.212489 -0.0223427   0.979784
   12.7068 -0.000896679   0.00092607  0.000192136  -0.217738 -0.0186806   0.978563
   12.7114  -0.00142931 -0.000139195    0.0028553  -0.216762 -0.0152626    0.97307
   12.7166 -0.00142931 -0.00120446  0.00551846  -0.215419 -0.0134316   0.969774
   12.7209 -0.000364048 -0.000671827   0.00498583  -0.211024 -0.0157509   0.972094
   12.7268  0.000701215 -0.000139195    0.0044532   -0.20663 -0.0180703   0.974413
   12.7312  0.00123385 -0.00120446  0.00392057  -0.208583 -0.0218544   0.978808
   12.7367  0.00176648 -0.00226972  0.00338794  -0.210536 -0.0256386   0.983202
   12.7409 0.000701217 -0.00120446   0.0012574  -0.214809 -0.0219765   0.979784
   12.7468 -0.000364047 -0.000139195 -0.000873126  -0.219081 -0.0183144   0.976366
   12.7511  0.000701217 -0.000671827    0.0012574  -0.214686 -0.0146523   0.975878
   12.7568  0.00176648 -0.00120446  0.00338794  -0.210292 -0.0109902    0.97539
   12.7611   0.00123385 -0.000671827   0.00338794  -0.208583 -0.0167275   0.975023
   12.7666  0.000701215 -0.000139195   0.00338794  -0.206874 -0.0224648   0.974657
    12.771  0.000168584 -0.000139195   0.00338794  -0.211024 -0.0213662   0.977343
   12.7767 -0.000364047 -0.000139195   0.00338794  -0.215175 -0.0202675   0.980028
    12.781 -0.000896679 -0.000139195   0.00338794  -0.216273 -0.0174599   0.977099
   12.7868  -0.00142931 -0.000139195   0.00338794  -0.217372 -0.0146523   0.974169
   12.7911  -0.00142931 -0.000139195   0.00179004  -0.212245 -0.0157509   0.973192
   12.7968  -0.00142931 -0.000139195  0.000192136  -0.207118 -0.0168496   0.972216
    12.801 -0.000364048 -0.000671827   0.00179004 -0.208583    -0.021   0.97661
   12.8068 0.000701215 -0.00120446  0.00338794  -0.210048 -0.0251503   0.981005
   12.8111 0.000701215 -0.00120446  0.00338794  -0.214442 -0.0217324   0.980272
   12.8168 0.000701215 -0.00120446  0.00338794  -0.218837 -0.0183144    0.97954
    12.821  0.000701215 -0.000139195    0.0012574  -0.217494 -0.0166054   0.977099
   12.8268 0.000168584  0.00092607   0.0012574  -0.213832 -0.0135537    0.97246
   12.8312 0.000701217 0.000393437  0.00232267  -0.209926 -0.0133095    0.97246
   12.8368   0.00176648 -0.000671827   0.00179004   -0.20663 -0.0184365   0.975512
    12.841  0.000168584 -0.000671827    0.0028553 -0.206508  -0.02454  0.978563
   12.8468 -0.000364048 -0.000671827   0.00392057  -0.211024 -0.0251503   0.981493
   12.8509 0.000168584 -0.00120446   0.0044532  -0.215785 -0.0212441   0.981249
   12.8568 0.000168584 -0.00120446  0.00711636  -0.217982 -0.0183144   0.976976
   12.8612   0.00229911 -0.000671827   0.00498583 -0.216273 -0.015873   0.97246
   12.8667  0.00229911 0.000393437   0.0028553  -0.212001 -0.0130654   0.974047
    12.871  0.000701215 -0.000139195   0.00179004  -0.208095 -0.0155068   0.975145
   12.8768  0.000701215 -0.000671827 -0.000340492  -0.207484 -0.0219765   0.975145
   12.8811  0.000168584 -0.000671827   0.00338793  -0.211269 -0.0235634   0.980639
   12.8868  0.000701217 -0.000671827   0.00658372  -0.215297 -0.0205117   0.982103
   12.8911 0.000701217  0.00092607  0.00338793  -0.217006 -0.0178261   0.977343
   12.8967 0.000701217 0.000393437   0.0012574  -0.215663 -0.0144082   0.973925
    12.901   0.00176648 -0.000671827   0.00338794  -0.211757 -0.0125771   0.973803
   12.9068  0.00176648 0.000393437   0.0012574  -0.208095 -0.0164834   0.974413
   12.9109   0.00176648   0.00092607 -0.000340495  -0.206996 -0.0229531   0.976122
   12.9168   0.00176648 -0.000139195  0.000192136  -0.210414 -0.0252724   0.981493
   12.9213   0.00176648  -0.00120446 -0.000340495  -0.216151 -0.0227089    0.98247
   12.9267 0.000701217 -0.00120446 0.000192139  -0.218104 -0.0185585   0.977831
   12.9309  0.000701217 -0.000671827    0.0012574  -0.215663 -0.0146523   0.973925
   12.9368  0.00336438 0.000393437 -0.00353629 -0.212001 -0.012455  0.972216
   12.9411  0.00389701  0.00092607 -0.00406892  -0.207484 -0.0148964   0.972338
   12.9468  0.00336438  0.00092607 -0.00140576  -0.205775 -0.0213662   0.976366
   12.9511  0.00336438 0.000393437 -0.00140576   -0.20956 -0.0247841   0.981371
   12.9567  0.00123385 0.000393437  0.00072477  -0.214198 -0.0231972   0.982225
    12.961  0.00123385 0.000393437 -0.00193839  -0.216762 -0.0200234   0.980394
   12.9668   0.00229911 -0.000671827  -0.00193839  -0.217494 -0.0163613   0.974779
   12.9711  0.00123385 -0.00120446  0.00179004  -0.213954 -0.0130654   0.972216
   12.9768   0.00176648  -0.00120446 -0.000340495  -0.208705 -0.0134316   0.974413
   12.9811  0.00283175 -0.00120446 -0.00140576 -0.206752 -0.019291  0.975145
   12.9868  0.00283175 -0.00120446 0.000192136  -0.208583 -0.0242959   0.978685
   12.9912   0.00123385 -0.000671827  -0.00140576  -0.212978 -0.0233193   0.981737
   12.9968  0.000701217 -0.000139195  -0.00140576   -0.21664 -0.0191689   0.979418
   13.0011   0.00283175 -0.000139195  -0.00300366 -0.215907 -0.015873  0.976122
   13.0068  0.00176648 0.000393437 -0.00406892  -0.211879 -0.0134316   0.973192
   13.0111 0.000168584  0.00092607 -0.00140576  -0.208461 -0.0135537   0.973436
   13.0166   0.00123385 -0.000139195 -0.000340495 -0.206752 -0.019291  0.976488
    13.021  0.000701217 -0.000671827    0.0012574  -0.208217 -0.0244179   0.979296
   13.0268 -0.000364047  0.000393437   0.00232267  -0.212733 -0.0242959   0.981493
   13.0311 -0.000364047  0.000393437    0.0012574 -0.216884 -0.021122  0.980883
   13.0368 -0.000364047 -0.000139195 -0.000340495   -0.21786 -0.0163613   0.976854
   13.0413  0.000701217  -0.00120446 -0.000873126 -0.215419 -0.012333  0.973192
   13.0467 0.000701217 -0.00120446  0.00072477  -0.210536 -0.0120888   0.973681
    13.051  0.000701217 -0.000139195   0.00072477   -0.20663 -0.0172158   0.974169
   13.0568  0.000701217 -0.000139195  0.000192139  -0.207118 -0.0233193   0.976854
    13.061 -0.000364047 -0.000671827   0.00179004  -0.211269 -0.0246621   0.982103
   13.0668 0.000168584 -0.00173709   0.0028553  -0.215175 -0.0223427   0.982103
   13.0712  0.000701215 -0.000671827  0.000724774   -0.21664 -0.0196572   0.976488
   13.0768 0.000168584 0.000393437 0.000192139  -0.215175 -0.0159951   0.972338
   13.0813  0.000168584 -0.000139195    0.0012574  -0.210414 -0.0130654   0.974779
   13.0868   0.00123385 -0.000139195 -0.000340495  -0.206996 -0.0164834   0.975023
   13.0911   0.00123385 -0.000139195 -0.000340495  -0.208095 -0.0225869   0.976244
   13.0968   0.00176648 -0.000671827   0.00072477  -0.211635 -0.0242959   0.981371
   13.1012  0.00336438 -0.00120446 0.000192139  -0.215541 -0.0216103   0.980516
   13.1068   0.00176648 -0.000671827   0.00232267  -0.217616 -0.0179482   0.976244
    13.111 -0.000896679  0.000393437    0.0028553  -0.215663 -0.0139199   0.974291
   13.1168 0.000701217 0.000393437  0.00392056   -0.21078 -0.0116005   0.973558
    13.121   0.00283175 -0.000671827    0.0028553  -0.206996 -0.0156289   0.973314
   13.1268  0.000701217  -0.00120446 -0.000340492  -0.206508 -0.0229531   0.977587
   13.1314 -0.000896679  -0.00120446   0.00179004  -0.210048 -0.0257607   0.982103
   13.1364 -0.000364047  -0.00120446   0.00179004 -0.215541 -0.022831  0.981005
   13.1411 -0.000364047 -0.000671827   0.00232267  -0.217494 -0.0179482   0.978197
   13.1468 -0.000364047 -0.000671827   0.00658373  -0.216151 -0.0139199   0.974413
   13.1512 -0.00142931 -0.00120446  0.00764899  -0.212611 -0.0112343   0.972704
   13.1568 -0.000364048 -0.000139195   0.00551846  -0.208461 -0.0134316   0.973192
   13.1609  0.00123385 0.000393437  0.00392056  -0.206874 -0.0206337   0.974901
   13.1668   0.00176648 -0.000139195   0.00072477  -0.208583 -0.0249062   0.979906
   13.1712   0.00229911 -0.000671827    0.0012574  -0.213222 -0.0229531   0.982225
   13.1768  0.000168584 -0.000671827    0.0012574  -0.216884 -0.0195351   0.979174
    13.181 -0.000896679 -0.000671827   0.00072477  -0.217372 -0.0167275   0.974535
   13.1868 -0.00196194 -0.00120446   0.0044532  -0.214198 -0.0131875   0.972704
   13.1912  -0.00355984 -0.000671827   0.00605109  -0.209315 -0.0136757   0.973803
   13.1968  -0.00142931 -0.000671827   0.00605109  -0.207484 -0.0201455   0.976366
   13.2014 0.000168584 -0.00173709  0.00711636  -0.209437 -0.0242959   0.980272
   13.2067 -0.000896679  -0.00120446   0.00605109  -0.213344 -0.0218544   0.981981
   13.2109  -0.00249458 -0.000671827   0.00392057  -0.216762 -0.0183144   0.980028
   13.2168  -0.00196194 -0.000671827    0.0028553  -0.216029 -0.0162392   0.975145
   13.2212  0.000701217 -0.000139195   0.00072477  -0.212367 -0.0129433   0.972216
   13.2268   0.00123385 -0.000671827    0.0012574  -0.207973 -0.0128212   0.974413
   13.2311   0.00123385 -0.000671827    0.0028553  -0.205287 -0.0195351   0.975756
   13.2368  0.000168584 -0.000139195   0.00232267  -0.207851 -0.0247841   0.979296
    13.241  -0.00142931 -0.000139195    0.0044532  -0.213466 -0.0241738   0.982348
   13.2468  0.000168584 -0.000671827    0.0044532  -0.217616 -0.0200234   0.979418
   13.2512  0.00123385 -0.00120446   0.0012574 -0.218593 -0.015873  0.975023
   13.2568 -0.000364048 -0.000671827   0.00179004  -0.215541 -0.0129433   0.973436
    13.261   0.00123385 -0.000139195  0.000192139  -0.210292 -0.0119668   0.973681
   13.2668   0.00176648 -0.000139195  0.000192139  -0.207484 -0.0161171   0.973558
   13.2709   0.00176648 -0.000671827   0.00392057  -0.208339 -0.0225869   0.977099
   13.2768  0.00176648 -0.00120446   0.0028553  -0.211513 -0.0239296   0.982714
    13.281 -0.000896679  -0.00120446   0.00338793  -0.215175 -0.0207558   0.981737
   13.2868 -0.000364048  -0.00120446    0.0044532  -0.216395 -0.0174599   0.976732
   13.2913  0.00123385 -0.00120446   0.0012574  -0.214442 -0.0146523   0.974413
   13.2967   0.00176648 -0.000671827    0.0012574  -0.210414 -0.0136757   0.973436
   13.3009  0.00283175 0.000393437  0.00179004  -0.206996 -0.0179482   0.973925
   13.3068 0.00229911 0.00092607 0.00072477  -0.207606 -0.0236855   0.978075
   13.3112  0.000701215 -0.000139195   0.00338793  -0.211757 -0.0239296   0.981615
   13.3168 0.000701215 -0.00120446   0.0044532  -0.216518 -0.0206337   0.980516
   13.3211  0.000168584 -0.000671827   0.00338794  -0.217738 -0.0173378   0.977221
   13.3268  0.000701217 -0.000671827   0.00551846  -0.215419 -0.0140419   0.971972
    13.331  0.00229911 -0.00120446  0.00498583  -0.211269 -0.0130654   0.971972
   13.3368   0.00176648 -0.000671827    0.0028553  -0.206996 -0.0163613   0.974291
   13.3412 0.000701215 -0.00173709  0.00392057  -0.205775 -0.0214882   0.976122
   13.3466 -0.000364048  -0.00280236   0.00551846   -0.20956 -0.0242959   0.980028
   13.3509 -0.00142931 -0.00173709  0.00551846  -0.215419 -0.0217324   0.980516
   13.3568 -0.00196194 -0.00120446  0.00498583   -0.21786 -0.0179482   0.978075
   13.3611  0.000701217 -0.000671827    0.0044532  -0.216273 -0.0155068   0.974413
   13.3668  0.00123385 0.000393437  0.00605109  -0.212123 -0.0129433    0.97307
   13.3711 0.000168584 0.000393437  0.00605109  -0.207973 -0.0140419   0.974779
   13.3767   0.00123385 -0.000139195   0.00338794  -0.206508 -0.0203896   0.975878
   13.3809  0.000168584 -0.000671827   0.00392057   -0.20956 -0.0241738   0.978808
   13.3868 0.000168584 -0.00120446  0.00605109  -0.214442 -0.0225869    0.98247
   13.3909 -0.000364048 -0.000671827   0.00551846 -0.217128 -0.019413  0.979418
   13.3968  -0.00142931 -0.000671827   0.00605109  -0.216395 -0.0162392   0.973925
    13.401 -0.000896679 -0.000139195   0.00605109  -0.212611 -0.0142861   0.973925
   13.4068 -0.000364047   0.00092607   0.00551846  -0.208827 -0.0164834   0.974169
   13.4113   0.00123385 -0.000671827   0.00498583   -0.20724 -0.0224648   0.974901
   13.4168  0.00283175 -0.00173709  0.00392056  -0.209682 -0.0249062   0.979418
   13.4211  0.000168584 -0.000671827   0.00711636  -0.214809 -0.0225869   0.981981
   13.4268  0.000168584 -0.000671827   0.00551846 -0.216884 -0.019413  0.980394
   13.4312   0.00229911 -0.000671827   0.00179004  -0.215541 -0.0150185   0.974779
   13.4368   0.00229911 -0.000139195   0.00179004  -0.212733 -0.0122109    0.97185
   13.4415   0.00389701 -0.000671827    0.0012574  -0.208339 -0.0145302    0.97307
   13.4467   0.00283174 -0.000139195 -0.000873126  -0.205287 -0.0202675   0.975023
   13.4509   0.00123385   0.00092607 -0.000873126  -0.207362 -0.0241738   0.980516
   13.4568  0.00123385 0.000393437   0.0028553    -0.2131 -0.0231972   0.982836
   13.4613   0.00123385 -0.000671827   0.00338793 -0.217494 -0.019413  0.980028
   13.4668 0.000701217 -0.00120446  0.00072477  -0.218104 -0.0162392   0.976854
   13.4709 0.000701217 -0.00120446 -0.00247102  -0.215175 -0.0129433    0.97307
   13.4768  0.000701217 -0.000139195 -0.000873122  -0.209804 -0.0126992   0.973192
    13.481  0.000168584 -0.000139195   0.00338794  -0.206752 -0.0178261   0.975267
   13.4868  0.00123385 -0.00120446 0.000192139  -0.208217 -0.0224648   0.977587
   13.4911   0.00229911 -0.000671827  -0.00353629  -0.212123 -0.0233193   0.981249
   13.4968 -0.000364048 -0.000671827   0.00072477  -0.215541 -0.0207558   0.980761
   13.5012  -0.00142931 -0.000671827 -0.000340495  -0.216518 -0.0177041   0.976244
   13.5067 0.000701215 0.000393437 -0.00566681  -0.214564 -0.0142861   0.973681
   13.5109 0.000701215 0.000393437 -0.00300365  -0.210292 -0.0133095   0.973558
   13.5168  0.000701215 -0.000139195 -0.000340495  -0.207484 -0.0188027   0.974779
   13.5214  0.000168584  0.000393437 -0.000340495  -0.207973 -0.0252724    0.97893
   13.5268  0.000168584 -0.000139195  0.000192139  -0.212733 -0.0249062   0.982714
    13.531   0.00123385 -0.000671827    0.0028553  -0.217738 -0.0208779   0.981737
   13.5368  0.000168584 -0.000139195    0.0028553  -0.217982 -0.0169716   0.977953
    13.541  0.000168584 -0.000139195  -0.00247102  -0.215297 -0.0136757   0.973436
   13.5468  0.00123385 0.000393437 -0.00193839  -0.211146 -0.0133095   0.972216
   13.5511  0.00123385 0.000393437  0.00179004  -0.206508 -0.0170937   0.974413
   13.5566  0.00336438 -0.00120446   0.0012574   -0.20602 -0.0227089   0.977221
    13.561  0.00336438 -0.00226972  0.00072477  -0.210048 -0.0246621   0.981493
   13.5668 0.000701217 -0.00120446  0.00179004  -0.215053 -0.0213662   0.982348
   13.5712  -0.00142931 -0.000139195   0.00179004   -0.21725 -0.0174599   0.977831
   13.5767 -0.000364048 -0.000671827    0.0012574  -0.215663 -0.0145302   0.973436
   13.5809   0.00123385 -0.000671827   0.00179004 -0.212123 -0.012333  0.973436
   13.5868  0.000168584 -0.000139195   0.00072477  -0.207973 -0.0144082   0.974413
   13.5913 -0.000896679  0.000393437   0.00179004  -0.206874 -0.0201455    0.97539
   13.5965 -0.00249458 0.000393437  0.00658373   -0.21017 -0.0241738   0.979906
    13.601  -0.00409248 -0.000139195   0.00764899 -0.214809 -0.022831  0.981249
   13.6068  -0.00409248 -0.000671827   0.00764899  -0.217616 -0.0185585   0.977709
    13.611 -0.00302721 0.000393437  0.00764899  -0.216151 -0.0153847   0.974169
   13.6167 -0.00196194   0.0014587  0.00498583  -0.213954 -0.0144082   0.972216
    13.621 0.000168584  0.00092607   0.0028553  -0.210658 -0.0164834   0.972948
   13.6268   0.00229911 -0.000139195    0.0012574   -0.20663 -0.0217324   0.975756
   13.6312  0.00283175 -0.00173709   0.0028553  -0.208949 -0.0258828   0.981127
   13.6367  0.00283175 -0.00226972   0.0044532  -0.212001 -0.0268593   0.984423
   13.6409  0.00229911 -0.00120446  0.00232267  -0.215297 -0.0218544   0.981615
   13.6468 0.000168584 0.000393437  0.00338793  -0.217006 -0.0151406    0.97661
   13.6511 -0.000896679 -0.000139195   0.00605109  -0.212978 -0.0126992    0.97307
   13.6568 -0.000364047  -0.00120446   0.00551846  -0.210536 -0.0119668   0.971727
    13.661   0.00123385 -0.000139195   0.00392056  -0.208217 -0.0179482   0.974047
   13.6668   0.00229911 -0.000139195    0.0028553  -0.207973 -0.0244179   0.978563
   13.6712  0.00176648 -0.00120446  0.00179004  -0.212611 -0.0233193   0.982103
   13.6768  0.00176648 -0.00120446 0.000192136  -0.215175 -0.0217324   0.983446
    13.681  0.000168584 -0.000671827  0.000192136  -0.215785 -0.0183144   0.976976
   13.6868  -0.00142931 -0.000139195  0.000192136  -0.216395 -0.0148964   0.970507
   13.6911  0.000168584 -0.000139195   0.00072477  -0.212001 -0.0144082   0.973314
   13.6968   0.00176648 -0.000139195    0.0012574  -0.207606 -0.0139199   0.976122
   13.7011 0.000168584 0.000393437  0.00179004  -0.209193 -0.0186806   0.978319
   13.7068 -0.00142931  0.00092607  0.00232267   -0.21078 -0.0234414   0.980516
    13.711 -0.00142931 0.000393437  0.00338793  -0.214686 -0.0205117    0.97893
   13.7168  -0.00142931 -0.000139195    0.0044532 -0.218593 -0.017582  0.977343
    13.721  0.000701217 -0.000139195   0.00072477  -0.215297 -0.0148964   0.975756
   13.7268   0.00283175 -0.000139195  -0.00300366  -0.212001 -0.0122109   0.974169
   13.7314  0.000168584 -0.000139195   0.00179004  -0.209926 -0.0133095   0.973925
   13.7365 -0.000896681 -0.000139195   0.00551846  -0.206386 -0.0185585   0.974657
   13.7411  0.000168584 -0.000139195   0.00338793   -0.21017 -0.0236855   0.978319
   13.7468 -0.000364047 -0.000139195   0.00232267  -0.215419 -0.0246621   0.981005
   13.7509 0.000701217 -0.00120446  0.00179004   -0.21664 -0.0201455   0.978197
   13.7568  0.00176648 -0.00226972   0.0012574   -0.21786 -0.0156289    0.97539
    13.761 0.000701217 -0.00120446  0.00072477  -0.213222 -0.0137978   0.975756
   13.7667 -0.000364047 -0.000139195  0.000192136  -0.208583 -0.0119668   0.976122
   13.7709   0.00229911 -0.000671827   0.00232267  -0.208095 -0.0189248   0.976976
   13.7768  0.00496227 -0.00120446   0.0044532  -0.207606 -0.0258828   0.977831
   13.7811   0.00336438 -0.000671827   0.00232267  -0.210536 -0.0244179   0.981249
   13.7868   0.00176648 -0.000139195  0.000192136  -0.215175 -0.0213662   0.982225
    13.791   0.00229911 -0.000139195   0.00179004  -0.217372 -0.0179482   0.976488
   13.7968   0.00283175 -0.000671827   0.00498583  -0.216151 -0.0147744   0.973192
   13.8012  0.000701217 -0.000671827   0.00551846  -0.211879 -0.0126992   0.973925
   13.8067 -0.000896679  0.000393437    0.0044532  -0.207606 -0.0159951   0.973192
   13.8111  0.000168584 -0.000139195   0.00338793  -0.206874 -0.0222207   0.976732
   13.8168  0.000701215 -0.000671827   0.00498583  -0.210902 -0.0235634    0.98247
    13.821 -0.000896681 -0.000139195   0.00764899  -0.216029 -0.0214882   0.980761
   13.8268  0.000168584 -0.000671827    0.0044532  -0.217372 -0.0180703   0.977099
   13.8309   0.00123385 -0.000139195   0.00338793  -0.215663 -0.0140419   0.974291
   13.8368 0.000168584  0.00092607  0.00392056  -0.212245 -0.0125771   0.972704
   13.8412 0.000701215  0.00092607   0.0028553  -0.207973 -0.0156289   0.973681
   13.8468  0.00123385 0.000393437  0.00232267   -0.20663 -0.0216103   0.977221
    13.851   0.00229911 -0.000139195 -0.000873126  -0.209315 -0.0258828   0.980761
   13.8568  0.000701217  0.000393437 -0.000340495  -0.215297 -0.0246621   0.980394
   13.8613  0.000168584  0.000393437 -0.000340495  -0.219447 -0.0203896   0.979052
   13.8668   0.00176648 -0.000139195  -0.00193839  -0.217982 -0.0164834   0.975878
   13.8709   0.00123385   0.00092607 -0.000340495  -0.213344 -0.0128212   0.972704
   13.8768   0.00176648   0.00092607 -0.000873126  -0.208583 -0.0131875   0.974047
   13.8813   0.00176648 -0.000139195  -0.00140576 -0.206386 -0.019413   0.97539
   13.8867  0.000701215 -0.000671827 -0.000873126  -0.208217 -0.0240517   0.978808
    13.891 -0.000364048 -0.000671827    0.0012574  -0.212855 -0.0233193   0.982836
   13.8967  -0.00142931 -0.000139195   0.00392057  -0.216395 -0.0201455   0.980639
    13.901  -0.00142931 -0.000139195   0.00232267  -0.217372 -0.0168496   0.975267
   13.9068 -0.000896679  0.000393437   0.00179004 -0.214442 -0.014164  0.973314
   13.9111  0.000168584 -0.000139195    0.0012574  -0.209437 -0.0139199   0.972948
   13.9168  0.00123385 -0.00120446  0.00072477  -0.206996 -0.0189248   0.973803
   13.9212   0.00176648 -0.000671827  0.000192139  -0.208217 -0.0236855    0.97893
   13.9268  0.000168584 -0.000139195    0.0012574  -0.213222 -0.0223427   0.982103
    13.931  -0.00142931 -0.000139195    0.0028553   -0.21725 -0.0196572   0.979906
   13.9368  0.000168584 -0.000671827   0.00232267  -0.217128 -0.0164834      0.976
   13.9414 -0.000364048 -0.000671827    0.0028553  -0.214442 -0.0129433   0.971972
   13.9466 -0.00196194  0.00092607  0.00232267  -0.209926 -0.0135537    0.97246
   13.9511 -0.00142931   0.0014587   0.0012574   -0.20602 -0.0189248   0.976244
   13.9567 -0.00142931 0.000393437  0.00232267 -0.206874  -0.02454  0.979296
   13.9609 -0.000896679  0.000393437    0.0044532  -0.211757 -0.0256386   0.981737
   13.9668 -0.00196194 0.000393437  0.00764899   -0.21664 -0.0219765   0.981493
    13.971  -0.00355984 -0.000139195   0.00924689  -0.218349 -0.0179482   0.976732
   13.9766 -0.000896681 -0.000139195   0.00498583  -0.215419 -0.0147744   0.973314
    13.981  0.000701217 -0.000139195    0.0028553 -0.211024 -0.012333  0.974291
   13.9868  0.000168584 -0.000139195    0.0044532  -0.207362 -0.0156289   0.974047
   13.9912  0.000701215 -0.000139195   0.00605109  -0.207606 -0.0220986   0.975634
   13.9967  0.000701215 -0.000139195    0.0044532  -0.211513 -0.0241738   0.981249
   14.0009  0.000701215 -0.000671827   0.00232267  -0.215297 -0.0213662   0.982103
   14.0068  0.000168584 -0.000139195   0.00551846  -0.217128 -0.0172158   0.977099
   14.0111 -0.000896679    0.0014587   0.00605109  -0.214809 -0.0137978   0.974047
   14.0167 0.000168584 0.000393437  0.00498583  -0.211024 -0.0120888   0.973558
    14.021  0.000701217 -0.000139195   0.00498583  -0.208583 -0.0159951   0.973192
   14.0268  0.00123385 0.000393437   0.0028553  -0.208217 -0.0224648   0.976976
   14.0314   0.00283175 -0.000139195   0.00179004  -0.211757 -0.0239296   0.982225
   14.0366   0.00123385 -0.000139195    0.0028553  -0.216518 -0.0217324   0.981737
    14.041 -0.00196194 0.000393437  0.00338793   -0.21786 -0.0174599   0.978808
   14.0468  -0.00142931 -0.000139195   0.00232267  -0.216395 -0.0133095   0.974047
   14.0511 0.000701215 -0.00120446  0.00338793  -0.212611 -0.0126992   0.971605
   14.0567  0.000701215 -0.000139195   0.00232267 -0.208095 -0.015873  0.974413
   14.0609 0.000168584 0.000393437   0.0012574  -0.205653 -0.0224648   0.977343
   14.0668 0.000701217 0.000393437  0.00232267  -0.207973 -0.0260048   0.980516
   14.0713   0.00123385 -0.000139195    0.0012574   -0.21371 -0.0233193   0.982836
   14.0768 0.000701215 -0.00173709  0.00179004  -0.217128 -0.0200234    0.97954
    14.081 0.000168584 -0.00120446  0.00232267  -0.216884 -0.0167275   0.974169
   14.0868 0.000701217 0.000393437   0.0028553    -0.2131 -0.0134316   0.973681
   14.0912  0.00123385 0.000393437  0.00498583  -0.208217 -0.0140419   0.974169
   14.0968 0.000168584 0.000393437   0.0044532  -0.206752 -0.0196572   0.974657
    14.101 0.000701217 0.000393437  0.00232267   -0.20956 -0.0241738    0.97893
   14.1068  0.00176648 -0.00120446  0.00338793  -0.213588 -0.0229531   0.981249
   14.1109   0.00123385 -0.000671827    0.0028553   -0.21664 -0.0189248   0.979662
   14.1168  0.00176648 0.000393437   0.0012574  -0.216029 -0.0157509   0.975878
   14.1209   0.00283175 -0.000139195    0.0012574  -0.212489 -0.0125771    0.97307
   14.1268   0.00123385 -0.000671827    0.0012574  -0.209682 -0.0131875   0.973558
   14.1314 0.000701217 -0.00120446  0.00338793  -0.207484 -0.0196572   0.976488
   14.1367  0.00123385 -0.00120446  0.00551846  -0.208583 -0.0239296   0.980272
   14.1409  0.000701215 -0.000671827   0.00551846  -0.213466 -0.0236855   0.981737
   14.1468 -0.00142931 0.000393437  0.00658372  -0.217372 -0.0197793   0.981249
   14.1513 -0.00196194 0.000393437  0.00658372  -0.218104 -0.0150185   0.976732
   14.1566 -0.000364047  0.000393437   0.00392057  -0.214564 -0.0126992   0.972216
   14.1611 0.000701217 0.000393437   0.0012574  -0.209071 -0.0128212   0.972948
   14.1666  0.00176648 0.000393437 0.000192139  -0.205531 -0.0178261   0.974169
    14.171   0.00123385 -0.000139195   0.00232267   -0.20602 -0.0236855   0.978685
   14.1768 0.000168584 -0.00120446   0.0028553  -0.211269 -0.0244179   0.982836
    14.181 0.000701217 -0.00120446   0.0028553  -0.216151 -0.0218544   0.980761
   14.1867 0.000168584 -0.00120446  0.00818162   -0.21786 -0.0185585   0.976732
    14.191 -0.000364048  -0.00120446   0.00764899  -0.216151 -0.0153847    0.97307
   14.1967  0.000701215 -0.000671827    0.0028553  -0.211269 -0.0135537   0.973192
    14.201  0.000701215 -0.000671827    0.0028553  -0.207606 -0.0164834   0.975023
   14.2068 0.000701215 -0.00120446  0.00392056  -0.208095 -0.0229531   0.976854
   14.2109 -0.000364048 -0.000139195    0.0044532  -0.212245 -0.0242959   0.979662
   14.2168 -0.000364048 -0.000139195   0.00392057  -0.216151 -0.0213662   0.981249
   14.2209  0.00229911 -0.00173709  0.00498583  -0.216884 -0.0188027   0.977587
   14.2268  0.00123385 -0.00173709  0.00711636  -0.214442 -0.0151406   0.973192
   14.2312 0.000168584 -0.00120446  0.00658372  -0.210048 -0.0133095   0.974413
   14.2368  0.00176648 -0.00120446   0.0044532  -0.206508 -0.0169716   0.974413
   14.2409  0.000701217 -0.000671827   0.00498583  -0.206508 -0.0225869   0.975878
   14.2466 -0.000364047  0.000393437   0.00498583   -0.21017 -0.0251503   0.981737
   14.2513  0.000701217 -0.000139195   0.00498583  -0.216029 -0.0220986   0.981371
   14.2567 -0.000364048 -0.000671827   0.00711636  -0.218349 -0.0168496   0.977587
    14.261 -0.000896681  0.000393437   0.00498583  -0.216029 -0.0140419   0.974779
   14.2668 -0.000896681  0.000393437   0.00338793  -0.212611 -0.0117226    0.97246
    14.271 -0.000896681  0.000393437    0.0044532  -0.208217 -0.0145302    0.97246
   14.2768  0.00229911 0.000393437  0.00392057  -0.206996 -0.0216103   0.975267
   14.2813   0.00283175 -0.000671827   0.00605109  -0.209804 -0.0244179   0.980272
   14.2868 0.000168584 -0.00120446  0.00551846  -0.213954 -0.0225869   0.982103
   14.2909 -0.000896679 -0.000139195  0.000192139 -0.217128 -0.019291  0.979174
   14.2968   0.00123385 -0.000671827  0.000192139   -0.21664 -0.0167275   0.973803
   14.3011  0.00176648 -0.00173709  0.00179004  -0.212611 -0.0146523   0.971972
   14.3068  0.000701215 -0.000671827   0.00179004  -0.208095 -0.0145302   0.974657
    14.311   0.00176648 -0.000139195   0.00338794  -0.206752 -0.0200234   0.975878
   14.3168  0.00229911 0.000393437   0.0028553 -0.209193  -0.02454  0.979662
    14.321  0.00229911 0.000393437  0.00232267  -0.213832 -0.0227089   0.982225
   14.3268   0.00123385 -0.000139195   0.00392056  -0.216518 -0.0196572   0.978563
   14.3311 0.000168584 0.000393437   0.0012574  -0.216029 -0.0163613   0.974291
   14.3368  0.000168584  0.000393437 -0.000340495  -0.212978 -0.0130654   0.973436
   14.3413 0.000701217 0.000393437  0.00072477  -0.208827 -0.0139199   0.974413
   14.3468   0.00283175   0.00092607 -0.000340495  -0.206996 -0.0202675   0.975634
   14.3509  0.00389701 0.000393437  0.00072477  -0.209315 -0.0255166   0.979906
   14.3568   0.00176648 -0.000139195    0.0012574  -0.214564 -0.0246621   0.981493
   14.3612 -0.000896679 -0.000139195  -0.00300365  -0.218349 -0.0202675    0.97954
   14.3667  -0.00196194 -0.000139195  -0.00140576  -0.218227 -0.0156289   0.975512
   14.3709  -0.00196194 -0.000671827   0.00498583   -0.21432 -0.0119668   0.972582
   14.3768 -0.000364048 -0.000671827    0.0044532  -0.209071 -0.0118447   0.973803
   14.3811 -0.000896681 -0.000139195   0.00338794  -0.205775 -0.0169716   0.974413
   14.3868 -0.00196194 0.000393437   0.0044532 -0.207606 -0.022831  0.977221
   14.3912 -0.000896679 -0.000139195   0.00392056  -0.211635 -0.0240517   0.982714
   14.3967 -0.00142931 -0.00120446  0.00551846  -0.214564 -0.0208779   0.981127
    14.401  -0.00302721 -0.000139195   0.00711636  -0.216395 -0.0177041   0.975023
   14.4068 -0.00196194  0.00092607  0.00232267  -0.214809 -0.0156289   0.973558
   14.4112 -0.000364047  0.000393437   0.00498583 -0.210536 -0.014164  0.973925
   14.4168 -0.000364047  0.000393437   0.00764899  -0.206996 -0.0186806   0.973925
   14.4212 0.000168584 0.000393437   0.0044532  -0.207606 -0.0240517   0.978197
   14.4268  0.000701215 -0.000671827   0.00498583  -0.212489 -0.0238076    0.98247
   14.4313  0.00123385 -0.00173709  0.00498583  -0.216884 -0.0213662   0.979662
   14.4368  0.00229911 -0.00120446  0.00338793 -0.217738 -0.017582  0.976976
   14.4413   0.00229911 -0.000139195   0.00338793  -0.215663 -0.0139199   0.974169
   14.4468  0.00123385 0.000393437  0.00338793   -0.21078 -0.0130654   0.971727
    14.451  0.00176648 0.000393437   0.0012574  -0.206874 -0.0170937   0.974535
   14.4567  0.00229911 0.000393437   0.0012574   -0.20663 -0.0238076   0.978075
   14.4613  0.00123385 0.000393437  0.00232267 -0.210292 -0.026249  0.980639
   14.4668  0.000168584 -0.000139195    0.0012574  -0.216151 -0.0223427   0.981493
    14.471  0.000701217 -0.000671827   0.00232267  -0.218227 -0.0179482   0.978685
   14.4768   0.00123385 -0.000139195   0.00338793  -0.215907 -0.0142861   0.973925
   14.4809 0.000168584 0.000393437   0.0028553  -0.211635 -0.0113564   0.973192
   14.4868 0.000701217 0.000393437  0.00179004  -0.207606 -0.0137978   0.974413
   14.4912  0.00229911 0.000393437   0.0012574  -0.206874 -0.0203896   0.976488
   14.4968   0.00176648 -0.000671827    0.0028553  -0.209804 -0.0242959   0.980761
   14.5013 -0.000364048 -0.000671827    0.0044532  -0.214686 -0.0217324   0.981859
   14.5068  0.000168584 -0.000139195   0.00232267  -0.217616 -0.0183144   0.979662
   14.5111   0.00336438 -0.000139195 -0.000340495 -0.215907 -0.015873  0.974535
   14.5168  0.00389701 0.000393437 -0.00300366  -0.212001 -0.0126992   0.972094
    14.521  0.00229911 0.000393437 -0.00353629  -0.207728 -0.0156289   0.973925
   14.5268   0.00123385 -0.000671827 -0.000873126  -0.206508 -0.0222207   0.976488
   14.5312  0.000168584  -0.00120446 -0.000340495  -0.209926 -0.0247841   0.981005
   14.5367  0.000168584 -0.000671827    0.0028553  -0.214564 -0.0233193   0.982348
   14.5409  0.000168584 -0.000671827    0.0044532  -0.216884 -0.0195351   0.980028
   14.5468 -0.000364047 -0.000139195    0.0044532   -0.21664 -0.0156289   0.974413
   14.5514 -0.000896679   0.00092607    0.0044532  -0.212978 -0.0131875   0.971605
   14.5565  0.000168584 -0.000139195    0.0012574  -0.207728 -0.0142861   0.974657
   14.5611   0.00229911  -0.00120446 -0.000873126  -0.205897 -0.0206337   0.976366
   14.5668  0.00176648 0.000393437 -0.00140576  -0.207728 -0.0255166   0.980272
   14.5711 0.000701215 0.000393437 -0.00406892  -0.213222 -0.0235634   0.982836
   14.5768  0.00123385 -0.00120446 -0.00406892  -0.218104 -0.0196572    0.97893
   14.5811   0.00176648 -0.000671827  -0.00140576  -0.217616 -0.0172158   0.975145
   14.5867   0.00176648 -0.000139195 -0.000873126  -0.215907 -0.0163613   0.974169
   14.5909   0.00176648 -0.000671827   0.00338793  -0.211513 -0.0146523   0.973803
   14.5968  0.00176648 -0.00120446   0.0044532   -0.20724 -0.0167275   0.974291
   14.6012   0.00123385 -0.000671827    0.0012574  -0.208461 -0.0229531   0.977221
   14.6069  0.000168584 -0.000139195   0.00179004  -0.211879 -0.0236855   0.981249
   14.6112 -0.000896679  -0.00120446    0.0012574  -0.215053 -0.0208779   0.980516
   14.6168 -0.000896679  -0.00120446  0.000192136  -0.215907 -0.0179482   0.975512
   14.6213 0.000168584 0.000393437 -0.00193839   -0.21371 -0.0136757   0.974169
   14.6268 0.000701215  0.00092607 -0.00406892  -0.211513 -0.0112343   0.975145
   14.6312 0.000701215 0.000393437  0.00072477  -0.209071 -0.0168496   0.974657
   14.6368  0.000701215 -0.000139195   0.00551846   -0.20663 -0.0224648   0.974169
    14.641  0.000701215 -0.000671827   0.00498583  -0.210292 -0.0229531   0.977953
   14.6468 0.000701215 -0.00120446   0.0044532  -0.213954 -0.0234414   0.981737
    14.651  0.00229911 -0.00120446  0.00232267  -0.215663 -0.0191689   0.979784
   14.6568  0.00389701 -0.00120446 0.000192136  -0.217372 -0.0148964   0.977831
   14.6609   0.00229911 -0.000671827   0.00179004  -0.213466 -0.0137978   0.975878
   14.6668   0.00123385 -0.000671827    0.0028553   -0.20724 -0.0169716   0.974901
   14.6715   0.00176648 -0.000671827    0.0012574  -0.206508 -0.0233193   0.977221
   14.6768   0.00176648 -0.000139195  0.000192136  -0.208095 -0.0253945   0.978563
    14.681   0.00123385 -0.000671827    0.0028553  -0.212733 -0.0220986   0.979662
   14.6868 0.000701215 -0.00120446  0.00551846  -0.217372 -0.0188027   0.980761
    14.691   0.00123385 -0.000671827   0.00338793  -0.215907 -0.0166054   0.976366
   14.6968   0.00176648 -0.000139195    0.0012574  -0.214442 -0.0144082   0.971972
   14.7011   0.00229911 -0.000139195   0.00072477  -0.210292 -0.0161171   0.973314
   14.7069   0.00283175 -0.000139195  0.000192136  -0.206142 -0.0178261   0.974657
   14.7114  0.000701217 -0.000671827  0.000192136  -0.209437 -0.0205117   0.979418
   14.7168 -0.00142931 -0.00120446 0.000192136  -0.212733 -0.0231972   0.984179
   14.7212  -0.00142931 -0.000139195   0.00179004  -0.214564 -0.0203896   0.979418
   14.7268 -0.00142931  0.00092607  0.00338794 -0.216395 -0.017582  0.974657
   14.7314 -0.000364048  0.000393437    0.0044532  -0.215419 -0.0148964   0.974291
   14.7367  0.000701215 -0.000139195   0.00338793 -0.212245 -0.012455  0.973558
    14.741  0.000168584 -0.000139195   0.00072477  -0.208461 -0.0188027   0.975756
   14.7468 -0.000364047 -0.000139195  0.000192136  -0.206874 -0.0249062   0.978319
    14.751 -0.000364047 -0.000139195  0.000192136  -0.209437 -0.0255166   0.981249
   14.7568  0.000701217 -0.000671827 -0.000873126  -0.214931 -0.0236855   0.982592
   14.7613  0.00176648 -0.00120446 0.000192139  -0.218471 -0.0189248   0.979906
   14.7665   0.00176648 -0.000139195   0.00072477  -0.217128 -0.0152626   0.974901
   14.7711   0.00176648    0.0014587 -0.000340495  -0.212855 -0.0131875   0.971727
   14.7768  0.00176648   0.0014587 0.000192136  -0.207973 -0.0151406    0.97307
   14.7812   0.00176648  0.000393437 -0.000873126 -0.205775    -0.021  0.974413
   14.7868   0.00176648 -0.000139195  -0.00140576  -0.208339 -0.0246621   0.978563
   14.7911  0.000168584  0.000393437 -0.000340495  -0.212611 -0.0235634    0.98247
   14.7968 -0.000364048   0.00092607  -0.00140576  -0.216029 -0.0205117   0.980028
   14.8012 0.000701215 0.000393437  0.00179004  -0.216884 -0.0177041    0.97539
   14.8068 0.000701215 0.000393437   0.0028553  -0.213954 -0.0145302   0.973314
   14.8109  0.00123385 0.000393437   0.0012574  -0.209926 -0.0130654   0.974047
   14.8169  0.00123385 0.000393437  0.00232267   -0.20724 -0.0181923   0.975634
   14.8213  0.00123385 0.000393437   0.0012574  -0.208583 -0.0230751   0.978319
   14.8268 0.000168584 -0.00120446  0.00232267  -0.212978 -0.0222207   0.980883
   14.8309 0.000168584 -0.00120446  0.00338794  -0.216151 -0.0196572   0.980028
   14.8368 0.000701217 0.000393437   0.0028553   -0.21664 -0.0162392      0.976
   14.8412 -0.000364047   0.00092607   0.00179004  -0.213466 -0.0129433   0.972826
   14.8468 -0.000364047  0.000393437    0.0028553  -0.209071 -0.0130654   0.974169
   14.8511 0.000701217 -0.00120446   0.0028553  -0.206996 -0.0185585   0.975512
   14.8567   0.00123385 -0.000671827    0.0028553  -0.208095 -0.0251503   0.977587
   14.8611 0.000168584  0.00092607  0.00392057 -0.212489 -0.026249  0.981981
   14.8668 -0.000896679  0.000393437   0.00498583  -0.217494 -0.0214882   0.981859
    14.871 -0.000364048  0.000393437    0.0044532  -0.218227 -0.0169716   0.976366
   14.8768 0.00123385 0.00092607 0.00498583  -0.215541 -0.0136757   0.972826
   14.8813  0.00229911 0.000393437   0.0044532 -0.211269 -0.012455   0.97307
   14.8868  0.00176648 0.000393437   0.0028553  -0.207362 -0.0166054   0.973314
   14.8909   0.00123385 -0.000139195   0.00338793  -0.206874 -0.0233193   0.976854
   14.8968   0.00283175 -0.000671827    0.0012574  -0.210902 -0.0250283   0.981371
    14.901  0.00176648 0.000393437 0.000192136  -0.214809 -0.0214882   0.981737
   14.9068  0.000168584 -0.000139195   0.00179004  -0.216029 -0.0179482   0.978319
   14.9111  0.000168584 -0.000139195  0.000724774  -0.215053 -0.0146523   0.972338
   14.9167   0.00176648   0.00092607 -0.000873126  -0.211391 -0.0122109   0.973192
   14.9213  0.00229911   0.0014587 0.000192136  -0.207606 -0.0159951   0.975756
   14.9268  0.00176648   0.0014587 -0.00193839  -0.207118 -0.0219765    0.97661
   14.9309  0.00176648 0.000393437 -0.00247102  -0.210658 -0.0227089   0.980761
   14.9368 -0.000364048 -0.000139195  0.000192139  -0.215663 -0.0208779   0.981737
   14.9413 -0.000896679 -0.000139195  0.000192139  -0.218104 -0.0177041   0.977465
   14.9468 -0.000364047 -0.000139195  0.000192139  -0.215663 -0.0144082   0.973436
   14.9511 -0.000896679  0.000393437   0.00179004  -0.211024 -0.0128212   0.973803
   14.9568 -0.000896679   0.00092607   0.00338793  -0.207851 -0.0151406   0.974413
   14.9609  0.00123385 0.000393437   0.0028553  -0.207118 -0.0218544   0.975878
   14.9668   0.00283175 -0.000671827 -0.000340492  -0.210048 -0.0256386   0.981493
   14.9712  0.00283175 -0.00120446 -0.00140576  -0.215907 -0.0229531   0.982225
   14.9765  0.000701217 -0.000671827 -0.000340495  -0.218349 -0.0189248   0.977709
   14.9811 0.000168584 0.000393437 -0.00353629  -0.216762 -0.0157509   0.974657
   14.9868  0.00229911 0.000393437 -0.00300365  -0.212855 -0.0128212   0.973436
   14.9912  0.000701217   0.00092607 -0.000873126  -0.207851 -0.0139199   0.973436
   14.9968 0.000168584   0.0014587 -0.00406892  -0.205897 -0.0205117   0.974535
    15.001 0.000701217  0.00092607 -0.00140576  -0.208461 -0.0247841   0.979296
   15.0068 -0.000364047 -0.000139195   0.00232267  -0.212733 -0.0230751   0.982958
   15.0109 -0.000896679 -0.000671827    0.0028553  -0.216029 -0.0196572   0.979662
   15.0168  -0.00142931 -0.000139195    0.0028553   -0.21664 -0.0172158   0.975145
   15.0209   0.00123385 -0.000139195  0.000192139  -0.214198 -0.0145302   0.974047
   15.0268  0.00176648 0.000393437 -0.00193839  -0.210414 -0.0148964   0.973681
   15.0312 -0.000364047  0.000393437 -0.000340492  -0.208583 -0.0200234   0.975267
   15.0367  0.000168584 -0.000671827   0.00072477  -0.209804 -0.0235634   0.980639
   15.0411 0.000701215 -0.00120446 0.000192136    -0.2131 -0.0227089   0.982958
   15.0468  0.000168584 -0.000671827   0.00072477 -0.217006 -0.019291  0.979174
   15.0511 -0.000896679  0.000393437    0.0028553  -0.217128 -0.0156289   0.975023
   15.0568 -0.000364048  0.000393437    0.0044532  -0.213466 -0.0129433   0.973192
   15.0611  0.000168584 -0.000671827   0.00338793  -0.209071 -0.0129433   0.973314
   15.0667 -0.000896679 -0.000671827   0.00232267   -0.20602 -0.0181923   0.975512
    15.071 -0.000896679 -0.000671827    0.0028553  -0.206874 -0.0238076   0.980516
   15.0768 -0.00196194 -0.00120446  0.00498583  -0.212245 -0.0247841   0.981981
   15.0809  -0.00302721 -0.000671827   0.00658373  -0.217372 -0.0218544   0.979784
   15.0868  -0.00302721 -0.000671827   0.00977952  -0.218349 -0.0180703   0.976854
   15.0913  -0.00302721 -0.000671827   0.00871425  -0.215907 -0.0151406   0.973558
   15.0967 -0.00142931 0.000393437  0.00605109  -0.211024 -0.0126992   0.973925
    15.101 -0.000364047  0.000393437   0.00551846   -0.20724 -0.0156289   0.975145
   15.1068 0.000168584 0.000393437  0.00179004  -0.207728 -0.0225869   0.976732
   15.1111  0.000168584 -0.000139195    0.0012574  -0.211146 -0.0247841   0.981005
   15.1168 -0.000896679  -0.00120446   0.00232267  -0.215419 -0.0213662   0.981737
   15.1211 -0.00142931 -0.00120446  0.00179004  -0.216884 -0.0183144   0.977831
   15.1268 -0.00196194 -0.00120446   0.0044532  -0.215175 -0.0155068   0.973803
   15.1311 -0.000896681 -0.000139195   0.00764899  -0.211024 -0.0131875    0.97246
   15.1366 -0.000896681  0.000393437   0.00871425  -0.206752 -0.0173378   0.974779
    15.141  -0.00142931 -0.000671827   0.00924689  -0.206874 -0.0230751   0.977587
   15.1468 -0.000896679 -0.000671827   0.00658372  -0.210902 -0.0238076   0.980516
   15.1513 0.000168584 0.000393437  0.00338793  -0.215907 -0.0213662   0.981493
   15.1568   0.00229911 -0.000139195    0.0028553  -0.217982 -0.0180703   0.978319
    15.161   0.00229911 -0.000139195   0.00179004 -0.215907 -0.014164   0.97307
   15.1668  0.00229911 0.000393437 0.000192136  -0.211757 -0.0116005   0.972216
   15.1711   0.00229911 -0.000139195  0.000192136  -0.208095 -0.0153847   0.974169
   15.1768  0.000168584 -0.000671827   0.00179004  -0.206264 -0.0223427      0.976
   15.1812 -0.00196194 -0.00120446  0.00498583   -0.20956 -0.0250283   0.980516
   15.1867 -0.000896681 -0.000671827   0.00498583  -0.215053 -0.0227089   0.982225
   15.1909 -0.000364048 -0.000139195   0.00392057  -0.217738 -0.0189248   0.978441
   15.1968 -0.00249458 0.000393437  0.00338793  -0.217372 -0.0155068   0.973925
   15.2012 -0.000896681   0.00092607  0.000192139    -0.2131 -0.0126992   0.973681
   15.2067  0.00176648  0.00092607 -0.00193839  -0.208583 -0.0139199   0.975023
    15.211   0.00283175  0.000393437 -0.000873126  -0.206874 -0.0206337   0.975145
   15.2168   0.00283175 -0.000139195   0.00232267  -0.208827 -0.0249062   0.978808
   15.2211  0.000168584 -0.000671827   0.00338793  -0.212978 -0.0235634   0.982836
   15.2268 -0.000364048 -0.000671827   0.00338793  -0.216395 -0.0197793   0.980028
   15.2312  0.000168584 -0.000139195   0.00338793   -0.21664 -0.0156289   0.974535
   15.2368  0.000168584 -0.000671827    0.0028553  -0.212978 -0.0126992   0.973803
   15.2411  0.00229911 -0.00120446 0.000724774  -0.208583 -0.0139199   0.973558
   15.2466   0.00229911 -0.000671827  -0.00193839  -0.207362 -0.0201455   0.975023
    15.251  0.00176648 -0.00120446 0.000724774  -0.209804 -0.0250283   0.980883
   15.2568  0.00283175 -0.00226972  0.00551846  -0.214809 -0.0236855   0.982103
   15.2611  0.00123385 -0.00173709  0.00605109  -0.218349 -0.0195351   0.979906
   15.2668  0.000168584 -0.000671827    0.0044532  -0.217372 -0.0150185   0.976244
   15.2711   0.00123385 -0.000139195   0.00551846  -0.214076 -0.0116005    0.97185
   15.2767  0.00123385 0.000393437  0.00338793  -0.209193 -0.0136757   0.972094
   15.2811 0.000168584  0.00092607   0.0028553 -0.205775 -0.019413  0.974535
   15.2868 0.000168584 0.000393437   0.0044532  -0.207606 -0.0236855   0.978319
    15.291 -0.000896681  0.000393437   0.00498583  -0.212489 -0.0240517   0.982225
   15.2968 -0.000896681 -0.000139195   0.00605109  -0.216518 -0.0212441   0.981371
   15.3013  0.000168584 -0.000671827   0.00232267  -0.217494 -0.0181923   0.976854
   15.3068 -0.000364047   0.00092607 -0.000340495  -0.214931 -0.0150185   0.973314
   15.3112 0.000701217  0.00199133  0.00179004  -0.211024 -0.0131875   0.974047
   15.3168 0.00123385  0.0014587 0.00232267  -0.207973 -0.0169716   0.974779
    15.321 0.000701215  0.00092607 0.000192139  -0.208461 -0.0230751    0.97661
   15.3268  0.000168584 -0.000139195   0.00072477  -0.212245 -0.0238076   0.981005
   15.3313 -0.000896679  -0.00120446   0.00179004  -0.215907 -0.0206337   0.980639
   15.3369 -0.000896679 -0.000671827   0.00072477 -0.217128 -0.017582  0.976488
   15.3411  0.000168584 -0.000139195    0.0012574  -0.214442 -0.0144082   0.974047
   15.3468 0.000701215 0.000393437  0.00232267  -0.210536 -0.0128212   0.973558
    15.351  0.00176648 0.000393437   0.0012574  -0.208095 -0.0167275   0.973558
   15.3568  0.00176648  0.00092607 0.000192136  -0.207362 -0.0233193   0.977099
   15.3614 0.00123385  0.0014587 0.00072477  -0.211269 -0.0249062   0.981615
   15.3667 0.000701217  0.00092607  0.00232267  -0.216395 -0.0220986   0.981859
    15.371 -0.000364047   0.00092607  0.000724774  -0.217494 -0.0172158   0.978319
   15.3769  0.00176648 0.000393437 -0.00193839  -0.215541 -0.0133095   0.973681
    15.381   0.00336438  0.000393437 -0.000873126 -0.211513 -0.012455  0.973925
   15.3868 0.000701217  0.00092607 0.000192136   -0.20724 -0.0155068   0.973925
   15.3913 -0.000896679  0.000393437 -0.000873126  -0.206752 -0.0217324    0.97539
   15.3966 -0.000896679 -0.000671827 -0.000340492  -0.210292 -0.0249062   0.981859
   15.4011 -0.000364048  -0.00120446  0.000192139  -0.215053 -0.0230751    0.98247
   15.4068 -0.000364048 -0.000671827   0.00072477  -0.21786 -0.019291  0.978563
   15.4111 -0.000364048 -0.000671827   0.00179004  -0.21664 -0.015873  0.974291
   15.4168   0.00123385 -0.000139195   0.00232267  -0.212611 -0.0134316   0.973192
   15.4209 0.000168584 0.000393437   0.0028553  -0.207973 -0.0144082   0.974901
   15.4268 -0.000896679 -0.000139195   0.00072477  -0.206508 -0.0201455   0.975756
   15.4313  0.000168584 -0.000671827  -0.00193839  -0.209682 -0.0235634    0.97954
   15.4368 -0.000896681 -0.000139195  0.000192139  -0.214442 -0.0218544   0.981859
   15.4414 -0.000896681  0.000393437  0.000724774  -0.217006 -0.0191689   0.979174
   15.4468  0.000701215 -0.000139195 -0.000340492 -0.215785 -0.015873  0.974779
    15.451 0.000168584 0.000393437  0.00232267  -0.211513 -0.0131875   0.972948
   15.4567 -0.00196194  0.00092607   0.0028553  -0.207728 -0.0146523   0.973681
    15.461 -0.00142931 0.000393437  0.00232267   -0.20663 -0.0207558   0.975634
   15.4668   0.00123385 -0.000139195    0.0028553  -0.209193 -0.0252724   0.980394
   15.4711  0.00123385 0.000393437   0.0028553  -0.214931 -0.0244179   0.981737
   15.4768 -0.000896681 -0.000139195   0.00338793  -0.218593 -0.0202675   0.979296
    15.481 -0.00249458 -0.00120446   0.0044532  -0.217982 -0.0159951   0.976366
   15.4868 -0.00302721 -0.00120446  0.00551846  -0.213954 -0.0128212   0.973558
   15.4913  -0.00196194 -0.000671827   0.00711636 -0.209437 -0.012333  0.973192
   15.4968  0.00123385 -0.00120446  0.00605109  -0.206508 -0.0180703   0.975145
   15.5009  0.00229911 -0.00120446  0.00338793  -0.206874 -0.0240517   0.977953
   15.5069 -0.000364048 -0.000139195   0.00338793  -0.211879 -0.0233193   0.981737
   15.5114 -0.00249458 0.000393437  0.00338793  -0.216151 -0.0202675   0.981981
   15.5168 0.000168584 0.000393437  0.00392056  -0.216884 -0.0173378   0.975512
    15.521   0.00123385 -0.000671827    0.0028553  -0.214931 -0.0137978   0.972826
   15.5268 -0.000364047 -0.000139195 -0.000340495  -0.210658 -0.0135537   0.975756
    15.531 -0.000364047   0.00092607   0.00179004  -0.206996 -0.0190468   0.975267
   15.5368 -0.00142931 0.000393437  0.00551846  -0.205897 -0.0231972   0.973436
   15.5409 -0.00142931 0.000393437  0.00551846  -0.210414 -0.0224648   0.978319
   15.5468 -0.000896679  0.000393437   0.00711636  -0.216395 -0.0200234   0.980028
   15.5513 -0.000896679 -0.000671827   0.00658373  -0.217372 -0.0168496   0.975512
   15.5568 -0.000364047  -0.00120446   0.00338794  -0.216884 -0.0153847   0.974169
   15.5609  0.000168584 -0.000671827   0.00392057 -0.212367 -0.014164  0.974047
   15.5668   0.00123385 -0.000139195    0.0028553   -0.20663 -0.0170937   0.974169
   15.5713   0.00123385 -0.000139195   0.00232267  -0.206508 -0.0240517   0.977953
   15.5766  0.000701215 -0.000671827   0.00338794  -0.207606 -0.0268593   0.981493
   15.5812  0.00123385 -0.00120446  0.00392057  -0.212733 -0.0229531   0.980516
   15.5868  0.00176648 -0.00120446   0.0044532   -0.21786 -0.0190468    0.97954
    15.591   0.00176648 -0.000671827   0.00338793  -0.215907 -0.0155068   0.976244
   15.5968 0.000701217 0.000393437 0.000192139  -0.213954 -0.0119668   0.972948
   15.6013  0.000701217 -0.000139195 -0.000873126  -0.209926 -0.0147744   0.973436
   15.6066  0.00176648 -0.00120446 0.000192136 -0.205897 -0.017582  0.973925
   15.6109 0.000168584 -0.00120446  0.00232267  -0.209437 -0.0202675   0.979784
   15.6168 -0.00142931 -0.00120446   0.0044532  -0.212978 -0.0229531   0.985643
   15.6211 -0.000896679 -0.000671827   0.00232267  -0.215907 -0.0205117   0.980028
   15.6268 -0.000364047 -0.000139195  0.000192136  -0.218837 -0.0180703   0.974413
   15.6311  0.000168584 -0.000139195   0.00072477   -0.21432 -0.0155068   0.974291
   15.6368  0.000701215 -0.000139195    0.0012574  -0.209804 -0.0129433   0.974169
   15.6411   0.00229911 -0.000139195   0.00072477  -0.208705 -0.0186806   0.977953
   15.6467   0.00389701 -0.000139195  0.000192136  -0.207606 -0.0244179   0.981737
    15.651   0.00283175 -0.000139195    0.0012574  -0.212489 -0.0220986   0.980516
   15.6568   0.00176648 -0.000139195   0.00232267  -0.217372 -0.0197793   0.979296
   15.6613  0.000168584 -0.000139195   0.00392056  -0.216029 -0.0168496   0.975267
   15.6667  -0.00142931 -0.000139195   0.00551846  -0.214686 -0.0139199   0.971239
   15.6709 0.000168584 0.000393437   0.0044532  -0.210048 -0.0156289   0.973314
   15.6768 0.00176648 0.00092607 0.00338794  -0.205409 -0.0173378    0.97539
   15.6812  0.000701217 -0.000139195   0.00232267  -0.208095 -0.0218544   0.978563
   15.6868 -0.000364047  -0.00120446    0.0012574  -0.21078 -0.026371  0.981737
   15.6909 -0.000896679  -0.00120446    0.0028553  -0.215541 -0.0216103   0.979784
   15.6968 -0.00142931 -0.00120446   0.0044532  -0.220302 -0.0168496   0.977831
    15.701 -0.00196194 -0.00173709  0.00658372 -0.215785 -0.014164  0.975634
   15.7068 -0.00249458 -0.00226972  0.00871425  -0.211269 -0.0114785   0.973436
   15.7111 -0.000896681  -0.00120446   0.00445319  -0.209437 -0.0129433   0.974413
   15.7168  0.000701215 -0.000139195  0.000192136  -0.206874 -0.0181923   0.974901
   15.7213  0.00123385 0.000393437 0.000192136  -0.207851 -0.0231972   0.977587
   15.7268 0.000701217 0.000393437  0.00179004  -0.211757 -0.0225869   0.981981
   15.7313  -0.00142931 -0.000139195    0.0028553  -0.214564 -0.0197793   0.980639
   15.7366 -0.00142931 0.000393437   0.0028553  -0.216029 -0.0170937    0.97539
    15.741 -0.000364047   0.00092607   0.00338794  -0.214076 -0.0136757   0.972948
   15.7468 -0.000364047  0.000393437   0.00392057  -0.209193 -0.0134316   0.972948
   15.7509 -0.000896679 -0.000139195   0.00498583  -0.207118 -0.0186806   0.973803
   15.7568 -0.000364048 -0.000139195   0.00338793  -0.208827 -0.0241738   0.978808
   15.7614  0.000701215 -0.000139195   0.00072477   -0.21371 -0.0238076   0.982225
   15.7667  0.000168584 -0.000671827   0.00232267  -0.217738 -0.0202675   0.980272
    15.771 -0.000364047 -0.000139195   0.00232267  -0.217494 -0.0164834   0.976366
   15.7768 -0.000896679  0.000393437   0.00338793  -0.214686 -0.0128212   0.972582
   15.7813 -0.000896679 -0.000139195    0.0044532  -0.210414 -0.0131875   0.972338
   15.7867 -0.00142931 0.000393437  0.00232267  -0.205897 -0.0183144   0.975267
    15.791 -0.00249458 0.000393437  0.00179004  -0.205775 -0.0234414   0.978563
   15.7968  -0.00142931 -0.000139195    0.0012574   -0.21017 -0.0247841   0.981371
    15.801  0.000168584 -0.000671827   0.00179004  -0.215907 -0.0218544   0.981615
   15.8068  0.00123385 -0.00120446   0.0028553  -0.218471 -0.0183144   0.976366
   15.8113  0.00123385 -0.00120446   0.0028553  -0.216029 -0.0152626   0.972582
   15.8167  0.000701215 -0.000671827   0.00392056  -0.211757 -0.0122109   0.973681
    15.821  0.000168584 -0.000139195   0.00551846  -0.207851 -0.0152626   0.974535
   15.8268 -0.000364047 -0.000139195   0.00551846   -0.20724 -0.0220986   0.976122
   15.8309 0.000168584 0.000393437   0.0044532   -0.21078 -0.0242959   0.980639
   15.8368 -0.000364048 -0.000139195   0.00392057  -0.214931 -0.0217324   0.981737
   15.8411  -0.00142931 -0.000671827   0.00551846  -0.216884 -0.0184365   0.977831
   15.8468  -0.00142931 -0.000671827   0.00498583  -0.215663 -0.0156289   0.975023
    15.851 -0.000364048  -0.00120446    0.0028553  -0.211635 -0.0136757   0.974169
   15.8569  0.00123385 -0.00173709   0.0028553  -0.208461 -0.0164834   0.973681
    15.861  0.00176648 -0.00226972   0.0028553 -0.207362 -0.022831  0.975878
   15.8668  0.00123385 -0.00173709   0.0028553  -0.209804 -0.0247841   0.981005
   15.8713 -0.000896681 -0.000139195   0.00338794  -0.214564 -0.0222207   0.981737
   15.8765 -0.00249458 0.000393437  0.00658373  -0.216518 -0.0186806   0.979052
   15.8813 -0.00142931 0.000393437  0.00605109  -0.215663 -0.0140419   0.974779
   15.8868 0.000701217  0.00092607  0.00338793  -0.212367 -0.0120888   0.971605
    15.891  0.00176648 0.000393437  0.00551846  -0.207973 -0.0148964   0.972948
   15.8968  0.000701217 -0.000139195   0.00605109   -0.20602 -0.0206337      0.976
    15.901 -0.000364047  0.000393437   0.00605109 -0.208461  -0.02454  0.980272
   15.9068 -0.000364047   0.00092607   0.00818162   -0.21371 -0.0225869   0.982714
   15.9111 -0.000364047 -0.000139195   0.00818162  -0.217372 -0.0195351   0.980639
   15.9168  0.000701217 -0.000671827   0.00551846   -0.21725 -0.0168496   0.975634
    15.921   0.00283175 -0.000139195   0.00392057   -0.21432 -0.0131875   0.973681
   15.9269  0.00176648 0.000393437   0.0028553  -0.210292 -0.0134316   0.974413
   15.9312 0.000168584  0.00092607  0.00232267  -0.207606 -0.0189248   0.974657
   15.9369  0.00123385 0.000393437  0.00232267  -0.208949 -0.0238076   0.977831
    15.941  0.000701217 -0.000671827   0.00179004    -0.2131 -0.0234414   0.981371
   15.9468 -0.000364047  -0.00120446   0.00179004  -0.216395 -0.0200234   0.980516
   15.9511 -0.000896679  0.000393437   0.00232267  -0.216151 -0.0166054   0.975634
   15.9568 0.000168584   0.0014587   0.0012574  -0.212978 -0.0131875   0.973314
    15.961  0.00176648 0.000393437  0.00072477  -0.208827 -0.0134316   0.974535
   15.9668   0.00336438 -0.000139195 -0.000873126  -0.206264 -0.0199013    0.97539
    15.971   0.00389701 -0.000139195 -0.000873126  -0.207973 -0.0255166   0.979296
   15.9768   0.00176648 -0.000671827   0.00179004  -0.213222 -0.0246621   0.981981
    15.981 -0.000364048  -0.00120446    0.0028553  -0.217128 -0.0207558   0.980028
   15.9869 -0.000364048 -0.000671827   0.00179004  -0.217372 -0.0159951   0.976976
   15.9912 -0.000364048  0.000393437   0.00179004  -0.214686 -0.0120888   0.973192
   15.9968 -0.00196194 0.000393437  0.00179004  -0.210048 -0.0122109   0.972582
   16.0011 -0.000896681 -0.000139195    0.0012574  -0.206874 -0.0173378   0.974169
   16.0069   0.00123385 -0.000671827   0.00072477  -0.206996 -0.0238076   0.976976
   16.0111  0.000168584 -0.000671827   0.00072477  -0.210902 -0.0246621   0.981249
   16.0168  -0.00196194 -0.000671827   0.00232267  -0.215419 -0.0216103   0.981737
   16.0212  -0.00142931 -0.000671827   0.00392056  -0.217006 -0.0183144   0.976366
   16.0268 -0.000364047 -0.000671827    0.0028553  -0.214931 -0.0148964   0.972338
   16.0314  0.000701217 -0.000671827  0.000192136  -0.210658 -0.0134316   0.974047
   16.0368  0.000701217 -0.000139195   0.00179004  -0.207606 -0.0166054   0.974657
   16.0411 -0.000896679 -0.000671827   0.00392057  -0.207362 -0.0225869   0.976366
   16.0468 -0.000896679 -0.000671827   0.00392057  -0.211269 -0.0239296   0.981005
   16.0512  -0.00142931 -0.000139195   0.00658373  -0.216151 -0.0205117   0.981249
   16.0568  -0.00196194 -0.000139195   0.00818162  -0.217982 -0.0172158   0.977099
    16.061  -0.00142931 -0.000139195   0.00658373 -0.215297 -0.014164  0.974535
   16.0668 -0.000896679 -0.000671827   0.00498583  -0.210536 -0.0128212   0.974779
   16.0711  0.000701217 -0.000671827  0.000724774  -0.206874 -0.0161171   0.974291
   16.0768  0.000701217 -0.000671827  0.000192139  -0.206142 -0.0222207   0.976854
   16.0811 -0.000896679  -0.00120446   0.00338793  -0.210048 -0.0260048   0.981737
   16.0867  -0.00196194 -0.000139195   0.00338793  -0.215785 -0.0236855   0.981249
   16.0913 -0.00249458 0.000393437  0.00392056  -0.218471 -0.0183144   0.978197
   16.0968  -0.00142931 -0.000139195   0.00605109  -0.216762 -0.0147744   0.974657
   16.1011 -0.000364047 -0.000139195    0.0044532 -0.212001 -0.012333   0.97307
   16.1068 -0.000364047   0.00092607   0.00179004   -0.20724 -0.0144082    0.97307
    16.111  0.000168584    0.0014587 -0.000340492 -0.205897 -0.021122  0.974413
   16.1168  0.00176648 0.000393437 -0.00140576  -0.208583 -0.0244179   0.979662
    16.121   0.00283175 -0.000139195 -0.000873126  -0.213222 -0.0222207    0.98308
   16.1268 -0.000364048 -0.000139195 -0.000340495  -0.216029 -0.0188027   0.979418
   16.1314  -0.00142931 -0.000139195   0.00232267   -0.21664 -0.0161171   0.973436
   16.1368 0.000701215 0.000393437   0.0028553   -0.21432 -0.0135537   0.972826
   16.1411 0.000168584 0.000393437 0.000192139  -0.209804 -0.0140419   0.974657
   16.1468   0.00123385 -0.000139195 -0.000340495  -0.207362 -0.0202675   0.976244
   16.1513  0.00176648 0.000393437 -0.00140576  -0.209315 -0.0247841   0.980272
   16.1568  0.000701215 -0.000139195  -0.00247102  -0.214198 -0.0230751   0.981493
   16.1611   0.00176648  -0.00120446 -0.000340492   -0.21786 -0.0196572   0.978685
   16.1668  0.00229911 -0.00120446  0.00392057  -0.216884 -0.0162392   0.974779
   16.1709   0.00123385 -0.000139195   0.00498583  -0.212123 -0.0135537   0.972094
   16.1768 0.000701215 0.000393437   0.0044532  -0.207973 -0.0136757   0.972704
   16.1813  0.000701215 -0.000139195   0.00338793 -0.205531 -0.019413  0.975023
   16.1867 -0.000364048 -0.000139195   0.00232267  -0.206996 -0.0251503    0.97954
   16.1909  0.000168584 -0.000139195   0.00338794  -0.212855 -0.0250283   0.981493
   16.1968 -0.000896681 -0.000139195   0.00498583 -0.21725   -0.021 0.979662
   16.2012 -0.00196194 0.000393437  0.00498583   -0.21786 -0.0166054   0.975878
   16.2068 0.000701217  0.00092607  0.00605109  -0.214931 -0.0128212   0.973436
    16.211  0.00229911 0.000393437  0.00605109  -0.210048 -0.0120888   0.974657
   16.2168  0.00123385 0.000393437  0.00232267  -0.207118 -0.0170937   0.974779
    16.221 0.000168584  0.00092607  0.00072477 -0.208705 -0.022831  0.976854
   16.2268 0.000168584 0.000393437   0.0012574  -0.212611 -0.0239296   0.982225
   16.2311 -0.000364047 -0.000139195    0.0012574 -0.215785 -0.021122  0.981981
   16.2368 -0.000364047 -0.000139195   0.00232267 -0.216518 -0.017582  0.977221
   16.2413 -0.000364047  0.000393437   0.00551846  -0.214931 -0.0144082   0.973681
   16.2467 0.000701217  0.00092607   0.0028553  -0.211269 -0.0133095   0.973436
   16.2512  0.000168584 -0.000139195  0.000192139  -0.206996 -0.0183144   0.974657
   16.2568 0.000168584 -0.00173709  0.00072477   -0.20724 -0.0240517   0.977465
   16.2611 0.000701217 -0.00120446 0.000192136  -0.211757 -0.0234414   0.981859
   16.2668  -0.00142931 -0.000139195   0.00072477  -0.215907 -0.0203896   0.980516
   16.2709  -0.00196194 -0.000139195   0.00232267   -0.21664 -0.0169716   0.976366
   16.2768 -0.00142931 0.000393437  0.00338794  -0.214809 -0.0135537   0.972948
    16.281 -0.000896679  0.000393437   0.00338794  -0.211024 -0.0125771   0.972582
   16.2868 -0.000896679 -0.000139195    0.0044532   -0.20663 -0.0166054   0.974291
    16.291 -0.00142931 0.000393437   0.0044532   -0.20602 -0.0235634   0.977099
   16.2968 -0.000896679  0.000393437   0.00498583  -0.210414 -0.0256386   0.981127
   16.3014 -0.00142931 -0.00120446  0.00818162  -0.215663 -0.0225869   0.980761
   16.3068 -0.00302721 -0.00120446  0.00711636  -0.217982 -0.0190468   0.977953
    16.311  -0.00142931 -0.000671827   0.00551846   -0.21725 -0.0153847   0.973925
   16.3168  0.00123385 -0.00120446  0.00605109  -0.212611 -0.0126992   0.972582
   16.3211 0.000701217 -0.00120446  0.00605109  -0.207851 -0.0148964   0.973558
   16.3268 -0.000364047  -0.00120446   0.00605109 -0.207118 -0.021122  0.975267
   16.3313  0.000168584 -0.000671827   0.00338793  -0.209804 -0.0239296   0.980028
   16.3367   0.00123385 -0.000139195   0.00232267   -0.21432 -0.0214882    0.98247
    16.341   0.00283175 -0.000139195    0.0028553   -0.21664 -0.0186806   0.979906
   16.3469   0.00283175 -0.000139195   0.00179004 -0.215053 -0.015873  0.974657
   16.3511 0.000701217 0.000393437   0.0028553  -0.211757 -0.0119668   0.972704
   16.3569 -0.000896679  0.000393437   0.00392057  -0.207728 -0.0144082   0.973681
   16.3613 -0.000364048 -0.000139195   0.00392057   -0.20663 -0.0213662   0.975512
   16.3668   0.00123385 -0.000139195   0.00392057  -0.209804 -0.0246621   0.980272
    16.371   0.00123385 -0.000671827   0.00338794  -0.214686 -0.0229531   0.982592
   16.3768  0.000168584 -0.000139195   0.00179004  -0.217494 -0.0189248    0.98015
    16.381 0.000168584 0.000393437  0.00232267   -0.21664 -0.0153847   0.974779
   16.3868  0.00176648 0.000393437   0.0028553   -0.21371 -0.0120888    0.97185
   16.3913  0.00442964 0.000393437 -0.00140576  -0.209315 -0.0136757   0.973681
   16.3965   0.00496227 -0.000139195  -0.00300365   -0.20663 -0.0201455   0.975512
    16.401   0.00229911  0.000393437 -0.000873126 -0.208095  -0.02454  0.979174
   16.4068  0.000168584  0.000393437 -0.000873126  -0.212733 -0.0238076   0.982714
   16.4112  0.000701217 -0.000671827 -0.000873126  -0.216762 -0.0202675   0.980272
   16.4168   0.00176648 -0.000671827  -0.00140576 -0.217494 -0.017582  0.975512
   16.4211   0.00123385 -0.000671827 -0.000873126  -0.214442 -0.0144082   0.973681
   16.4268  0.000701215 -0.000139195   0.00072477  -0.20956 -0.012455  0.974901
   16.4312   0.00123385  0.000393437 -0.000340495  -0.206508 -0.0168496   0.975023
   16.4368   0.00176648  0.000393437 -0.000340495  -0.20724 -0.022831  0.976366
   16.4411 0.00176648 0.00092607 0.00072477  -0.211269 -0.0233193   0.981249
   16.4468   0.00283175  0.000393437 -0.000873126  -0.215907 -0.0201455   0.981127
   16.4512   0.00229911  0.000393437 -0.000340495  -0.217616 -0.0168496    0.97539
   16.4566  0.00229911  0.00092607 -0.00140576  -0.214931 -0.0137978   0.973681
    16.461  0.00336438 0.000393437 -0.00300365  -0.210536 -0.0134316   0.974657
   16.4668  0.000701217 -0.000671827  -0.00140576  -0.207606 -0.0180703   0.974047
   16.4712 0.000701217 -0.00120446 -0.00140576  -0.208339 -0.0240517   0.978075
   16.4769  0.00123385 -0.00120446 0.000192139  -0.212855 -0.0250283   0.982714
   16.4811 0.000168584 -0.00120446  0.00179004   -0.21664 -0.0212441   0.980883
   16.4867  0.000168584 -0.000139195   0.00232267   -0.21725 -0.0169716   0.977343
    16.491 -0.000896679  0.000393437   0.00232267  -0.214931 -0.0133095   0.974291
   16.4968 -0.000364048 -0.000139195   0.00072477 -0.210902 -0.012455  0.972826
   16.5011   0.00123385 -0.000139195  0.000192139   -0.20602 -0.0170937   0.973436
   16.5068   0.00176648 -0.000139195  0.000192139  -0.205653 -0.0231972   0.976244
   16.5114   0.00123385 -0.000139195  0.000192139  -0.210536 -0.0252724   0.981005
   16.5168   0.00176648 -0.000139195   0.00179004  -0.212978 -0.0249062   0.983202
    16.521   0.00283175 -0.000139195    0.0028553 -0.215663 -0.021122  0.978685
   16.5268  0.00123385 0.000393437  0.00338794  -0.218349 -0.0173378   0.974169
   16.5311   0.00123385 -0.000139195   0.00338794  -0.213954 -0.0146523   0.974779
   16.5368  0.00283175 -0.00120446  0.00338794   -0.20956 -0.0119668    0.97539
    16.541   0.00229911 -0.000671827    0.0028553  -0.209315 -0.0179482   0.976244
   16.5468   0.00176648 -0.000139195   0.00232267  -0.209071 -0.0239296   0.977099
    16.551  0.000168584 -0.000671827    0.0028553  -0.213222 -0.0220986   0.978563
   16.5568 -0.00142931 -0.00120446  0.00338794  -0.217372 -0.0202675   0.980028
   16.5609 0.000168584 -0.00173709  0.00498583  -0.215663 -0.0168496   0.976732
   16.5668  0.00176648 -0.00226972  0.00551846  -0.211513 -0.0129433    0.97307
   16.5714  0.00176648 -0.00120446  0.00498583  -0.207606 -0.0151406   0.972948
   16.5768   0.00176648 -0.000139195   0.00551846  -0.206142 -0.0178261   0.973192
    16.581  0.000701217 -0.000139195   0.00338793  -0.209071 -0.0213662   0.977465
   16.5869 -0.000364047 -0.000139195    0.0012574  -0.212001 -0.0249062   0.981737
    16.591  -0.00196194 -0.000671827    0.0028553  -0.215297 -0.0208779   0.980639
   16.5968 -0.00355984 -0.00120446   0.0044532  -0.218593 -0.0168496    0.97954
   16.6013  -0.00196194 -0.000139195   0.00658372  -0.214564 -0.0146523   0.976488
   16.6065 -0.000364047   0.00092607   0.00871425 -0.210536 -0.012455  0.973436
    16.611 0.000168584  0.00092607  0.00658372  -0.208705 -0.0181923   0.974047
   16.6168 0.000701215  0.00092607   0.0044532  -0.206874 -0.0239296   0.974657
   16.6212 0.000168584 0.000393437  0.00392057  -0.211146 -0.0229531    0.97893
   16.6268 -0.000364047 -0.000139195   0.00338794  -0.215419 -0.0219765   0.983202
   16.6311 -0.000896679 -0.000139195   0.00392057  -0.215907 -0.0191689   0.977831
   16.6368  -0.00142931 -0.000139195    0.0044532  -0.216395 -0.0163613    0.97246
   16.6409  -0.00196194 -0.000139195   0.00498583  -0.212367 -0.0153847   0.974169
   16.6468  -0.00249458 -0.000139195   0.00551846  -0.208339 -0.0144082   0.975878
    16.651 -0.000896681 -0.000671827    0.0044532  -0.209071 -0.0191689   0.978563
   16.6569 0.000701215 -0.00120446  0.00338794  -0.209804 -0.0239296   0.981249
   16.6611 -0.000896681 -0.000139195   0.00232267 -0.212123 -0.022831  0.981249
   16.6667 -0.00249458 0.000393437  0.00232267  -0.216151 -0.0196572   0.980028
    16.671  -0.00249458 -0.000139195   0.00232267  -0.217372 -0.0162392   0.976732
   16.6768  -0.00249458 -0.000139195    0.0012574  -0.214931 -0.0131875   0.972704
   16.6812  -0.00142931 -0.000139195   0.00232267  -0.210292 -0.0129433   0.972826
   16.6867  0.000168584 -0.000139195    0.0028553  -0.207118 -0.0180703   0.975023
   16.6911  0.000701215 -0.000139195   0.00392056  -0.207728 -0.0242959   0.977587
   16.6967 0.000168584 0.000393437  0.00498583  -0.212489 -0.0255166   0.981127
   16.7009 -0.00142931 0.000393437  0.00498583  -0.217006 -0.0214882   0.981005
   16.7069 -0.00142931 0.000393437  0.00551846  -0.217982 -0.0170937   0.977831
    16.711  0.000168584 -0.000671827    0.0044532  -0.215907 -0.0139199   0.974047
   16.7168 0.000168584 -0.00120446  0.00392057  -0.210658 -0.0120888   0.973803
   16.7214  0.000701217 -0.000671827   0.00498583  -0.206752 -0.0156289   0.974169
   16.7268  0.00229911 -0.00120446   0.0044532  -0.207118 -0.0223427   0.976244
   16.7311  0.00176648 -0.00120446  0.00392057 -0.211024  -0.02454  0.981615
   16.7368 -0.000364048 -0.000671827   0.00605109  -0.215053 -0.0222207   0.981981
   16.7411  0.000168584 -0.000139195   0.00338793   -0.21664 -0.0189248   0.977465
   16.7468   0.00176648 -0.000139195    0.0012574  -0.216395 -0.0152626   0.972826
    16.751  0.00123385 0.000393437  0.00338794  -0.212489 -0.0133095   0.973558
   16.7569 0.00176648 0.00092607 0.00338794  -0.207728 -0.0169716   0.974779
   16.7612  0.00176648 0.000393437  0.00658373  -0.207973 -0.0218544    0.97661
   16.7669  0.000701215 -0.000671827   0.00871425  -0.211146 -0.0229531   0.981249
    16.771 -0.000896681 -0.000671827   0.00605109  -0.215297 -0.0207558   0.980516
   16.7768  -0.00196194 -0.000139195   0.00605109  -0.218104 -0.0179482   0.976976
   16.7813   0.00123385 -0.000671827   0.00605109  -0.216273 -0.0152626   0.974169
   16.7868  0.00229911 0.000393437  0.00232267 -0.211635 -0.012455  0.972704
    16.791 0.00123385 0.00092607 0.00232267   -0.20663 -0.0146523   0.973681
   16.7968 0.000701217 0.000393437  0.00338793 -0.204921 -0.021122     0.976
    16.801  0.000701217 -0.000139195    0.0012574  -0.208583 -0.0251503   0.980394
   16.8068 0.000701217 -0.00120446  0.00232267  -0.214686 -0.0238076   0.982225
   16.8113 -0.000896679 -0.000139195    0.0028553  -0.218104 -0.0196572   0.978197
   16.8167 -0.00196194  0.00092607   0.0028553 -0.217006 -0.015873  0.974291
   16.8209 -0.000896681  0.000393437    0.0028553  -0.212489 -0.0130654   0.973558
   16.8269   0.00176648 -0.000139195   0.00072477  -0.207973 -0.0139199   0.973803
   16.8311   0.00336438 -0.000139195   0.00179004  -0.206752 -0.0196572   0.974779
   16.8368   0.00229911 -0.000671827    0.0028553  -0.208949 -0.0244179   0.979296
    16.841  0.000701215 -0.000671827   0.00072477  -0.213222 -0.0236855    0.98247
   16.8468 -0.000364048 -0.000671827   0.00179004  -0.216029 -0.0206337   0.979906
   16.8512 -0.000364048 -0.000671827   0.00179004 -0.217006 -0.017582  0.975634
   16.8568   0.00336438 -0.000139195  0.000192139  -0.214442 -0.0142861   0.972704
   16.8612   0.00442964 -0.000139195    0.0012574  -0.208705 -0.0146523   0.972582
   16.8668  0.00123385 0.000393437  0.00392057  -0.205897 -0.0196572   0.975267
   16.8713 -0.000364047  0.000393437    0.0044532  -0.207973 -0.0240517   0.979906
   16.8766  0.000168584 -0.000671827   0.00232267  -0.212855 -0.0233193    0.98247
    16.881  0.00176648 -0.00120446  0.00179004  -0.217006 -0.0199013    0.98015
   16.8868  0.00283175 -0.00120446  0.00072477 -0.217372 -0.015873   0.97539
   16.8911   0.00176648 -0.000139195 -0.000873126  -0.213954 -0.0122109    0.97185
   16.8969 0.000168584 0.000393437 0.000724774 -0.209315 -0.012333  0.973436
   16.9012   0.00123385 -0.000139195    0.0028553   -0.20602 -0.0177041   0.975756
   16.9067  0.00283175 0.000393437  0.00072477  -0.206264 -0.0236855   0.978563
    16.911   0.00283175   0.00092607 -0.000873126  -0.211024 -0.0244179   0.981737
   16.9168  0.00123385 0.000393437   0.0012574 -0.216884    -0.021  0.980761
   16.9211 0.000168584 0.000393437 -0.00193839  -0.218959 -0.0172158   0.976854
   16.9268  0.00123385 0.000393437 -0.00619945  -0.216518 -0.0145302   0.973681
   16.9313   0.00283175 -0.000139195  -0.00406892  -0.211513 -0.0126992   0.974413
   16.9369   0.00389701 -0.000671827 -0.000340495  -0.207851 -0.0159951   0.974535
   16.9412   0.00229911 -0.000139195   0.00179004 -0.207606 -0.022831  0.975878
   16.9467 0.000701215 0.000393437  0.00179004  -0.210414 -0.0246621   0.981371
    16.951  0.000701215 -0.000671827   0.00338793   -0.21432 -0.0212441   0.981981
   16.9569  0.000168584 -0.000671827    0.0028553  -0.216518 -0.0181923   0.977709
   16.9611  0.00176648 0.000393437 -0.00300365  -0.215785 -0.0153847   0.974413
   16.9668  0.00336438  0.00092607 -0.00353629  -0.211269 -0.0130654    0.97307
   16.9714  0.00229911  0.00092607 -0.00300366  -0.207606 -0.0167275   0.974047
   16.9768  0.00176648  0.00092607 -0.00513418  -0.207606 -0.0230751   0.976976
   16.9809   0.00176648  0.000393437 -0.000340492  -0.211146 -0.0238076   0.981371
   16.9869   0.00283175 -0.000671827    0.0028553  -0.215907 -0.0212441   0.982592
   16.9914   0.00176648 -0.000671827   0.00338793  -0.218227 -0.0178261   0.978808
   16.9968  -0.00142931 -0.000139195   0.00658372  -0.216395 -0.0135537   0.973803
   17.0009 -0.000364048 -0.000139195   0.00338793  -0.212123 -0.0118447   0.972094
   17.0068   0.00123385 -0.000671827  0.000192139  -0.208095 -0.0151406   0.973436
    17.011   0.00123385  -0.00120446 -0.000340495  -0.205531 -0.0220986   0.977343
   17.0169   0.00229911 -0.000671827  -0.00247102  -0.208949 -0.0256386   0.981005
   17.0212   0.00123385  0.000393437 -0.000340492  -0.214442 -0.0229531   0.981493
   17.0268  0.00123385 -0.00120446  0.00232267  -0.21725 -0.019291  0.979296
    17.031  0.00176648 -0.00173709  0.00392057  -0.217372 -0.0163613   0.973925
   17.0369 0.000168584 0.000393437  0.00338793  -0.214076 -0.0128212   0.972948
   17.0413 -0.000364047   0.00092607   0.00072477  -0.209682 -0.0134316   0.974901
   17.0467  0.000168584 -0.000139195 -0.000873126 -0.207362 -0.019413  0.975145
   17.0509   0.00123385  -0.00173709 -0.000340495  -0.209315 -0.0239296   0.978441
   17.0568   0.00123385  -0.00120446 -0.000340495  -0.213588 -0.0236855   0.982103
   17.0612  0.000168584 -0.000671827 -0.000340495  -0.216762 -0.0199013   0.980394
   17.0668  -0.00196194 -0.000671827    0.0028553  -0.216762 -0.0162392   0.975023
   17.0709 -0.00196194 0.000393437  0.00392056  -0.213588 -0.0135537    0.97246
   17.0768 -0.000364047   0.00092607   0.00072477 -0.209315 -0.014164   0.97307
   17.0813  0.000168584  0.000393437 -0.000340495  -0.206874 -0.0201455   0.974779
   17.0866   0.00176648 -0.000671827   0.00179004  -0.208095 -0.0251503   0.978685
    17.091  0.00229911 -0.00120446  0.00232267  -0.213222 -0.0240517   0.981859
   17.0968  0.00123385 -0.00120446  0.00392057  -0.217006 -0.0201455   0.980272
   17.1012 -0.000896681 -0.000139195   0.00551846  -0.216518 -0.0159951   0.975145
   17.1068 -0.00302721  0.00092607   0.0044532  -0.214686 -0.0122109   0.972216
   17.1109 -0.00142931 0.000393437  0.00498583  -0.210292 -0.0125771   0.973681
   17.1168   0.00123385 -0.000139195   0.00392056  -0.206142 -0.0180703   0.975023
    17.121   0.00229911 -0.000671827   0.00179004  -0.207118 -0.0242959   0.977709
   17.1268  0.00123385 -0.00120446  0.00232267 -0.211635  -0.02454  0.982836
   17.1311 -0.00249458 -0.00120446   0.0044532  -0.216029 -0.0208779   0.981493
   17.1368  -0.00302721 -0.000139195   0.00551846  -0.217616 -0.0180703   0.975756
   17.1412  -0.00142931 -0.000671827   0.00711636  -0.215541 -0.0147744   0.973681
   17.1469 -0.000896679  -0.00173709   0.00658372  -0.211146 -0.0129433   0.973925
   17.1512  0.000168584 -0.000139195    0.0044532  -0.207484 -0.0170937   0.973925
   17.1567   0.00123385 -0.000139195    0.0028553  -0.207728 -0.0230751   0.977099
   17.1609 0.000701217 -0.00120446  0.00338793  -0.211635 -0.0241738   0.981859
   17.1667 -0.000896679 -0.000671827   0.00338793 -0.216029    -0.021   0.98015
   17.1709  -0.00142931 -0.000139195   0.00605109 -0.217128 -0.017582  0.976366
   17.1769  0.000168584 -0.000139195   0.00711636  -0.214686 -0.0146523   0.974657
   17.1812 0.00229911 0.00092607  0.0044532  -0.211024 -0.0131875   0.973192
   17.1868  0.00389701 0.000393437  0.00498583  -0.207484 -0.0172158   0.973925
    17.191   0.00442964 -0.000139195   0.00338793  -0.206752 -0.0230751   0.977465
   17.1968  0.00176648 0.000393437  0.00179004   -0.21078 -0.0247841   0.981005
   17.2014 -0.000896679 -0.000139195   0.00232267  -0.216029 -0.0225869   0.981615
   17.2066 -0.000364048 -0.000139195    0.0012574  -0.219081 -0.0170937   0.978563
   17.2111  0.00123385 0.000393437 0.000192139  -0.217006 -0.0131875   0.973436
   17.2168 0.00176648 0.00092607 0.00179004  -0.211269 -0.0117226   0.972826
    17.221 -0.000896681  0.000393437   0.00392056  -0.207362 -0.0137978   0.974291
   17.2268 -0.000896681 -0.000139195   0.00338793   -0.20663 -0.0213662   0.975512
   17.2314   0.00123385 -0.000671827   0.00232267  -0.209315 -0.0250283   0.980272
   17.2367  0.00176648 -0.00173709   0.0028553  -0.214198 -0.0227089   0.982225
   17.2409  0.00123385 -0.00120446  0.00232267  -0.216518 -0.0197793   0.978441
   17.2468 -0.000896679  0.000393437 -0.000340495  -0.215663 -0.0162392   0.974413
    17.251 -0.000896679   0.00092607  0.000192139  -0.212611 -0.0134316   0.973192
   17.2569 0.000168584 0.000393437  0.00179004  -0.208095 -0.0156289   0.973925
   17.2611   0.00229911 -0.000139195 -0.000340495 -0.206874 -0.021122   0.97661
   17.2669   0.00283175 -0.000139195 -0.000873126  -0.210048 -0.0231972   0.980394
   17.2711 -0.000364048 -0.000139195   0.00072477  -0.214442 -0.0217324   0.981737
   17.2767 -0.000364048 -0.000139195    0.0012574  -0.21725 -0.019413   0.97893
    17.281  0.000701217  0.000393437 -0.000873126 -0.216762 -0.015873  0.974413
   17.2869  0.000701217   0.00092607 -0.000873126  -0.212978 -0.0126992   0.972704
   17.2913  0.00176648 0.000393437  0.00072477  -0.208949 -0.0137978   0.974413
   17.2965  0.00229911 0.000393437 0.000192139  -0.206752 -0.0196572   0.975878
    17.301   0.00283175 -0.000139195  0.000192139 -0.208583  -0.02454   0.97893
   17.3069   0.00176648 -0.000671827   0.00232267 -0.213466  -0.02454  0.981737
   17.3112 -0.000896681 -0.000139195    0.0028553  -0.217128 -0.0202675   0.980516
   17.3169 0.000168584 0.000393437 -0.00247102  -0.217616 -0.0162392   0.975756
   17.3211  0.00123385  0.00092607 -0.00193839  -0.214076 -0.0130654   0.973436
   17.3269 0.000168584   0.0014587 0.000192139  -0.209926 -0.0116005   0.974169
   17.3311  0.00123385   0.0014587 -0.00247102  -0.207118 -0.0173378   0.974169
   17.3369  0.00176648  0.00092607 -0.00140576  -0.208339 -0.0236855   0.977343
   17.3411 0.000168584 0.000393437 0.000192139    -0.2131 -0.0236855   0.982592
   17.3469 -0.000896679 -0.000139195    0.0028553  -0.215785 -0.0206337   0.981127
   17.3512  0.000168584 -0.000671827   0.00232267  -0.217128 -0.0173378   0.975145
   17.3568  0.000701215 -0.000671827   0.00072477  -0.215663 -0.0142861   0.972948
    17.361 -0.000364048  0.000393437   0.00232267  -0.210536 -0.0133095   0.973192
   17.3667 -0.000896679   0.00092607  0.000724774  -0.206996 -0.0181923   0.974169
   17.3709  0.000168584 -0.000139195  -0.00247102  -0.208095 -0.0234414   0.977587
   17.3769 -0.000364048 -0.000671827 -0.000873126  -0.211757 -0.0230751   0.981615
   17.3811 -0.000896679 -0.000139195 -0.000340492  -0.215541 -0.0208779    0.98015
   17.3868 -0.000364047  0.000393437 -0.000340492  -0.216884 -0.0177041   0.976366
    17.391 -0.000896679  0.000393437   0.00338793  -0.214686 -0.0139199   0.972704
   17.3969  0.000168584 -0.000139195    0.0028553  -0.210292 -0.0134316   0.972094
    17.401 0.000701217 0.000393437  0.00232267  -0.206386 -0.0168496   0.975145
   17.4069   0.00123385 -0.000139195    0.0028553  -0.205775 -0.0224648    0.97893
   17.4114  0.00176648 -0.00120446 0.000192139   -0.21017 -0.0250283   0.981737
   17.4166  0.000168584 -0.000671827  0.000192139 -0.216518 -0.022831  0.981005
   17.4212 0.000701217 -0.00120446 0.000192139 -0.219447 -0.019291  0.978563
   17.4269 0.000701217 -0.00173709 0.000192139  -0.216884 -0.0150185   0.974901
   17.4311  0.00123385 -0.00120446   0.0012574  -0.211391 -0.0117226   0.974047
   17.4369  0.00229911 -0.00173709   0.0012574  -0.207362 -0.0144082   0.974413
   17.4411  0.00123385 -0.00173709  0.00072477 -0.206752    -0.021  0.975267
   17.4466  0.000701215 -0.000671827   0.00232267  -0.210048 -0.0238076   0.980883
   17.4511  0.000168584 -0.000671827    0.0044532  -0.214442 -0.0219765   0.982836
   17.4569 -0.000896679 -0.000139195   0.00338793  -0.216395 -0.0190468   0.978685
   17.4611 -0.000896679   0.00092607   0.00498583  -0.215907 -0.0161171   0.974291
   17.4669  0.00123385 -0.00120446  0.00551846  -0.212733 -0.0131875   0.973436
   17.4712  0.00229911 -0.00226972  0.00498583  -0.208095 -0.0155068   0.974413
   17.4768  0.00176648 -0.00120446  0.00658373  -0.206142 -0.0190468   0.974169
   17.4809 0.000701217 -0.00120446  0.00392057  -0.208949 -0.0212441   0.978197
   17.4869 -0.000364047  -0.00120446    0.0012574  -0.211757 -0.0234414   0.982225
    17.491  0.000168584 -0.000671827   0.00232267  -0.215053 -0.0206337   0.979662
   17.4969 -0.000364048  -0.00120446   0.00232267  -0.217128 -0.0156289   0.974657
   17.5013 -0.000364048  -0.00173709   0.00338793  -0.213466 -0.0126992   0.972094
   17.5067 0.000701215 -0.00120446  0.00551846  -0.211024 -0.0119668   0.971972
   17.5111   0.00123385 -0.000671827   0.00392056  -0.208217 -0.0178261   0.974779
   17.5169   0.00176648 -0.000139195   0.00232267  -0.205409 -0.0236855   0.977587
   17.5211   0.00176648 -0.000139195   0.00232267 -0.210902 -0.022831  0.979906
   17.5269   0.00176648 -0.000139195   0.00232267  -0.216395 -0.0219765   0.982225
   17.5312   0.00229911 -0.000139195    0.0012574 -0.216762 -0.019291  0.977465
   17.5366   0.00283175 -0.000139195  0.000192136  -0.217128 -0.0166054   0.972704
    17.541   0.00283175 -0.000671827   0.00072477  -0.212367 -0.0157509   0.973558
   17.5469  0.00283175 -0.00120446   0.0012574  -0.207606 -0.0148964   0.974413
   17.5512  0.00229911 -0.00120446  0.00338793  -0.208705 -0.0201455   0.977953
   17.5569  0.00176648 -0.00120446  0.00551846  -0.209804 -0.0253945   0.981493
   17.5611   0.00123385 -0.000671827   0.00498583  -0.213344 -0.0218544    0.98015
   17.5669  0.000701215 -0.000139195    0.0044532  -0.216884 -0.0183144   0.978808
   17.5712  0.000168584 -0.000139195   0.00338793  -0.214198 -0.0151406   0.975634
   17.5769 -0.000364047 -0.000139195   0.00232267  -0.211513 -0.0119668    0.97246
   17.5811   0.00176648 -0.000139195   0.00072477  -0.208949 -0.0173378   0.974047
   17.5869   0.00389701 -0.000139195 -0.000873126  -0.206386 -0.0227089   0.975634
    17.591   0.00336438 -0.000671827  0.000192139 -0.210658 -0.022831  0.978808
   17.5969  0.00283175 -0.00120446   0.0012574  -0.214931 -0.0229531   0.981981
    17.601  0.00229911 -0.00120446   0.0044532  -0.216273 -0.0184365   0.978808
   17.6069  0.00176648 -0.00120446  0.00764899  -0.217616 -0.0139199   0.975634
    17.611   0.00229911 -0.000671827    0.0044532  -0.213222 -0.0135537   0.975267
   17.6169   0.00283175 -0.000139195    0.0012574  -0.208827 -0.0131875   0.974901
   17.6212   0.00283175 -0.000139195   0.00072477  -0.208461 -0.0197793   0.977099
   17.6269   0.00283175 -0.000139195  0.000192136 -0.208095 -0.026371  0.979296
   17.6311  0.000701217 -0.000139195 -0.000340495  -0.210902 -0.0250283   0.981737
   17.6368  -0.00142931 -0.000139195 -0.000873126  -0.216029 -0.0217324   0.982714
    17.641 0.000168584 0.000393437  0.00179004   -0.21786 -0.0191689   0.977343
   17.6469  0.00123385 0.000393437  0.00711636   -0.21664 -0.0162392   0.973314
   17.6511  0.00229911 -0.00120446  0.00605109    -0.2131 -0.0131875   0.974169
   17.6569   0.00229911 -0.000671827   0.00338793  -0.208217 -0.0153847   0.974535
   17.6613 0.000701215 0.000393437  0.00392057   -0.20724 -0.0213662   0.975634
   17.6669  0.000701215 -0.000139195    0.0028553  -0.210658 -0.0241738   0.980272
   17.6712 0.000701215 -0.00120446   0.0012574  -0.214564 -0.0220986   0.981493
   17.6769 -0.000896681  -0.00120446   0.00392056  -0.216273 -0.0188027   0.977221
   17.6812 -0.00249458 0.000393437  0.00498583  -0.214931 -0.0151406   0.973925
   17.6869 -0.00196194  0.00092607   0.0044532  -0.211391 -0.0122109   0.973681
   17.6911 0.000168584 0.000393437  0.00498583  -0.208461 -0.0148964   0.973681
   17.6968   0.00283175 -0.000139195   0.00498583  -0.206996 -0.0216103   0.975878
    17.701   0.00336438 -0.000671827   0.00551846  -0.209682 -0.0246621   0.980761
   17.7069  0.00229911 -0.00120446   0.0028553  -0.215175 -0.0230751   0.981615
   17.7113   0.00176648 -0.000671827 -0.000340492  -0.218104 -0.0186806   0.979296
   17.7166 0.000701217 0.000393437 0.000192139  -0.216884 -0.0135537   0.975023
   17.7213 0.00123385 0.00092607  0.0012574  -0.212855 -0.0117226   0.971972
   17.7269  0.00176648 0.000393437  0.00072477  -0.208705 -0.0139199   0.972338
   17.7312  0.000701215 -0.000671827    0.0028553  -0.206386 -0.0199013   0.973925
   17.7368   0.00123385 -0.000671827    0.0044532  -0.208461 -0.0241738   0.978808
   17.7411   0.00123385 -0.000671827   0.00338793    -0.2131 -0.0233193   0.982225
   17.7468 -0.000364048 -0.000671827    0.0028553  -0.216151 -0.0205117   0.980272
    17.751 -0.000364048  0.000393437   0.00232267  -0.216151 -0.0173378   0.975512
   17.7569  0.000701215 -0.000139195   0.00072477  -0.213222 -0.0142861   0.972948
   17.7613  0.000701215  0.000393437 -0.000873126  -0.208827 -0.0133095   0.973558
   17.7669  0.000701215   0.00092607 -0.000873126  -0.206264 -0.0184365   0.975023
   17.7712   0.00123385 -0.000671827   0.00072477  -0.207973 -0.0239296   0.978563
   17.7769  0.000168584 -0.000671827   0.00179004  -0.212978 -0.0230751   0.981371
   17.7814 -0.00142931 0.000393437  0.00072477  -0.216884 -0.0202675   0.980516
   17.7869  0.000168584 -0.000139195 -0.000340495  -0.216884 -0.0178261   0.975756
   17.7911   0.00176648 -0.000139195  -0.00140576  -0.214198 -0.0140419   0.972704
   17.7969 0.000701217  0.00092607 -0.00140576  -0.210292 -0.0134316   0.973925
   17.8011 -0.000896679   0.00092607   0.00072477  -0.206996 -0.0189248   0.974657
   17.8067 -0.000364048 -0.000139195   0.00232267 -0.207973  -0.02454  0.977587
   17.8112 0.000168584 -0.00120446   0.0044532  -0.212245 -0.0253945   0.981127
   17.8169 -0.00142931 -0.00173709  0.00551846  -0.216518 -0.0220986   0.980761
   17.8211 -0.00355984 -0.00120446  0.00658372  -0.217494 -0.0170937   0.977343
   17.8269 -0.00302721 0.000393437  0.00658372  -0.215053 -0.0128212   0.973192
   17.8314 -0.000896679 -0.000139195   0.00498583   -0.21078 -0.0113564   0.973192
   17.8369 -0.000364047 -0.000671827   0.00392057 -0.207118 -0.015873  0.974169
   17.8411  0.000701217 -0.000671827    0.0028553   -0.20724 -0.0230751   0.976122
   17.8468 -0.000364048 -0.000671827    0.0044532  -0.211024 -0.0246621   0.981737
   17.8509  -0.00142931 -0.000139195    0.0044532  -0.215053 -0.0219765    0.98247
   17.8569 -0.000364047 -0.000139195   0.00551846  -0.216884 -0.0189248    0.97661
    17.861  0.000168584 -0.000671827   0.00498583  -0.216151 -0.0161171   0.972948
   17.8669  0.00123385 -0.00120446  0.00232267  -0.211879 -0.0135537   0.974047
   17.8714  0.000168584 -0.000671827   0.00392057  -0.207484 -0.0159951   0.974535
   17.8767 -0.000896679 -0.000671827   0.00392057   -0.20724 -0.0225869   0.976366
    17.881 -0.000364047  -0.00120446   0.00338794  -0.211146 -0.0244179   0.981005
   17.8869 -0.00142931 -0.00120446  0.00658373  -0.215297 -0.0217324   0.981615
   17.8913  -0.00249458 -0.000139195   0.00764899  -0.217006 -0.0184365   0.976976
   17.8967 -0.000896681 -0.000139195   0.00658372  -0.215297 -0.0151406   0.974291
    17.901   0.00123385 -0.000671827   0.00551846  -0.211269 -0.0129433   0.973925
   17.9069  0.000701217 -0.000139195   0.00551846   -0.20724 -0.0151406   0.973925
    17.911 -0.000364047 -0.000139195   0.00551846 -0.206508 -0.021122  0.977099
   17.9169  0.000168584 -0.000671827    0.0028553  -0.210048 -0.0249062   0.980883
    17.921 -0.000364048 -0.000671827    0.0028553  -0.215419 -0.0233193   0.981737
   17.9269  -0.00196194 -0.000139195   0.00498583  -0.218959 -0.0190468    0.97954
   17.9314 -0.000896681 -0.000139195   0.00498583  -0.217494 -0.0156289   0.975267
   17.9368  0.000701215 -0.000139195   0.00498583  -0.212978 -0.0126992   0.973681
    17.941  0.000168584 -0.000139195   0.00392057  -0.208583 -0.0136757   0.973925
   17.9469 -0.000896679  0.000393437   0.00392057  -0.206264 -0.0201455   0.974657
   17.9511 -0.000364048 -0.000139195   0.00551846  -0.208583 -0.0241738   0.979174
   17.9567 0.000168584 -0.00173709   0.0044532  -0.213344 -0.0231972   0.982958
   17.9611 -0.000896679  -0.00120446   0.00338793  -0.216151 -0.0200234   0.980028
   17.9667  0.000168584 -0.000671827   0.00392056  -0.216518 -0.0170937   0.974169
    17.971 0.000168584 0.000393437  0.00338793  -0.213954 -0.0148964   0.972948
   17.9769  0.000168584    0.0014587 -0.000340492  -0.209315 -0.0150185   0.973925
   17.9811   0.00229911  0.000393437 -0.000873126  -0.206752 -0.0202675   0.975023
   17.9869  0.00123385 0.000393437  0.00072477  -0.209071 -0.0235634    0.98015
   17.9913  0.000168584   0.00092607 -0.000340492  -0.214076 -0.0219765   0.982592
   17.9969 0.000701215 0.000393437 -0.00193839  -0.217494 -0.0196572   0.979052
   18.0011  0.000701215 -0.000671827  -0.00247102   -0.21725 -0.0159951   0.975634
   18.0068  0.000168584 -0.000671827  -0.00140576  -0.214198 -0.0134316   0.972338
    18.011  0.000168584 -0.000671827    0.0012574  -0.209926 -0.0139199   0.972094
   18.0169  0.00176648 -0.00120446  0.00232267 -0.206508 -0.019291  0.975145
   18.0213   0.00229911 -0.000671827   0.00179004   -0.20724 -0.0249062    0.97893
   18.0269   0.00176648 -0.000671827    0.0012574  -0.212001 -0.0249062   0.980883
    18.031   0.00176648  -0.00120446 -0.000873126  -0.217006 -0.0208779   0.979906
   18.0369  0.000168584 -0.000671827 -0.000340495  -0.218349 -0.0168496    0.97661
   18.0413 -0.000364048 -0.000139195  -0.00247102  -0.215053 -0.0136757   0.973681
   18.0467  0.000701215 -0.000139195  -0.00353629 -0.209926 -0.012333  0.973925
    18.051   0.00176648 -0.000671827   0.00179004  -0.206996 -0.0159951   0.974047
   18.0567   0.00123385 -0.000671827   0.00338794  -0.206996 -0.0220986      0.976
   18.0609 -0.000896679 -0.000139195   0.00338794  -0.210048 -0.0239296   0.981249
   18.0669   0.00123385 -0.000671827   0.00338794  -0.215053 -0.0199013   0.981859
   18.0711   0.00229911 -0.000139195   0.00232267  -0.217006 -0.0168496   0.977465
   18.0769 0.000701215 0.000393437  0.00179004  -0.215419 -0.0146523   0.974535
   18.0811 -0.000896681 -0.000139195   0.00392056  -0.212245 -0.0129433   0.973192
   18.0866  -0.00196194 -0.000139195   0.00605109  -0.208461 -0.0172158   0.973436
    18.091 -0.000896679 -0.000139195   0.00711636  -0.207851 -0.0231972   0.977221
   18.0969 -0.000896679  -0.00120446   0.00764899  -0.211879 -0.0236855   0.981371
   18.1013 -0.00142931 -0.00173709  0.00605109  -0.216029 -0.0213662   0.980394
   18.1067  -0.00196194 -0.000671827   0.00605109  -0.217372 -0.0180703   0.977709
   18.1111  0.000168584 -0.000139195   0.00498583  -0.215419 -0.0146523   0.973314
   18.1169 0.00176648 0.00092607  0.0012574   -0.21078 -0.0130654   0.971117
   18.1211 0.000168584  0.00092607  0.00179004  -0.206996 -0.0157509   0.974047
   18.1269   0.00176648 -0.000671827    0.0012574  -0.205775 -0.0224648   0.977465
   18.1311   0.00229911 -0.000671827    0.0028553  -0.209193 -0.0250283   0.980394
   18.1368 -0.000896681   0.00092607   0.00551846  -0.215541 -0.0223427   0.981371
    18.141 0.000168584  0.00092607  0.00232267  -0.218471 -0.0188027   0.979418
   18.1469  0.00283175 0.000393437  0.00072477  -0.217128 -0.0153847   0.974047
   18.1512  0.00123385 0.000393437  0.00179004  -0.213588 -0.0125771   0.972826
   18.1568 0.000168584 0.000393437   0.0028553  -0.209193 -0.0136757   0.974413
    18.161  0.000168584 -0.000139195    0.0044532  -0.207484 -0.0202675   0.975023
   18.1669 -0.000364047 -0.000671827    0.0044532  -0.209315 -0.0244179    0.97893
   18.1711 -0.00142931 -0.00120446  0.00392057  -0.213222 -0.0218544   0.982225
   18.1767 -0.000896681  -0.00120446    0.0044532  -0.216029 -0.0190468   0.979418
    18.181 0.000701215 0.000393437  0.00338793  -0.215541 -0.0168496   0.974413
   18.1869   0.00123385 -0.000139195 -0.000340495    -0.2131 -0.0125771   0.973192
   18.1911   0.00123385 -0.000671827  -0.00193839  -0.208339 -0.0137978   0.973436
   18.1968  0.000168584 -0.000139195 -0.000340495  -0.205653 -0.0205117   0.975512
    18.201  0.000168584 -0.000671827   0.00232267  -0.208217 -0.0249062   0.979784
   18.2069   0.00123385 -0.000671827    0.0028553   -0.21371 -0.0241738    0.98247
   18.2111  0.000701217 -0.000139195   0.00338793 -0.217372 -0.019291  0.980761
   18.2169 0.00123385 0.00092607 0.00392056  -0.217372 -0.0146523    0.97539
    18.221 0.00229911  0.0014587  0.0028553  -0.214442 -0.0119668   0.971972
   18.2269  0.00229911  0.00092607 0.000192139   -0.20956 -0.0134316   0.973192
   18.2315   0.00229911   0.00092607 -0.000340495  -0.205409 -0.0199013   0.974901
   18.2365  0.00123385 0.000393437  0.00072477 -0.206874  -0.02454  0.977953
   18.2411  0.000701215 -0.000671827    0.0012574  -0.212367 -0.0239296   0.982958
   18.2469  0.000168584 -0.000139195    0.0028553  -0.215785 -0.0212441   0.981615
   18.2513 -0.000364047   0.00092607   0.00338793  -0.217128 -0.0178261   0.976366
   18.2567 -0.000364047  0.000393437   0.00338793  -0.214809 -0.0144082   0.974169
    18.261 -0.000364047   0.00092607   0.00072477  -0.210048 -0.0131875   0.974169
   18.2668  0.00229911   0.0014587 -0.00140576  -0.206996 -0.0170937   0.973925
   18.2711   0.00389701  0.000393437 -0.000873126  -0.207484 -0.0233193   0.976366
   18.2769   0.00176648 -0.000139195 -0.000873126  -0.211635 -0.0238076   0.980761
   18.2811 -0.000364048  0.000393437 -0.000340492  -0.216151 -0.0202675   0.980272
   18.2869 -0.000364048  0.000393437    0.0012574  -0.217372 -0.0173378   0.976244
   18.2911 -0.000364048  0.000393437   0.00072477 -0.214931 -0.014164  0.973925
   18.2967  0.000701217 -0.000139195  0.000192136  -0.211024 -0.0131875   0.973192
    18.301   0.00176648 -0.000139195   0.00072477  -0.207851 -0.0174599   0.974169
   18.3069 0.000168584  0.00092607  0.00232267  -0.207728 -0.0236855   0.978197
   18.3113 -0.00142931  0.00092607   0.0028553  -0.211391 -0.0253945   0.981005
   18.3167  -0.00249458 -0.000139195   0.00179004  -0.215419 -0.0222207   0.981737
   18.3211 -0.00249458 -0.00173709  0.00232267   -0.21725 -0.0172158   0.978808
   18.3269 -0.00196194 -0.00173709  0.00605109  -0.215297 -0.0131875   0.972826
   18.3311 -0.00196194 0.000393437  0.00711636  -0.210658 -0.0118447   0.973192
   18.3369 -0.000896681   0.00092607   0.00392056   -0.20663 -0.0156289   0.974901
   18.3411   0.00176648 -0.000671827   0.00179004  -0.206264 -0.0222207   0.974779
   18.3468 0.000701217 -0.00173709  0.00232267  -0.210048 -0.0246621    0.98015
    18.351 -0.000896679  -0.00173709   0.00232267  -0.214686 -0.0225869    0.98308
   18.3569 -0.000896679 -0.000139195   0.00232267  -0.217372 -0.0189248   0.978197
   18.3612 0.000701217 0.000393437  0.00338794  -0.216273 -0.0163613   0.973681
   18.3669   0.00229911 -0.000671827   0.00551846  -0.212855 -0.0137978   0.973925
    18.371  0.00176648 -0.00120446  0.00498583   -0.20956 -0.0139199   0.974291
   18.3769   0.00123385 -0.000671827   0.00338793  -0.207606 -0.0201455   0.975634
    18.381  0.000168584 -0.000671827   0.00551846  -0.209804 -0.0234414   0.979662
   18.3869 -0.000364047  -0.00173709   0.00818162  -0.214564 -0.0214882   0.981127
   18.3913 0.000168584 -0.00226972  0.00605109  -0.216762 -0.0191689   0.978441
   18.3969 -0.000364048  -0.00173709   0.00498583  -0.215907 -0.0151406   0.974779
    18.401 -0.00302721 -0.00120446  0.00711636  -0.211879 -0.0129433   0.973436
   18.4068 -0.00302721 -0.00120446  0.00764899  -0.208217 -0.0148964   0.973803
   18.4112 -0.000364048 -0.000671827   0.00764899  -0.207118 -0.0206337      0.976
   18.4169  0.000168584 -0.000671827   0.00658373  -0.208827 -0.0252724   0.980028
   18.4211  -0.00196194 -0.000139195   0.00605109  -0.213954 -0.0238076   0.981737
   18.4269 -0.00142931  0.00092607  0.00338793  -0.217982 -0.0195351   0.980028
   18.4311 0.00123385  0.0014587 0.00232267  -0.217982 -0.0150185   0.975512
   18.4369 0.000701217  0.00092607  0.00605109  -0.213954 -0.0118447   0.973192
   18.4413 0.000168584 0.000393437  0.00551846 -0.209315 -0.012333  0.973558
   18.4466 0.000701215  0.00092607  0.00232267  -0.207606 -0.0139199   0.972948
    18.451  0.000701215 -0.000139195    0.0044532 -0.208461 -0.019413  0.977099
   18.4569  -0.00196195 -0.000671827   0.00818162  -0.212001 -0.0236855   0.981615
   18.4613 -0.00515774 0.000393437  0.00924689  -0.216029 -0.0205117   0.980883
   18.4668 -0.00569037  0.00092607  0.00871425  -0.217372 -0.0185585   0.979784
    18.471 -0.00249458  0.00092607  0.00445319  -0.214931 -0.0157509   0.976244
   18.4769  0.00123385 0.000393437   0.0012574  -0.210292 -0.0131875   0.974169
   18.4813   0.00229911 -0.000139195    0.0012574  -0.206752 -0.0186806   0.975145
   18.4869   0.00283175 -0.000139195  0.000192136  -0.205409 -0.0239296   0.974657
   18.4911   0.00176648 -0.000139195   0.00338793  -0.210414 -0.0231972   0.978197
   18.4969  0.000701215 -0.000139195   0.00658373  -0.215419 -0.0224648   0.981737
   18.5013 0.000168584 0.000393437  0.00179004  -0.216395 -0.0186806   0.977709
   18.5067 -0.000364047   0.00092607  -0.00300366  -0.217372 -0.0148964   0.973681
    18.511 -0.000896679   0.00092607  -0.00247102  -0.212733 -0.0140419   0.974291
   18.5169 -0.00142931  0.00092607 -0.00193839  -0.208095 -0.0131875   0.974901
   18.5212 0.000168584 0.000393437 -0.00193839  -0.207728 -0.0200234   0.978075
   18.5269   0.00176648 -0.000139195  -0.00193839  -0.207362 -0.0268593   0.981249
   18.5313   0.00123385 -0.000671827    0.0012574  -0.212733 -0.0238076   0.980272
   18.5367 0.000701215 -0.00120446   0.0044532  -0.218104 -0.0207558   0.979296
    18.541   0.00229911 -0.000671827 -0.000340492  -0.216273 -0.0162392   0.975756
   18.5469   0.00389701 -0.000139195  -0.00513418  -0.214442 -0.0117226   0.972216
   18.5511  0.00176648 0.000393437 -0.00406892  -0.210292 -0.0146523   0.973436
   18.5568 -0.000364047   0.00092607  -0.00300366 -0.206142 -0.017582  0.974657
    18.561 0.000701217  0.00092607 -0.00140576  -0.209071 -0.0207558   0.979052
   18.5669  0.00176648  0.00092607 0.000192136  -0.212001 -0.0239296   0.983446
   18.5713  0.000701217 -0.000139195    0.0012574  -0.214076 -0.0219765   0.982714
   18.5767  -0.00142931 -0.000139195   0.00232267  -0.216395 -0.0186806   0.978563
    18.581 -0.000896681  0.000393437   0.00179004   -0.21371 -0.0146523   0.975267
   18.5869  0.000701215 -0.000139195    0.0012574   -0.21078 -0.0119668    0.97539
    18.591 -0.000896681  0.000393437   0.00232267  -0.209437 -0.0177041   0.977831
   18.5969 -0.00249458  0.00092607  0.00338794  -0.208095 -0.0234414   0.980272
   18.6013  -0.00196194 -0.000139195   0.00392057  -0.210292 -0.0235634   0.981371
   18.6069 -0.00142931 -0.00120446   0.0044532  -0.215053 -0.0218544   0.981615
    18.611 -0.000896679  -0.00173709   0.00605109  -0.218227 -0.0185585   0.978685
   18.6168 0.000701217 -0.00173709  0.00498583  -0.216518 -0.0153847   0.974291
   18.6213   0.00283175 -0.000671827    0.0012574  -0.211879 -0.0125771   0.972338
   18.6269   0.00229911 -0.000671827  0.000192136 -0.207851 -0.014164  0.973925
   18.6312   0.00123385 -0.000671827    0.0012574  -0.205897 -0.0205117    0.97661
   18.6368 -0.000896681 -0.000139195   0.00392056 -0.208705  -0.02454   0.98015
    18.641  -0.00249458 -0.000671827   0.00498583  -0.214442 -0.0234414   0.981493
   18.6469 0.000701217 -0.00120446  0.00338793  -0.217738 -0.0201455   0.979052
   18.6513   0.00176648 -0.000671827    0.0028553  -0.217494 -0.0163613   0.974657
   18.6567  0.00123385 0.000393437  0.00338794  -0.214076 -0.0129433   0.972948
    18.661 0.000701217  0.00092607   0.0028553  -0.209193 -0.0130654   0.974169
   18.6669 -0.00142931 0.000393437  0.00232267  -0.206996 -0.0188027   0.975634
   18.6713 -0.000896681  -0.00120446    0.0028553  -0.208461 -0.0239296   0.978319
   18.6769 0.000168584 -0.00226972  0.00392057  -0.212733 -0.0223427   0.981493
    18.681 0.000701217 -0.00120446   0.0044532  -0.216273 -0.0195351   0.981493
   18.6868 -0.000364048  0.000393437   0.00658372  -0.216762 -0.0173378      0.976
   18.6911 -0.00196194  0.00092607  0.00658372   -0.21432 -0.0130654   0.972826
   18.6967 -0.00142931 0.000393437  0.00392057  -0.209315 -0.0135537   0.973314
    18.701  0.000168584 -0.000139195    0.0012574  -0.206508 -0.0195351   0.974413
   18.7069   0.00283175 -0.000139195  -0.00140576  -0.208339 -0.0242959   0.979174
   18.7114   0.00336438 -0.000671827 -0.000340492    -0.2131 -0.0240517   0.982714
   18.7166 0.000701217 -0.00173709  0.00072477  -0.217372 -0.0202675   0.981005
    18.721 -0.000364048 -0.000671827  0.000192136  -0.217616 -0.0166054   0.976244
   18.7269  0.000168584 -0.000139195   0.00179004  -0.214442 -0.0136757   0.971972
   18.7313 0.000701217 -0.00120446  0.00338794  -0.210536 -0.0131875   0.972094
   18.7369 0.000701217 -0.00120446  0.00498583  -0.206752 -0.0183144   0.974535
   18.7411  0.000701217 -0.000671827   0.00605109   -0.20663 -0.0240517   0.978319
   18.7468  0.000168584 -0.000671827   0.00498583 -0.211391  -0.02454  0.981615
    18.751 -0.000896679 -0.000671827   0.00392057  -0.215907 -0.0217324   0.981615
   18.7569 -0.000896679  0.000393437    0.0012574   -0.21786 -0.0179482   0.977465
   18.7611   0.00123385 -0.000139195  0.000192139   -0.21664 -0.0147744   0.973192
   18.7667   0.00283175 -0.000671827    0.0012574  -0.211879 -0.0126992   0.973436
   18.7712   0.00176648 -0.000671827    0.0012574  -0.207851 -0.0150185   0.973803
   18.7769  0.00123385 -0.00120446  0.00392057  -0.207118 -0.0219765   0.975267
    18.781 -0.000364048  -0.00120446   0.00711636  -0.210048 -0.0241738   0.980028
   18.7869 0.000168584 -0.00120446   0.0044532   -0.21432 -0.0212441   0.981493
    18.791  0.000168584 -0.000671827   0.00338793  -0.216395 -0.0184365   0.977831
   18.7968  -0.00196194 -0.000671827   0.00392056 -0.215663 -0.014164  0.974047
    18.801  -0.00142931 -0.000139195    0.0012574 -0.211635 -0.012455  0.973436
   18.8069  0.000701217  0.000393437 -0.000340495  -0.208095 -0.0167275   0.973925
   18.8111   0.00229911 -0.000671827  0.000192139  -0.207606 -0.0227089   0.976122
   18.8169   0.00176648 -0.000139195   0.00179004   -0.21017 -0.0249062   0.980761
   18.8211 -0.000896681 -0.000139195   0.00392056  -0.215175 -0.0222207   0.981859
   18.8269  -0.00142931 -0.000671827   0.00338793  -0.218349 -0.0177041   0.979906
   18.8316  -0.00142931 -0.000671827    0.0044532 -0.217128 -0.014164  0.975145
   18.8369 -0.00142931 -0.00120446  0.00498583    -0.2131 -0.0126992   0.971239
   18.8411   0.00123385 -0.000671827    0.0028553  -0.208095 -0.0151406   0.972704
   18.8469   0.00229911 -0.000139195   0.00338794  -0.204921 -0.0218544   0.976122
    18.851   0.00123385 -0.000671827   0.00498583  -0.207484 -0.0253945   0.980516
   18.8569  0.00123385 0.000393437  0.00392057  -0.213344 -0.0230751   0.982836
   18.8613 0.000168584  0.00092607  0.00551846  -0.216762 -0.0197793   0.979784
   18.8668 -0.000364048 -0.000139195   0.00764899   -0.21664 -0.0168496   0.973681
    18.871   0.00176648 -0.000139195   0.00551846  -0.213466 -0.0134316    0.97307
   18.8769   0.00283175 -0.000139195   0.00498583  -0.208827 -0.0125771   0.975145
   18.8812  0.00229911 0.000393437  0.00338793   -0.20663 -0.0183144   0.975145
   18.8869 0.00176648  0.0014587 0.00179004  -0.208827 -0.0230751   0.979052
   18.8912  0.00123385 0.000393437  0.00179004  -0.212978 -0.0218544   0.982103
   18.8968   0.00123385 -0.000671827   0.00232267  -0.216151 -0.0196572   0.979784
    18.901  0.000168584 -0.000139195   0.00605109  -0.216884 -0.0163613      0.976
   18.9069  -0.00142931 -0.000139195   0.00764899  -0.213466 -0.0128212   0.973925
    18.911 -0.000896679 -0.000139195    0.0044532  -0.208827 -0.0135537   0.974047
   18.9169   0.00123385 -0.000139195   0.00232267   -0.20663 -0.0191689   0.974901
   18.9213   0.00176648 -0.000671827    0.0028553 -0.207606  -0.02454  0.978685
   18.9268  0.000168584 -0.000671827    0.0044532  -0.212123 -0.0247841   0.982348
   18.9309 -0.000896679 -0.000139195   0.00392057 -0.217128 -0.021122  0.980028
   18.9369 -0.000364048 -0.000139195   0.00232267  -0.217494 -0.0166054   0.976732
   18.9412 0.00229911 0.00092607 0.00072477  -0.214686 -0.0129433   0.973925
   18.9469  0.00283175 0.000393437  0.00179004  -0.210414 -0.0131875   0.972216
   18.9511  0.000168584 -0.000139195  0.000724774   -0.20724 -0.0180703   0.974169
   18.9568 0.000701217 0.000393437 -0.00247102  -0.208461 -0.0239296   0.977831
    18.961   0.00176648 -0.000139195  -0.00193839  -0.211146 -0.0256386   0.981859
   18.9669  0.000701215 -0.000139195  -0.00193839  -0.215175 -0.0220986   0.981249
   18.9711   0.00123385  0.000393437 -0.000873126   -0.21786 -0.0184365      0.976
   18.9769  0.00123385  0.00092607 0.000192139  -0.215663 -0.0151406   0.972704
   18.9811  0.00229911 0.000393437  0.00179004 -0.211269 -0.012455  0.973436
   18.9869   0.00283175 -0.000139195   0.00232267  -0.206996 -0.0155068   0.974901
   18.9912  0.00283175 -0.00120446  0.00179004  -0.206996 -0.0220986    0.97661
   18.9968  0.00283175 -0.00173709  0.00179004  -0.211391 -0.0239296   0.980394
    19.001  0.000701217 -0.000139195  0.000192136 -0.215297    -0.021  0.981249
   19.0069 0.000701217  0.00092607 -0.00353629  -0.217128 -0.0173378   0.977221
   19.0111   0.00336438 -0.000139195  -0.00460155 -0.215297 -0.014164  0.973436
   19.0168   0.00336438 -0.000139195  -0.00193839  -0.211146 -0.0126992   0.973803
    19.021   0.00176648  0.000393437 -0.000340492  -0.208095 -0.0156289   0.974901
   19.0269 -0.000364048 -0.000139195    0.0012574  -0.207118 -0.0224648    0.97661
   19.0311  -0.00355984 -0.000139195    0.0028553  -0.209804 -0.0260048   0.981615
   19.0369  -0.00462511 -0.000139195    0.0028553  -0.215907 -0.0240517    0.98247
   19.0414  -0.00355984 -0.000139195   0.00338793  -0.218715 -0.0190468   0.978075
   19.0467  0.000168584 -0.000671827   0.00232267  -0.216029 -0.0144082   0.974413
   19.0511  0.000701217 -0.000139195  0.000192139  -0.211757 -0.0122109   0.973681
   19.0569 -0.00196194 0.000393437  0.00072477  -0.207851 -0.0144082   0.973558
    19.061  -0.00142931 -0.000139195    0.0012574  -0.20602 -0.021122  0.974535
   19.0669  0.000168584 -0.000671827    0.0028553  -0.208705 -0.0249062   0.979662
   19.0713 0.000701215 -0.00120446  0.00392057  -0.213344 -0.0233193   0.982836
   19.0767  0.000168584 -0.000671827   0.00232267  -0.216273 -0.0200234   0.979296
    19.081 -0.000896679  0.000393437   0.00338793  -0.216518 -0.0166054   0.974291
   19.0869 -0.000364048   0.00092607    0.0028553  -0.213466 -0.0134316   0.973314
   19.0912 0.00176648 0.00092607 0.00072477 -0.208705 -0.014164  0.974291
   19.0969  0.00176648 0.000393437   0.0028553  -0.206386 -0.0195351   0.975756
   19.1012 0.000168584 -0.00120446  0.00338794 -0.209071 -0.022831  0.979418
   19.1069 -0.000896679  -0.00173709    0.0028553   -0.21371 -0.0219765   0.981249
   19.1111 -0.00142931 -0.00120446   0.0044532  -0.216884 -0.0189248   0.978319
   19.1169 -0.000896679  -0.00120446   0.00605109   -0.21664 -0.0156289   0.974779
    19.121 -0.000896679 -0.000139195   0.00711636  -0.212733 -0.0131875   0.973192
   19.1269 -0.00196194 0.000393437  0.00658372  -0.209193 -0.0126992   0.973314
   19.1315 -0.000896681 -0.000139195   0.00179004   -0.20663 -0.0184365   0.975267
   19.1365   0.00176648 -0.000139195  0.000192139  -0.207484 -0.0246621   0.979174
   19.1411   0.00123385 -0.000139195    0.0012574  -0.213222 -0.0247841   0.981249
   19.1469 -0.000896679 -0.000139195   0.00072477  -0.217372 -0.0213662   0.980272
   19.1512 -0.00142931 0.000393437   0.0028553  -0.218104 -0.0174599    0.97661
   19.1569 -0.00142931 0.000393437  0.00392056 -0.214931 -0.014164  0.972826
    19.161 -0.000364048 -0.000139195   0.00551846  -0.210048 -0.0126992   0.973558
   19.1669  0.000701215 -0.000139195   0.00658372  -0.207606 -0.0170937   0.974779
   19.1711 0.000701215 0.000393437  0.00232267  -0.208095 -0.0233193   0.976732
   19.1769 0.000701215 0.000393437 0.000192136  -0.211635 -0.0236855   0.981981
   19.1813  0.000701215 -0.000671827    0.0012574  -0.215785 -0.0203896   0.982225
   19.1869 -0.000364048 -0.000671827   0.00338793 -0.217128 -0.017582  0.976732
   19.1912  0.000701217 -0.000671827   0.00605109 -0.215297 -0.014164  0.973192
   19.1969  0.000701217 -0.000671827   0.00658372  -0.210536 -0.0126992   0.973558
   19.2014 -0.000364048 -0.000139195   0.00338793  -0.206386 -0.0180703   0.974779
   19.2069   0.00123385 -0.000671827   0.00179004  -0.207484 -0.0240517   0.977221
   19.2112  0.000701217 -0.000139195    0.0012574  -0.211757 -0.0235634   0.982225
   19.2169 -0.000364047 -0.000139195   0.00072477  -0.216029 -0.0200234   0.981615
    19.221  0.00176648 -0.00120446   0.0012574  -0.217128 -0.0167275    0.97661
   19.2269   0.00176648 -0.000671827    0.0028553  -0.215541 -0.0131875   0.972582
   19.2313  0.000168584 -0.000139195   0.00338793  -0.211269 -0.0120888   0.972704
   19.2369 -0.000364048  0.000393437    0.0044532  -0.20663 -0.015873  0.974047
    19.241 -0.000364048   0.00092607   0.00338793  -0.206264 -0.0220986   0.977099
   19.2469  0.00123385 0.000393437   0.0012574  -0.210292 -0.0242959   0.981859
   19.2514  0.000701217 -0.000671827   0.00232267  -0.216029 -0.0219765   0.980639
   19.2567 -0.000364047  -0.00120446    0.0028553  -0.218959 -0.0189248   0.977953
    19.261 -0.000896679 -0.000671827   0.00338794  -0.217006 -0.0155068   0.974901
   19.2669  -0.00142931 -0.000139195   0.00551846  -0.212123 -0.0126992   0.973314
    19.271  0.000168584 -0.000139195   0.00605109  -0.208217 -0.0139199   0.974291
   19.2769   0.00283175 -0.000139195   0.00551846  -0.207362 -0.0203896   0.975512
   19.2812   0.00283175 -0.000139195   0.00498583   -0.20956 -0.0244179   0.979784
   19.2869   0.00123385 -0.000139195   0.00179004  -0.213466 -0.0220986   0.982103
   19.2913  0.000701215  0.000393437 -0.000873126  -0.216273 -0.0185585   0.979174
   19.2968   0.00176648 -0.000139195  0.000192139  -0.216395 -0.0166054   0.975267
   19.3011  0.00336438 -0.00120446  0.00072477  -0.213344 -0.0139199   0.973925
   19.3069   0.00229911 -0.000139195   0.00338793  -0.208705 -0.0146523   0.973314
   19.3112 0.00123385 0.00092607 0.00498583  -0.207728 -0.0208779   0.975023
   19.3169 0.000701217  0.00092607   0.0028553  -0.210048 -0.0251503   0.980394
   19.3211 -0.000364047 -0.000139195    0.0028553  -0.214686 -0.0235634   0.982348
   19.3269  -0.00196194 -0.000139195   0.00179004  -0.218104 -0.0186806   0.979418
   19.3311 -0.00249458  0.00092607  0.00072477 -0.216884 -0.014164  0.975634
   19.3369 -0.000896679 -0.000139195   0.00179004  -0.213466 -0.0114785   0.972094
   19.3412 -0.000896679  -0.00120446  0.000724774  -0.209315 -0.0130654   0.972094
   19.3466 0.000168584 -0.00120446 0.000192139 -0.205775 -0.019413     0.976
    19.351   0.00123385 -0.000671827   0.00179004  -0.206996 -0.0249062   0.979174
   19.3569 -0.000364048  0.000393437    0.0012574 -0.212367  -0.02454  0.981615
   19.3612  -0.00196194   0.00092607 -0.000873126  -0.216884 -0.0200234   0.980761
   19.3669 -0.000896681  0.000393437 -0.000873126   -0.21786 -0.0172158   0.975267
   19.3712  0.000168584 -0.000139195   0.00072477  -0.214809 -0.0152626   0.971972
   19.3767  -0.00142931 -0.000671827  0.000192136  -0.209804 -0.0137978   0.974413
   19.3811  -0.00142931 -0.000139195   0.00232267  -0.206142 -0.0178261   0.975145
   19.3869 -0.000896679  0.000393437   0.00498583   -0.20724 -0.0235634      0.976
   19.3911 -0.000364048 -0.000139195   0.00551846  -0.211879 -0.0242959   0.980883
   19.3969 -0.000364048 -0.000139195   0.00498583  -0.215297 -0.0213662   0.981127
   19.4012 -0.00249458 0.000393437  0.00551846  -0.216762 -0.0178261   0.976122
   19.4069 -0.00196194  0.00092607  0.00392057  -0.214809 -0.0136757   0.973314
   19.4114 -0.000364047 -0.000139195   0.00498583  -0.210292 -0.0130654   0.973925
   19.4168 -0.000364047  -0.00120446   0.00871425  -0.208339 -0.0146523   0.974657
   19.4211 -0.000896679 -0.000671827   0.00871425  -0.208827 -0.0205117   0.978075
   19.4269  -0.00142931 -0.000139195   0.00711636  -0.212611 -0.0244179    0.98247
   19.4314 -0.000896679  -0.00120446   0.00498583  -0.217128 -0.0206337   0.981127
   19.4369  0.00123385 -0.00120446  0.00498583  -0.217494 -0.0163613   0.977465
   19.4415   0.00176648 -0.000671827    0.0044532 -0.215175 -0.012455  0.973192
   19.4467 0.000701215 -0.00120446  0.00338794   -0.21371 -0.0109902   0.970263
   19.4509 -0.000896681  0.000393437    0.0044532 -0.208827 -0.015873  0.972582
   19.4569 -0.00142931   0.0014587  0.00551846 -0.205897 -0.022831  0.977099
   19.4614 -0.000364047 -0.000139195   0.00605109  -0.209437 -0.0244179   0.981493
   19.4669 -0.000364047  -0.00120446   0.00658373  -0.211024 -0.0239296    0.98369
   19.4709 -0.00142931 0.000393437  0.00392057  -0.214442 -0.0208779   0.979418
   19.4769 -0.00249458  0.00199133   0.0012574   -0.21786 -0.0178261   0.975145
    19.481 0.000168584 0.000393437  0.00232267   -0.21371 -0.0152626   0.974901
   19.4869  0.00283175 -0.00120446  0.00338794   -0.20956 -0.0126992   0.974657
    19.491 0.000701217 0.000393437   0.0044532  -0.208827 -0.0186806   0.975634
   19.4969 -0.00142931  0.00199133  0.00551846  -0.208095 -0.0246621    0.97661
   19.5014 -0.00142931  0.00092607  0.00338793  -0.212245 -0.0225869   0.978441
   19.5068  -0.00142931 -0.000139195    0.0012574  -0.216395 -0.0205117   0.980272
   19.5109 -0.000364048 -0.000671827   0.00232267  -0.215419 -0.0169716   0.976122
   19.5169 0.000701215 -0.00120446  0.00338794  -0.214442 -0.0134316   0.971972
   19.5214   0.00123385 -0.000671827    0.0012574   -0.21078 -0.0153847   0.973314
   19.5269   0.00176648 -0.000139195 -0.000873126  -0.207118 -0.0173378   0.974657
   19.5311   0.00283175 -0.000139195 -0.000873126 -0.209804    -0.021  0.978441
   19.5369   0.00389701 -0.000139195 -0.000873126  -0.212489 -0.0246621   0.982225
   19.5411 0.000701217 0.000393437 0.000192139  -0.215297 -0.0207558   0.980639
   19.5469 -0.00249458  0.00092607   0.0012574  -0.218104 -0.0168496   0.979052
   19.5511 -0.00142931 0.000393437  0.00392057  -0.217372 -0.0148964   0.975145
   19.5567  0.000168584 -0.000139195   0.00498583 -0.213588 -0.012455  0.971972
   19.5611 0.000701215 0.000393437   0.0012574  -0.208949 -0.0134316   0.972948
   19.5669  0.000701215   0.00092607 -0.000873126   -0.20663 -0.0186806   0.973681
   19.5712   0.00123385  0.000393437 -0.000873126  -0.207973 -0.0239296   0.978808
   19.5768 0.000701217 0.000393437 -0.00140576  -0.213344 -0.0233193   0.982592
    19.581 -0.000896679  0.000393437 -0.000873126  -0.216762 -0.0202675    0.97954
   19.5869 -0.000364048 -0.000671827 -0.000873126  -0.216884 -0.0172158   0.975145
   19.5912   0.00123385 -0.000671827  0.000724774  -0.214686 -0.0137978   0.973436
   19.5967   0.00123385 -0.000139195    0.0044532  -0.210536 -0.0133095   0.974291
    19.601   0.00123385 -0.000139195    0.0044532  -0.207606 -0.0183144   0.974413
   19.6069  0.00123385 -0.00120446  0.00392057  -0.208461 -0.0230751   0.978685
   19.6111  0.00123385 -0.00173709  0.00338793  -0.212611 -0.0230751   0.982103
   19.6167   0.00229911  -0.00120446 -0.000873126  -0.216884 -0.0205117   0.979174
    19.621   0.00123385 -0.000139195  -0.00193839  -0.217494 -0.0173378   0.976244
   19.6269 -0.000364047  0.000393437  -0.00140576  -0.213954 -0.0142861   0.973803
   19.6313   0.00123385 -0.000671827  -0.00193839   -0.20956 -0.0135537    0.97307
   19.6368  0.00176648 -0.00120446 0.000192139   -0.20663 -0.0183144   0.975145
    19.641 0.000701215 -0.00120446  0.00072477   -0.20724 -0.0242959   0.979174
   19.6469 -0.000364048 -0.000139195   0.00179004  -0.211513 -0.0258828   0.981493
   19.6513 -0.000896679  0.000393437   0.00551846  -0.216884 -0.0217324   0.980272
   19.6568  0.00176648 0.000393437  0.00392056  -0.218104 -0.0166054   0.977709
    19.661 0.00389701 0.00092607 0.00072477  -0.215297 -0.0134316   0.973314
   19.6669  0.00123385 0.000393437  0.00338793  -0.211391 -0.0119668    0.97246
   19.6713 -0.000896679 -0.000139195    0.0044532  -0.208095 -0.0156289   0.973681
   19.6768  0.000168584 -0.000139195   0.00392057  -0.207606 -0.0227089   0.975634
    19.681  0.000701215 -0.000671827   0.00551846 -0.21078 -0.02454 0.981005
   19.6868 0.000168584 -0.00120446  0.00551846  -0.214931 -0.0208779   0.982225
   19.6909  -0.00196194 -0.000671827   0.00551846   -0.21664 -0.0183144   0.977343
   19.6969  -0.00142931 -0.000671827   0.00338793  -0.216151 -0.0159951   0.973192
   19.7011   0.00176648 -0.000139195 -0.000873126  -0.212367 -0.0133095   0.973558
   19.7069   0.00283175  0.000393437 -0.000873126  -0.207973 -0.0159951   0.973681
    19.711  0.00176648 0.000393437  0.00072477   -0.20724 -0.0222207   0.975512
   19.7167 0.000701215 0.000393437 0.000192139  -0.210414 -0.0236855   0.981005
    19.721 -0.000364048 -0.000671827    0.0028553  -0.214931 -0.0212441   0.981737
   19.7269 -0.00196194 -0.00120446  0.00498583  -0.216884 -0.0183144   0.977709
   19.7315 -0.00142931 -0.00120446  0.00392057  -0.215175 -0.0148964   0.973803
   19.7366 -0.000896679 -0.000671827   0.00392057  -0.211757 -0.0125771   0.972826
   19.7413 0.000168584 0.000393437 0.000724774  -0.207973 -0.0153847   0.973925
   19.7468 0.000701217 0.000393437 -0.00140576  -0.205897 -0.0220986   0.976244
    19.751  0.000168584 -0.000671827    0.0012574  -0.208949 -0.0253945   0.980394
   19.7569   0.00123385 -0.000671827   0.00179004  -0.214809 -0.0236855   0.981615
    19.761   0.00123385 -0.000671827   0.00179004  -0.218471 -0.0196572   0.979052
   19.7668   0.00123385 -0.000671827   0.00232267  -0.217616 -0.0161171   0.974535
    19.771   0.00229911 -0.000139195  0.000192139   -0.21371 -0.0129433   0.973925
   19.7769  0.000701217 -0.000139195    0.0012574  -0.208827 -0.0133095   0.974779
   19.7812  0.000168584 -0.000139195   0.00232267  -0.206386 -0.0190468   0.974535
   19.7868  0.000701217 -0.000139195  0.000192139  -0.208827 -0.0236855   0.979296
   19.7911 -0.000364047 -0.000139195    0.0012574  -0.213222 -0.0234414    0.98308
   19.7969 -0.000364047 -0.000671827   0.00338794   -0.21664 -0.0203896    0.98015
   19.8011 -0.000364047 -0.000671827   0.00338794  -0.216884 -0.0166054    0.97539
   19.8067  0.000168584 -0.000139195   0.00551846  -0.214076 -0.0131875   0.973803
    19.811 -0.000364048  0.000393437   0.00711636  -0.209926 -0.0139199   0.973314
   19.8169 -0.000364048   0.00092607   0.00605109  -0.207118 -0.0201455   0.975023
   19.8211 -0.000896681  0.000393437   0.00605109  -0.209193 -0.0244179   0.979784
   19.8269  -0.00142931 -0.000671827   0.00551846 -0.214076 -0.022831  0.981859
   19.8312 -0.00142931 -0.00120446   0.0044532   -0.21664 -0.0200234   0.979906
   19.8369 -0.00196194 -0.00120446  0.00498583  -0.217006 -0.0166054      0.976
   19.8412 -0.00142931 -0.00120446  0.00392056   -0.21432 -0.0134316   0.971972
   19.8469  -0.00196194 -0.000671827   0.00605109  -0.209804 -0.0135537   0.972216
    19.851 -0.000364048 -0.000139195   0.00764899  -0.206508 -0.0185585      0.976
   19.8569   0.00176648 -0.000671827   0.00392056  -0.206996 -0.0240517   0.979052
   19.8614 0.000168584 -0.00173709   0.0028553  -0.211757 -0.0247841   0.980883
   19.8669 -0.00142931 -0.00226972  0.00551846  -0.216151 -0.0213662   0.981493
    19.871 -0.00142931 -0.00120446   0.0044532  -0.218104 -0.0178261   0.976854
   19.8769  -0.00142931 -0.000671827   0.00498583  -0.215663 -0.0144082   0.972582
   19.8814 -0.000896679 -0.000671827   0.00498583  -0.210658 -0.0119668   0.974535
   19.8868 -0.000364047 -0.000671827    0.0028553  -0.207606 -0.0148964   0.975145
   19.8911  0.00283175 -0.00120446  0.00232267   -0.20724 -0.0213662   0.975634
   19.8969   0.00442964 -0.000139195 -0.000340495  -0.210536 -0.0236855   0.980272
   19.9011  0.00123385  0.00092607 -0.00247102  -0.215053 -0.0208779   0.982348
   19.9069 -0.00142931  0.00092607 0.000192139   -0.21725 -0.0180703   0.977587
   19.9113 -0.000896681   0.00092607   0.00072477  -0.216029 -0.0148964   0.973558
   19.9169  0.00283174 0.000393437 -0.00247102  -0.211146 -0.0126992   0.973803
   19.9213   0.00389701 -0.000139195 -0.000873126  -0.207362 -0.0162392   0.974047
   19.9269   0.00229911   0.00092607 -0.000340495  -0.207484 -0.0224648   0.977099
   19.9311   0.00176648   0.00092607 -0.000340495  -0.211146 -0.0238076   0.981981
   19.9369   0.00176648 -0.000139195   0.00072477 -0.216151    -0.021  0.981493
   19.9414   0.00176648 -0.000671827 -0.000873126  -0.217616 -0.0180703   0.978319
   19.9467 -0.000896681 -0.000139195    0.0012574  -0.216151 -0.0140419   0.973436
   19.9512  -0.00249458 -0.000139195    0.0044532  -0.212489 -0.0118447   0.971361
   19.9567 -0.000364048 -0.000671827    0.0012574  -0.207728 -0.0153847   0.973681
   19.9611  0.000701215 -0.000139195   0.00072477  -0.205531 -0.0223427   0.977221
   19.9669 -0.000364048 -0.000671827   0.00338793  -0.208339 -0.0256386   0.981615
   19.9711 -0.00142931 -0.00120446  0.00232267  -0.213466 -0.0230751   0.982225
   19.9767  -0.00142931 -0.000139195    0.0012574  -0.216884 -0.0195351   0.979174
   19.9811  -0.00142931 -0.000139195    0.0044532   -0.21725 -0.0157509   0.974901
   19.9869 -0.000896679  -0.00120446    0.0044532  -0.213588 -0.0128212   0.973436
   19.9913 0.000168584 -0.00120446  0.00338793  -0.208949 -0.0139199   0.973803
   19.9968 -0.000896681 -0.000671827    0.0044532  -0.207851 -0.0195351   0.975145
    20.001  -0.00142931 -0.000671827   0.00551846  -0.210414 -0.0235634    0.97893
   20.0069 -0.000896679  -0.00120446   0.00711636  -0.213954 -0.0223427   0.981371
   20.0113 -0.000364048  -0.00120446    0.0044532  -0.216884 -0.0190468   0.979906
   20.0168  0.00123385 -0.00120446  0.00232267  -0.216395 -0.0159951   0.975756
   20.0212 -0.000364048 -0.000671827   0.00764899  -0.212978 -0.0130654   0.973681
   20.0269  -0.00249458 -0.000139195   0.00924689  -0.209315 -0.0139199   0.973558
   20.0312  0.000168584 -0.000671827   0.00658373  -0.206752 -0.0201455   0.975023
   20.0367   0.00176648 -0.000139195   0.00764899  -0.207606 -0.0246621   0.979296
    20.041 0.000168584 0.000393437  0.00658372  -0.212733 -0.0235634   0.981737
   20.0469 -0.000364047  -0.00120446   0.00392057 -0.216762 -0.019291  0.980028
   20.0512 0.000168584 -0.00173709  0.00498583   -0.21664 -0.0151406      0.976
   20.0568  0.00176648 0.000393437  0.00232267 -0.213954 -0.012455   0.97246
    20.061 0.000701217   0.0014587   0.0012574  -0.209193 -0.0130654   0.973192
   20.0669   0.00123385 -0.000671827   0.00338793  -0.205409 -0.0186806   0.975267
   20.0714  0.00442964 -0.00173709  0.00232267  -0.206752 -0.0240517   0.978441
   20.0768  0.00389701 -0.00120446  0.00498583 -0.211513  -0.02454  0.982714
    20.081   0.00123385 -0.000671827   0.00551846  -0.215541 -0.0223427   0.981737
   20.0869 -0.000896679  0.000393437   0.00179004  -0.217494 -0.0186806   0.976488
   20.0914 -0.000364048   0.00092607   0.00072477  -0.215785 -0.0145302   0.973681
   20.0968  0.00176648 0.000393437  0.00072477 -0.211269 -0.012455  0.974535
    20.101   0.00336438 -0.000139195  0.000192136  -0.208339 -0.0159951   0.974291
   20.1069   0.00283175 -0.000139195    0.0012574  -0.208461 -0.0224648   0.976854
   20.1112 -0.000364048 -0.000139195   0.00072477  -0.211757 -0.0240517   0.981615
   20.1169  0.000168584 -0.000671827   0.00072477  -0.215663 -0.0207558   0.980639
    20.121   0.00123385 -0.000671827   0.00392056   -0.21664 -0.0172158    0.97661
   20.1269   0.00123385 -0.000139195    0.0012574  -0.214198 -0.0140419   0.973558
   20.1314   0.00283175 -0.000139195  -0.00193839 -0.210292 -0.012455  0.973314
   20.1368   0.00229911 -0.000139195  -0.00140576  -0.206996 -0.0162392   0.974657
    20.141   0.00123385 -0.000139195 -0.000340492  -0.206874 -0.0230751   0.977587
   20.1469 0.000168584 0.000393437  0.00232267 -0.210902 -0.026371  0.981005
   20.1512 -0.000364047 -0.000139195   0.00338794  -0.216029 -0.0238076   0.980516
   20.1569  -0.00142931 -0.000671827    0.0028553  -0.218349 -0.0178261   0.977953
   20.1612 -0.00142931 0.000393437  0.00338793  -0.216029 -0.0134316   0.974047
   20.1667 0.000168584 0.000393437  0.00179004  -0.211757 -0.0117226   0.972826
    20.171  0.000168584 -0.000139195  0.000192139  -0.207484 -0.0146523   0.973681
   20.1769 -0.000364047  0.000393437   0.00179004  -0.206142 -0.0216103   0.975267
    20.181 0.000168584 0.000393437  0.00179004  -0.209682 -0.0251503   0.980272
   20.1869   0.00123385 -0.000671827   0.00179004  -0.214686 -0.0233193    0.98247
    20.191 -0.000364048 -0.000139195   0.00338793  -0.217006 -0.0197793   0.979296
   20.1969 0.000168584 0.000393437   0.0028553  -0.216029 -0.0166054   0.974169
   20.2011 -0.000896681  0.000393437   0.00498583  -0.212978 -0.0136757   0.972948
   20.2069 -0.00196195   0.0014587  0.00605109  -0.209315 -0.0146523   0.974535
    20.211 0.000701215   0.0014587  0.00338794  -0.207606 -0.0205117   0.975878
   20.2167   0.00283174 -0.000139195   0.00179004  -0.210292 -0.0242959   0.979418
    20.221  0.00283174 -0.00120446  0.00232267  -0.214686 -0.0230751   0.981859
   20.2269 -0.000364048 -0.000671827    0.0044532  -0.217494 -0.0200234    0.97954
   20.2312  -0.00249458 -0.000139195   0.00498583   -0.21725 -0.0161171   0.974657
   20.2369 -0.00142931 0.000393437  0.00338793  -0.212245 -0.0131875   0.972826
   20.2411  0.00123385 0.000393437   0.0028553  -0.207851 -0.0140419   0.974047
   20.2467  0.00229911 -0.00120446  0.00338793  -0.206874 -0.0197793   0.975145
   20.2514 0.000701217 -0.00120446  0.00392056  -0.208217 -0.0246621   0.979174
   20.2568 -0.000364048 -0.000139195   0.00551846  -0.213222 -0.0246621   0.981981
    20.261 0.000168584 0.000393437  0.00338793  -0.217494 -0.0208779   0.980272
   20.2669 0.00123385 0.00092607  0.0012574  -0.217494 -0.0163613   0.976122
    20.271  0.00283175 0.000393437   0.0012574   -0.21432 -0.0126992   0.973314
   20.2769 0.00123385 0.00092607 0.00179004  -0.209682 -0.0117226   0.974413
   20.2813 -0.000896679    0.0014587   0.00179004  -0.20663 -0.017582  0.974169
   20.2868 -0.000364048  0.000393437    0.0012574  -0.207973 -0.0235634   0.976854
   20.2909  0.000168584 -0.000139195   0.00338793  -0.212367 -0.0235634   0.982592
   20.2969  0.000168584 -0.000139195   0.00711636  -0.216151 -0.0203896   0.981737
   20.3013  0.000168584 -0.000139195   0.00551846   -0.21725 -0.0178261      0.976
   20.3069 0.000701217 0.000393437 -0.00140576  -0.215053 -0.0148964   0.973192
    20.311  0.00123385 0.000393437 -0.00247102  -0.210414 -0.0130654   0.974169
   20.3168  0.000168584 -0.000139195  0.000192136  -0.207118 -0.0180703   0.974901
    20.321  0.000701217 -0.000671827   0.00072477  -0.207851 -0.0230751   0.977709
   20.3269   0.00123385 -0.000671827   0.00072477  -0.211146 -0.0225869   0.981737
   20.3311 -0.000364048 -0.000671827   0.00232267  -0.215785 -0.0205117   0.980516
   20.3369  -0.00142931 -0.000139195    0.0044532  -0.217372 -0.0177041   0.976732
   20.3414 -0.000896679  0.000393437    0.0028553  -0.214931 -0.0145302   0.973192
   20.3469 -0.000364047 -0.000139195   0.00072477  -0.213466 -0.0129433   0.971239
   20.3509 0.000168584 0.000393437 0.000192136  -0.209437 -0.0167275   0.973436
   20.3569 0.000701215 0.000393437 0.000192136  -0.206752 -0.0227089   0.978075
   20.3612  0.000701215  -0.00120446 -0.000340495  -0.211269 -0.0244179   0.981615
   20.3668  0.000701215  -0.00226972 -0.000873126  -0.214442 -0.0239296   0.982714
    20.371 0.000701215 -0.00120446 -0.00140576  -0.217006 -0.0201455   0.979174
   20.3767  0.000701215 -0.000139195  -0.00193839  -0.219569 -0.0163613   0.975634
   20.3811  0.000168584 -0.000671827 -0.000340492  -0.213832 -0.0140419    0.97539
   20.3869  0.000701217 -0.000671827 -0.000340492   -0.20724 -0.0144082   0.974169
   20.3912   0.00123385 -0.000139195 -0.000873126  -0.207118 -0.0207558   0.975145
   20.3966  0.000701215 -0.000139195  0.000192136  -0.207851 -0.0244179   0.977099
   20.4011  0.000168584 -0.000139195 -0.000340495  -0.211879 -0.0223427    0.97893
   20.4068 -0.000364047 -0.000139195 -0.000873126  -0.215907 -0.0202675   0.980761
    20.411 -0.000364047 -0.000671827   0.00232267  -0.215419 -0.0170937   0.977221
   20.4169 -0.000364047  -0.00120446   0.00551846  -0.214931 -0.0139199   0.973681
    20.421  0.000168584 -0.000139195   0.00498583   -0.21017 -0.0161171   0.973314
   20.4269 0.000701215  0.00092607   0.0044532  -0.205409 -0.0183144   0.972948
   20.4313 0.000168584 0.000393437  0.00392057  -0.208339 -0.0216103   0.978075
   20.4369 -0.000364047 -0.000139195   0.00338794  -0.211269 -0.0249062   0.983202
   20.4413 -0.000364047 -0.000671827   0.00392057  -0.214809 -0.0206337   0.980028
   20.4469 -0.000364047  -0.00120446    0.0044532  -0.218349 -0.0163613   0.976854
    20.451  0.00123385 -0.00120446  0.00392057  -0.214442 -0.0136757   0.974413
   20.4568  0.00283175 -0.00120446  0.00338794  -0.210536 -0.0109902   0.971972
   20.4613   0.00123385 -0.000139195   0.00605109 -0.207973 -0.017582  0.975145
   20.4669 -0.000364047   0.00092607   0.00871425  -0.205409 -0.0241738   0.978319
   20.4711 -0.00142931  0.00092607  0.00498583  -0.211269 -0.0229531   0.979906
   20.4769 -0.00249458  0.00092607   0.0012574  -0.217128 -0.0217324   0.981493
    20.481 -0.000364048 -0.000139195   0.00551846  -0.216884 -0.0186806   0.976244
   20.4869  0.00176648 -0.00120446  0.00977952   -0.21664 -0.0156289   0.970995
   20.4913  0.000701217 -0.000671827   0.00818162  -0.211879 -0.0148964   0.973192
   20.4968 -0.000364047 -0.000139195   0.00658373 -0.207118 -0.014164   0.97539
    20.501 0.000168584 0.000393437  0.00605109  -0.208583 -0.0200234   0.978075
   20.5069 0.000701215  0.00092607  0.00551846  -0.210048 -0.0258828   0.980761
   20.5113 0.000168584 0.000393437  0.00392056  -0.213466 -0.0227089   0.979784
   20.5168 -0.000364047 -0.000139195   0.00232267  -0.216884 -0.0195351   0.978808
   20.5211 -0.000364047  0.000393437    0.0028553 -0.214686 -0.015873  0.976122
   20.5269 -0.000364047   0.00092607   0.00338794  -0.212489 -0.0122109   0.973436
   20.5312 0.000701217 0.000393437   0.0028553  -0.210536 -0.0134316   0.973558
   20.5368 -0.000364048 -0.000139195   0.00605109  -0.207973 -0.0183144   0.973803
    20.541  -0.00196194 -0.000139195   0.00871425  -0.208217 -0.0240517   0.977953
   20.5469  0.000168584 -0.000671827   0.00605109  -0.212489 -0.0244179   0.981859
   20.5514  0.000701217 -0.000671827   0.00392057  -0.216762 -0.0206337   0.980761
   20.5565  0.000168584 -0.000671827   0.00338794  -0.216762 -0.0162392   0.977709
   20.5611  0.00229911 -0.00120446   0.0012574  -0.214442 -0.0126992   0.973436
   20.5669   0.00283175 -0.000671827   0.00232267 -0.210536 -0.012455  0.971972
   20.5711  0.00176648 0.000393437   0.0028553  -0.206264 -0.0173378   0.973925
   20.5769   0.00176648 -0.000139195 -0.000340495  -0.205775 -0.0230751   0.978197
   20.5811   0.00283175 -0.000139195  0.000192139   -0.21078 -0.0241738   0.982103
   20.5869 0.00176648 0.00092607 0.00232267  -0.216395 -0.0216103   0.982348
    20.591 0.000701217 0.000393437   0.0012574  -0.218227 -0.0188027   0.978441
   20.5969   0.00283175 -0.000671827 -0.000873126  -0.216395 -0.0153847   0.973314
   20.6011   0.00389701 -0.000139195  -0.00300365 -0.212123 -0.012455  0.972826
   20.6069  0.00336438 0.000393437 -0.00193839  -0.208461 -0.0151406   0.974291
   20.6112  0.00176648 0.000393437  0.00072477  -0.207851 -0.0218544   0.975756
   20.6169   0.00176648 -0.000139195 -0.000340495   -0.21078 -0.0242959   0.979662
   20.6212   0.00123385 -0.000671827   0.00072477  -0.214564 -0.0220986   0.981249
   20.6269  0.000168584 -0.000671827   0.00179004  -0.215907 -0.0191689   0.978685
   20.6313   0.00283174  -0.00120446 -0.000873126  -0.214931 -0.0152626   0.974657
   20.6368   0.00176648 -0.000139195 -0.000340495  -0.211024 -0.0131875   0.973436
    20.641 -0.000896679  0.000393437 -0.000340495  -0.207728 -0.0156289   0.974291
   20.6468  0.000168584 -0.000671827  -0.00193839   -0.20724 -0.0220986   0.976122
   20.6509 0.000701215 -0.00120446  0.00072477  -0.209804 -0.0252724   0.981005
   20.6569 -0.000364048 -0.000671827    0.0028553  -0.214931 -0.0225869   0.981737
    20.661 -0.000364048 -0.000671827  0.000724774  -0.217738 -0.0189248   0.979784
   20.6669  0.00176648 -0.00173709  0.00179004  -0.216884 -0.0151406   0.975756
   20.6714   0.00123385 -0.000671827   0.00338793  -0.213222 -0.0125771   0.972216
   20.6768  0.000701217 -0.000139195    0.0012574  -0.208095 -0.0142861    0.97307
    20.681  0.00123385 -0.00173709  0.00179004  -0.205775 -0.0200234   0.974535
   20.6869 -0.000364048  -0.00173709   0.00232267  -0.208339 -0.0242959   0.979662
   20.6911  -0.00249458 -0.000671827    0.0028553  -0.212733 -0.0234414    0.98369
   20.6969  -0.00249458 -0.000671827    0.0044532  -0.216151 -0.0205117   0.980639
   20.7013 -0.000364048  -0.00120446   0.00498583  -0.217128 -0.0180703   0.974047
   20.7069  0.000168584 -0.000671827   0.00605109  -0.213954 -0.0148964   0.973314
   20.7113 0.000168584 0.000393437  0.00498583  -0.209071 -0.0140419   0.975267
   20.7169  0.000168584   0.00092607 -0.000340495  -0.206996 -0.0183144   0.974047
   20.7212  0.000168584   0.00092607 -0.000873126  -0.208705 -0.0231972   0.978319
   20.7269 0.000701215 0.000393437  0.00179004  -0.212611 -0.0230751   0.981981
   20.7315   0.00123385 -0.000139195   0.00232267  -0.216273 -0.0195351   0.979052
   20.7367  0.000168584 -0.000671827   0.00498583  -0.216762 -0.0168496    0.97539
   20.7411 -0.000896679 -0.000671827   0.00551846  -0.213832 -0.0139199   0.973558
   20.7469  0.000168584 -0.000139195    0.0044532  -0.209926 -0.0131875   0.973803
    20.751  0.00123385 0.000393437   0.0044532  -0.206874 -0.0186806   0.975145
   20.7569 0.000701217   0.0014587   0.0028553  -0.207484 -0.0246621   0.978808
   20.7615 -0.000364047  0.000393437    0.0012574  -0.212245 -0.0255166   0.982348
   20.7665 -0.000896679 -0.000671827    0.0012574  -0.217128 -0.0216103   0.980516
   20.7712  -0.00142931  0.000393437 -0.000873126   -0.21786 -0.0159951    0.97661
   20.7769  0.000168584   0.00092607 -0.000873126  -0.214686 -0.0129433   0.973803
   20.7812  0.00123385 0.000393437  0.00072477  -0.210536 -0.0122109    0.97307
   20.7868 -0.000896681  0.000393437  0.000192139  -0.207362 -0.0161171   0.973436
    20.791 -0.000364048   0.00092607   0.00179004  -0.206996 -0.0233193   0.975878
   20.7969  0.00229911 0.000393437  0.00179004   -0.21017 -0.0253945   0.981371
   20.8012   0.00123385 -0.000671827    0.0012574  -0.214198 -0.0223427   0.982592
   20.8069 -0.000364047 -0.000139195    0.0012574  -0.217006 -0.0188027   0.977587
   20.8112 0.000168584  0.00092607 -0.00140576  -0.216518 -0.0155068   0.973192
   20.8169  0.000701215 -0.000139195  -0.00140576  -0.212245 -0.0131875   0.973558
   20.8213  0.00176648 -0.00120446  0.00072477  -0.207851 -0.0157509   0.974047
   20.8269  0.000701217 -0.000139195   0.00232267  -0.207728 -0.0217324   0.976366
   20.8315 -0.000364048 -0.000139195   0.00338793  -0.211757 -0.0235634   0.981249
   20.8369   0.00123385 -0.000671827    0.0028553  -0.216273 -0.0205117   0.981005
   20.8412  0.00176648 0.000393437   0.0012574  -0.217738 -0.0170937   0.976976
   20.8468   0.00176648 -0.000139195 -0.000340495  -0.215175 -0.0144082   0.973925
    20.851 -0.000896681 -0.000671827   0.00179004  -0.211513 -0.0129433   0.973558
   20.8569  -0.00249458 -0.000139195   0.00232267  -0.207606 -0.0156289   0.974535
   20.8611 -0.000896679 -0.000671827    0.0044532  -0.205775 -0.0222207   0.976732
   20.8669 0.000701217 -0.00173709  0.00711636  -0.209315 -0.0257607   0.980639
    20.871  0.00229911 -0.00120446  0.00392057  -0.215419 -0.0238076   0.981859
   20.8769 -0.000364048 -0.000139195   0.00551846 -0.218593 -0.019413  0.979296
   20.8814 -0.00196194 0.000393437  0.00551846 -0.217372 -0.015873  0.974535
   20.8867 -0.000364047  0.000393437   0.00232267  -0.213222 -0.0126992   0.973314
    20.891 -0.000364047 -0.000139195    0.0044532  -0.208827 -0.0133095   0.974291
   20.8969   0.00229911 -0.000139195   0.00392056  -0.207118 -0.0202675   0.974413
    20.901   0.00283174 -0.000139195    0.0028553   -0.20956 -0.0242959   0.979052
   20.9069   0.00123385 -0.000671827   0.00392057 -0.213954 -0.022831  0.982836
   20.9111  0.00123385 -0.00120446  0.00338793  -0.216273 -0.0201455    0.97954
   20.9169  0.000701215 -0.000139195  0.000192139  -0.216518 -0.0168496    0.97539
   20.9214 0.000701215 0.000393437 0.000724774   -0.21371 -0.0142861   0.973558
   20.9269  0.000701215 -0.000671827    0.0012574  -0.208583 -0.0150185   0.972948
   20.9311   0.00176648  -0.00120446 -0.000340495  -0.206142 -0.0196572   0.975756
   20.9369   0.00229911 -0.000671827   0.00072477  -0.208461 -0.0236855   0.979784
   20.9413   0.00123385 -0.000139195    0.0012574  -0.213344 -0.0227089   0.980883
   20.9469  0.000701215 -0.000139195 -0.000340492  -0.216884 -0.0199013    0.97893
   20.9511  0.000701215 -0.000139195 -0.000340492   -0.21664 -0.0168496   0.975145
   20.9569   0.00229911  0.000393437 -0.000873126  -0.213954 -0.0128212   0.972338
    20.961   0.00336438   0.00092607 -0.000873126  -0.209804 -0.0128212   0.973192
   20.9669  0.00123385  0.00092607 0.000192139   -0.20602 -0.0183144   0.975756
   20.9713  0.000701217  0.000393437 -0.000340495  -0.206874 -0.0236855   0.979296
   20.9766  0.000701217 -0.000139195   0.00232267  -0.212001 -0.0242959   0.981249
   20.9811  0.000168584 -0.000139195   0.00392057   -0.21725 -0.0208779    0.98015
   20.9869 0.000168584 0.000393437   0.0012574  -0.218837 -0.0170937    0.97661
   20.9912  0.000168584 -0.000139195  0.000192139  -0.215419 -0.0139199    0.97307
   20.9969   0.00123385 -0.000139195  -0.00193839  -0.210536 -0.0119668   0.973803
   21.0011  0.00176648 0.000393437 -0.00247102  -0.207118 -0.0159951   0.974901
   21.0068   0.00176648 -0.000139195  0.000192136  -0.207606 -0.0231972   0.977221
    21.011  0.00123385 0.000393437  0.00072477  -0.212001 -0.0250283   0.981615
   21.0168 -0.000364048  0.000393437    0.0012574  -0.215663 -0.0219765   0.981859
   21.0209 -0.000896679  -0.00120446    0.0044532  -0.217128 -0.0179482   0.977587
   21.0269  0.000701217 -0.000671827   0.00338793  -0.215541 -0.0145302    0.97307
   21.0312  0.00123385 0.000393437  0.00072477  -0.211146 -0.0130654   0.972948
   21.0368  0.000168584 -0.000671827    0.0028553  -0.207606 -0.0174599   0.974169
   21.0411 -0.00142931 -0.00120446  0.00392057  -0.207973 -0.0233193   0.976122
   21.0469 -0.000896681  -0.00120446    0.0044532  -0.212123 -0.0236855   0.981859
   21.0512 0.000701215 -0.00120446  0.00498583 -0.217006 -0.021122  0.981981
   21.0569  -0.00142931 -0.000671827   0.00605109  -0.218349 -0.0178261   0.976976
   21.0611  -0.00249458 -0.000139195   0.00764899   -0.21664 -0.0135537   0.972826
   21.0667  -0.00196194 -0.000139195   0.00711636  -0.212245 -0.0118447   0.971727
    21.071 -0.000896681 -0.000139195   0.00498583  -0.207362 -0.0153847   0.973314
   21.0769  0.000168584 -0.000139195    0.0028553  -0.205653 -0.0218544   0.977465
    21.081  -0.00142931 -0.000139195   0.00232267  -0.208827 -0.0250283   0.982225
   21.0869  -0.00142931 -0.000671827    0.0044532  -0.214809 -0.0222207   0.981981
   21.0913  -0.00249458 -0.000671827   0.00605109  -0.217372 -0.0185585   0.978685
   21.0968  -0.00249458 -0.000671827   0.00551846  -0.215907 -0.0159951   0.974657
    21.101 0.000701217 -0.00120446  0.00551846  -0.212733 -0.0130654   0.973192
   21.1069  0.000701217 -0.000671827   0.00764899 -0.209193 -0.014164  0.973925
   21.1111  0.000701217 -0.000671827   0.00764899  -0.207484 -0.0203896   0.975634
   21.1169  0.000168584 -0.000671827   0.00498583 -0.21017 -0.02454  0.97893
   21.1211 -0.000896679 -0.000139195   0.00179004   -0.21432 -0.0231972   0.981371
   21.1269  0.000168584 -0.000139195 -0.000873126  -0.216762 -0.0197793   0.979784
   21.1313 -0.000364048  0.000393437 -0.000340492  -0.216273 -0.0173378   0.974779
   21.1367 -0.00196194 0.000393437   0.0028553 -0.212978 -0.014164   0.97307
    21.141 -0.00302721 0.000393437  0.00605109  -0.209437 -0.0146523   0.974047
   21.1469  -0.00302721 -0.000139195   0.00711636  -0.207118 -0.0213662   0.975023
   21.1514 -0.000364048  -0.00120446   0.00711636  -0.208705 -0.0250283   0.979418
   21.1568 -0.000364048  -0.00226972   0.00871425  -0.214076 -0.0227089   0.982225
    21.161 -0.00355984 -0.00173709  0.00924689  -0.217372 -0.0186806   0.979906
   21.1669 -0.00355984 0.000393437  0.00764899   -0.21725 -0.0153847   0.975634
   21.1711 -0.00196194  0.00092607  0.00551846  -0.214198 -0.0128212   0.972216
   21.1769 -0.000364048   0.00092607    0.0012574  -0.209315 -0.0131875    0.97246
   21.1812 0.000168584 0.000393437 0.000192139  -0.205775 -0.0191689   0.975267
   21.1867 -0.00142931 0.000393437  0.00232267  -0.206996 -0.0244179   0.979052
    21.191 -0.00249458  0.00092607  0.00392056  -0.212001 -0.0235634   0.982592
   21.1969 -0.00302721 0.000393437  0.00764899 -0.215907    -0.021  0.981371
   21.2012 -0.000896681 -0.000671827   0.00711636  -0.217372 -0.0181923   0.975756
   21.2068  0.00176648 -0.00173709  0.00658372  -0.215663 -0.0145302   0.972216
    21.211  0.000701217 -0.000671827   0.00551846  -0.211024 -0.0134316   0.973925
   21.2169 -0.000364047 -0.000139195   0.00072477  -0.207484 -0.0166054   0.974413
    21.221 -0.00142931 -0.00120446  0.00179004  -0.207606 -0.0225869   0.975756
   21.2269 -0.000896681  -0.00120446   0.00338793  -0.210902 -0.0241738   0.981615
   21.2311 -0.000364048 -0.000671827   0.00232267 -0.215785    -0.021  0.981615
   21.2369  -0.00196194 -0.000139195   0.00498583  -0.217494 -0.0179482   0.976366
   21.2411 -0.000364048 -0.000671827   0.00658372  -0.214686 -0.0142861   0.974413
   21.2467   0.00123385 -0.000139195   0.00338793  -0.210658 -0.0125771   0.974169
    21.251 -0.000364048   0.00092607   0.00179004  -0.207728 -0.0177041   0.973436
   21.2569 0.000168584 0.000393437  0.00072477  -0.207851 -0.0240517   0.976732
   21.2612 0.000168584 0.000393437  0.00072477  -0.212001 -0.0246621   0.981249
   21.2668  -0.00142931 -0.000139195   0.00498583  -0.216762 -0.0222207   0.981127
   21.2711 -0.000896679  -0.00173709   0.00551846  -0.218715 -0.0169716   0.978563
   21.2768  0.000168584 -0.000671827   0.00392057  -0.216395 -0.0128212   0.973558
   21.2811 0.000701215 0.000393437  0.00498583 -0.211269 -0.012455  0.971605
   21.2869 -0.000896681  0.000393437   0.00498583  -0.20663 -0.015873  0.973803
   21.2911 -0.00142931 0.000393437  0.00392057  -0.205775 -0.0222207      0.976
   21.2969  0.00123385 -0.00120446   0.0044532  -0.209193 -0.0250283   0.980761
   21.3013  0.00229911 -0.00173709   0.0028553  -0.213954 -0.0224648   0.982836
   21.3069 -0.000364048 -0.000671827    0.0028553   -0.21664 -0.0189248   0.978808
   21.3111  -0.00302721 -0.000671827    0.0044532  -0.216151 -0.0157509   0.974047
   21.3169  -0.00196194 -0.000671827   0.00338794  -0.212489 -0.0130654    0.97307
   21.3212 -0.000364047 -0.000139195   0.00605109  -0.208583 -0.0136757   0.974657
   21.3269  0.000168584 -0.000671827   0.00658372  -0.207484 -0.0199013    0.97539
   21.3312 -0.000364048 -0.000671827   0.00392057  -0.209437 -0.0244179   0.978563
   21.3368  -0.00142931 -0.000139195   0.00338794  -0.211513 -0.0239296   0.981981
    21.341  0.000168584 -0.000671827   0.00498583  -0.214564 -0.0216103   0.979296
   21.3469  0.00176648 -0.00120446  0.00658373 -0.217616 -0.019291   0.97661
   21.3511 -0.000364048 -0.000671827   0.00764899 -0.213954 -0.015873   0.97539
   21.3569 -0.00142931  0.00092607  0.00551846  -0.208705 -0.0151406   0.974413
   21.3614 0.000168584  0.00092607  0.00232267  -0.206996 -0.0207558   0.975634
   21.3667  0.000701215 -0.000139195   0.00232267  -0.206874 -0.0236855    0.97661
   21.3711  0.000701215 -0.000139195   0.00232267  -0.211879 -0.0238076    0.97893
   21.3769  0.000701215 -0.000139195   0.00232267  -0.216884 -0.0239296   0.981249
    21.381 0.000168584 0.000393437  0.00338793  -0.216884 -0.0191689   0.976976
   21.3869 -0.000364047   0.00092607    0.0044532  -0.216884 -0.0144082   0.972704
    21.391  0.00176648 0.000393437  0.00072477  -0.212245 -0.0142861   0.973192
   21.3968   0.00389701 -0.000139195  -0.00300366 -0.207606 -0.014164  0.973681
    21.401  0.00283175 0.000393437 -0.00247102  -0.208217 -0.0200234   0.977953
   21.4069  0.00176648  0.00092607 -0.00193839  -0.208827 -0.0258828   0.982225
   21.4112 0.000701217  0.00092607 0.000724774    -0.2131 -0.0223427   0.980394
   21.4168 -0.000364047   0.00092607   0.00338794  -0.217372 -0.0188027   0.978563
    21.421 -0.00142931  0.00092607  0.00179004 -0.215419 -0.015873   0.97539
   21.4269 -0.00249458  0.00092607 0.000192136  -0.213466 -0.0129433   0.972216
   21.4314 -0.000364048 -0.000139195  0.000192136  -0.210048 -0.0177041   0.972948
   21.4369  0.00176648 -0.00120446 0.000192136   -0.20663 -0.0224648   0.973681
   21.4414   0.00176648 -0.000671827    0.0012574  -0.210536 -0.0225869    0.97893
   21.4469   0.00176648 -0.000139195   0.00232267  -0.214442 -0.0227089   0.984179
    21.451  0.000168584 -0.000139195   0.00392056  -0.215175 -0.0196572   0.979784
   21.4568  -0.00142931 -0.000139195   0.00551846  -0.215907 -0.0166054    0.97539
    21.461  0.000168584 -0.000671827   0.00392056  -0.211757 -0.0152626   0.974413
   21.4669  0.00176648 -0.00120446  0.00232267  -0.207606 -0.0139199   0.973436
   21.4712  0.000701217 -0.000671827   0.00072477  -0.207973 -0.0206337   0.977343
   21.4769 -0.000364047 -0.000139195 -0.000873126  -0.208339 -0.0273476   0.981249
    21.481 0.000701217 -0.00120446  0.00232267  -0.213466 -0.0230751   0.979784
   21.4868  0.00176648 -0.00226972  0.00551846  -0.218593 -0.0188027   0.978319
   21.4912 -0.000896681  -0.00120446   0.00498583 -0.218227 -0.017582  0.977343
   21.4969  -0.00355984 -0.000139195    0.0044532  -0.216151 -0.0144082   0.974169
    21.501  -0.00142931 -0.000139195   0.00072477  -0.211513 -0.0117226    0.97307
   21.5069 0.000168584 0.000393437 -0.00193839  -0.206996 -0.0144082   0.974779
   21.5114  0.00176648 0.000393437  0.00072477   -0.20663 -0.0212441   0.976366
   21.5168   0.00283175 -0.000671827   0.00232267  -0.210414 -0.0242959   0.980272
    21.521  0.00123385 -0.00120446   0.0012574  -0.214564 -0.0220986    0.98247
   21.5269 -0.000364048 -0.000671827   0.00392056  -0.217006 -0.0181923   0.978563
   21.5313  -0.00142931 -0.000139195    0.0044532  -0.216884 -0.0157509   0.973558
   21.5369  0.000701217 -0.000139195   0.00179004  -0.212978 -0.0136757    0.97307
   21.5413   0.00176648 -0.000139195   0.00179004  -0.208217 -0.0156289   0.974047
   21.5469 -0.000364048 -0.000139195   0.00179004  -0.206996 -0.0220986   0.976244
   21.5513 -0.000896679 -0.000671827   0.00392056   -0.21017 -0.0241738   0.981127
   21.5569 -0.000364047  -0.00226972   0.00711636  -0.214809 -0.0219765   0.981981
   21.5609 -0.000364047  -0.00226972   0.00551846   -0.21664 -0.0186806   0.978075
   21.5669  0.000168584 -0.000671827   0.00605109  -0.215419 -0.0146523   0.973436
   21.5714  0.000701215 -0.000139195   0.00658373  -0.212123 -0.0119668    0.97185
   21.5766  0.000701215 -0.000139195   0.00179004 -0.207973 -0.014164  0.974047
   21.5812  0.00123385 0.000393437   0.0012574  -0.206142 -0.0206337   0.976488
   21.5868  0.00229911 0.000393437  0.00179004  -0.208339 -0.0251503   0.980028
    21.591  0.000168584 -0.000139195    0.0028553  -0.214076 -0.0239296   0.981981
   21.5969  -0.00196194 -0.000139195   0.00551846  -0.218471 -0.0203896    0.97954
   21.6012   0.00123385 -0.000671827    0.0044532  -0.218471 -0.0167275   0.975512
   21.6067   0.00123385 -0.000139195   0.00498583  -0.214809 -0.0125771   0.973314
    21.611 0.000168584  0.00092607  0.00551846 -0.208949 -0.012455  0.974413
   21.6169 0.00123385 0.00092607 0.00338794  -0.206142 -0.0181923   0.975023
   21.6213 0.000701215 0.000393437  0.00232267  -0.208461 -0.0238076   0.977465
   21.6269  0.000701215 -0.000671827   0.00232267  -0.212611 -0.0238076   0.981981
   21.6311 -0.000364048 -0.000671827  0.000724774  -0.216029 -0.0197793   0.981005
   21.6369 -0.000364048 -0.000139195   0.00179004   -0.21664 -0.0164834   0.976244
   21.6411 -0.000364048  0.000393437   0.00392056  -0.213466 -0.0134316   0.973192
   21.6468 -0.00142931  0.00092607  0.00392056  -0.209193 -0.0133095    0.97246
    21.651 0.000701217 0.000393437  0.00392056  -0.206996 -0.0191689   0.974535
   21.6569  0.00283175 -0.00120446  0.00232267  -0.208339 -0.0240517   0.979052
   21.6611   0.00176648 -0.000671827   0.00232267  -0.212489 -0.0239296   0.982225
   21.6667 -0.000364048 -0.000139195   0.00338793  -0.215907 -0.0207558   0.981371
    21.671 -0.00196194 0.000393437   0.0028553  -0.217128 -0.0166054   0.976244
   21.6769 -0.00196194   0.0014587  0.00338793 -0.214809 -0.014164  0.972338
   21.6812 -0.000896679  0.000393437   0.00711636   -0.21078 -0.0135537   0.972948
   21.6868   0.00123385 -0.000671827   0.00551846 -0.206874 -0.017582  0.974413
    21.691  0.00229911 0.000393437   0.0028553   -0.20602 -0.0235634   0.978197
   21.6969 0.00176648 0.00092607  0.0028553  -0.211269 -0.0241738   0.981737
   21.7013  0.00123385 -0.00120446   0.0012574  -0.216395 -0.0217324   0.981493
   21.7068 -0.000896681  -0.00120446    0.0012574   -0.21786 -0.0189248   0.976976
    21.711 -0.00142931 -0.00120446  0.00498583  -0.216395 -0.0153847   0.972948
   21.7169 0.000168584 -0.00120446  0.00551846  -0.212001 -0.0131875   0.973436
   21.7214  0.000168584 -0.000139195    0.0044532  -0.208583 -0.0152626   0.974413
   21.7269   0.00176648 -0.000671827   0.00392056  -0.208095 -0.0214882   0.976244
   21.7311   0.00229911 -0.000671827  0.000192139  -0.210414 -0.0244179   0.980272
   21.7367 0.000168584 0.000393437 -0.00300365  -0.214198 -0.0212441   0.982348
    21.741 -0.000364047 -0.000139195 -0.000340492  -0.216518 -0.0184365   0.979052
   21.7469   0.00123385 -0.000139195 -0.000340492  -0.215175 -0.0157509   0.974413
    21.751   0.00229911  0.000393437 -0.000873126  -0.210536 -0.0133095   0.972704
   21.7569  0.00123385 0.000393437   0.0028553  -0.207118 -0.0163613   0.973558
   21.7613 0.00283174 0.00092607 0.00179004  -0.207362 -0.0222207   0.976366
   21.7668 0.00176648 0.00092607 0.00072477  -0.211024 -0.0241738   0.980883
   21.7709  -0.00196194 -0.000139195    0.0012574  -0.215785 -0.0217324   0.981615
   21.7769  -0.00142931 -0.000671827   0.00072477  -0.218227 -0.0178261   0.979052
   21.7813 -0.00355984  0.00092607  0.00338793  -0.21664 -0.014164  0.974657
   21.7867 -0.00142931  0.00092607   0.0012574  -0.212367 -0.0119668   0.972338
   21.7912   0.00283175 -0.000139195  -0.00193839  -0.207851 -0.0139199   0.973681
   21.7966  0.00123385 0.000393437  0.00072477  -0.205653 -0.0206337      0.976
    21.801 -0.000364048 -0.000139195   0.00179004 -0.208827  -0.02454  0.980394
   21.8069 -0.000896679 -0.000671827    0.0012574  -0.213588 -0.0224648   0.982348
   21.8113 -0.000364047 -0.000671827   0.00232267  -0.216151 -0.0200234   0.979906
   21.8167  0.00176648 -0.00120446   0.0012574  -0.217006 -0.0168496   0.974901
   21.8211  0.00123385 -0.00173709 0.000192139  -0.213832 -0.0135537   0.972948
   21.8269 -0.000364048 -0.000671827   0.00072477  -0.208827 -0.0139199   0.974413
   21.8312 -0.000896681    0.0014587  0.000192139  -0.206996 -0.0190468    0.97539
   21.8369 -0.00142931  0.00092607   0.0028553  -0.209071 -0.0239296   0.977709
    21.841 -0.000364047  -0.00120446   0.00498583  -0.212855 -0.0234414   0.981737
   21.8469 0.000168584 -0.00120446  0.00338793  -0.216273 -0.0199013   0.980639
    21.851 -0.000364048  0.000393437   0.00338793  -0.216762 -0.0162392   0.975023
   21.8569 -0.000896679  0.000393437   0.00232267   -0.21371 -0.0130654   0.973558
    21.861  0.000701217 -0.000671827  0.000192139  -0.209437 -0.0133095   0.974291
   21.8669  0.00283175 -0.00120446   0.0028553  -0.206996 -0.0189248   0.975634
   21.8713  0.00283175 -0.00120446   0.0044532 -0.208339  -0.02454  0.979418
   21.8766 0.000701217 -0.00120446   0.0028553  -0.212978 -0.0247841   0.981371
   21.8814  -0.00196194 -0.000671827   0.00232267   -0.21664 -0.0205117   0.980639
   21.8868  -0.00142931 -0.000139195   0.00232267  -0.217128 -0.0155068   0.977465
    21.891   0.00123385 -0.000671827   0.00498583  -0.214686 -0.0120888    0.97307
   21.8969   0.00176648 -0.000671827   0.00498583  -0.209926 -0.0130654   0.973558
    21.901  0.000701217 -0.000139195   0.00179004  -0.206386 -0.0181923   0.974291
   21.9069  -0.00142931 -0.000139195    0.0044532  -0.206996 -0.0238076   0.976488
   21.9113  -0.00302721 -0.000671827   0.00711636  -0.211269 -0.0251503   0.982836
   21.9168  -0.00142931 -0.000671827   0.00392056  -0.215663 -0.0220986    0.98247
   21.9209  0.000168584 -0.000671827   0.00392056  -0.217372 -0.0188027   0.976854
   21.9269 -0.000364047 -0.000671827   0.00711636  -0.215785 -0.0159951   0.972948
   21.9313 0.000168584 0.000393437  0.00551846  -0.211879 -0.0134316   0.973436
   21.9368 0.000168584  0.00092607  0.00338793  -0.208095 -0.0161171   0.974901
   21.9411 -0.000896679   0.00092607   0.00338793  -0.207484 -0.0227089   0.976976
   21.9467 -0.00142931 0.000393437   0.0044532  -0.211391 -0.0241738   0.980761
    21.951 -0.00142931 -0.00120446  0.00605109  -0.215907 -0.0213662   0.980761
   21.9569  0.00123385 -0.00173709   0.0044532 -0.217494 -0.017582  0.977343
   21.9611  0.00176648 -0.00173709  0.00551846  -0.215419 -0.0142861   0.974169
   21.9669 0.000168584 -0.00120446  0.00818162  -0.210902 -0.0129433   0.972948
   21.9713   0.00123385 -0.000139195   0.00658373  -0.207362 -0.0152626   0.973681
   21.9769  0.000701217 -0.000139195    0.0044532  -0.206508 -0.0213662   0.976976
   21.9809   0.00123385 -0.000671827    0.0028553  -0.209437 -0.0255166   0.981249
   21.9869  0.00176648 -0.00120446   0.0028553  -0.215663 -0.0231972   0.981737
   21.9912   0.00123385 -0.000671827   0.00392056  -0.218715 -0.0178261   0.978685
   21.9968  0.00123385 0.000393437   0.0028553  -0.216518 -0.0144082   0.974535
   22.0011 0.000168584 0.000393437   0.0028553  -0.212733 -0.0119668   0.973803
   22.0069   0.00123385 -0.000671827    0.0044532  -0.208583 -0.0134316   0.973803
   22.0111   0.00389701 -0.000139195   0.00179004  -0.206752 -0.0203896   0.975023
   22.0169  0.00336438  0.00092607 0.000192136  -0.209315 -0.0252724   0.980028
   22.0213   0.00123385 -0.000671827    0.0012574  -0.213344 -0.0236855   0.982103
   22.0269 0.000168584 -0.00120446  0.00072477  -0.216518 -0.0199013    0.97954
    22.031  0.000701217 -0.000139195  0.000192139  -0.217494 -0.0168496   0.974535
   22.0369 0.000168584 0.000393437  0.00232267  -0.213954 -0.0140419   0.973436
   22.0412 -0.000364048   0.00092607   0.00232267  -0.209071 -0.0151406   0.974779
   22.0469 0.000701215  0.00092607   0.0012574  -0.207118 -0.0213662    0.97539
   22.0511  0.000701215 -0.000139195    0.0012574  -0.209071 -0.0246621   0.979662
   22.0569  0.000168584 -0.000671827    0.0012574  -0.213588 -0.0225869   0.982225
   22.0611 -0.000364047 -0.000139195   0.00179004  -0.216884 -0.0196572    0.97954
   22.0669  0.000168584 -0.000671827   0.00338793   -0.21725 -0.0157509   0.975023
   22.0712  0.00229911 -0.00120446  0.00232267  -0.213344 -0.0133095   0.972338
   22.0769  0.00176648 -0.00120446   0.0012574  -0.208339 -0.0142861   0.973925
   22.0811  0.00123385 -0.00120446  0.00338793 -0.206752 -0.019413   0.97539
   22.0867  0.000701217 -0.000139195   0.00392057  -0.208095 -0.0249062   0.979784
   22.0912  -0.00196194 -0.000139195   0.00551846  -0.213344 -0.0244179    0.98247
   22.0969  -0.00249458 -0.000671827    0.0044532  -0.218227 -0.0206337   0.979418
    22.101 -0.000364048 -0.000139195 -0.000340492  -0.218349 -0.0169716   0.976122
   22.1069  0.000168584 -0.000139195  0.000724774  -0.214931 -0.0130654   0.974169
    22.111  -0.00196194 -0.000139195   0.00338794  -0.209804 -0.0117226   0.973558
   22.1169 -0.00142931 0.000393437  0.00232267   -0.20663 -0.0162392   0.973803
   22.1212 -0.000364047 -0.000139195   0.00338793  -0.207362 -0.0224648   0.976732
   22.1269  -0.00196194 -0.000139195   0.00551846  -0.210292 -0.0239296   0.981493
   22.1312  -0.00249458 -0.000139195   0.00498583   -0.21432 -0.0208779   0.981981
   22.1369  -0.00142931 -0.000671827    0.0044532  -0.216884 -0.0183144    0.97661
   22.1412  0.000701217 -0.000139195    0.0012574 -0.215541 -0.015873  0.972582
   22.1469   0.00123385 -0.000139195  0.000192139  -0.211146 -0.0134316   0.973558
    22.151 -0.000364047  0.000393437   0.00072477 -0.207362 -0.017582  0.974291
   22.1569 -0.000364047   0.00092607  0.000192139  -0.208461 -0.0236855   0.977343
   22.1612 -0.00142931 0.000393437  0.00072477  -0.212733 -0.0240517   0.982348
   22.1668 -0.000896681 -0.000139195   0.00072477   -0.21664 -0.0206337   0.980516
   22.1709   0.00229911 -0.000139195  0.000192139   -0.21786 -0.0170937   0.977465
   22.1769   0.00389701 -0.000139195  0.000192139 -0.215419 -0.014164  0.973925
   22.1814   0.00229911 -0.000139195   0.00072477   -0.21078 -0.0125771   0.972216
   22.1867 -0.000364048 -0.000139195 -0.000873126  -0.206264 -0.0162392   0.974657
    22.191 -0.000364048 -0.000671827   0.00179004  -0.205287 -0.0225869   0.978075
   22.1969 -0.000364048  -0.00120446   0.00764899  -0.209804 -0.0252724   0.981615
   22.2012 -0.000896679 -0.000671827   0.00658373  -0.215541 -0.0231972   0.980761
   22.2068  -0.00142931 -0.000671827    0.0044532  -0.21786 -0.019291  0.977709
    22.211  -0.00196194 -0.000671827   0.00392056  -0.216029 -0.0156289   0.974291
   22.2169 -0.00142931 0.000393437  0.00179004  -0.211757 -0.0129433   0.972826
   22.2211 0.000168584  0.00092607  0.00072477  -0.208705 -0.0137978   0.974413
   22.2269   0.00229911 -0.000139195   0.00072477  -0.207484 -0.0201455   0.975634
   22.2313  0.00123385 -0.00173709  0.00179004  -0.209315 -0.0246621   0.979418
   22.2368 -0.000364047  -0.00226972    0.0044532   -0.21432 -0.0218544    0.98308
   22.2411  0.00123385 -0.00173709  0.00392057  -0.217006 -0.0183144   0.979784
   22.2469  0.00123385 -0.00173709   0.0044532  -0.216395 -0.0157509   0.973925
   22.2513 -0.000364047  -0.00173709   0.00551846  -0.213588 -0.0125771    0.97246
   22.2569  0.000701217 -0.000671827   0.00392057  -0.208339 -0.0151406   0.973192
   22.2612  0.00229911 0.000393437  0.00392057   -0.20602 -0.0214882   0.975267
   22.2668  0.00176648 0.000393437  0.00498583  -0.209193 -0.0239296   0.980516
   22.2709 0.000168584 0.000393437   0.0044532  -0.214076 -0.0227089   0.982348
   22.2769 0.000168584 0.000393437  0.00392056 -0.217616 -0.019413  0.979418
    22.281   0.00123385 -0.000671827   0.00498583  -0.217372 -0.0156289    0.97539
   22.2869  0.00176648 -0.00120446   0.0044532  -0.215907 -0.0139199   0.972948
    22.291  0.00283175 -0.00120446   0.0028553  -0.211269 -0.0152626   0.974047
   22.2969  0.00336438 0.000393437   0.0012574  -0.205897 -0.0197793   0.975878
   22.3014   0.00176648    0.0014587 -0.000340492  -0.207118 -0.0239296   0.979174
   22.3068 0.000701215  0.00092607 -0.00193839  -0.209071 -0.0249062   0.981737
    22.311   0.00123385 -0.000139195  0.000724774  -0.213832 -0.0220986   0.980028
   22.3169 0.000168584 -0.00226972  0.00658373 -0.218227 -0.017582  0.975634
    22.321 -0.000364048  -0.00226972   0.00658373  -0.215541 -0.0140419   0.972826
   22.3266 -0.000364048 -0.000139195   0.00338794  -0.210902 -0.0122109   0.974291
    22.331 -0.000364048  0.000393437   0.00179004  -0.207362 -0.0164834   0.975267
   22.3366 0.000168584  0.00092607   0.0012574  -0.206142 -0.0207558   0.974657
    22.341 0.000168584  0.00092607  0.00179004 -0.210658    -0.021  0.978685
   22.3466  0.000701215 -0.000139195    0.0012574  -0.215175 -0.0212441   0.982714
    22.351 -0.000364048   0.00092607 -0.000340492  -0.215419 -0.0186806   0.978441
   22.3566 0.000701217  0.00092607 0.000192139  -0.213954 -0.0140419   0.973436
   22.3611   0.00229911 -0.000139195   0.00179004  -0.209804 -0.0131875   0.973436
   22.3665   0.00176648 -0.000139195    0.0012574  -0.207362 -0.0144082   0.974169
   22.3707  0.00229911 0.000393437 0.000192139  -0.207973 -0.0202675   0.977953
   22.3766   0.00283175   0.00092607 -0.000873126  -0.208583 -0.0261269   0.981737
   22.3807   0.00123385 -0.000139195  -0.00140576   -0.21371 -0.0229531   0.981493
   22.3866 -0.000364047  -0.00120446  -0.00193839  -0.218837 -0.0197793   0.981249
   22.3911 -0.000364047 -0.000671827  0.000724774  -0.218227 -0.0178261   0.978197
   22.3963 -0.000364047 -0.000139195   0.00338794  -0.215907 -0.0140419   0.972704
   22.4008  0.000168584 -0.000139195   0.00179004  -0.209193 -0.0167275   0.971727
   22.4066  0.000701215 -0.000139195  0.000192136  -0.204188 -0.0212441   0.973192
    22.411 -0.000364048  0.000393437    0.0012574  -0.208095 -0.0230751   0.978563
   22.4165 -0.00142931  0.00092607  0.00232267  -0.212001 -0.0249062   0.983934
   22.4208 -0.000896679   0.00092607    0.0028553 -0.215663    -0.021  0.980028
   22.4266 -0.000364047   0.00092607   0.00338794  -0.219325 -0.0170937   0.976122
    22.431 -0.000364047  0.000393437   0.00338794  -0.214686 -0.0146523    0.97539
   22.4366 -0.000364047 -0.000139195   0.00338794  -0.210048 -0.0122109   0.974657
   22.4408  0.000701217 -0.000139195    0.0028553  -0.208705 -0.0184365   0.975512
   22.4466   0.00176648 -0.000139195   0.00232267  -0.207362 -0.0246621   0.976366
   22.4511  0.000168584 -0.000139195   0.00392056   -0.21017 -0.0240517   0.979784
   22.4564  -0.00196194 -0.000671827    0.0044532  -0.214931 -0.0220986   0.981005
   22.4611  0.000168584 -0.000139195   0.00179004  -0.217128 -0.0190468   0.978319
   22.4666 0.000701217  0.00092607  0.00445319  -0.216151 -0.0151406   0.975267
   22.4709 0.000168584  0.00092607  0.00605109  -0.212367 -0.0122109   0.972704
   22.4766 0.000168584 0.000393437  0.00498583  -0.208705 -0.0144082   0.974169
   22.4807 -0.000364048 -0.000139195   0.00498583  -0.206874 -0.0212441   0.976732
   22.4866 -0.000364048 -0.000139195    0.0028553  -0.208705 -0.0253945   0.981005
   22.4908  0.000168584 -0.000139195   0.00179004   -0.21432 -0.0234414   0.982714
   22.4966  0.000701217 -0.000671827   0.00232267 -0.217494 -0.019291  0.980028
   22.5008   0.00123385 -0.000139195 -0.000340492  -0.216273 -0.0148964   0.975145
   22.5066   0.00229911 -0.000139195    0.0012574 -0.213222 -0.012455  0.972338
   22.5113  0.000701217 -0.000139195   0.00498583 -0.209071 -0.014164  0.973192
   22.5165 -0.000364047    0.0014587   0.00392057  -0.206386 -0.0195351   0.974413
   22.5208 0.000168584  0.00092607  0.00392057 -0.208583  -0.02454  0.979052
   22.5266  0.000701215 -0.000139195   0.00338794    -0.2131 -0.0242959   0.982592
   22.5309  0.000701215  0.000393437 -0.000873122  -0.216518 -0.0207558   0.980883
   22.5366  0.00176648 0.000393437 -0.00353628 -0.217372 -0.017582  0.975634
   22.5408  0.00229911 0.000393437 -0.00140576  -0.215175 -0.0145302    0.97246
   22.5466  0.000701217 -0.000139195  0.000192139  -0.210292 -0.0140419   0.974657
    22.551  0.00123385 -0.00120446  0.00179004  -0.206752 -0.0185585   0.975145
   22.5565  0.00229911 -0.00120446   0.0028553  -0.208339 -0.0225869   0.977709
   22.5607  0.00176648 -0.00120446  0.00179004  -0.212733 -0.0230751   0.982225
   22.5666 -0.000364048 -0.000139195    0.0012574  -0.216518 -0.0201455   0.979906
   22.5711 -0.000896681   0.00092607   0.00232267  -0.216884 -0.0164834      0.976
   22.5765 0.00123385 0.00092607 0.00232267  -0.213466 -0.0139199   0.974047
   22.5808  0.00176648 0.000393437   0.0028553  -0.209193 -0.0128212   0.973681
   22.5866   0.00123385 -0.000139195   0.00232267  -0.206752 -0.0173378   0.975145
   22.5907  0.000701215 -0.000139195 -0.000873126   -0.20724 -0.0238076   0.978563
   22.5966 -0.000364048 -0.000139195  -0.00193839  -0.211269 -0.0253945   0.981981
   22.6011  0.000168584  -0.00120446 -0.000340495  -0.216518 -0.0223427   0.980883
   22.6063  0.00123385 -0.00226972  0.00232267  -0.218227 -0.0172158   0.977465
   22.6108 0.000701215 -0.00173709  0.00605109  -0.215907 -0.0135537   0.974779
   22.6166  0.00123385 -0.00120446  0.00498583  -0.211269 -0.0125771   0.974291
   22.6209  0.000701217 -0.000139195   0.00232267   -0.20724 -0.0153847   0.974047
   22.6266  0.00123385 0.000393437  0.00179004  -0.206874 -0.0223427   0.976366
    22.631  0.00283175 0.000393437  0.00072477  -0.210292 -0.0249062   0.981493
   22.6364   0.00123385  0.000393437 -0.000340495  -0.214931 -0.0218544    0.98247
   22.6407  0.000701217 -0.000671827  0.000192139 -0.217128 -0.019413  0.978197
   22.6466  0.000701217 -0.000671827    0.0028553  -0.216151 -0.0157509   0.973681
   22.6508  0.000168584 -0.000671827    0.0028553  -0.212245 -0.0126992   0.973681
   22.6566  0.000168584 -0.000671827    0.0044532  -0.207728 -0.0161171   0.974413
   22.6608  0.000701217 -0.000671827    0.0044532  -0.207606 -0.0218544   0.976976
   22.6665  0.00229911 -0.00120446  0.00072477   -0.21078 -0.0238076   0.981005
   22.6707   0.00229911  -0.00120446 -0.000340495  -0.214809 -0.0217324   0.980639
   22.6766  0.00123385 -0.00120446   0.0028553 -0.217982 -0.017582  0.977587
   22.6809  0.000168584 -0.000671827   0.00498583  -0.216029 -0.0144082   0.973681
   22.6866 -0.000364047 -0.000139195    0.0044532  -0.212001 -0.0120888   0.972216
   22.6909  0.000701217 -0.000139195    0.0044532  -0.208583 -0.0144082   0.974169
   22.6964  0.00229911 0.000393437   0.0028553   -0.20663 -0.0217324   0.976488
   22.7008  0.00389701 0.000393437   0.0012574   -0.20956 -0.0253945   0.980394
   22.7066   0.00283174 -0.000671827 -0.000340495  -0.215175 -0.0236855   0.982103
   22.7108 0.000168584 0.000393437 -0.00300365   -0.21786 -0.0199013    0.97893
   22.7166 0.000168584  0.00092607 -0.00193839   -0.21664 -0.0163613   0.974901
   22.7212  0.000701215 -0.000139195    0.0012574  -0.212611 -0.0129433   0.973681
   22.7266 -0.000896681  0.000393437   0.00338793  -0.208095 -0.0130654   0.973681
   22.7309 0.000168584  0.00092607  0.00392056  -0.206508 -0.0191689   0.974169
   22.7364  0.00283175 0.000393437   0.0012574  -0.208583 -0.0242959   0.978685
   22.7408   0.00283175 -0.000139195  -0.00140576  -0.212978 -0.0239296   0.982592
   22.7466 0.000168584 0.000393437 -0.00193839  -0.216395 -0.0206337   0.980516
   22.7508 -0.00142931 0.000393437 0.000192139  -0.217372 -0.0168496   0.976122
   22.7565 0.000168584 0.000393437  0.00179004  -0.214564 -0.0139199   0.973558
   22.7607   0.00123385 -0.000139195   0.00072477   -0.20956 -0.0145302   0.973314
   22.7665  0.00176648 -0.00173709   0.0012574  -0.207484 -0.0200234   0.975756
   22.7706  0.00123385 -0.00173709   0.0028553  -0.208827 -0.0246621   0.979906
   22.7766 -0.000364048 -0.000671827   0.00179004  -0.212733 -0.0233193   0.981493
   22.7811  -0.00196194 -0.000139195   0.00179004  -0.216762 -0.0197793   0.979784
   22.7866 -0.00142931 0.000393437   0.0044532  -0.216884 -0.0166054   0.975512
   22.7907 -0.00142931  0.00092607  0.00658373  -0.213344 -0.0126992    0.97185
   22.7966  -0.00196194 -0.000139195   0.00551846 -0.209071 -0.012333  0.972704
   22.8007  -0.00142931 -0.000139195    0.0044532  -0.205531 -0.0183144   0.974901
   22.8066 -0.00142931   0.0014587  0.00392057   -0.20602 -0.0239296   0.978685
    22.811 -0.000896679    0.0014587   0.00338794 -0.211635  -0.02454  0.981615
   22.8165  0.00123385 0.000393437  0.00338794  -0.217006 -0.0216103   0.981005
   22.8208  0.000168584 -0.000139195   0.00498583  -0.218104 -0.0181923   0.977343
   22.8266 -0.000364048 -0.000139195    0.0044532  -0.215419 -0.0151406   0.972948
   22.8311  0.000168584 -0.000139195   0.00658372  -0.211391 -0.0125771   0.973925
   22.8366 -0.00196194 0.000393437  0.00818162  -0.207728 -0.0161171   0.975512
   22.8408 -0.00196194  0.00092607  0.00551846   -0.20724 -0.0227089   0.976366
   22.8465  0.000168584 -0.000671827    0.0044532   -0.21078 -0.0236855   0.980639
   22.8508  0.00123385 -0.00173709  0.00498583  -0.214931 -0.0216103   0.982103
   22.8566   0.00176648 -0.000139195   0.00338793 -0.216762 -0.019413  0.978075
   22.8608   0.00336438 -0.000139195   0.00179004  -0.215785 -0.0156289    0.97307
   22.8666   0.00123385 -0.000671827    0.0028553  -0.211146 -0.0130654   0.972338
   22.8708 -0.000896679 -0.000139195   0.00392056  -0.207118 -0.0163613   0.974657
   22.8764 0.000701217 0.000393437  0.00498583 -0.207484 -0.022831  0.977099
   22.8808   0.00176648 -0.000671827   0.00498583   -0.21078 -0.0247841   0.981737
   22.8866  0.00123385 -0.00173709  0.00605109  -0.215785 -0.0214882    0.98247
   22.8909 -0.000364048 -0.000671827   0.00392057  -0.217738 -0.0174599   0.978197
   22.8966 -0.000896679 -0.000139195   0.00232267  -0.216518 -0.0136757   0.973192
   22.9008 0.000701217 0.000393437  0.00232267  -0.213222 -0.0119668   0.971727
   22.9066   0.00176648 -0.000139195 -0.000340492  -0.207728 -0.0153847   0.974047
   22.9107   0.00229911 -0.000671827  0.000724774  -0.205653 -0.0213662   0.977099
   22.9166  0.000701217 -0.000671827   0.00338794 -0.209315  -0.02454  0.980516
   22.9208  -0.00302721 -0.000671827    0.0044532  -0.214442 -0.0231972   0.982103
   22.9266  -0.00249458 -0.000671827    0.0044532  -0.217616 -0.0201455   0.979418
   22.9312  0.000168584 -0.000671827   0.00232267  -0.217006 -0.0168496   0.973925
   22.9365 0.000168584 0.000393437  0.00072477  -0.212733 -0.0134316   0.973314
   22.9408   0.00176648  0.000393437 -0.000873126 -0.208827 -0.014164  0.974657
   22.9466   0.00229911 -0.000139195  -0.00300365  -0.207484 -0.0201455   0.974657
    22.951  0.000168584  0.000393437 -0.000873126  -0.209682 -0.0244179   0.978319
   22.9566   0.00123385 -0.000139195   0.00232267  -0.213588 -0.0234414   0.981127
   22.9608  0.00229911 -0.00120446  0.00338793  -0.216518 -0.0199013   0.979052
   22.9666  0.000701217 -0.000671827   0.00392057  -0.217006 -0.0167275   0.975267
    22.971 0.000168584 0.000393437   0.0028553  -0.213588 -0.0140419    0.97307
   22.9766  0.00176648 0.000393437 0.000192139  -0.209315 -0.0140419   0.973681
   22.9807   0.00336438 -0.000671827 -0.000873126  -0.207118 -0.0196572    0.97539
   22.9866   0.00229911 -0.000671827 -0.000873126  -0.208583 -0.0247841   0.979174
   22.9911 0.000701215 0.000393437 -0.00247102  -0.213466 -0.0238076   0.982103
   22.9965   0.00176648 -0.000139195 -0.000340495  -0.216884 -0.0195351   0.980761
   23.0007 0.000701217 -0.00120446  0.00338793  -0.217372 -0.0151406    0.97661
   23.0066 0.000701217 -0.00173709  0.00392057 -0.214564 -0.012455  0.972338
   23.0108 0.000168584 -0.00120446  0.00711636  -0.209193 -0.0134316   0.972216
   23.0166  -0.00142931 -0.000671827   0.00764899  -0.205775 -0.0180703   0.973681
    23.021  0.00123385 -0.00173709  0.00338793   -0.20663 -0.0235634   0.977587
   23.0266 0.000701217 -0.00173709  0.00392056  -0.211391 -0.0239296   0.982836
   23.0307 0.000168584 -0.00120446  0.00179004 -0.215663 -0.021122  0.981737
   23.0366  0.000701217 -0.000139195 -0.000873126  -0.217372 -0.0184365    0.97661
   23.0409 -0.000364047  0.000393437  0.000192136  -0.215785 -0.0145302   0.973681
   23.0466  0.000701217 -0.000139195   0.00232267  -0.211269 -0.0131875   0.974535
   23.0507   0.00229911 -0.000671827   0.00551846  -0.207484 -0.0172158   0.975145
   23.0566   0.00176648 -0.000671827   0.00551846  -0.207851 -0.0225869   0.977221
    23.061  0.000168584 -0.000139195    0.0028553  -0.211513 -0.0240517   0.980761
   23.0666 -0.000364047 -0.000139195   0.00338793  -0.215175 -0.0218544   0.981371
   23.0709 -0.000364047 -0.000139195   0.00392056   -0.21664 -0.0183144   0.977953
   23.0766  0.000168584 -0.000139195    0.0012574   -0.21432 -0.0150185   0.973803
   23.0809  0.000701215 -0.000139195   0.00179004  -0.210658 -0.0131875   0.973558
   23.0864   0.00123385 -0.000139195    0.0028553  -0.208095 -0.0167275   0.974535
   23.0907 -0.000364048  0.000393437   0.00392056   -0.20724 -0.0239296   0.977099
   23.0966 -0.000364048 -0.000139195   0.00658372  -0.211146 -0.0260048   0.980883
   23.1009   0.00176648 -0.000671827   0.00605109  -0.216029 -0.0230751   0.981371
   23.1066  0.000701217 -0.000139195    0.0044532  -0.217494 -0.0177041   0.978685
   23.1108 -0.000364047  0.000393437    0.0028553  -0.216762 -0.0128212   0.974291
   23.1165 0.000168584 0.000393437 -0.00193839  -0.212611 -0.0114785    0.97307
   23.1208  0.000168584 -0.000671827  -0.00193839  -0.208095 -0.0142861   0.973925
   23.1266  0.00123385 -0.00120446  0.00072477 -0.206874    -0.021  0.975023
   23.1309   0.00176648 -0.000139195 -0.000873126 -0.209193  -0.02454  0.980028
   23.1366 -0.000896681  0.000393437  0.000724774   -0.21371 -0.0223427   0.982592
   23.1411  -0.00196194 -0.000139195    0.0028553 -0.216273 -0.019413  0.979052
   23.1466 -0.000364048 -0.000139195  0.000192139  -0.216395 -0.0162392   0.974169
   23.1509 0.000168584  0.00092607 -0.00140576  -0.213222 -0.0133095   0.972582
   23.1564  0.000701217   0.00092607 -0.000340495  -0.208339 -0.0147744   0.974413
   23.1607  0.000701217 -0.000139195   0.00232267  -0.206508 -0.0208779    0.97539
   23.1666  0.000701217 -0.000139195   0.00338793 -0.208949  -0.02454   0.97893
   23.1709   0.00123385 -0.000671827    0.0012574  -0.213954 -0.0225869   0.981981
   23.1766 0.000701215 -0.00120446  0.00179004  -0.217372 -0.0197793   0.978441
    23.181 -0.000896681 -0.000671827    0.0044532   -0.21664 -0.0174599   0.974779
   23.1866 -0.00142931 0.000393437   0.0012574  -0.212978 -0.0137978   0.973803
   23.1907 -0.000896679   0.00092607  0.000192139  -0.208949 -0.0136757   0.974413
   23.1966  0.000168584 -0.000139195   0.00232267  -0.206264 -0.0199013      0.976
   23.2012 -0.000364048 -0.000139195   0.00179004  -0.208583 -0.0251503   0.980028
   23.2064 -0.00249458 0.000393437  0.00338793  -0.214564 -0.0251503   0.982103
   23.2108 -0.000896681 -0.000671827   0.00392057  -0.218104 -0.0208779   0.979906
   23.2166 0.000168584 -0.00120446  0.00232267  -0.217738 -0.0164834      0.976
   23.2208  0.00123385 -0.00120446  0.00338793  -0.214198 -0.0130654   0.973436
   23.2266 0.000168584 -0.00120446  0.00392056  -0.209071 -0.0117226   0.973436
   23.2312  -0.00142931 -0.000671827    0.0012574  -0.206264 -0.0173378   0.973925
   23.2364 -0.000364047 -0.000139195   0.00179004  -0.207606 -0.0235634   0.977709
   23.2408   0.00123385 -0.000671827    0.0012574  -0.211635 -0.0235634   0.982592
   23.2466  0.000701217 -0.000671827   0.00179004  -0.215175 -0.0205117   0.981859
    23.251  -0.00196194 -0.000139195    0.0044532  -0.216273 -0.0180703   0.976732
   23.2565  -0.00249458 -0.000139195    0.0044532  -0.216151 -0.0173378   0.974169
   23.2607 -0.000896681  0.000393437   0.00605109 -0.211635 -0.015873  0.975267
   23.2666  0.00123385 0.000393437  0.00551846  -0.206874 -0.0186806   0.975267
   23.2709   0.00123385 -0.000671827   0.00338794  -0.209071 -0.0240517   0.977953
   23.2765 0.000701215 -0.00120446  0.00338794  -0.211513 -0.0251503   0.981737
   23.2807 -0.00142931 -0.00120446  0.00498583  -0.214809 -0.0222207   0.979906
   23.2866  -0.00249458 -0.000671827   0.00498583  -0.217372 -0.0179482   0.976854
   23.2911 -0.000896679 -0.000671827   0.00551846  -0.214442 -0.0145302   0.973803
   23.2963 -0.000364047  -0.00120446   0.00764899 -0.212245 -0.012455  0.971972
   23.3008  0.000701217 -0.000671827   0.00498583  -0.208705 -0.0168496   0.973192
   23.3066   0.00176648 -0.000139195   0.00232267  -0.205165 -0.0212441   0.974413
   23.3109   0.00229911 -0.000671827   0.00338793  -0.209071 -0.0235634   0.978441
   23.3166  0.00283175 -0.00120446   0.0044532  -0.212978 -0.0258828    0.98247
   23.3209   0.00123385 -0.000671827   0.00498583  -0.215663 -0.0208779   0.979174
   23.3269 -0.000364047 -0.000139195   0.00551846 -0.218349 -0.015873  0.975878
   23.3313 0.000168584 0.000393437  0.00605109  -0.213832 -0.0137978   0.975145
   23.3369 0.000701215  0.00092607  0.00658373  -0.209315 -0.0117226   0.974413
   23.3411  0.00123385 0.000393437  0.00392057  -0.208339 -0.0180703   0.976244
   23.3469   0.00176648 -0.000139195    0.0012574  -0.207362 -0.0244179   0.978075
   23.3513  0.000168584 -0.000139195   0.00232267  -0.211146 -0.0220986   0.979662
   23.3569  -0.00142931 -0.000139195   0.00338794  -0.214931 -0.0197793   0.981249
    23.361   0.00123385 -0.000671827   0.00179004  -0.215663 -0.0170937   0.975878
   23.3668  0.00389701 -0.00120446 0.000192136  -0.216395 -0.0144082   0.970507
    23.371   0.00123385 -0.000139195   0.00179004  -0.211146 -0.0168496    0.97185
   23.3768 -0.00142931  0.00092607  0.00338794 -0.205897 -0.019291  0.973192
    23.381 0.000701217 0.000393437  0.00179004  -0.209193 -0.0213662   0.978197
   23.3869   0.00283175 -0.000139195  0.000192136  -0.212489 -0.0234414   0.983202
   23.3914   0.00176648 -0.000139195    0.0012574  -0.215541 -0.0208779    0.98015
   23.3968  0.000701215 -0.000139195   0.00232267  -0.218593 -0.0183144   0.977099
   23.4009   0.00176648 -0.000139195  0.000192139  -0.215053 -0.0153847   0.974657
   23.4069   0.00283175 -0.000139195  -0.00193839 -0.211513 -0.012455  0.972216
   23.4114   0.00229911 -0.000139195  -0.00300365  -0.208705 -0.0148964   0.973436
   23.4167  0.00176648 0.000393437 -0.00193839  -0.205653 -0.0203896   0.976732
   23.4213 -0.000364048  0.000393437   0.00179004  -0.207851 -0.0247841   0.980394
   23.4269 0.000701217 -0.00120446  0.00338794 -0.213588  -0.02454  0.981493
    23.431  0.00229911 -0.00120446  0.00338794  -0.217982 -0.0205117    0.97954
   23.4369 -0.000364048 -0.000139195   0.00392057  -0.217372 -0.0169716   0.975756
   23.4412   0.00176648 -0.000671827  0.000192139   -0.21432 -0.0136757   0.972826
   23.4468   0.00336438 -0.000671827  -0.00247102   -0.21017 -0.0125771   0.973681
    23.451   0.00229911 -0.000671827 -0.000340495  -0.206996 -0.0167275   0.974779
   23.4568  0.00229911 -0.00120446  0.00232267  -0.208095 -0.0219765   0.977587
    23.461  0.00176648 -0.00120446  0.00338793  -0.211757 -0.0227089   0.981981
   23.4669 0.000168584 -0.00120446  0.00392056  -0.215541 -0.0197793   0.981005
   23.4712  -0.00142931 -0.000139195    0.0028553  -0.216884 -0.0170937   0.976488
   23.4769 -0.000364048   0.00092607   0.00179004  -0.214442 -0.0136757   0.972948
    23.481  0.00123385 0.000393437 0.000192139  -0.209926 -0.0129433   0.972948
   23.4869  0.000168584  0.000393437 -0.000873126  -0.207362 -0.0185585   0.975023
   23.4911 -0.00249458 0.000393437  0.00232267  -0.208095 -0.0240517   0.978808
   23.4969 -0.00249458 -0.00120446   0.0044532  -0.212489 -0.0239296   0.982348
   23.5013 -0.00142931 -0.00226972  0.00551846 -0.216884 -0.021122  0.981859
   23.5068 0.000168584 -0.00226972  0.00658372  -0.218104 -0.0170937   0.977465
   23.5112  0.00123385 -0.00173709  0.00551846  -0.215907 -0.0135537    0.97246
   23.5169   0.00123385 -0.000671827   0.00338794  -0.211024 -0.0135537   0.972094
   23.5212  0.000701217 -0.000139195    0.0012574  -0.207118 -0.0183144   0.974413
   23.5269   0.00123385 -0.000139195  -0.00193839  -0.206264 -0.0250283   0.978441
   23.5311  0.000168584 -0.000139195  0.000192139 -0.209926 -0.026371  0.982103
   23.5369 -0.000896681 -0.000671827   0.00498583 -0.215419 -0.022831  0.981493
   23.5411  0.00176648 -0.00120446  0.00498583  -0.217372 -0.0196572   0.977343
   23.5469   0.00283175 -0.000671827    0.0012574  -0.216273 -0.0157509   0.973558
   23.5511  0.00176648  0.00092607 0.000192139 -0.212855 -0.012333  0.973803
   23.5569 -0.000364048   0.00199133   0.00179004  -0.208339 -0.0147744   0.974047
   23.5613 -0.00142931   0.0014587  0.00179004  -0.207362 -0.0212441   0.975267
   23.5669 -0.00142931 0.000393437  0.00338793  -0.210536 -0.0238076   0.979784
   23.5711 -0.000896679 -0.000671827   0.00498583  -0.214931 -0.0212441   0.980761
   23.5768  0.000168584 -0.000671827   0.00392057  -0.217128 -0.0188027   0.978563
   23.5811 -0.000364048  0.000393437    0.0044532  -0.215419 -0.0151406   0.974535
   23.5869 -0.00142931  0.00092607  0.00551846  -0.211146 -0.0117226   0.972704
   23.5911 -0.00142931 0.000393437  0.00551846  -0.207606 -0.0147744   0.974413
   23.5969 -0.000364048 -0.000671827   0.00392056  -0.206996 -0.0213662      0.976
   23.6013  0.000168584 -0.000671827   0.00179004  -0.210414 -0.0249062   0.981249
   23.6069  -0.00142931 -0.000139195   0.00232267  -0.215541 -0.0235634   0.982958
    23.611  -0.00249458 -0.000671827   0.00498583  -0.218349 -0.0191689   0.979174
   23.6169 -0.000364048 -0.000671827   0.00551846  -0.217128 -0.0145302   0.974413
   23.6212 -0.000364048  0.000393437   0.00605109 -0.213466 -0.012333  0.971972
   23.6269 -0.000364048   0.00092607    0.0044532  -0.208705 -0.0150185   0.972704
   23.6314 0.00176648 0.00092607  0.0012574  -0.206142 -0.0216103   0.975145
   23.6367   0.00176648 -0.000139195   0.00072477  -0.208705 -0.0260048   0.980394
   23.6411  0.00176648 -0.00120446  0.00072477  -0.212978 -0.0252724   0.982836
   23.6469  0.000701217 -0.000139195   0.00072477   -0.21664 -0.0214882   0.979784
   23.6514 0.000168584 0.000393437  0.00392056  -0.217982 -0.0172158   0.974657
   23.6568  0.000701215 -0.000671827   0.00498583 -0.214564 -0.014164   0.97307
   23.6611   0.00123385 -0.000139195    0.0028553  -0.209926 -0.0140419   0.974657
   23.6669   0.00229911 -0.000139195   0.00338794  -0.207728 -0.0185585   0.976122
   23.6713   0.00123385 -0.000671827    0.0028553  -0.208827 -0.0230751   0.978075
   23.6769 -0.000364047  0.000393437  0.000192139 -0.212489 -0.022831  0.980639
   23.6813 -0.00142931 0.000393437 0.000192139  -0.216151 -0.0190468    0.98015
   23.6869 -0.000364048  0.000393437 -0.000873126  -0.216884 -0.0155068   0.975512
   23.6912  0.00176648 0.000393437 -0.00140576 -0.213344 -0.012455  0.973192
   23.6968  0.000168584 -0.000139195   0.00072477  -0.208705 -0.0122109   0.974047
    23.701 -0.00142931 0.000393437  0.00179004  -0.206386 -0.0179482   0.974535
   23.7069 -0.000896679  0.000393437   0.00232267  -0.207851 -0.0239296   0.978441
   23.7113 -0.000896679 -0.000671827   0.00179004  -0.212123 -0.0253945    0.98247
   23.7167 0.000701217 -0.00120446  0.00338793  -0.217128 -0.0219765   0.981005
   23.7215  0.000701217 -0.000671827   0.00338793  -0.218227 -0.0163613   0.977709
   23.7269 0.000168584 0.000393437 -0.00140576  -0.215175 -0.0130654   0.973925
   23.7312  0.00123385 0.000393437 -0.00247102  -0.210414 -0.0129433   0.972948
   23.7368   0.00123385 -0.000139195 -0.000873126  -0.20663 -0.017582  0.974291
    23.741   0.00123385  0.000393437 -0.000873126  -0.206996 -0.0242959   0.976122
   23.7469 0.00123385 0.00092607 0.00072477   -0.21078 -0.0256386   0.980761
   23.7511 0.000701217 0.000393437  0.00179004  -0.214686 -0.0230751   0.982958
   23.7569  0.000168584 -0.000139195   0.00179004  -0.216273 -0.0205117   0.977953
   23.7614  0.00123385 0.000393437 0.000192139  -0.215419 -0.0168496   0.972704
   23.7669  0.00229911  0.00092607 -0.00140576  -0.212001 -0.0137978   0.974169
   23.7712   0.00336438 -0.000139195  -0.00140576  -0.207973 -0.0157509   0.975634
   23.7769   0.00336438 -0.000139195 -0.000873126  -0.206874 -0.0216103   0.976732
   23.7811   0.00229911 -0.000139195  -0.00140576   -0.21017 -0.0236855   0.980639
   23.7869   0.00123385 -0.000671827  0.000724774  -0.214809 -0.0203896   0.981493
   23.7912  0.000168584 -0.000139195    0.0012574  -0.217006 -0.0168496   0.977709
   23.7969   0.00123385 -0.000671827  -0.00247102  -0.215053 -0.0137978   0.973558
    23.801   0.00123385  -0.00120446 -0.000873126   -0.21078 -0.0122109   0.972704
   23.8069 -0.000364047 -0.000139195 -0.000873126  -0.207118 -0.0150185   0.973681
   23.8111  0.00123385  0.00092607 -0.00406892  -0.206386 -0.0213662      0.976
   23.8169  0.00176648   0.0014587 -0.00300365  -0.209315 -0.0258828   0.980028
   23.8211 0.000701215  0.00092607 -0.00247102  -0.214442 -0.0242959   0.981127
   23.8269 -0.000364048   0.00092607 -0.000873126   -0.21786 -0.0190468   0.978197
   23.8313 0.000168584  0.00092607  0.00338793  -0.216762 -0.0153847   0.974535
   23.8369  0.00123385 0.000393437   0.0028553 -0.212489 -0.012455  0.973681
   23.8413 -0.00142931  0.00092607  0.00179004  -0.208217 -0.0134316   0.974169
   23.8469 -0.00142931  0.00092607 0.000192139 -0.206386    -0.021  0.975145
    23.851 0.000701215 0.000393437 -0.00300366  -0.209071 -0.0257607   0.979662
   23.8569   0.00123385 -0.000671827  0.000192139  -0.214076 -0.0242959   0.982836
   23.8613  0.000701217 -0.000671827   0.00392057  -0.216762 -0.0214882   0.979662
   23.8669 -0.000896679  0.000393437    0.0044532  -0.217128 -0.0183144   0.974535
   23.8714 -0.00196194  0.00092607  0.00551846  -0.21432 -0.014164  0.972704
   23.8769 -0.00142931   0.0014587  0.00392057  -0.209071 -0.0145302   0.973681
   23.8811 0.000168584  0.00092607   0.0028553  -0.206874 -0.0203896   0.975634
   23.8869   0.00176648 -0.000671827    0.0044532  -0.209193 -0.0247841   0.979662
   23.8913   0.00123385 -0.000671827   0.00338793  -0.213466 -0.0236855   0.982103
   23.8968  -0.00142931 -0.000139195    0.0028553  -0.216762 -0.0197793    0.97954
    23.901  -0.00302721 -0.000139195   0.00605109  -0.216518 -0.0162392    0.97539
   23.9069 -0.00302721 0.000393437  0.00658372  -0.213222 -0.0134316   0.971483
    23.911 -0.00142931 0.000393437  0.00605109  -0.209071 -0.0134316   0.972826
   23.9169  0.000701217 -0.000139195   0.00605109  -0.206508 -0.0184365   0.975756
   23.9211   0.00336438 -0.000671827   0.00338793  -0.206996 -0.0244179   0.979052
   23.9269   0.00123385 -0.000139195   0.00179004  -0.211757 -0.0244179   0.982348
   23.9314  -0.00302721 -0.000139195   0.00179004  -0.217616 -0.0206337   0.980028
   23.9368  -0.00302721 -0.000139195    0.0012574  -0.219081 -0.0177041      0.976
   23.9411 -0.00302721  0.00092607  0.00392056  -0.215907 -0.0145302   0.974413
   23.9469 -0.00142931 0.000393437  0.00605109  -0.21078 -0.012455  0.973925
   23.9511  0.00123385 0.000393437  0.00498583  -0.206752 -0.0168496   0.973803
   23.9569 0.00123385 0.00092607  0.0044532  -0.207728 -0.0234414   0.976488
   23.9612 -0.000364048  0.000393437   0.00338794  -0.211391 -0.0251503   0.981127
   23.9669 -0.00142931 0.000393437  0.00338794  -0.215053 -0.0227089   0.981981
   23.9714 -0.000896679  0.000393437   0.00338794  -0.217128 -0.0188027   0.978197
   23.9769 0.000701217 -0.00120446  0.00338794  -0.215663 -0.0148964   0.974657
   23.9811  0.00176648 -0.00120446  0.00392057  -0.211513 -0.0131875   0.973925
   23.9869   0.00283175 -0.000139195   0.00338793 -0.207606 -0.017582  0.974047
   23.9914   0.00123385 -0.000139195    0.0012574  -0.207851 -0.0233193   0.976976
   23.9968  0.000168584 -0.000671827 -0.000340495  -0.211024 -0.0236855    0.98247
   24.0011   0.00123385 -0.000671827   0.00072477  -0.215663 -0.0208779   0.981615
   24.0069   0.00123385 -0.000139195    0.0012574  -0.217616 -0.0173378   0.977709
    24.011   0.00176648 -0.000671827   0.00179004  -0.215175 -0.0139199   0.973681
   24.0169   0.00123385 -0.000671827   0.00338794  -0.211635 -0.0118447   0.971117
   24.0213   0.00176648 -0.000671827   0.00232267  -0.207973 -0.0145302   0.973558
   24.0269  0.000701217 -0.000671827   0.00392057   -0.20602 -0.0216103   0.977953
   24.0311  -0.00196194 -0.000139195   0.00711636  -0.209193 -0.0250283   0.981005
   24.0369 -0.000896681  -0.00120446    0.0044532  -0.214442 -0.0224648   0.981127
   24.0412 0.000168584 -0.00173709   0.0044532  -0.217128 -0.0191689   0.978685
   24.0468 -0.00142931 -0.00120446  0.00551846   -0.21664 -0.0164834   0.974535
   24.0511  -0.00196194 -0.000139195   0.00179004  -0.212733 -0.0134316   0.973558
   24.0569 -0.00196194  0.00092607  0.00232267  -0.208583 -0.0136757   0.974901
    24.061 -0.00196194 0.000393437  0.00392057  -0.206874 -0.0200234   0.975756
   24.0669  -0.00142931 -0.000671827   0.00498583  -0.209071 -0.0251503   0.979418
   24.0709 -0.000364048 -0.000671827   0.00658373  -0.213954 -0.0234414    0.98247
   24.0769  0.000701215 -0.000139195   0.00498583   -0.21664 -0.0199013   0.980639
   24.0813 -0.000896681  0.000393437    0.0044532  -0.216395 -0.0168496   0.975634
   24.0868 -0.000364048  0.000393437   0.00232267  -0.213954 -0.0135537    0.97307
    24.091   0.00176648   0.00092607 -0.000873126  -0.209437 -0.0148964   0.973803
   24.0969  0.00336438  0.00092607 -0.00140576   -0.20663 -0.0212441   0.975267
   24.1012  0.00283174 0.000393437 0.000724774  -0.208705 -0.0246621   0.978808
   24.1069 0.000168584 0.000393437   0.0012574   -0.21371 -0.0234414   0.982348
   24.1112  -0.00142931 -0.000139195   0.00179004  -0.217494 -0.0195351   0.980028
   24.1168 -0.000896681 -0.000139195   0.00338793  -0.217006 -0.0150185   0.975267
    24.121  0.000701215 -0.000139195   0.00338793  -0.213466 -0.0117226    0.97246
   24.1269   0.00123385 -0.000139195   0.00392057  -0.209315 -0.0118447   0.972338
   24.1311  0.00229911 0.000393437 0.000192139  -0.205531 -0.0178261   0.975023
   24.1369  0.00123385  0.00092607 -0.00300366  -0.206264 -0.0234414   0.978563
   24.1414 -0.000896679 -0.000139195 -0.000873126  -0.211269 -0.0234414    0.98247
   24.1469  0.000168584  -0.00120446 -0.000873126  -0.216151 -0.0205117   0.981737
   24.1511 0.000701217 -0.00120446  0.00072477   -0.21786 -0.0178261   0.976488
   24.1569 0.000701217 -0.00120446  0.00392057  -0.215419 -0.0151406   0.972948
   24.1611  0.000701217 -0.000671827   0.00232267  -0.211513 -0.0139199   0.973803
   24.1669 -0.000364047  0.000393437   0.00072477 -0.208217 -0.017582  0.975267
   24.1711 -0.000364047   0.00092607   0.00179004  -0.207973 -0.0235634   0.976732
   24.1768   0.00123385 -0.000139195   0.00179004  -0.212001 -0.0251503   0.981127
    24.181  0.000701217 -0.000139195   0.00179004  -0.216029 -0.0220986   0.982348
   24.1869 -0.000364048    0.0014587  0.000192139  -0.216762 -0.0185585   0.977221
    24.191 -0.000364048    0.0014587 -0.000340495  -0.214686 -0.0151406   0.973436
   24.1969 0.000168584  0.00092607   0.0012574 -0.210658 -0.014164  0.974657
   24.2014   0.00442964 -0.000139195 -0.000340495  -0.207851 -0.0183144   0.975267
   24.2069  0.00442964 -0.00120446 0.000192139  -0.208217 -0.0242959   0.977343
   24.2112 -0.000364048 -0.000139195   0.00338793  -0.212123 -0.0251503   0.981615
   24.2169 -0.00249458  0.00092607  0.00551846  -0.215175 -0.0234414   0.982958
    24.221 -0.000896681  0.000393437    0.0028553  -0.216273 -0.0191689   0.979784
   24.2269   0.00123385 -0.000671827 -0.000340495  -0.216151 -0.0133095   0.974169
   24.2315   0.00176648 -0.000139195  -0.00140576  -0.211879 -0.0116005    0.97185
   24.2366  0.00176648  0.00092607 -0.00193839  -0.208827 -0.0114785   0.971972
   24.2411   0.00229911  0.000393437 -0.000340492  -0.207973 -0.0178261   0.974901
   24.2469 0.000168584 -0.00120446   0.0028553  -0.209804 -0.0238076   0.980516
   24.2513 -0.00302721 -0.00120446  0.00338793  -0.214686 -0.0218544   0.982225
   24.2569  -0.00355984 -0.000139195   0.00232267  -0.216884 -0.0202675   0.981249
    24.261 -0.000896681 -0.000139195   0.00179004  -0.216151 -0.0173378   0.977099
   24.2669   0.00176648 -0.000139195    0.0012574  -0.215419 -0.0144082   0.972948
    24.271   0.00123385 -0.000139195   0.00072477  -0.211024 -0.0150185   0.973681
   24.2769  0.000701215 -0.000139195  0.000192136   -0.20663 -0.0156289   0.974413
   24.2811  0.000168584 -0.000139195   0.00179004  -0.209315 -0.0197793   0.978319
   24.2869 -0.000364047 -0.000139195   0.00338794  -0.212001 -0.0239296   0.982225
   24.2912 -0.000364047 -0.000671827   0.00179004  -0.215175 -0.0216103   0.979784
   24.2967 -0.000364047  -0.00120446  0.000192136 -0.218349 -0.019291  0.977343
   24.3011 -0.000364047 -0.000139195   0.00232267 -0.214686 -0.015873  0.975634
   24.3069 -0.000364047   0.00092607    0.0044532 -0.211024 -0.012455  0.973925
   24.3114  0.000168584 -0.000139195   0.00392057  -0.209071 -0.0184365   0.975267
   24.3167 0.000701215 -0.00120446  0.00338794  -0.207118 -0.0244179    0.97661
   24.3213  0.000168584 -0.000671827   0.00605109  -0.211513 -0.0236855   0.978808
   24.3269 -0.000364047 -0.000139195   0.00871425  -0.215907 -0.0229531   0.981005
    24.331  0.000701217 -0.000139195   0.00605109  -0.216273 -0.0179482   0.977587
   24.3369   0.00176648 -0.000139195   0.00338794   -0.21664 -0.0129433   0.974169
   24.3411  0.000701217 -0.000139195   0.00232267  -0.211879 -0.0126992   0.973681
   24.3469 -0.000364047 -0.000139195    0.0012574 -0.207118 -0.012455  0.973192
   24.3514 -0.000364047 -0.000671827    0.0028553  -0.208461 -0.0181923   0.976976
   24.3569 -0.000364047  -0.00120446    0.0044532  -0.209804 -0.0239296   0.980761
   24.3612  -0.00302721 -0.000671827   0.00818162 -0.213344 -0.021122  0.979784
   24.3669  -0.00569037 -0.000139195    0.0119101  -0.216884 -0.0183144   0.978808
   24.3711  -0.00302721 -0.000139195    0.0103122  -0.215053 -0.0157509   0.976122
   24.3769 -0.000364047 -0.000139195   0.00871425  -0.213222 -0.0131875   0.973436
    24.381 -0.000364047 -0.000671827   0.00498583  -0.210536 -0.0133095   0.974657
   24.3868  0.000168584 -0.000671827   0.00232267  -0.207118 -0.0178261   0.975267
    24.391 0.000701215 -0.00120446  0.00232267  -0.208217 -0.0233193   0.978197
   24.3969 0.000168584 -0.00173709  0.00072477  -0.211757 -0.0239296   0.982592
   24.4011 -0.000896679 -0.000671827   0.00232267  -0.215663 -0.0212441   0.980028
   24.4069 -0.000896679 -0.000671827   0.00605109  -0.217006 -0.0180703   0.975267
   24.4114 -0.000364047 -0.000671827   0.00658372   -0.21432 -0.0152626   0.973436
   24.4169   0.00123385 -0.000671827   0.00551846 -0.210414 -0.014164  0.973436
    24.421   0.00123385 -0.000139195   0.00338793  -0.206874 -0.0183144   0.974291
   24.4269 0.000168584 0.000393437   0.0012574 -0.20663 -0.02454 0.978197
   24.4312   0.00176648 -0.000671827    0.0012574 -0.211269 -0.026371  0.982225
   24.4369  0.00229911 -0.00120446  0.00232267  -0.216762 -0.0234414   0.981005
   24.4413   0.00123385 -0.000671827    0.0012574  -0.218593 -0.0186806   0.977831
   24.4466  0.000701215 -0.000139195   0.00338793  -0.216518 -0.0142861   0.974291
   24.4511  0.000701215 -0.000139195    0.0044532  -0.212123 -0.0117226   0.973436
   24.4569 0.000701215 0.000393437   0.0028553  -0.207851 -0.0142861   0.973558
   24.4612  0.00176648 0.000393437   0.0028553  -0.20663 -0.021122   0.97539
   24.4668   0.00283175 -0.000671827    0.0028553  -0.210048 -0.0235634   0.980639
   24.4711  0.00229911 -0.00120446  0.00232267   -0.21432 -0.0212441   0.982836
   24.4768  0.00123385 -0.00120446  0.00072477  -0.217006 -0.0180703    0.97893
   24.4811  0.000168584 -0.000671827 -0.000340492   -0.21664 -0.0153847   0.973192
   24.4869  0.000701217  0.000393437 -0.000340492  -0.212733 -0.0136757    0.97307
   24.4912 0.000701217 0.000393437   0.0028553  -0.208339 -0.0153847   0.973925
   24.4969 -0.000364047 -0.000139195    0.0044532  -0.207362 -0.0208779   0.976366
   24.5013  0.000701217 -0.000139195   0.00392057  -0.210658 -0.0241738   0.981005
   24.5068 0.000168584 0.000393437  0.00392057  -0.215175 -0.0225869   0.981249
    24.511 -0.000896679   0.00092607   0.00338793  -0.218104 -0.0195351   0.979052
   24.5169 -0.000364047  0.000393437   0.00232267  -0.216884 -0.0168496   0.974657
   24.5212 0.000701217  0.00092607  0.00072477  -0.212855 -0.0135537   0.971727
   24.5269  0.00336438 0.000393437 0.000192139  -0.208583 -0.0147744   0.973558
   24.5314  0.00389701 -0.00120446  0.00072477  -0.206264 -0.0218544    0.97661
   24.5366   0.00123385 -0.000139195  0.000192136  -0.208461 -0.0264931   0.980028
   24.5412 -0.000364047  0.000393437   0.00232267  -0.213832 -0.0247841   0.982348
   24.5469 -0.000896679 -0.000139195   0.00818162   -0.21725 -0.0203896   0.980272
   24.5511  0.000701217 -0.000671827   0.00658373   -0.21725 -0.0170937   0.975023
   24.5569   0.00123385 -0.000139195   0.00338793  -0.213832 -0.0133095   0.973436
   24.5613  0.000701217 -0.000139195    0.0044532  -0.209315 -0.0122109   0.974657
   24.5669   0.00123385 -0.000139195    0.0028553  -0.206874 -0.0177041   0.974413
   24.5712 0.000701215  0.00092607  0.00179004  -0.207851 -0.0229531   0.977953
   24.5769 -0.000364048  0.000393437   0.00179004 -0.211879 -0.022831  0.981859
   24.5811 -0.000364048 -0.000139195    0.0028553  -0.215297 -0.0196572   0.980516
   24.5869 -0.000364048 -0.000671827   0.00498583  -0.216884 -0.0159951   0.976122
   24.5912  0.000168584 -0.000139195   0.00392057  -0.214442 -0.0128212   0.972582
   24.5969 -0.000364048   0.00092607   0.00338793  -0.209193 -0.0129433   0.972948
   24.6013 -0.000364048  0.000393437   0.00179004   -0.20724 -0.0184365   0.974291
   24.6069   0.00229911 -0.000671827 -0.000340492  -0.208827 -0.0238076   0.978319
    24.611  0.00176648 -0.00120446  0.00232267  -0.213222 -0.0233193    0.98247
   24.6169 0.000168584 -0.00120446  0.00498583  -0.217372 -0.0203896   0.980883
   24.6215  -0.00142931 -0.000671827   0.00551846  -0.217616 -0.0174599   0.976976
   24.6269  -0.00196194 -0.000139195    0.0044532 -0.215175 -0.014164  0.972948
   24.6312 0.000168584 0.000393437  0.00338793  -0.210658 -0.0135537   0.972338
   24.6369  0.00176648 0.000393437   0.0012574   -0.20663 -0.0181923   0.974657
    24.641   0.00336438 -0.000671827    0.0012574  -0.206386 -0.0246621   0.978441
   24.6469   0.00283174 -0.000139195   0.00072477  -0.210048 -0.0266152   0.982348
   24.6514  0.00123385  0.00092607 -0.00247102  -0.215541 -0.0220986   0.981615
   24.6566   0.00123385 -0.000139195  0.000192139   -0.21786 -0.0179482   0.977587
   24.6611 -0.000364048 -0.000671827   0.00338793  -0.215785 -0.0155068   0.973436
   24.6669 -0.000896679  0.000393437   0.00232267  -0.212001 -0.0122109   0.972826
   24.6713 0.000701217  0.00092607  0.00232267  -0.207851 -0.0150185   0.974047
   24.6768  0.00176648 0.000393437  0.00072477  -0.207118 -0.0213662    0.97539
    24.681   0.00176648 -0.000139195  0.000192139  -0.210414 -0.0230751   0.979662
   24.6869 -0.000364048  0.000393437   0.00179004 -0.214686 -0.021122  0.982225
   24.6913 -0.000896681  0.000393437    0.0012574  -0.217372 -0.0181923   0.978685
   24.6968 0.000168584 0.000393437  0.00179004  -0.215907 -0.0146523   0.974047
   24.7011   0.00123385  0.000393437 -0.000873122  -0.211635 -0.0122109   0.974047
   24.7069   0.00176648 -0.000139195  -0.00193839  -0.208461 -0.0153847   0.974169
   24.7114   0.00123385 -0.000671827   0.00072477  -0.207728 -0.0223427   0.975512
   24.7166  0.00123385 -0.00120446 0.000192136   -0.21017 -0.0242959   0.980761
   24.7211 -0.000896681 -0.000671827 -0.000340495  -0.214931 -0.0220986   0.981981
   24.7269  -0.00196194 -0.000671827 -0.000340495 -0.217372 -0.019291  0.979174
   24.7313  -0.00142931 -0.000139195 -0.000873126  -0.216395 -0.0151406   0.974657
   24.7369  -0.00142931    0.0014587 -0.000873126  -0.212855 -0.0128212   0.971727
    24.741 -0.000896679    0.0014587   0.00072477  -0.208217 -0.0157509    0.97307
   24.7469 -0.00142931 0.000393437   0.0028553  -0.205897 -0.0227089   0.976244
   24.7512  -0.00142931 -0.000139195   0.00392057  -0.208827 -0.0266152   0.980394
   24.7569 -0.000896679 -0.000671827   0.00551846  -0.214198 -0.0244179   0.983202
   24.7611 -0.00196194 -0.00120446  0.00551846  -0.217372 -0.0212441   0.980394
   24.7669  -0.00355984 -0.000671827    0.0044532  -0.217372 -0.0174599   0.974413
   24.7713 -0.00249458 -0.00173709  0.00392056  -0.213344 -0.0133095   0.973681
   24.7769 0.000168584 -0.00173709  0.00232267  -0.208827 -0.0135537   0.974901
   24.7812   0.00123385 -0.000139195   0.00392056  -0.206996 -0.0195351   0.974901
   24.7869   0.00176648 -0.000139195   0.00392056  -0.208583 -0.0244179   0.978197
    24.791  0.000701217 -0.000671827   0.00392056  -0.212611 -0.0225869   0.981615
   24.7969 -0.000896679  -0.00120446   0.00764899  -0.215663 -0.0188027    0.98015
    24.801  -0.00196194 -0.000671827   0.00605109  -0.215785 -0.0156289   0.975634
   24.8069 -0.000896681 -0.000139195    0.0028553 -0.212855 -0.012333  0.974047
   24.8113 -0.000896681  0.000393437   0.00392057  -0.209682 -0.0125771   0.974169
   24.8169  -0.00142931 -0.000139195   0.00551846  -0.207484 -0.0186806   0.974657
   24.8211 -0.000364047 -0.000671827   0.00498583  -0.208095 -0.0242959   0.979052
   24.8269 -0.00249458 -0.00120446  0.00551846 -0.212611  -0.02454  0.982348
   24.8316 -0.00409248 -0.00120446  0.00711636 -0.217128 -0.021122  0.980516
   24.8369  -0.00249458 -0.000671827   0.00605109  -0.217982 -0.0163613   0.977221
   24.8411  -0.00196194 -0.000671827   0.00498583  -0.214809 -0.0129433   0.972948
   24.8469 -0.00196194 0.000393437  0.00498583  -0.210536 -0.0128212   0.972338
    24.851 -0.000896679  0.000393437    0.0044532  -0.206996 -0.0177041   0.974047
   24.8569 -0.000364047 -0.000139195   0.00392057  -0.206264 -0.0240517   0.976976
   24.8614  -0.00142931 -0.000671827   0.00392057  -0.210536 -0.0250283   0.981859
   24.8667  -0.00355984 -0.000671827   0.00658373  -0.215175 -0.0224648   0.981859
    24.871  -0.00196195 -0.000139195   0.00818162 -0.216884 -0.019413  0.977343
   24.8769  0.000168584 -0.000671827   0.00711636  -0.215419 -0.0164834   0.973314
   24.8812 -0.000896679 -0.000139195   0.00711636  -0.211269 -0.0146523   0.973681
   24.8869 -0.000364048  0.000393437   0.00605109  -0.207973 -0.0161171   0.974657
   24.8911   0.00123385 -0.000139195   0.00392056  -0.208339 -0.0214882   0.975756
   24.8969   0.00123385 -0.000671827   0.00338793  -0.211879 -0.0238076   0.979296
   24.9011  0.000168584 -0.000671827   0.00338793  -0.215907 -0.0213662   0.981981
   24.9068  0.000168584 -0.000139195   0.00338793   -0.21725 -0.0181923   0.978441
    24.911  0.000701215 -0.000671827    0.0028553  -0.215053 -0.0145302   0.973192
   24.9169 -0.000896681  -0.00120446    0.0044532  -0.211024 -0.0119668    0.97307
   24.9214  -0.00142931 -0.000671827   0.00551846  -0.207362 -0.0151406   0.973925
   24.9268 -0.000364047 -0.000671827   0.00498583  -0.206508 -0.0214882   0.975878
    24.931 -0.000364047  -0.00120446   0.00605109  -0.210048 -0.0241738   0.980028
   24.9369 -0.00142931 -0.00120446  0.00498583 -0.215297 -0.022831  0.981493
   24.9412  -0.00249458 -0.000671827    0.0028553  -0.217738 -0.0188027   0.978563
   24.9469 -0.00302721 0.000393437  0.00179004  -0.216762 -0.0151406   0.974291
   24.9511  -0.00142931    0.0014587 -0.000873126  -0.212733 -0.0125771   0.972948
   24.9568 -0.00142931  0.00092607  0.00072477  -0.208339 -0.0139199    0.97307
   24.9611 -0.00196194 0.000393437  0.00392056  -0.206508 -0.0213662   0.973803
   24.9669 -0.000364047  0.000393437   0.00179004  -0.208705 -0.0258828   0.979418
   24.9712 -0.000896679  0.000393437    0.0028553  -0.213222 -0.0241738    0.98308
   24.9769 -0.00142931 0.000393437   0.0044532  -0.216395 -0.0206337   0.980028
   24.9812 -0.000364048 -0.000139195   0.00498583  -0.217128 -0.0173378   0.975267
   24.9869 -0.000364048  0.000393437   0.00338793   -0.21432 -0.0146523   0.972826
   24.9913  0.000168584   0.00092607 -0.000873126  -0.209682 -0.0151406   0.973925
   24.9967  0.00123385  0.00092607 0.000192139  -0.207118 -0.0205117   0.975023
   25.0011   0.00176648 -0.000139195   0.00338794  -0.208827 -0.0244179   0.979052
   25.0068  0.00176648 -0.00120446  0.00232267  -0.212733 -0.0234414   0.982103
   25.0111 0.000168584 -0.00120446   0.0028553  -0.215907 -0.0201455   0.978563
   25.0168  0.00123385 -0.00120446  0.00392057  -0.216884 -0.0161171   0.975023
   25.0211   0.00229911 -0.000671827   0.00179004   -0.21371 -0.0129433   0.973314
   25.0269  0.00123385 0.000393437  0.00072477  -0.208705 -0.0129433   0.973192
   25.0311  0.00123385  0.00092607 0.000192139  -0.205897 -0.0179482   0.974901
   25.0369   0.00123385  0.000393437 -0.000873126   -0.20724 -0.0234414    0.97893
   25.0414 -0.000364048 -0.000671827  0.000192139  -0.212489 -0.0242959   0.981737
   25.0467 -0.00142931 -0.00120446  0.00232267   -0.21786 -0.0208779   0.980516
   25.0511  -0.00142931 -0.000671827   0.00392057 -0.218715 -0.017582     0.976
   25.0569 -0.000364048 -0.000139195   0.00392057  -0.215663 -0.0144082   0.973681
   25.0611  -0.00196195 -0.000139195    0.0028553  -0.211146 -0.0117226   0.974169
   25.0669  -0.00249458 -0.000671827   0.00179004   -0.20724 -0.0163613   0.973925
   25.0713 0.000701217 -0.00173709  0.00392057   -0.20724 -0.0234414   0.977221
   25.0768  0.00176648 -0.00173709  0.00551846  -0.211024 -0.0244179   0.982348
    25.081 0.000701217 -0.00120446  0.00338793  -0.215053 -0.0214882   0.982103
   25.0869 -0.000364047 -0.000671827   0.00498583  -0.216518 -0.0188027   0.976854
   25.0912   0.00123385 -0.000139195   0.00551846  -0.215663 -0.0161171    0.97307
   25.0969  0.00229911 0.000393437   0.0044532  -0.212123 -0.0140419   0.973925
    25.101 0.00283175 0.00092607 0.00338793  -0.208217 -0.0179482    0.97539
   25.1069 0.00336438 0.00092607 0.00072477  -0.208583 -0.0235634   0.977953
    25.111   0.00283175 -0.000139195  0.000192136  -0.211879 -0.0238076   0.982348
   25.1169   0.00176648 -0.000671827    0.0012574  -0.216029 -0.0212441   0.981859
   25.1211 0.000168584 0.000393437   0.0012574  -0.217372 -0.0183144   0.977587
   25.1269 -0.000364047   0.00092607   0.00392056  -0.215419 -0.0146523   0.972826
   25.1315 0.000168584  0.00092607  0.00498583  -0.211269 -0.0126992    0.97246
   25.1365  0.00176648 0.000393437   0.0012574  -0.206996 -0.0155068   0.974657
   25.1412   0.00336438 -0.000139195   0.00072477   -0.20602 -0.0214882   0.976732
   25.1469   0.00283175 -0.000139195  0.000192139  -0.208827 -0.0253945   0.980639
   25.1512   0.00176648 -0.000139195  -0.00300365  -0.214686 -0.0231972   0.981859
   25.1569   0.00176648 -0.000671827  -0.00140576  -0.218349 -0.0190468   0.978441
    25.161   0.00123385 -0.000139195 -0.000873126  -0.217372 -0.0153847   0.974169
   25.1669   0.00176648 -0.000139195  -0.00140576  -0.212733 -0.0125771   0.973925
   25.1711   0.00229911 -0.000671827   0.00179004  -0.208217 -0.0145302   0.974047
   25.1769   0.00176648  0.000393437 -0.000340495  -0.207362 -0.0199013   0.974901
   25.1811  0.00176648 0.000393437 -0.00193839  -0.209682 -0.0238076   0.979906
   25.1869   0.00123385 -0.000139195  0.000192139  -0.213466 -0.0231972   0.982225
   25.1912 -0.000364048  0.000393437   0.00072477  -0.216518 -0.0201455   0.979906
   25.1969 -0.00142931  0.00092607  0.00072477  -0.216762 -0.0177041   0.975512
   25.2012  0.000168584 -0.000139195   0.00232267  -0.213222 -0.0146523   0.972948
   25.2069  0.00176648 -0.00120446  0.00338794  -0.210536 -0.0126992   0.973192
   25.2111  0.000701217 -0.000139195    0.0028553  -0.208827 -0.0188027   0.975267
   25.2169 -0.000364047   0.00092607   0.00232267  -0.207118 -0.0249062   0.977343
    25.221 -0.000896679 -0.000139195    0.0012574  -0.211879 -0.0234414   0.979296
   25.2269 -0.00142931 -0.00120446  0.00232267  -0.217006 -0.0196572   0.980028
   25.2313 -0.000896679  -0.00120446    0.0028553  -0.216884 -0.0153847   0.975634
   25.2369 -0.000364047  -0.00120446    0.0012574  -0.216395 -0.0134316    0.97246
    25.241 0.000168584 0.000393437   0.0012574  -0.211635 -0.0139199   0.973803
   25.2469 0.000701215  0.00199133   0.0012574  -0.206874 -0.0144082   0.975145
   25.2513 0.000168584  0.00092607  0.00179004  -0.207851 -0.0196572   0.978197
   25.2567 -0.000364047 -0.000139195   0.00232267  -0.208827 -0.0249062   0.981249
   25.2612 -0.000364047 -0.000139195   0.00179004  -0.213222 -0.0216103   0.980028
   25.2669 -0.000364047 -0.000139195    0.0012574  -0.217616 -0.0183144   0.978808
    25.271 -0.000896679 -0.000139195    0.0012574  -0.215175 -0.0146523   0.976244
   25.2769  -0.00142931 -0.000139195    0.0012574  -0.212733 -0.0109902   0.973681
   25.2813 -0.000896679 -0.000139195 -0.000873126 -0.209926 -0.015873  0.973681
   25.2868 -0.000364047 -0.000139195  -0.00300366  -0.207118 -0.0207558   0.973681
   25.2912  0.000168584 -0.000671827    0.0012574   -0.21078 -0.0217324   0.978563
   25.2969 0.000701215 -0.00120446  0.00551846  -0.214442 -0.0227089   0.983446
   25.3012  -0.00142931 -0.000671827   0.00498583  -0.215663 -0.0200234   0.978563
   25.3069  -0.00355984 -0.000139195    0.0044532  -0.216884 -0.0173378   0.973681
   25.3113  -0.00196194 -0.000139195    0.0028553  -0.212489 -0.0159951   0.974047
   25.3168 -0.000364047 -0.000139195    0.0012574  -0.208095 -0.0146523   0.974413
   25.3209 -0.000364047 -0.000671827   0.00179004 -0.208217    -0.021  0.977831
   25.3267 -0.000364047  -0.00120446   0.00232267  -0.208339 -0.0273476   0.981249
   25.3309 0.000168584 -0.00120446   0.0028553    -0.2131 -0.0238076   0.980761
   25.3367 0.000701215 -0.00120446  0.00338794   -0.21786 -0.0202675   0.980272
   25.3412 0.000168584 -0.00173709  0.00711636  -0.218349 -0.0172158   0.978441
   25.3465 -0.000896679  -0.00120446   0.00977952  -0.216273 -0.0135537   0.972704
    25.351 0.000701217 0.000393437  0.00445319 -0.211879 -0.012333  0.970873
   25.3567 0.00123385 0.00092607 0.00232267  -0.207484 -0.0162392   0.974047
    25.361 0.000701217  0.00092607   0.0012574  -0.206142 -0.0229531   0.976488
   25.3667 -0.000364048  0.000393437  -0.00140576  -0.209682 -0.0246621   0.981005
   25.3709 -0.00142931 -0.00120446 0.000192139  -0.214686 -0.0225869   0.982958
   25.3767 -0.000364047  -0.00120446   0.00232267 -0.217006 -0.019291  0.978197
   25.3809 -0.000896679  0.000393437   0.00498583  -0.216151 -0.0157509   0.972948
   25.3867 -0.000364048 -0.000139195   0.00498583  -0.212978 -0.0129433    0.97307
   25.3912  0.000168584 -0.000139195   0.00498583  -0.208583 -0.0139199   0.974169
   25.3967 -0.000896679  0.000393437   0.00498583  -0.207728 -0.0197793   0.974535
    25.401  -0.00142931 -0.000139195   0.00232267  -0.210536 -0.0239296   0.979174
   25.4067 -0.000896679 -0.000139195  0.000192139   -0.21432 -0.0218544   0.981249
   25.4111 -0.000364047  -0.00120446   0.00072477  -0.216518 -0.0191689   0.978441
   25.4167 -0.00196194 -0.00120446   0.0012574  -0.215907 -0.0161171   0.974657
    25.421  -0.00355984 -0.000671827   0.00338793  -0.212611 -0.0131875   0.972704
   25.4267 -0.000896681 -0.000671827   0.00605109  -0.209193 -0.0150185   0.973925
   25.4311   0.00229911 -0.000139195    0.0028553  -0.207606 -0.0212441   0.975878
   25.4367   0.00176648 -0.000139195  0.000192136  -0.209193 -0.0261269    0.97954
   25.4414  0.000168584 -0.000139195   0.00072477  -0.214442 -0.0246621   0.982225
   25.4466 -0.000364047 -0.000671827  0.000192139  -0.218471 -0.0199013   0.980761
   25.4508   0.00123385 -0.000671827    0.0012574  -0.217738 -0.0153847    0.97539
   25.4567   0.00123385 -0.000139195   0.00551846 -0.214076 -0.012455   0.97246
   25.4612   0.00176648 -0.000139195   0.00551846   -0.20956 -0.0134316   0.973314
   25.4667   0.00283175 -0.000139195    0.0044532  -0.20663 -0.019413  0.974291
   25.4709  0.000701217 -0.000139195    0.0044532  -0.208217 -0.0236855   0.979052
   25.4767 -0.000364047 -0.000139195   0.00232267  -0.212245 -0.0231972   0.983202
    25.481 -0.000364047   0.00092607    0.0028553  -0.216273 -0.0205117   0.980272
   25.4867 -0.000364047  0.000393437   0.00711636  -0.217982 -0.0173378   0.974901
   25.4909  0.000168584 -0.000139195   0.00551846  -0.214809 -0.0146523   0.973192
   25.4967  0.00123385 0.000393437  0.00232267  -0.210048 -0.0130654   0.973558
   25.5013   0.00336438 -0.000671827    0.0028553  -0.206752 -0.0174599   0.975023
   25.5067   0.00283174 -0.000671827   0.00179004  -0.207484 -0.0236855   0.978441
   25.5111 -0.000896681 -0.000671827  0.000192139  -0.212245 -0.0235634   0.980639
   25.5167  -0.00249458 -0.000671827    0.0012574  -0.216273 -0.0202675    0.98015
    25.521  0.000168584 -0.000139195    0.0012574  -0.217006 -0.0170937   0.976976
   25.5267   0.00389701 -0.000671827  0.000192139  -0.213954 -0.0139199   0.972704
   25.5311   0.00336438 -0.000139195   0.00179004  -0.209804 -0.0137978   0.972704
   25.5366 0.00123385 0.00092607 0.00232267  -0.207606 -0.0181923   0.975634
   25.5409 0.000168584  0.00092607  0.00232267  -0.207851 -0.0238076   0.978685
   25.5467 -0.000364047  0.000393437   0.00232267  -0.211635 -0.0256386   0.981859
    25.551  0.00229911 -0.00120446   0.0012574   -0.21664 -0.0224648   0.980761
   25.5567   0.00176648 -0.000139195    0.0012574  -0.218471 -0.0183144   0.977099
   25.5609 0.000168584   0.0014587 -0.00140576  -0.216884 -0.0145302   0.973803
   25.5667 0.000701217   0.0014587 -0.00353628 -0.212001 -0.012455  0.972704
    25.571  0.000701217   0.00092607 -0.000873126   -0.20724 -0.0156289   0.974779
   25.5767   0.00283175 -0.000671827  0.000192136  -0.206874 -0.0219765   0.975878
   25.5809   0.00229911 -0.000671827  0.000192136  -0.209926 -0.0251503   0.979662
   25.5867  0.000701215 -0.000139195   0.00072477  -0.213588 -0.0227089   0.982836
   25.5909 -0.000364048 -0.000139195 -0.000340492  -0.216273 -0.0185585   0.977953
   25.5967  0.000701217 -0.000139195  -0.00140576 -0.215663 -0.015873  0.972704
    25.601   0.00283175  0.000393437 -0.000873126  -0.212001 -0.0133095   0.973803
   25.6067 -0.000364048    0.0014587    0.0012574  -0.208095 -0.0150185   0.975145
   25.6109 -0.00142931  0.00092607  0.00179004   -0.20724 -0.0212441   0.976122
   25.6167  0.000168584 -0.000671827   0.00072477  -0.210902 -0.0235634   0.980639
   25.6213 -0.000364047 -0.000139195    0.0012574  -0.215541 -0.0217324    0.98247
   25.6267 -0.000364047   0.00092607    0.0012574  -0.217616 -0.0186806   0.977709
   25.6311  0.000701217  0.000393437 -0.000340492  -0.216151 -0.0155068    0.97307
   25.6368   0.00229911 -0.000671827 -0.000340492  -0.211879 -0.0133095   0.972826
   25.6409   0.00176648  -0.00120446 -0.000340492  -0.207606 -0.0147744   0.973314
   25.6466   0.00123385 -0.000671827 -0.000873126  -0.205775 -0.0213662    0.97539
   25.6511   0.00229911 -0.000139195  0.000192136  -0.208461 -0.0257607    0.98015
   25.6566 -0.000364048 -0.000671827   0.00179004   -0.21432 -0.0241738   0.982103
   25.6608  -0.00355984 -0.000671827    0.0028553   -0.21725 -0.0203896   0.978808
   25.6667 -0.000896681 -0.000139195    0.0028553   -0.21725 -0.0162392   0.975756
   25.6712   0.00176648 -0.000671827   0.00179004  -0.214076 -0.0125771   0.974413
   25.6767 0.000168584 0.000393437  0.00072477 -0.207851 -0.014164  0.972216
   25.6809 -0.000896679    0.0014587    0.0012574   -0.20663 -0.0190468   0.974535
   25.6867  0.000168584 -0.000139195   0.00179004 -0.210048 -0.022831  0.979662
   25.6908  0.000168584 -0.000671827   0.00179004  -0.212978 -0.0234414   0.981371
   25.6967  -0.00142931 -0.000139195   0.00072477  -0.215663 -0.0201455   0.980516
   25.7009 -0.000896681 -0.000671827   0.00179004  -0.217128 -0.0163613   0.977343
   25.7067   0.00176648 -0.000671827    0.0044532  -0.214076 -0.0136757    0.97246
   25.7111 0.00176648 0.00092607  0.0044532  -0.209193 -0.0144082   0.972094
   25.7166 0.000701215  0.00092607  0.00338794  -0.206874 -0.0190468   0.976366
   25.7208   0.00123385 -0.000671827   0.00179004  -0.207728 -0.0236855   0.979052
   25.7267 -0.000896681 -0.000139195    0.0012574  -0.211879 -0.0238076   0.981615
   25.7313 -0.00302721 0.000393437  0.00392056  -0.216518 -0.0207558   0.981005
   25.7365  -0.00249458 -0.000671827   0.00498583  -0.217494 -0.0173378    0.97661
   25.7409  -0.00142931 -0.000139195   0.00498583   -0.21432 -0.0137978   0.971727
   25.7467 -0.000896679  0.000393437   0.00871425  -0.210048 -0.0126992   0.972826
   25.7509 -0.000896679   0.00092607   0.00711636   -0.20663 -0.0177041      0.976
   25.7567 0.00123385 0.00092607 0.00179004  -0.206752 -0.0244179   0.977953
   25.7609   0.00176648 -0.000139195   0.00072477  -0.211269 -0.0253945   0.982348
   25.7666 -0.000364048 -0.000671827   0.00179004  -0.217372 -0.0216103   0.982225
   25.7709  -0.00142931 -0.000139195   0.00232267  -0.219569 -0.0178261   0.977343
   25.7767 -0.00196194 0.000393437  0.00338793  -0.216395 -0.0151406   0.973803
    25.781 -0.000364048 -0.000671827   0.00392056  -0.211513 -0.0126992   0.973436
   25.7867  0.000168584 -0.000671827   0.00392056  -0.207606 -0.0148964   0.974413
   25.7909  0.000701217 -0.000139195   0.00392056  -0.207118 -0.0220986   0.976488
   25.7967  0.00176648 0.000393437  0.00179004   -0.21017 -0.0244179   0.980516
   25.8009 0.000168584  0.00092607  0.00232267  -0.213832 -0.0213662   0.981981
   25.8066 -0.000364047   0.00092607   0.00232267  -0.215663 -0.0191689   0.977831
   25.8108  0.000701217 -0.000139195 -0.000873126 -0.215419 -0.015873  0.973681
   25.8167   0.00176648 -0.000671827    0.0012574  -0.212367 -0.0128212   0.973436
    25.821  0.00123385 0.000393437  0.00551846  -0.208705 -0.0166054   0.974291
   25.8267 0.000168584  0.00092607  0.00392056  -0.208095 -0.0231972   0.976488
   25.8313 -0.000896679  0.000393437    0.0028553  -0.210536 -0.0247841   0.981249
   25.8367  -0.00196194 -0.000139195   0.00392057  -0.215053 -0.0218544   0.981737
   25.8411 -0.000896681  -0.00120446   0.00232267  -0.21786 -0.017582  0.978197
   25.8467  0.00123385 -0.00173709 0.000192136  -0.216273 -0.0144082   0.973803
   25.8508  0.00176648 -0.00120446  0.00072477  -0.212245 -0.0128212   0.972094
   25.8567  0.00229911 -0.00120446  0.00179004  -0.207973 -0.0152626   0.973558
   25.8612  0.000701217 -0.000139195   0.00232267  -0.204677 -0.0217324   0.976488
   25.8664 -0.000896679   0.00092607    0.0028553  -0.207973 -0.0250283   0.981127
   25.8709 -0.000896679  0.000393437    0.0028553  -0.214198 -0.0236855   0.981981
   25.8767  -0.00196194 -0.000139195   0.00392056  -0.217128 -0.0199013   0.978441
   25.8812 -0.000896681 -0.000139195   0.00232267  -0.217128 -0.0159951   0.973925
   25.8866 0.000701215 0.000393437 0.000192139   -0.21371 -0.0134316    0.97307
   25.8909 -0.000896681   0.00092607    0.0044532   -0.20956 -0.0133095   0.974657
   25.8967 -0.00196194 0.000393437  0.00605109  -0.207362 -0.0189248   0.975512
   25.9007 -0.000896679 -0.000139195   0.00392057 -0.208949  -0.02454  0.978441
   25.9067   0.00123385 -0.000671827   0.00232267    -0.2131 -0.0238076   0.981981
   25.9109 0.000701217 -0.00120446  0.00232267   -0.21664 -0.0206337    0.98015
   25.9167  0.000168584 -0.000139195 -0.000873122  -0.217128 -0.0170937   0.975267
   25.9209  0.00123385 0.000393437 -0.00193839  -0.213222 -0.0140419   0.973314
   25.9267 0.000701215  0.00092607  0.00072477  -0.208705 -0.0148964   0.972704
    25.931  0.00176648 0.000393437  0.00072477  -0.206996 -0.0202675   0.974657
   25.9367   0.00229911 -0.000671827    0.0028553  -0.208339 -0.0253945   0.978685
   25.9411   0.00229911 -0.000671827    0.0028553  -0.212978 -0.0246621   0.981371
   25.9466 0.000701217 -0.00120446  0.00179004 -0.217372 -0.021122  0.981005
    25.951 -0.00142931 -0.00120446  0.00232267  -0.217616 -0.0166054   0.977099
   25.9567 -0.000896679  0.000393437   0.00072477  -0.214198 -0.0126992    0.97246
   25.9608 -0.000896679   0.00092607   0.00072477  -0.210048 -0.0133095    0.97246
   25.9668  0.000168584 -0.000139195 -0.000873126   -0.20602 -0.0189248   0.974901
    25.971   0.00176648 -0.000671827  -0.00193839  -0.206752 -0.0242959   0.978197
   25.9767   0.00176648 -0.000671827   0.00179004 -0.212001  -0.02454  0.982836
   25.9808 0.000168584 0.000393437  0.00232267  -0.215785 -0.0214882   0.982225
   25.9867 -0.000364048   0.00092607   0.00072477  -0.217372 -0.0179482    0.97661
   25.9911  0.00176648 0.000393437  0.00072477  -0.216029 -0.0147744   0.972826
   25.9967  0.00229911 0.000393437  0.00072477  -0.211635 -0.0125771   0.974169
   26.0009  0.00123385 0.000393437   0.0012574  -0.207973 -0.0155068   0.975023
   26.0067   0.00123385 -0.000139195   0.00072477  -0.207606 -0.0218544      0.976
   26.0111 -0.000364048 -0.000139195  0.000192139  -0.211024 -0.0236855    0.98015
   26.0166  -0.00249458 -0.000139195    0.0012574  -0.214442 -0.0212441   0.981249
    26.021  0.000701217 -0.000139195  0.000192139  -0.215663 -0.0183144   0.977587
   26.0267   0.00336438 -0.000139195  0.000192139  -0.214931 -0.0151406   0.974413
    26.031   0.00176648 -0.000671827    0.0012574  -0.211024 -0.0137978   0.973925
   26.0367  0.000168584 -0.000671827   0.00232267  -0.207606 -0.0169716   0.974291
   26.0409 -0.000364047 -0.000139195    0.0028553  -0.207118 -0.0234414    0.97661
   26.0467  0.000168584 -0.000671827   0.00392056  -0.210536 -0.0257607   0.981005
    26.051  0.00176648 -0.00280236  0.00551846  -0.216151 -0.0233193   0.982348
   26.0567  0.00229911 -0.00280236  0.00605109 -0.218104 -0.019413   0.97954
   26.0609  0.000168584 -0.000139195   0.00605109  -0.216518 -0.0145302   0.973925
   26.0667 0.000168584  0.00092607  0.00338793  -0.212855 -0.0118447    0.97246
   26.0713   0.00229911 -0.000671827   0.00338793  -0.207973 -0.0147744   0.973925
   26.0765  0.00283175 -0.00173709   0.0044532 -0.206386    -0.021  0.974291
   26.0809   0.00176648 -0.000671827   0.00232267  -0.208095 -0.0246621    0.97954
   26.0867 -0.000896681 -0.000671827    0.0044532  -0.212978 -0.0227089    0.98247
   26.0912  -0.00249458 -0.000671827   0.00924689  -0.216762 -0.0196572    0.97893
   26.0966 -0.000896681 -0.000139195   0.00711636  -0.216395 -0.0168496   0.974657
   26.1008  0.000168584 -0.000671827   0.00605109  -0.213954 -0.0128212    0.97307
   26.1067 0.000168584 -0.00120446  0.00711636  -0.209193 -0.0139199   0.974657
   26.1111  0.000701215 -0.000671827   0.00498583  -0.206508 -0.0203896   0.975756
   26.1167 0.000168584 -0.00120446  0.00498583  -0.209315 -0.0239296   0.978808
   26.1211 0.000168584 -0.00173709  0.00392056  -0.213344 -0.0224648   0.981371
   26.1267 -0.000896681 -0.000139195    0.0028553  -0.217006 -0.0197793    0.97893
   26.1313 -0.000364048  0.000393437    0.0044532  -0.217128 -0.0167275   0.974901
   26.1365   0.00336438 -0.000671827    0.0028553  -0.212489 -0.0140419   0.973192
   26.1409   0.00336438 -0.000139195   0.00392056  -0.208583 -0.0139199   0.974535
   26.1467  0.000168584 -0.000139195   0.00818162  -0.20663 -0.019291  0.975512
   26.1512 0.000701217 -0.00120446  0.00551846  -0.208339 -0.0250283   0.979174
   26.1566   0.00123385 -0.000671827   0.00179004  -0.212978 -0.0257607    0.98247
    26.161 -0.000364047 -0.000671827    0.0012574  -0.216884 -0.0219765   0.979784
   26.1666 -0.000364047  -0.00120446    0.0012574  -0.218349 -0.0188027   0.977343
   26.1709   0.00229911 -0.000671827   0.00179004  -0.215175 -0.0156289   0.975756
   26.1767   0.00496227 -0.000139195   0.00232267 -0.212001 -0.012455  0.974169
   26.1809  0.00283174 0.000393437  0.00338793  -0.209071 -0.0164834   0.974291
   26.1867 0.000701215  0.00092607   0.0044532  -0.206142 -0.0205117   0.974413
   26.1909   0.00283174 -0.000671827    0.0028553  -0.210536 -0.0213662   0.979296
   26.1967  0.00496227 -0.00226972   0.0012574  -0.214931 -0.0222207   0.984179
   26.2011  0.00283174 -0.00120446   0.0012574  -0.216151 -0.0195351   0.978808
   26.2066  0.000701215 -0.000139195    0.0012574  -0.217372 -0.0168496   0.973436
   26.2108  0.000701215 -0.000139195  0.000192139  -0.212733 -0.0157509   0.974047
   26.2167  0.000701215 -0.000139195 -0.000873126  -0.208095 -0.0146523   0.974657
   26.2209   0.00229911 -0.000671827  0.000192139  -0.208827 -0.0190468   0.977831
   26.2267  0.00389701 -0.00120446   0.0012574   -0.20956 -0.0234414   0.981005
   26.2313  0.000168584 -0.000671827   0.00232267  -0.214076 -0.0208779   0.979052
   26.2367  -0.00355984 -0.000139195   0.00338794  -0.218593 -0.0183144   0.977099
   26.2409 -0.00142931 0.000393437  0.00338794  -0.215785 -0.0151406   0.974413
   26.2467 0.000701215  0.00092607  0.00338794  -0.212978 -0.0119668   0.971727
   26.2512   0.00283174 -0.000139195  0.000724774  -0.208949 -0.0159951   0.973192
   26.2566  0.00496227 -0.00120446 -0.00193839  -0.204921 -0.0200234   0.974657
   26.2609  0.00336438 -0.00173709 -0.00140576  -0.208949 -0.0224648   0.978685
   26.2667   0.00176648  -0.00226972 -0.000873126  -0.212978 -0.0249062   0.982714
   26.2708 -0.000896681 -0.000671827   0.00338793  -0.215907 -0.0208779   0.980516
   26.2767 -0.00355984  0.00092607  0.00764899  -0.218837 -0.0168496   0.978319
   26.2812 -0.00196194  0.00092607  0.00179004  -0.217128 -0.0153847   0.975267
   26.2865 -0.000364047  0.000393437  0.000192139  -0.212611 -0.0128212   0.973192
   26.2909  0.000168584 -0.000139195   0.00232267  -0.208339 -0.0185585    0.97539
   26.2967  0.000701215 -0.000139195  0.000192136  -0.206874 -0.0253945    0.97661
   26.3011 -0.000364048 -0.000671827   0.00232267  -0.209193 -0.0247841   0.979662
   26.3067 -0.00142931 -0.00120446   0.0044532  -0.213222 -0.0225869   0.983202
   26.3109 -0.000896679 -0.000139195    0.0044532  -0.215785 -0.0199013   0.979662
   26.3166 -0.000896679  0.000393437   0.00551846  -0.216029 -0.0173378   0.973192
    26.321  0.000701217 -0.000671827   0.00392057  -0.212733 -0.0136757    0.97307
   26.3269  0.000701217 -0.000671827    0.0012574  -0.208217 -0.0145302   0.974047
   26.3313  0.000168584 -0.000139195   0.00072477   -0.20724 -0.0205117   0.974779
   26.3369 0.000168584 0.000393437  0.00179004  -0.209804 -0.0238076   0.980516
   26.3413 0.000168584 0.000393437 0.000724774  -0.214564 -0.0223427    0.98247
   26.3469   0.00123385 -0.000139195  0.000724774  -0.217738 -0.0184365   0.978685
   26.3511  0.00123385 0.000393437  0.00232267  -0.216395 -0.0152626   0.974169
   26.3569  0.00176648 0.000393437   0.0028553  -0.212978 -0.0128212   0.972338
   26.3613  0.000701217 -0.000671827   0.00392057  -0.208705 -0.0139199   0.973314
   26.3669  0.000168584 -0.000139195   0.00232267  -0.205653 -0.0200234   0.975512
   26.3711 0.000701215  0.00092607   0.0028553  -0.207362 -0.0249062   0.980394
   26.3768 -0.00142931  0.00092607  0.00392057  -0.212855 -0.0244179   0.981859
    26.381  -0.00196194   0.00092607 -0.000873122   -0.21664 -0.0206337    0.97954
   26.3869 -0.000364047 -0.000139195 -0.000873122  -0.217616 -0.0169716   0.976244
   26.3911  0.000168584 -0.000139195  0.000192139  -0.215053 -0.0139199   0.973558
   26.3968  0.00123385  0.00092607 -0.00247102  -0.209682 -0.0129433   0.974657
   26.4012   0.00123385   0.00092607 -0.000340492 -0.206874 -0.017582  0.975023
   26.4069 0.000168584  0.00092607  0.00179004  -0.207973 -0.0236855   0.976366
   26.4111 -0.000364047 -0.000139195   0.00232267  -0.212245 -0.0241738   0.980761
   26.4169 -0.000364047 -0.000139195   0.00232267  -0.215541 -0.0212441   0.981615
    26.421  0.000168584 -0.000139195   0.00179004 -0.217128 -0.017582  0.977343
   26.4269 -0.000896681  0.000393437    0.0028553 -0.215419 -0.014164  0.973558
   26.4311 -0.000896681    0.0014587  0.000192139  -0.210048 -0.0134316   0.973314
   26.4369 -0.000364048 -0.000139195  -0.00140576  -0.207362 -0.0177041   0.974291
   26.4413 -0.000364048 -0.000671827   0.00179004  -0.207728 -0.0238076   0.977465
   26.4469 -0.000364048 -0.000139195    0.0028553  -0.211879 -0.0240517   0.981493
   26.4511  -0.00196194 -0.000139195   0.00232267  -0.217494 -0.0206337   0.981005
   26.4568 -0.000896681 -0.000139195    0.0028553  -0.218104 -0.0170937   0.977221
   26.4613   0.00123385 -0.000671827   0.00338793  -0.215297 -0.0129433    0.97246
   26.4669   0.00123385 -0.000671827   0.00179004 -0.211391 -0.012455  0.971972
   26.4712  0.000701215 -0.000139195   0.00179004   -0.20663 -0.0169716   0.974657
   26.4769 -0.000364048 -0.000139195   0.00338793 -0.205775 -0.022831  0.977099
    26.481 -0.000896679 -0.000139195   0.00392057  -0.209804 -0.0255166   0.981371
   26.4869 -0.000364047  -0.00120446    0.0044532  -0.215297 -0.0223427   0.981737
   26.4914 0.000168584 -0.00120446  0.00392056  -0.218349 -0.0186806   0.977465
   26.4968   0.00176648 -0.000139195   0.00232267   -0.21664 -0.0164834   0.973436
    26.501   0.00123385 -0.000139195   0.00338793  -0.212978 -0.0125771    0.97307
   26.5069 -0.000364047  0.000393437   0.00392057  -0.208461 -0.0145302   0.974657
   26.5113 0.000168584 0.000393437  0.00392057  -0.206874 -0.0214882   0.975634
   26.5169  0.00123385 -0.00120446  0.00605109   -0.21078 -0.0235634   0.979052
   26.5212 0.000701217 -0.00173709  0.00711636   -0.21432 -0.0216103   0.981615
   26.5269 -0.000364047 -0.000671827   0.00605109  -0.216151 -0.0184365   0.978808
   26.5312   0.00123385 -0.000671827   0.00498583  -0.215541 -0.0150185   0.972948
   26.5368  0.00229911 0.000393437  0.00338793  -0.211757 -0.0129433   0.973436
    26.541 0.00123385 0.00092607  0.0012574  -0.209071 -0.0156289   0.974901
   26.5469   0.00176648 -0.000139195  0.000192136  -0.208217 -0.0225869   0.974047
   26.5514   0.00176648 -0.000671827    0.0012574  -0.209926 -0.0258828   0.980639
   26.5566 0.000168584 -0.00173709  0.00658372  -0.215785 -0.0230751    0.98308
   26.5611 -0.000364047 -0.000671827   0.00818162  -0.217982 -0.0197793   0.979662
   26.5669  0.00123385 0.000393437  0.00338793  -0.215785 -0.0152626      0.976
   26.5712   0.00176648 -0.000139195   0.00179004    -0.2131 -0.0116005   0.970995
   26.5769  0.00176648 0.000393437   0.0012574  -0.207973 -0.0144082   0.971972
   26.5811   0.00442964 -0.000139195  -0.00140576  -0.205409 -0.0201455   0.975878
   26.5869   0.00283175 -0.000139195  -0.00193839  -0.207851 -0.0242959   0.979296
   26.5911  -0.00196194   0.00092607 -0.000340495  -0.212367 -0.0240517   0.981981
   26.5969 -0.000896681  0.000393437   0.00179004  -0.216762 -0.0203896   0.979906
   26.6012  0.000701217 -0.000139195   0.00392057  -0.217982 -0.0172158      0.976
   26.6068   0.00176648 -0.000671827 -0.000873126  -0.214809 -0.0137978   0.973681
   26.6112  0.00389701 -0.00120446 -0.00406892  -0.210414 -0.0128212   0.974047
   26.6169   0.00389701 -0.000139195  -0.00247102  -0.207851 -0.0179482   0.975634
   26.6212  0.00283175 0.000393437 -0.00140576  -0.208827 -0.0235634   0.977831
   26.6269   0.00123385  0.000393437 -0.000340495  -0.212367 -0.0241738   0.981249
   26.6311 -0.000364048 -0.000139195  0.000192139  -0.215785 -0.0201455   0.981127
   26.6369 -0.000364048 -0.000139195    0.0012574  -0.216884 -0.0166054   0.976488
   26.6411  0.00123385 0.000393437  0.00072477  -0.214076 -0.0145302   0.973436
   26.6469   0.00123385 -0.000671827  0.000192136  -0.210536 -0.0139199   0.975023
    26.651 0.000168584 -0.00120446  0.00072477  -0.207973 -0.0186806    0.97539
   26.6569 -0.000896679 -0.000671827    0.0028553  -0.208095 -0.0240517   0.977099
    26.661  -0.00142931 -0.000671827   0.00338793  -0.211879 -0.0252724   0.982958
   26.6669 -0.00142931 -0.00120446  0.00392056  -0.216029 -0.0227089   0.981371
   26.6715  -0.00196194 -0.000671827   0.00551846  -0.217616 -0.0173378   0.976122
   26.6768 -0.00142931 0.000393437  0.00338793  -0.214931 -0.0131875   0.974169
   26.6811 -0.00142931  0.00092607  0.00338793  -0.210536 -0.0117226   0.973681
   26.6869 -0.000896681   0.00092607   0.00392056   -0.20724 -0.0150185   0.972582
   26.6911 -0.00142931 0.000393437  0.00392056  -0.206874 -0.0220986   0.975634
   26.6969 0.000168584 0.000393437  0.00338793 -0.210902  -0.02454  0.982225
   26.7013   0.00123385 -0.000139195   0.00338793  -0.215663 -0.0220986   0.981981
   26.7069 -0.00249458 -0.00120446   0.0044532 -0.217616 -0.019291  0.977221
    26.711  -0.00249458 -0.000671827   0.00551846   -0.21664 -0.0153847   0.974169
   26.7169  -0.00196194 -0.000139195   0.00551846  -0.212367 -0.0130654   0.973925
   26.7213 -0.000364048 -0.000671827    0.0044532  -0.207851 -0.0157509   0.974413
   26.7269 0.000701217 -0.00120446   0.0044532  -0.206996 -0.0213662   0.977709
   26.7313 0.000168584 -0.00120446  0.00551846  -0.210658 -0.0240517   0.980761
   26.7368 -0.000364048 -0.000671827   0.00392056  -0.214931 -0.0224648   0.981005
   26.7411 -0.000896679  -0.00120446    0.0028553  -0.217006 -0.0199013   0.979174
   26.7469 -0.000896679  -0.00120446    0.0044532  -0.216151 -0.0162392   0.974535
   26.7511  0.000168584 -0.000139195   0.00179004  -0.212001 -0.0134316   0.972704
   26.7569  0.00229911 0.000393437   0.0012574 -0.208095 -0.015873  0.974169
   26.7614   0.00336438 -0.000139195    0.0012574  -0.207118 -0.0220986   0.976244
   26.7666   0.00283175 -0.000671827 -0.000873126  -0.210048 -0.0261269   0.979906
   26.7712  0.000168584 -0.000671827  0.000724774  -0.215663 -0.0252724   0.982225
   26.7769 -0.00142931 -0.00173709  0.00338794  -0.219081 -0.0196572   0.979784
   26.7813 0.000168584 -0.00173709   0.0012574  -0.217616 -0.0146523   0.975023
   26.7869  0.00176648 -0.00120446  0.00338793    -0.2131 -0.0120888   0.973681
    26.791   0.00229911 -0.000671827   0.00392056  -0.208705 -0.0125771   0.973925
   26.7969   0.00229911 -0.000139195  0.000192136 -0.206508 -0.019291  0.973925
   26.8012  0.00176648 -0.00120446   0.0012574  -0.208095 -0.0241738   0.978808
   26.8069  0.00123385 -0.00226972  0.00232267    -0.2131 -0.0230751   0.982958
   26.8113 -0.000896681 -0.000671827   0.00232267  -0.216151 -0.0205117   0.979784
   26.8169 -0.000364048 -0.000139195    0.0028553  -0.216395 -0.0172158   0.974657
   26.8213  0.00336438 -0.00120446  0.00232267   -0.21371 -0.0142861   0.971972
   26.8269   0.00176648 -0.000139195   0.00392057  -0.209071 -0.0142861   0.973681
   26.8314 0.000701217 0.000393437  0.00498583  -0.206874 -0.0191689   0.976244
   26.8369  0.00229911 0.000393437  0.00179004  -0.208461 -0.0241738   0.979418
   26.8413  0.00176648 0.000393437 0.000192136    -0.2131 -0.0229531   0.981859
   26.8468   0.00123385 -0.000139195 -0.000340495  -0.217372 -0.0195351   0.979296
    26.851 0.000168584 0.000393437   0.0012574  -0.217372 -0.0170937   0.975756
   26.8569 -0.000364047  0.000393437    0.0044532  -0.214198 -0.0139199   0.972704
   26.8611 -0.000364047 -0.000671827    0.0028553  -0.209804 -0.0137978   0.973436
   26.8669  0.000168584 -0.000671827  0.000192136  -0.206264 -0.0190468   0.975512
   26.8711   0.00283174 -0.000671827    0.0028553  -0.207728 -0.0244179   0.978319
   26.8769  0.00283174 -0.00120446  0.00658372  -0.212489 -0.0255166   0.981737
   26.8815  0.000701215 -0.000139195   0.00338793  -0.217128 -0.0218544   0.981005
   26.8867 0.000168584 0.000393437 0.000192139 -0.218227 -0.017582  0.976732
   26.8911 0.000168584 0.000393437  0.00072477  -0.214564 -0.0142861   0.973681
   26.8969   0.00176648  0.000393437 -0.000340495  -0.210048 -0.0120888   0.974413
    26.901   0.00283175   0.00092607 -0.000873126  -0.207362 -0.0157509   0.974535
   26.9069 0.00123385 0.00092607 0.00072477  -0.207118 -0.0224648    0.97661
   26.9113 -0.000896679 -0.000671827    0.0044532  -0.210536 -0.0241738   0.981493
   26.9169 -0.000896679  -0.00120446    0.0044532  -0.215053 -0.0213662    0.98247
   26.9213  0.000701217 -0.000671827   0.00232267  -0.216762 -0.0179482   0.977953
   26.9269  0.000168584 -0.000139195   0.00232267  -0.216151 -0.0146523   0.972826
   26.9313 -0.000364048 -0.000139195 -0.000340495  -0.212001 -0.0126992    0.97307
   26.9369  0.00123385 -0.00120446 -0.00247102  -0.207606 -0.0164834   0.974779
   26.9415  0.00176648 -0.00120446 -0.00353628   -0.20724 -0.0236855   0.976244
   26.9468  0.000701217 -0.000671827  -0.00193839  -0.210658 -0.0253945   0.981493
    26.951 -0.000364047 -0.000671827    0.0028553  -0.215541 -0.0222207   0.982225
   26.9569 -0.000364047 -0.000139195   0.00392057  -0.216884 -0.0181923   0.978075
    26.961  0.000701217  0.000393437 -0.000340492  -0.215541 -0.0139199   0.974047
   26.9669 0.000701217  0.00092607 -0.00140576  -0.212245 -0.0126992   0.972338
   26.9714 0.000168584 0.000393437  0.00072477  -0.207606 -0.0159951   0.974169
   26.9766 -0.000896681  0.000393437  0.000192136  -0.206264 -0.0220986   0.977099
   26.9813 -0.000896681   0.00092607   0.00072477 -0.209437 -0.026249  0.980394
   26.9869 0.000168584 0.000393437  0.00498583  -0.214809 -0.0242959   0.981615
   26.9912 0.000701217 0.000393437  0.00498583  -0.218471 -0.0200234   0.979052
   26.9969   0.00123385 -0.000139195    0.0044532  -0.217494 -0.0163613   0.974901
   27.0011 -0.000896681 -0.000671827   0.00498583  -0.213222 -0.0128212   0.973803
   27.0069  -0.00142931 -0.000139195    0.0028553  -0.208949 -0.0135537   0.973803
   27.0111  0.000701217 -0.000671827   0.00498583   -0.20663 -0.0196572   0.974779
   27.0169  0.00176648 -0.00173709  0.00658373  -0.208583 -0.0242959   0.979174
   27.0211 0.000701217 -0.00226972  0.00551846  -0.212978 -0.0234414   0.981981
   27.0269 -0.00142931 -0.00120446  0.00711636  -0.215907 -0.0200234   0.979906
   27.0314 -0.000364048 -0.000671827   0.00711636  -0.215907 -0.0163613   0.975023
   27.0369   0.00176648 -0.000139195    0.0028553  -0.212733 -0.0130654   0.973192
   27.0414  0.00176648 0.000393437   0.0012574 -0.208827 -0.014164  0.973436
    27.047  0.00229911 0.000393437  0.00179004  -0.207118 -0.0202675   0.974657
   27.0511  0.00123385 0.000393437   0.0028553  -0.208339 -0.0242959   0.979784
   27.0569 -0.000364047  0.000393437   0.00498583  -0.213588 -0.0229531   0.981493
   27.0612 -0.00142931  0.00092607  0.00551846  -0.218104 -0.0195351   0.979052
   27.0668 -0.00196194 0.000393437  0.00658372  -0.218104 -0.0163613   0.977099
   27.0711  0.000701217 -0.000139195   0.00498583  -0.214931 -0.0145302   0.973436
   27.0769   0.00229911 -0.000671827    0.0028553  -0.210658 -0.0144082   0.971117
   27.0811   0.00176648 -0.000671827   0.00392057  -0.206752 -0.0195351   0.974901
   27.0869  0.00176648 0.000393437  0.00392057  -0.206752 -0.0253945   0.980761
   27.0913 0.00123385 0.00092607  0.0028553  -0.212001 -0.0235634   0.980028
   27.0968 0.000701215 0.000393437  0.00338793  -0.215907 -0.0203896   0.979662
   27.1011  0.000168584 -0.000671827   0.00338793  -0.217006 -0.0180703   0.978441
   27.1069 -0.000364047 -0.000139195   0.00232267  -0.216029 -0.0135537   0.972338
   27.1111  0.00123385 0.000393437  0.00232267  -0.211391 -0.0128212   0.972582
   27.1169  0.000701217 -0.000139195    0.0028553  -0.207728 -0.0174599   0.974413
   27.1211 -0.000896679 -0.000139195    0.0028553  -0.208095 -0.0227089   0.975878
   27.1269  0.000168584 -0.000139195   0.00179004  -0.211146 -0.0235634   0.979784
   27.1315   0.00176648 -0.000139195   0.00232267  -0.215297 -0.0203896   0.981615
   27.1367   0.00283175 -0.000139195   0.00232267  -0.216884 -0.0188027   0.981493
   27.1411   0.00176648  0.000393437 -0.000340495  -0.214686 -0.0151406   0.976244
   27.1469 -0.000364048  0.000393437    0.0012574 -0.210292 -0.012333  0.973314
   27.1513 -0.000896679  0.000393437   0.00392056  -0.207606 -0.0172158   0.973925
   27.1569 -0.000364047   0.00092607   0.00232267  -0.207118 -0.0212441   0.972216
   27.1611   0.00123385 -0.000139195   0.00232267  -0.210292 -0.0233193    0.97893
   27.1669  0.00283175 -0.00120446  0.00232267  -0.213466 -0.0253945   0.985643
   27.1711   0.00229911 -0.000671827   0.00072477  -0.215297 -0.0206337   0.980883
   27.1769   0.00176648 -0.000139195 -0.000873126 -0.217128 -0.015873  0.976122
   27.1813  0.00176648 0.000393437 -0.00193839  -0.213344 -0.0144082    0.97539
   27.1868  0.00176648  0.00092607 -0.00300366   -0.20956 -0.0129433   0.974657
   27.1911   0.00229911   0.00092607 -0.000340495  -0.208461 -0.0191689      0.976
   27.1969 0.00283175 0.00092607 0.00232267  -0.207362 -0.0253945   0.977343
   27.2013  0.00176648 0.000393437  0.00498583  -0.212367 -0.0233193   0.979052
   27.2069  0.000701215 -0.000139195   0.00764899  -0.217372 -0.0212441   0.980761
    27.211   0.00283174 -0.000139195   0.00232267  -0.217128 -0.0174599   0.977099
   27.2169   0.00496227 -0.000139195  -0.00300366  -0.216884 -0.0136757   0.973436
   27.2212  0.00229911 0.000393437 -0.00300366  -0.211635 -0.0147744   0.974291
   27.2269 -0.000364047   0.00092607  -0.00300366 -0.206386 -0.015873  0.975145
   27.2311  0.000168584   0.00092607 -0.000873126  -0.208827 -0.0196572   0.978685
   27.2369 0.000701215  0.00092607   0.0012574  -0.211269 -0.0234414   0.982225
   27.2411 0.000168584 0.000393437  0.00338793  -0.214564 -0.0200234   0.979418
   27.2469 -0.000364047 -0.000139195   0.00551846   -0.21786 -0.0166054    0.97661
   27.2515 -0.000896679  0.000393437   0.00338793  -0.214198 -0.0144082    0.97539
   27.2569 -0.00142931  0.00092607   0.0012574  -0.210536 -0.0122109   0.974169
   27.2612 -0.000364048   0.00092607   0.00232267  -0.209437 -0.0139199   0.973925
   27.2669 0.000701215  0.00092607  0.00338794  -0.207118 -0.0197793   0.975145
    27.271  0.000701215 -0.000139195   0.00179004  -0.208583 -0.0252724   0.980394
   27.2769 0.000701215 -0.00120446 0.000192136  -0.213466 -0.0250283   0.981859
   27.2812 -0.000364048 -0.000671827  -0.00193839   -0.21725 -0.0208779   0.979906
   27.2869  0.000168584 -0.000671827  -0.00140576   -0.21786 -0.0156289   0.977221
   27.2911  0.00123385 -0.00120446   0.0044532  -0.214686 -0.0120888   0.973436
   27.2969   0.00176648 -0.000671827   0.00605109  -0.209804 -0.0128212   0.973192
   27.3013  0.00123385 0.000393437  0.00498583  -0.206386 -0.0189248   0.973925
   27.3069  0.00123385 0.000393437  0.00392056  -0.207362 -0.0247841   0.977465
   27.3111   0.00229911 -0.000139195    0.0012574  -0.211757 -0.0253945   0.982103
   27.3168 -0.000364048 -0.000139195    0.0028553  -0.215907 -0.0220986   0.981249
    27.321 -0.00142931 -0.00120446  0.00605109   -0.21725 -0.0179482   0.976122
   27.3269 0.000168584 -0.00173709  0.00392057  -0.215297 -0.0144082   0.972826
   27.3311   0.00123385 -0.000671827   0.00232267  -0.211024 -0.0126992   0.974047
   27.3369   0.00176648 -0.000139195   0.00338794  -0.207484 -0.0170937   0.974901
   27.3413   0.00123385 -0.000671827    0.0044532  -0.207973 -0.0230751   0.976732
   27.3468  0.000168584 -0.000671827    0.0044532  -0.212001 -0.0234414   0.981005
   27.3511 -0.000896679 -0.000139195   0.00338794  -0.216273 -0.0199013   0.981005
   27.3569 -0.000364048 -0.000139195   0.00338794  -0.217372 -0.0170937   0.976244
   27.3615   0.00229911 -0.000671827    0.0028553  -0.214686 -0.0146523    0.97246
   27.3668  0.00283175 -0.00173709  0.00179004  -0.209926 -0.0134316   0.973803
   27.3711 0.000701217 -0.00173709  0.00179004  -0.206996 -0.0174599   0.975267
   27.3769   0.00123385 -0.000671827   0.00232267  -0.206996 -0.0236855   0.977221
    27.381   0.00176648 -0.000139195   0.00179004  -0.210536 -0.0260048   0.982225
   27.3869   0.00176648 -0.000671827   0.00179004  -0.216151 -0.0231972   0.981981
   27.3911   0.00123385 -0.000671827   0.00179004  -0.218104 -0.0188027   0.977831
   27.3969 0.000701217 0.000393437 -0.00247102  -0.215907 -0.0148964   0.974535
   27.4011   0.00176648 -0.000139195  -0.00247102  -0.211635 -0.0122109   0.974413
   27.4069  0.000701217 -0.000139195    0.0012574  -0.207362 -0.0147744   0.973803
   27.4112 0.000701217 0.000393437  0.00179004   -0.20602 -0.0213662    0.97539
   27.4168   0.00123385 -0.000139195   0.00179004  -0.209804 -0.0244179   0.981005
   27.4211  0.000701215 -0.000671827   0.00072477  -0.214686 -0.0220986   0.981859
   27.4269  0.000701215 -0.000671827  -0.00193839  -0.216884 -0.0190468   0.979418
   27.4314  0.000701215 -0.000139195  -0.00140576 -0.216762 -0.015873  0.974779
   27.4369 0.000701215 0.000393437 0.000192139  -0.213344 -0.0129433   0.972704
   27.4415 0.000701215  0.00092607 -0.00140576  -0.209071 -0.0155068   0.973558
   27.4468  0.000701215 -0.000139195  -0.00193839  -0.207362 -0.0217324   0.977465
    27.451   0.00123385  -0.00173709 -0.000873126  -0.209315 -0.0246621   0.981005
   27.4569 0.000168584 -0.00120446   0.0012574  -0.214686 -0.0224648   0.979906
   27.4611  -0.00142931 -0.000671827   0.00338793 -0.216884 -0.019291  0.979906
   27.4669 -0.000364048  -0.00120446   0.00179004  -0.214809 -0.0163613   0.975145
   27.4712   0.00123385 -0.000139195   0.00072477  -0.212001 -0.0129433   0.970385
   27.4769   0.00283175 -0.000139195  0.000192139  -0.207851 -0.0139199   0.974779
   27.4811   0.00229911 -0.000671827  0.000724774 -0.205165    -0.021  0.977587
    27.487  0.000701215 -0.000139195   0.00232267  -0.207728 -0.0260048   0.979662
   27.4911 -0.000896681 -0.000139195   0.00232267  -0.213954 -0.0241738   0.981493
   27.4969  -0.00142931 -0.000139195   0.00232267   -0.21786 -0.0205117   0.980028
   27.5011  0.00123385 -0.00120446  0.00338793   -0.21786 -0.0169716   0.976366
   27.5069  0.00176648 -0.00120446   0.0028553  -0.215053 -0.0128212   0.972826
   27.5115   0.00229911 -0.000139195   0.00072477 -0.210048 -0.012333  0.974413
   27.5169   0.00123385 -0.000139195   0.00179004   -0.20663 -0.0177041   0.974779
   27.5211 -0.000364048 -0.000139195   0.00072477  -0.207484 -0.0229531   0.977587
   27.5269  0.000701215 -0.000671827   0.00072477  -0.210902 -0.0229531    0.98247
   27.5314  0.000168584 -0.000139195   0.00232267 -0.214809 -0.019413  0.980028
   27.5369 -0.000896679 -0.000139195   0.00392056  -0.217128 -0.0168496    0.97539
   27.5412  -0.00249458 -0.000139195   0.00551846  -0.215053 -0.0148964   0.974413
   27.5469 -0.00355984   0.0014587  0.00392056  -0.209682 -0.0144082   0.974535
   27.5513 -0.00196194  0.00092607   0.0028553  -0.206386 -0.0186806   0.972094
   27.5569  0.000168584 -0.000139195   0.00232267   -0.20663 -0.0239296   0.977953
   27.5609 -0.000364048 -0.000139195   0.00072477  -0.210658 -0.0239296   0.984545
   27.5669 -0.00249458  0.00092607  0.00232267  -0.216518 -0.0199013   0.979418
   27.5714 -0.00409248  0.00092607   0.0044532  -0.218227 -0.0166054   0.976488
   27.5768 -0.00249458 0.000393437   0.0044532 -0.216273 -0.014164  0.974169
   27.5812 -0.000364047 -0.000671827   0.00658372  -0.212123 -0.0135537   0.972094
   27.5869 -0.000896679  -0.00173709   0.00711636  -0.207728 -0.0185585   0.974535
   27.5911 -0.000364048 -0.000671827   0.00551846   -0.20663 -0.0255166   0.979296
   27.5969 -0.000896681 -0.000139195    0.0044532  -0.210414 -0.0268593   0.981859
   27.6012 -0.000896681  -0.00120446    0.0028553  -0.215907 -0.0236855   0.979906
   27.6068  0.00123385 -0.00120446   0.0012574 -0.217494 -0.019291  0.977953
   27.6111   0.00123385 -0.000671827   0.00179004 -0.215419 -0.014164  0.973803
   27.6169   0.00176648 -0.000139195   0.00338794  -0.210414 -0.0114785   0.972582
   27.6213 0.00283175 0.00092607 0.00498583  -0.206386 -0.0144082   0.974657
   27.6269 0.00176648  0.0014587 0.00764899   -0.20724 -0.0203896   0.975512
   27.6312 0.000701215  0.00092607  0.00658372  -0.210292 -0.0231972   0.980761
   27.6369 -0.000364048  0.000393437   0.00658372  -0.214931 -0.0207558   0.982103
   27.6413 -0.000896679   0.00092607   0.00605109   -0.21786 -0.0179482   0.977953
   27.6468 0.000701217 0.000393437   0.0012574   -0.21725 -0.0148964   0.975023
   27.6512 0.000168584 -0.00120446  0.00179004 -0.213588 -0.012455  0.973803
   27.6569 -0.000364048  -0.00173709    0.0028553  -0.20956 -0.015873  0.974047
   27.6612 -0.000896681 -0.000671827   0.00338793 -0.208583 -0.022831  0.976244
   27.6668 -0.000364048 -0.000671827    0.0044532  -0.210048 -0.0261269   0.981249
   27.6711 0.000701217 -0.00173709  0.00232267  -0.214198 -0.0233193   0.980761
   27.6769 0.000168584 -0.00173709  0.00338793  -0.216884 -0.0185585   0.978808
   27.6813   0.00123385 -0.000671827   0.00392056  -0.215663 -0.0151406   0.975756
   27.6869   0.00229911   0.00092607 -0.000340495  -0.212245 -0.0131875   0.971605
    27.691  0.00123385   0.0014587 -0.00140576  -0.207851 -0.0153847   0.973558
   27.6969  0.000168584  0.000393437 -0.000340495  -0.205043 -0.0220986   0.975878
   27.7014   0.00176648 -0.000139195   0.00179004  -0.208827 -0.0256386    0.97893
   27.7068   0.00283175 -0.000671827   0.00498583  -0.214809 -0.0247841    0.98308
   27.7111   0.00123385 -0.000671827   0.00338793   -0.21786 -0.0218544   0.981493
   27.7169 -0.000364047   0.00092607   0.00338793  -0.219081 -0.0169716   0.974413
   27.7215 0.000168584  0.00092607  0.00551846  -0.215663 -0.0131875   0.972704
   27.7269   0.00229911 -0.000671827   0.00179004  -0.209682 -0.0129433   0.976122
   27.7312   0.00336438  -0.00120446 -0.000340492  -0.207118 -0.0170937   0.974901
   27.7369 0.000701217 -0.00120446  0.00232267  -0.208095 -0.0223427   0.975878
    27.741 -0.00196194 -0.00120446  0.00232267  -0.211879 -0.0224648   0.982103
   27.7469 -0.00196194 -0.00120446  0.00338793  -0.216151 -0.0191689   0.981249
   27.7511  -0.00196194 -0.000139195   0.00764899  -0.216395 -0.0168496   0.975023
   27.7569 -0.000896681 -0.000139195   0.00605109  -0.213222 -0.0136757    0.97307
   27.7614  0.000701215 -0.000671827   0.00338793  -0.209193 -0.0131875   0.973558
   27.7668   0.00123385 -0.000139195   0.00072477 -0.206142 -0.019291  0.974291
   27.7711  0.000701217 -0.000139195 -0.000340495  -0.207973 -0.0246621   0.977831
   27.7769 -0.00142931  0.00092607   0.0044532  -0.212978 -0.0246621   0.982348
   27.7814 -0.000364048  0.000393437   0.00605109  -0.216395 -0.0220986   0.981859
   27.7868 -0.000364048 -0.000139195   0.00338793  -0.218104 -0.0172158   0.977343
   27.7912 -0.00142931  0.00092607  0.00392057  -0.216395 -0.0130654   0.973803
   27.7967   0.00123385 -0.000139195    0.0044532  -0.211513 -0.0135537   0.973558
    27.801  0.00283175 0.000393437 0.000192139  -0.207851 -0.0184365   0.973681
   27.8069   0.00176648   0.00092607 -0.000340492  -0.208339 -0.0241738   0.976976
   27.8111   0.00123385 -0.000671827   0.00179004  -0.211879 -0.0258828   0.982958
   27.8169  0.00229911 -0.00173709  0.00072477 -0.216395 -0.022831  0.982348
   27.8212   0.00176648 -0.000671827   0.00179004  -0.217982 -0.0188027   0.977099
   27.8269  0.000168584 -0.000139195    0.0028553 -0.215419 -0.015873   0.97307
   27.8314 -0.000364047 -0.000139195   0.00392057  -0.210536 -0.0139199   0.972582
   27.8369 -0.000364047 -0.000139195   0.00498583  -0.206996 -0.0153847   0.974779
   27.8411  0.000701217 -0.000671827   0.00179004  -0.206508 -0.0206337   0.976122
   27.8469   0.00336438 -0.000139195  0.000192136  -0.20956 -0.022831  0.979418
   27.8511   0.00283174 -0.000139195 -0.000340495   -0.21432 -0.0208779   0.982103
   27.8569  0.00123385  0.00092607 -0.00300365  -0.216762 -0.0178261   0.977831
    27.861 -0.000364048    0.0014587 -0.000340492  -0.216029 -0.0135537   0.972948
   27.8669 -0.00196194  0.00092607   0.0012574  -0.212611 -0.0112343   0.972704
   27.8711 0.000701217  0.00092607 -0.00140576  -0.208827 -0.0144082   0.974169
   27.8769   0.00283175 -0.000139195 -0.000340495  -0.207362 -0.0218544      0.976
   27.8811   0.00123385  -0.00120446 -0.000340495  -0.210048 -0.0258828   0.981127
   27.8869 -0.000896679  -0.00120446  0.000192139  -0.215175 -0.0230751   0.983446
   27.8912  -0.00142931 -0.000671827  0.000192139  -0.217616 -0.0190468    0.97893
   27.8969  0.000168584 -0.000139195  -0.00247102  -0.216395 -0.0156289   0.974169
    27.901   0.00123385 -0.000139195 -0.000873126    -0.2131 -0.0119668   0.973925
   27.9069  0.000701215 -0.000139195  -0.00140576  -0.207606 -0.0147744   0.973803
   27.9114   0.00176648 -0.000139195  -0.00406892  -0.205531 -0.0227089   0.973558
   27.9169 -0.000896681 -0.000139195   0.00072477  -0.208827 -0.0268593   0.979418
   27.9211 -0.00249458 0.000393437  0.00179004  -0.213466 -0.0251503   0.982225
   27.9269   0.00229911   0.00092607 -0.000873126  -0.216762 -0.0218544   0.978563
   27.9314  0.00389701 0.000393437  0.00072477  -0.217982 -0.0185585   0.976366
   27.9368   0.00336438 -0.000671827 -0.000340495  -0.215541 -0.0148964   0.974047
   27.9411   0.00336438 -0.000139195 -0.000873126  -0.210048 -0.0139199   0.972826
   27.9468  0.00229911 0.000393437   0.0012574   -0.20724 -0.0185585    0.97539
   27.9511   0.00229911 -0.000671827 -0.000340492  -0.209437 -0.0227089   0.979662
   27.9569  0.000168584 -0.000671827  0.000724774   -0.21371 -0.0208779    0.98015
    27.961  -0.00196194 -0.000139195    0.0012574  -0.215663 -0.0188027   0.979174
   27.9669 -0.000896679  0.000393437  0.000192139  -0.214076 -0.0179482   0.976732
   27.9714 0.000168584   0.0014587  0.00072477  -0.212245 -0.0133095   0.971727
   27.9769 -0.000364048   0.00199133  0.000192136 -0.209682 -0.010624  0.972948
   27.9809 -0.000896679   0.00092607  0.000192136  -0.206142 -0.0166054   0.975023
   27.9869 -0.000364047  0.000393437  0.000192136  -0.208461 -0.0225869   0.977221
   27.9912 -0.000896679   0.00092607  0.000192136  -0.214686 -0.0236855   0.983202
   27.9969  -0.00142931 -0.000671827 -0.000340495  -0.217616 -0.0218544   0.981615
   28.0012  -0.00142931 -0.000671827    0.0012574  -0.217372 -0.0185585   0.973803
   28.0067 -0.00302721  0.00092607  0.00338794  -0.214686 -0.0153847   0.973925
   28.0112 -0.00142931 0.000393437   0.0028553  -0.210048 -0.0148964   0.974779
   28.0169  0.00229911 0.000393437  0.00179004  -0.207362 -0.0188027   0.973192
   28.0212 0.00229911  0.0014587 0.00072477  -0.208583 -0.0234414   0.977587
   28.0269 0.000168584  0.00092607  0.00072477  -0.211879 -0.0253945    0.98308
   28.0312  -0.00142931 -0.000671827    0.0028553  -0.215785 -0.0238076   0.981615
   28.0369 -0.000364048 -0.000139195    0.0028553  -0.217494 -0.0206337    0.97661
   28.0411   0.00176648 -0.000139195   0.00658373  -0.216151 -0.0178261   0.974535
   28.0469   0.00229911 -0.000671827   0.00977952  -0.212367 -0.0159951   0.974169
   28.0511   0.00389701 -0.000139195   0.00605109  -0.207728 -0.0191689   0.974779
   28.0569   0.00549491 -0.000139195   0.00338793 -0.207973 -0.022831  0.977587
   28.0611   0.00442964 -0.000671827    0.0028553  -0.212001 -0.0218544   0.981737
   28.0668  0.00336438 -0.00120446  0.00338794  -0.216395 -0.0184365   0.981981
   28.0711   0.00229911 -0.000671827   0.00232267  -0.217738 -0.0150185   0.976976
   28.0769   0.00123385  0.000393437 -0.000340492  -0.214442 -0.0118447   0.971483
   28.0812 -0.000364048   0.00092607   0.00232267   -0.210658 -0.00940327    0.970141
   28.0868 -0.00302721  0.00092607  0.00551846  -0.208095 -0.0117226   0.974901
   28.0914 -0.00302721 -0.00120446  0.00392057   -0.20724 -0.0178261   0.978075
   28.0969 -0.00142931 -0.00333499  0.00338794  -0.207362 -0.0212441   0.977343
   28.1011 -0.00249458 -0.00226972  0.00392057  -0.211391 -0.0218544   0.980272
   28.1069 -0.00355984 -0.00120446   0.0044532  -0.215419 -0.0224648   0.983202
    28.111  -0.00302721 -0.000139195    0.0044532  -0.213466 -0.0191689   0.977831
   28.1169 -0.00196194  0.00092607  0.00072477  -0.209804 -0.0144082   0.973803
   28.1214 -0.00355984  0.00199133  0.00179004  -0.207606 -0.0146523   0.973192
   28.1269 -0.00569037   0.0030566  0.00658373  -0.207118 -0.0163613   0.971239
   28.1311 -0.00249458   0.0014587   0.0044532  -0.210292 -0.0213662   0.972948
   28.1369  0.000701215 -0.000139195   0.00232267 -0.213466 -0.026371  0.974657
   28.1413 -0.000364048 -0.000671827   0.00392056  -0.216518 -0.0241738   0.977709
   28.1469 -0.00142931 -0.00120446  0.00551846  -0.219569 -0.0219765   0.980761
   28.1511  -0.00142931 -0.000671827    0.0044532  -0.215785 -0.0184365   0.978685
   28.1569  -0.00142931 -0.000139195   0.00338794  -0.212001 -0.0148964    0.97661
    28.161 -0.000896679 -0.000139195   0.00605109  -0.207362 -0.0186806   0.978197
   28.1669 -0.000364047 -0.000139195   0.00871425  -0.202724 -0.0224648   0.979784
   28.1711 0.000701217   0.0046545  0.00818162  -0.201991 -0.0293007   0.984423
   28.1769 0.00176648 0.00944819 0.00764899  -0.201259 -0.0361367   0.989061
   28.1814 0.00602754 0.00998082 0.00871425  -0.208461 -0.0290566   0.979174
   28.1869  0.0102886  0.0105135 0.00977952  -0.215663 -0.0219765   0.969286
   28.1911  0.0150823 0.00785029 0.00711636  -0.222743 -0.0167275   0.970995
   28.1969   0.019876 0.00518713  0.0044532  -0.229823 -0.0114785   0.972704
   28.2013   0.0172128 -0.00120446   0.0028553   -0.232997 -0.00989155    0.978197
   28.2069   0.0145497 -0.00759605   0.0012574   -0.236171 -0.00830464     0.98369
   28.2111 0.00602754  -0.013455 0.00551846     -0.2308 -0.00537495    0.983568
   28.2169 -0.00249458   -0.019314  0.00977952   -0.225429 -0.00244527    0.983446
   28.2211  -0.006223  -0.019314 0.00605109  -0.213222 0.00219341   0.975023
   28.2269 -0.00995143   -0.019314  0.00232267  -0.201015 0.00683208     0.9666
   28.2315 -0.00995143  -0.0182487   0.0012574  -0.190883 0.00182719   0.968554
   28.2367   -0.0115493   -0.0102592 -0.000873126   -0.179774 -0.00769429    0.970385
   28.2412   -0.0147451 -0.000139195  -0.00247102  -0.179408 -0.0173378   0.974047
   28.2469  -0.0152778  0.00571976 -0.00140576  -0.183925 -0.0231972   0.976854
   28.2512   -0.0147451    0.0121113 -0.000873126  -0.194179 -0.0231972   0.979052
   28.2569   -0.0136799    0.0163724 -0.000873126  -0.206996 -0.0208779   0.979418
   28.2612 -0.0110167  0.0179703  0.0012574  -0.215663 -0.0205117   0.974169
   28.2669 -0.0110167  0.0179703 0.00232267  -0.219813 -0.0233193   0.975267
   28.2712  -0.00888616    0.0137092 -0.000340495  -0.225062 -0.0283242   0.978319
   28.2769  -0.00569037   0.00838292 -0.000873126  -0.229945 -0.0365029   0.981493
    28.281 -0.00249458  0.00199133 0.000192139 -0.235561 -0.040165  0.986864
   28.2869  0.00229911 -0.00546552 -0.00140576  -0.240443 -0.0363808    0.98601
   28.2911  0.00442964  -0.0113245 0.000192139  -0.237514 -0.0317421   0.982836
   28.2969 0.00602754 -0.0155855 0.00498583  -0.227016 -0.0268593   0.977709
   28.3015  0.0086907 -0.0171834 0.00498583  -0.213466 -0.0227089   0.974047
   28.3069  0.0108212 -0.0161182 0.00551846  -0.199184 -0.0230751   0.974413
   28.3111  0.0145497 -0.0118571 0.00711636  -0.189052 -0.0251503   0.975634
   28.3169   0.0161476 -0.00599815  0.00392056  -0.187465 -0.0234414   0.978319
   28.3211    0.0145497 -0.000139195 -0.000340495  -0.190883 -0.0172158   0.979052
   28.3268   0.0118865  0.00625239 0.000192139  -0.196376 -0.0103798   0.975512
   28.3313  0.0086907  0.0121113 0.00179004   -0.202357 -0.00342183    0.969774
   28.3367  0.0086907  0.0142419 0.00072477  -0.206508 0.00255962   0.969408
   28.3411 0.00656017  0.0137092  0.0012574  -0.210658 0.00268169   0.972094
   28.3468 -0.000364048     0.012644    0.0012574   -0.217982 -0.00281148    0.973192
   28.3511  -0.006223 0.00838292 0.00179004   -0.226405 -0.00793843    0.978075
   28.3568 -0.00995143  0.00252397 0.000192139   -0.232753 -0.00867085    0.981981
    28.361  -0.0147451 -0.00280236 -0.00300365   -0.234584 -0.00940327    0.979052
   28.3668  -0.0184735 -0.00706341 -0.00193839  -0.230556 -0.0108681   0.974413
   28.3711  -0.0174083 -0.00972657 -0.00406892  -0.221034 -0.0128212   0.973681
   28.3767  -0.0158104  -0.0113245 -0.00566682  -0.209315 -0.0207558   0.975145
   28.3809  -0.0152778  -0.0113245 -0.00140576   -0.20016 -0.0340615   0.976976
   28.3868   -0.012082 -0.00812868   0.0012574  -0.195888 -0.0448037   0.981859
   28.3913   -0.006223 -0.00280236   0.0012574  -0.197841 -0.0465126   0.984667
   28.3964 0.000701217  0.00199133  0.00338793  -0.201259 -0.0417519   0.982592
    28.401 0.00762544 0.00625239  0.0044532 -0.203822 -0.035038  0.978197
   28.4068  0.0124191 0.00944819 0.00338793  -0.206508 -0.0285683   0.974779
   28.4111  0.0156149  0.0115787 0.00338793  -0.208705 -0.0244179   0.974291
   28.4168 0.0172128 0.0121113 0.0044532  -0.212489 -0.0246621   0.976244
    28.421  0.0166802 0.00891555 0.00764899  -0.220058 -0.0249062   0.979906
   28.4268  0.0182781 0.00252397 0.00711636  -0.228603 -0.0191689   0.982103
    28.431   0.0156149 -0.00280236  0.00392056  -0.232997 -0.0108681   0.981249
   28.4368   0.0086907 -0.00599815  0.00338793   -0.232143 -0.00439839    0.976244
    28.441  0.00496227 -0.00919394  0.00232267 -0.225429 -0.000248  0.971972
   28.4468 0.00123385 -0.0113245 0.00179004   -0.214198 0.000850632    0.971483
   28.4511 -0.000896679   -0.0123897   0.00338794   -0.203578 -0.00366597    0.971239
   28.4568 -0.00196194  -0.0118571   0.0044532  -0.197475 -0.0112343   0.974901
   28.4613 -0.00355984 -0.00812868  0.00392056   -0.19601 -0.0137978   0.979052
   28.4668   -0.006223 -0.00226972  0.00338793  -0.197475 -0.0117226   0.977465
    28.471 -0.00995143  0.00252397  0.00232267  -0.199061 -0.0101357   0.973681
   28.4768 -0.00995143  0.00571976  0.00392056   -0.199916 -0.00854878    0.971361
   28.4811 -0.00995143  0.00998082  0.00338793  -0.201381 -0.0092812   0.972216
   28.4866   -0.0115493     0.012644 -0.000340495  -0.205287 -0.0156289   0.973436
   28.4909 -0.0131472  0.0121113 0.00232267  -0.212367 -0.0246621   0.976732
   28.4968 -0.0142125 0.00944819 0.00551846  -0.222743 -0.0301552   0.983568
    28.501 -0.0142125 0.00571976 0.00498583  -0.232509 -0.0300332   0.984301
   28.5068 -0.0110167 0.00199133 0.00605109  -0.235927 -0.0283242   0.981371
   28.5114   -0.006223 -0.00386762  0.00551846  -0.232509 -0.0274697   0.979052
   28.5167 -0.00302721 -0.00919394   0.0044532   -0.22494 -0.0266152   0.977099
    28.521 0.000168584  -0.0102592   0.0044532  -0.215297 -0.0296669   0.976854
   28.5268 0.00389701 -0.0107918 0.00232267  -0.207728 -0.0358925   0.978563
   28.5311 0.00762543 -0.0107918 0.00392056  -0.205165 -0.0363808   0.981981
   28.5366   0.0102886 -0.00919394  0.00605109  -0.203456 -0.0310097   0.983568
   28.5411   0.0124191 -0.00599815   0.0044532  -0.201991 -0.0233193    0.97893
   28.5468    0.014017 -0.00120446  0.00658372  -0.201381 -0.0153847   0.972216
   28.5513   0.014017 0.00412186 0.00871425  -0.199061 -0.0092812    0.97185
   28.5568  0.0118865 0.00785029 0.00711636   -0.198451 -0.00793843     0.97185
   28.5611  0.0086907 0.00944819 0.00605109  -0.203334 -0.0108681   0.973314
   28.5668 0.00656017 0.00944819 0.00498583  -0.212001 -0.0111123   0.978319
   28.5712 0.00549491 0.00785029 0.00338793   -0.221889 -0.00720601    0.979296
   28.5767 0.000168582  0.00518713  0.00338793   -0.228603 -0.00415425    0.976732
    28.581 -0.00728827  0.00199133  0.00392056   -0.228847 -0.00244527    0.973314
   28.5868  -0.0104841 -0.00173709  0.00338793   -0.222743 -0.00244527    0.972338
    28.591  -0.0104841 -0.00546552  0.00338793   -0.212978 -0.00903706     0.97307
   28.5968  -0.0094188 -0.00546552   0.0012574  -0.202968 -0.0223427   0.975512
   28.6012  -0.00835353  -0.00440025 -0.000340495  -0.201137 -0.0313759   0.980639
   28.6065 -0.00675564 -0.00280236 0.000192139  -0.205409 -0.0335732   0.982103
    28.611  -0.00462511  0.000393437 -0.000873126  -0.207606 -0.0340615   0.981493
   28.6168 -0.000364048    0.0046545  -0.00193839   -0.21078 -0.0306435   0.977587
   28.6211 0.00283175 0.00625239 0.00338793  -0.212123 -0.0246621   0.975267
   28.6268 0.00602754 0.00518713 0.00392056  -0.209437 -0.0223427   0.975512
   28.6312 0.00975596  0.0046545 0.00232267 -0.208827 -0.022831  0.974901
   28.6366  0.0108212  0.0030566 0.00498583  -0.211513 -0.0217324   0.977953
   28.6409 0.00975597 0.00199133 0.00392056   -0.21371 -0.0170937   0.980516
   28.6468 0.00442964 0.00358923 0.00232267   -0.214809 -0.00952534    0.979052
    28.651 -0.000364048    0.0046545   0.00179004   -0.216762 -0.00220113    0.973436
   28.6568 -0.00249458  0.00358923   0.0012574  -0.214931 0.00390239   0.968676
   28.6612   -0.006223  0.00252397 0.000192139  -0.210292 0.00414653   0.970018
   28.6668   -0.0104841   0.00199133 -0.000873126    -0.21017 -0.00281148     0.97246
   28.6713   -0.0142125   0.00252397 -0.000340495  -0.211146 -0.0114785   0.976122
   28.6768 -0.0184735  0.0030566  0.0012574  -0.212733 -0.0164834   0.981859
   28.6811 -0.0211367 0.00199133 0.00072477  -0.216762 -0.0167275   0.981005
   28.6867  -0.0216693  0.00199133 0.000192139    -0.2131 -0.0213662   0.975756
   28.6909 -0.0190062 0.00412186 0.00179004  -0.205775 -0.0278359   0.974291
   28.6967 -0.0158104 0.00838292 0.00232267  -0.200648 -0.0340615   0.974779
    28.701 -0.00995143   0.0121113   0.0012574  -0.199428 -0.0441933   0.976122
   28.7068 0.000168582    0.012644   0.0012574  -0.206996 -0.0500527   0.979662
    28.711 0.00762543   0.012644 0.00658372 -0.217616  -0.05225  0.983934
   28.7168  0.0129518   0.012644 0.00977952  -0.220302 -0.0517617   0.994066
   28.7212  0.0145497  0.0105135 0.00392056  -0.233974 -0.0302773   0.985033
   28.7268  0.0156149 0.00518713 0.00977952  -0.238612 -0.0162392   0.974047
   28.7311   0.0209412 -0.00120446  0.00977952  -0.22372 -0.019291  0.970629
   28.7367   0.0220065 -0.00173709  0.00338793 -0.222621 -0.012455  0.969774
   28.7409    0.019876 -0.00812868  0.00658372  -0.219203 -0.0113564   0.980394
   28.7468  0.0182781  -0.013455 0.00764899  -0.212123 -0.0139199    0.97661
    28.751   0.0118865 -0.00972657  0.00551846   -0.209682 -0.00842671    0.980639
   28.7568  0.00549491 -0.00919394   0.0044532    -0.207728 -3.85987e-06     0.982103
   28.7613  0.00176648 -0.00546552  0.00605109  -0.198573 0.00194927   0.970018
   28.7666 -0.000896679 -0.000671827   0.00498583  -0.189174 0.00463481   0.961718
   28.7709 -0.00355984  0.00518713  0.00392056  -0.184413 0.00451274   0.964281
   28.7768 -0.00728827    0.012644   0.0028553  -0.182216 -0.0047646   0.974657
   28.7812 -0.00995143   0.0185029 -0.00140576   -0.189174 -0.00964741    0.975634
   28.7868  -0.0158104   0.0238293 -0.00247102   -0.206264 -0.00403218    0.980761
    28.791   -0.0211367    0.0248945 -0.000340492   -0.215785 -0.00427632    0.984911
   28.7967   -0.0232672    0.0238293 -0.000340492   -0.218959 -0.00732808    0.970629
   28.8009  -0.026463  0.0216987 0.00232267   -0.226161 -0.00293355    0.963915
   28.8068  -0.032322 0.00944819  0.0124427   -0.233363 -0.00293355    0.984667
   28.8112 -0.0376483 -0.0187813  0.0364111   -0.23495 -0.0100136    1.01604
   28.8166 -0.0371157  -0.059794  0.0710322  -0.219691 -0.0191689    1.02959
    28.821 -0.0307241 -0.0837625   0.104588  -0.177577 -0.0356484    1.00322
   28.8268 -0.0200714 -0.0518045   0.116839   -0.12643 -0.0598183   0.957811
   28.8313  -0.006223 0.00358923    0.10299  -0.106166 -0.0688515   0.942797
   28.8368 0.00442964  0.0403409  0.0870112  -0.128261 -0.0568886   0.962572
   28.8411 0.00975597   0.053124  0.0854133  -0.172206 -0.0406533   0.992479
   28.8465 0.00975597  0.0403409  0.0928701  -0.216273 -0.0284462    1.00054
   28.8509 0.00442964 0.00944819    0.11098 -0.249721 -0.019413  0.996264
   28.8568 0.000701217  -0.0113245    0.131752 -0.259364 -0.017582  0.978197
   28.8609 -0.00675563   0.0030566    0.136546  -0.250697 -0.0252724   0.952196
   28.8668 -0.0126146   0.022764   0.123763  -0.251918 -0.0266152   0.949022
    28.871 -0.0126146  0.0291556   0.106186  -0.271083 -0.0174599     0.9583
   28.8767 -0.0147451  0.0195682   0.102458   -0.294643 -0.00842671     0.97185
   28.8809  -0.0216693 -0.00173709     0.11311   -0.307094 -0.00488667    0.963305
   28.8868 -0.032322 -0.019314  0.126426  -0.298305 -0.0146523    0.95891
   28.8911 -0.0355178 -0.0342277   0.129089  -0.273402 -0.0347939   0.985155
   28.8967 -0.0269957 -0.0459456   0.114175  -0.242641 -0.0538369    1.00896
    28.901 -0.0110167 -0.0491414  0.0896744  -0.211269 -0.0632363    1.00615
   28.9067  0.0086907 -0.0432824  0.0678364  -0.187099 -0.0606728   0.980761
   28.9109  0.0273328 -0.0320971  0.0529227  -0.174525 -0.0513955   0.965014
   28.9168  0.0411813 -0.0177161  0.0465311  -0.171229 -0.0424843   0.965624
   28.9209   0.0443771 -0.00386762   0.0582491   -0.18185 -0.0274697     0.9666
   28.9268  0.0331918 0.00571976  0.0891417   -0.201137 -0.00537495    0.968554
   28.9314 0.0124191 0.0142419  0.139209 -0.22018 0.017086 0.973436
   28.9367 -0.0152778  0.0185029   0.206321 -0.230311  0.031002  0.989061
    28.941 -0.0435073  0.0190356   0.276096 -0.230434 0.0300254  0.991503
   28.9468 -0.0680083   0.022764   0.341609 -0.227992 0.0262413  0.978319
    28.951 -0.0855852  0.0307535   0.407656  -0.22433 0.0241661  0.983812
   28.9568 -0.0957052   0.043004   0.478496 -0.219691 0.0228233  0.999804
    28.961 -0.105293 0.0611135  0.559989 -0.221034 0.0323448   1.00615
   28.9666 -0.109554 0.0898757  0.661189 -0.231776 0.0507774  0.998583
    28.971 -0.107423  0.122899  0.791151 -0.249232 0.0654258   1.00591
   28.9767 -0.102629  0.154324  0.945614 -0.266444 0.0696983   1.01262
   28.9809 -0.088781  0.191608   1.10487 -0.261562 0.0584678  0.996752
   28.9868 -0.0712041   0.245937    1.24336 -0.232753 0.0305137  0.990038
   28.9913 -0.0600189   0.292809    1.33816   -0.210536 -0.00403218     1.03203
   28.9967 -0.052562  0.326897   1.39089  -0.202846 -0.0274697    1.06767
   29.0009 -0.0472357   0.362051    1.40421  -0.198329 -0.0439492    1.10552
   29.0068 -0.0451052   0.370573    1.38344  -0.199794 -0.0491982    1.14385
    29.011 -0.0312567   0.389215    1.35947  -0.187221 -0.0459023    1.10137
   29.0168 0.00123385   0.431293    1.34296  -0.163783 -0.0527382    1.07927
   29.0212 0.0289307  0.457925   1.31739  -0.156703 -0.0647011      1.106
   29.0268 0.0411813  0.478165   1.26679  -0.159145 -0.0802041    1.11394
    29.031 0.0449097  0.490415   1.18903  -0.158778 -0.0942421    1.10649
   29.0368 0.034257 0.484556  1.08889  -0.163783 -0.0938759    1.10662
   29.0412 0.00602754   0.462718   0.981833  -0.187709 -0.0816689    1.09392
   29.0466 -0.0110167   0.448337   0.930168  -0.204433 -0.0747109    1.07598
   29.0509 -0.0669431   0.415847   0.850806  -0.219081 -0.0689736    1.07109
   29.0568 -0.148436  0.362583  0.730964  -0.239833 -0.0643349    1.07231
   29.0611 -0.196373  0.318375  0.659058  -0.259364 -0.0720253    1.07842
   29.0668 -0.218743  0.294939  0.627633  -0.272792 -0.0786171    1.07842
   29.0711 -0.258158  0.254992  0.593544    -0.2933 -0.0737343    1.09014
   29.0768 -0.297573  0.215044  0.559456  -0.313808 -0.0688515    1.10185
    29.081 -0.309291   0.17776  0.580229   -0.32809 -0.0666543    1.12725
   29.0866 -0.321009  0.140476  0.601001 -0.342372 -0.064457   1.15264
   29.0909 -0.298105  0.121301  0.650536  -0.335902 -0.0816689    1.15703
   29.0968 -0.275202  0.102126  0.700071  -0.329433 -0.0988808    1.16142
   29.1012 -0.240049 0.0967999  0.722441 -0.311732 -0.124027   1.17949
   29.1067 -0.204895 0.0914735  0.744812 -0.294032 -0.149174   1.19756
   29.1109 -0.158023 0.0904083  0.724039 -0.288539 -0.154301   1.20427
   29.1167 -0.111152  0.089343  0.703267 -0.283046 -0.159428   1.21099
    29.121 -0.0594862  0.0781577   0.669178 -0.283656 -0.155399    1.2011
   29.1268 -0.0078209  0.0669725    0.63509 -0.284267 -0.151371   1.19121
   29.1311 0.0353223 0.0483303  0.609523 -0.286952 -0.146488   1.18096
   29.1367 0.0784655 0.0296882  0.583957 -0.289638 -0.141605    1.1707
   29.1409    0.10776 0.00998082   0.561587 -0.291591 -0.136356   1.16936
   29.1468    0.137055 -0.00972657    0.539216 -0.293544 -0.131107   1.16802
   29.1512   0.158893 -0.0241076   0.507258 -0.286586 -0.129398   1.14836
   29.1568   0.180731 -0.0384887     0.4753 -0.279628 -0.127689   1.12871
   29.1609  0.196177 -0.043815  0.444407  -0.26327 -0.125736   1.11675
   29.1668   0.211624 -0.0491414   0.413515 -0.246913 -0.123783   1.10478
   29.1709   0.238255 -0.0486087   0.371437 -0.241542 -0.114628   1.10723
   29.1768   0.264887 -0.0480761   0.329359 -0.236171 -0.105473   1.10967
   29.1813   0.300041 -0.0406192   0.318706  -0.244105 -0.0877724    1.10942
   29.1867   0.335194 -0.0331624   0.308054   -0.25204 -0.0700722    1.10918
   29.1908   0.363424 -0.0241076     0.3235 -0.260707 -0.052372   1.08464
   29.1968   0.391653 -0.0150529   0.338946  -0.269374 -0.0346718    1.06011
   29.2014     0.40923 -0.00493289    0.367708  -0.266444 -0.0295449    1.05742
   29.2067   0.426807 0.00518713   0.396471  -0.263881 -0.0206337    1.04985
   29.2109   0.435329 0.00731766   0.406058  -0.264003 -0.0183144    1.04155
   29.2168  0.449178 0.0110461    0.4247  -0.265834 -0.0172158    1.03313
   29.2209  0.454504 0.0153071  0.440679  -0.268397 -0.0109902    1.02483
   29.2268    0.4577 0.0163724  0.449734    -0.26559 -0.00415425     1.01177
   29.2313 0.464091 0.012644 0.448136  -0.257167 0.00341411   0.993944
   29.2366   0.468885 0.00731766    0.44494 -0.246547 0.0122032  0.982836
    29.241     0.471015 -0.000671827     0.440146 -0.237758 0.0178184  0.976122
   29.2468    0.470483 -0.00812868     0.43482 -0.229701 0.0148887  0.974535
   29.2511   0.468885 -0.0139876   0.430026 -0.222011 0.0126915  0.973681
   29.2567   0.463026 -0.0177161   0.419374 -0.215785 0.0207481  0.970018
    29.261   0.455037 -0.0182487   0.406058 -0.206996 0.0297813  0.963183
   29.2668   0.448112 -0.0150529   0.391677 -0.196498  0.034542  0.951464
   29.2709    0.438525 -0.00706341    0.376763  -0.18893 0.0382041  0.942553
   29.2768   0.422013 0.00571976   0.365045 -0.183559 0.0382041  0.938158
   29.2809  0.401241 0.0216987  0.349066 -0.175136 0.0314903  0.944506
   29.2868  0.384196 0.0382103  0.320304 -0.168422 0.0261192  0.961962
   29.2912 0.373011 0.053124 0.279824 -0.171107 0.0300254  0.976122
   29.2965   0.36875 0.0643093  0.234018 -0.179408 0.0421104  0.979418
    29.301  0.367685 0.0712335  0.192472  -0.18954 0.0584678  0.976976
   29.3068 0.363956 0.074962 0.164776 -0.202602 0.0760459  0.970873
   29.3111  0.354902 0.0781577  0.155188 -0.216395 0.0925254  0.964647
   29.3168  0.341586 0.0818862  0.158384 -0.225795  0.103268  0.966845
    29.321  0.323476 0.0845493  0.175961 -0.235927  0.114132  0.974291
   29.3269  0.301638 0.0818862  0.207386 -0.25143 0.130367 0.978685
   29.3312  0.272876 0.0776251  0.247866 -0.265102  0.144649  0.977099
   29.3369  0.233462 0.0760272  0.297934 -0.269862  0.150753  0.969774
   29.3412  0.18872 0.074962 0.346936 -0.264857  0.150021  0.966478
   29.3469  0.142914 0.0738967  0.381557 -0.253749   0.14233  0.971605
    29.351 0.0987055 0.0712335  0.394873 -0.239833   0.12524  0.977831
   29.3569 0.0550297 0.0669725  0.383155 -0.229213  0.104732  0.986254
   29.3612 0.0102886 0.0605809  0.350132 -0.226894 0.0920372  0.998339
   29.3669 -0.0333872  0.0520588    0.30326 -0.229823 0.0876426   1.00603
   29.3712 -0.0733347  0.0435366   0.246268 -0.231166 0.0845909   1.00542
   29.3769 -0.108488 0.0334166  0.182885 -0.231654 0.0860557   1.00225
   29.3811 -0.138848  0.022764    0.1211 -0.236659 0.0893516   1.00298
   29.3869 -0.167078 0.0142419  0.064108 -0.246547 0.0898399   1.00517
   29.3915  -0.197438 0.00571976  0.0198995 -0.261439 0.0910606   1.00994
   29.3969   -0.228331 -0.00493288 -0.00832998 -0.279628 0.0975303   1.01604
   29.4009  -0.255495 -0.0150529 -0.0269721 -0.296596  0.107784   1.01946
   29.4069  -0.278398 -0.0262382 -0.0360269 -0.306483  0.116939   1.01799
   29.4116  -0.296508 -0.0411519  -0.034429 -0.310268  0.125484   1.01067
   29.4166  -0.313019 -0.0576635 -0.0243089 -0.316005  0.132809   1.00517
   29.4213   -0.333792  -0.0720445 -0.00300366 -0.319179  0.132564    1.0042
   29.4269  -0.357228 -0.0864256  0.0225627 -0.317226  0.124874   1.00859
   29.4311 -0.383327 -0.102405  0.048129 -0.319911  0.119869   1.01384
   29.4369 -0.412089 -0.118916 0.0758259 -0.321376   0.11755   1.01445
   29.4413 -0.437122 -0.137026 0.0955333 -0.313441   0.11169   1.00871
   29.4468 -0.459493  -0.15407 0.0965986 -0.300624  0.103634   1.00017
   29.4511 -0.483994 -0.170049 0.0859459 -0.28683 0.097042 0.996141
   29.4569 -0.509028 -0.184963 0.0673038   -0.2756 0.0877647  0.997606
   29.4612 -0.530866 -0.198811  0.043868 -0.267177 0.0740928   1.00286
   29.4669 -0.544714 -0.212659 0.0204322 -0.263026 0.0677452   1.01348
   29.4711   -0.555367   -0.223845 -0.00193839 -0.267787 0.0721397   1.01982
   29.4769  -0.567085  -0.230236 -0.0120584 -0.274623  0.079586   1.01213
   29.4811   -0.576672   -0.232367 -0.00886261 -0.274501  0.084835  0.998339
   29.4868   -0.583596   -0.232899 0.000724774 -0.270106 0.0878868  0.988939
    29.491 -0.592119 -0.230236  0.023628 -0.263759 0.0850791  0.984423
   29.4969 -0.600108 -0.221182 0.0497269  -0.25497 0.0736045  0.982714
   29.5014 -0.607032 -0.209464 0.0667712 -0.246791 0.0616416  0.986376
   29.5068 -0.617152  -0.19668 0.0806196 -0.241786 0.0533409  0.991137
   29.5111 -0.627272 -0.182832 0.0891417 -0.234462 0.0444297  0.989061
   29.5169 -0.634196 -0.167918 0.0832828 -0.222133 0.0318565  0.980028
   29.5212 -0.636327 -0.149809 0.0678364 -0.208949 0.0173301  0.974535
   29.5269 -0.628337 -0.131167 0.0470638  -0.198085 0.00268169   0.983202
   29.5312 -0.612891  -0.11572 0.0241606   -0.192958 -0.00976948     1.00029
   29.5369   -0.59638  -0.102937 0.00551846  -0.198207 -0.0173378    1.01189
    29.541    -0.57827   -0.090154 -0.00726471  -0.208827 -0.0201455    1.01921
   29.5469  -0.561758 -0.0768382 -0.0115258  -0.215663 -0.0223427    1.01995
   29.5511  -0.540986 -0.0661856 -0.0109931  -0.217128 -0.0255166    1.01225
   29.5569   -0.509028   -0.053935 -0.00619945  -0.222133 -0.0195351   0.996508
   29.5612  -0.483994 -0.0342277  0.0151058  -0.222865 -0.0129433   0.994188
   29.5669  -0.459493 -0.0257055  0.0412048  -0.207973 -0.0233193    1.01726
   29.5712  -0.427535 -0.0225097  0.0561185  -0.197353 -0.0361367    1.02251
   29.5769   -0.397708 -0.00812868   0.0667712  -0.198329 -0.0396767    1.02593
    29.581 -0.366815 0.0105135  0.074228   -0.19955 -0.0411416    1.03093
   29.5869  -0.33752 0.0286229 0.0779564  -0.194911 -0.0452919    1.02226
   29.5911 -0.310356 0.0456672 0.0806196  -0.189296 -0.0494423    1.01433
    29.597 -0.285855 0.0653746 0.0784891     -0.186 -0.0535927    1.01152
    29.601 -0.260821 0.0845493 0.0689017   -0.18246 -0.0632363    1.01262
   29.6069 -0.234722  0.101061 0.0577164  -0.178432 -0.0742226    1.01604
   29.6111 -0.210221  0.118105  0.043868  -0.181117 -0.0765419     1.0258
   29.6169  -0.18572  0.133551 0.0284216 -0.188563 -0.071415   1.03472
   29.6215 -0.156425  0.143672 0.0156385  -0.191615 -0.0653115    1.03142
   29.6269    -0.125  0.152194 0.0044532  -0.194179 -0.0582314    1.01909
   29.6311    -0.09464    0.158585 0.000192139  -0.196498 -0.0490761    1.01518
   29.6369  -0.068541   0.161781 0.00764899  -0.196986 -0.0462685    1.01799
   29.6411 -0.0498988   0.161248  0.0167037  -0.200282 -0.0499306    1.02129
   29.6469 -0.0387136    0.15965  0.0252259  -0.204433 -0.0476113    1.02312
   29.6513 -0.0328546   0.158053  0.0326827   -0.20663 -0.0382119    1.01738
   29.6569 -0.0307241   0.156987  0.0417375 -0.205653 -0.029789    1.0009
   29.6612 -0.0360504   0.156455  0.0534554 -0.20016 -0.02454 0.984301
   29.6669 -0.0451052   0.155922  0.0614448  -0.195155 -0.0168496   0.975878
   29.6712 -0.0568231   0.154324   0.074228   -0.19015 -0.0147744   0.975145
   29.6769 -0.0749326   0.152194  0.0896744  -0.184535 -0.0233193   0.978441
   29.6812 -0.0962379   0.152194   0.100327  -0.183925 -0.0271035   0.985888
   29.6868 -0.117011  0.155389  0.108316  -0.186488 -0.0242959   0.988329
   29.6911 -0.135653   0.15965  0.116306  -0.184047 -0.0250283   0.982958
   29.6969 -0.152164  0.161781  0.118969  -0.175868 -0.0277138   0.978563
   29.7011 -0.16335 0.162846 0.118969  -0.168544 -0.0285683   0.973681
   29.7069 -0.174002  0.165509  0.120034  -0.164516 -0.0319863   0.975145
   29.7114 -0.185187  0.171368  0.116839  -0.161952 -0.0399209   0.981981
   29.7166 -0.191579   0.17776  0.113643 -0.163051 -0.043705  0.992724
   29.7212 -0.195307  0.184152  0.112578  -0.169032 -0.0388222    1.00078
   29.7269 -0.197438  0.191076  0.111512  -0.172572 -0.0310097   0.996386
   29.7313 -0.197971     0.198  0.113643  -0.170375 -0.0251503   0.981615
   29.7369 -0.197971  0.204392  0.119502   -0.16598 -0.0201455   0.968065
   29.7412 -0.196905  0.213979  0.120567  -0.163783 -0.0170937   0.962328
   29.7469 -0.198503  0.227827  0.127491 -0.164394 -0.019413  0.961596
   29.7511 -0.203297   0.23848   0.14134  -0.167567 -0.0218544   0.969774
   29.7569 -0.210754  0.245404  0.154123  -0.177577 -0.0184365   0.969774
   29.7614 -0.22407 0.255524 0.170634  -0.189296 -0.0140419   0.954638
   29.7669 -0.238451  0.265644  0.187146  -0.193324 -0.0151406   0.936083
   29.7713 -0.252299  0.276297  0.199397  -0.192348 -0.0190468   0.921801
   29.7769 -0.267213  0.290145   0.20419  -0.189418 -0.0250283   0.919115
   29.7812 -0.282659  0.299733  0.197266  -0.183314 -0.0379677   0.922899
   29.7869 -0.29491 0.302929 0.177559   -0.17953 -0.0520058   0.928759
   29.7911 -0.303432  0.303461  0.146666  -0.182338 -0.0571328   0.934252
   29.7969 -0.308225  0.303994  0.104055  -0.189052 -0.0561562   0.935473
   29.8012 -0.309291  0.304526 0.0614448  -0.194667 -0.0572548    0.93474
   29.8068 -0.308225  0.303461 0.0209648  -0.197963 -0.0584755   0.935595
   29.8111 -0.306095  0.296537 -0.022711  -0.201991 -0.0581093   0.940111
   29.8169  -0.302899   0.283221 -0.0626585  -0.208339 -0.0631142    0.94475
   29.8211  -0.296508   0.265644 -0.0983448  -0.219081 -0.0687294   0.952318
   29.8269 -0.289051  0.244872 -0.130303 -0.238368 -0.066166   0.95952
   29.8316 -0.284257  0.223034 -0.154271  -0.260707 -0.0585976   0.954027
   29.8369 -0.280529  0.199598 -0.166522  -0.278407 -0.0524941   0.938646
   29.8413 -0.276268  0.174032 -0.168652  -0.290004 -0.0483437    0.92827
   29.8469 -0.270409  0.148465 -0.162793  -0.296352 -0.0463906   0.922411
    29.851 -0.267213  0.121301 -0.153739  -0.299892 -0.0534707   0.918871
   29.8569 -0.266148 0.0888104 -0.148945  -0.305751 -0.0666543   0.925585
   29.8612 -0.263484  0.053124 -0.152141  -0.315272 -0.0750771    0.93828
   29.8669 -0.254962 0.0158398 -0.162793  -0.324306 -0.0777626   0.945726
   29.8715  -0.239516 -0.0262382  -0.178772  -0.327846 -0.0813027   0.944994
   29.8769  -0.218743 -0.0747077  -0.202741  -0.327235 -0.0842324   0.939623
   29.8811 -0.193177 -0.127971 -0.233101  -0.329555 -0.0816689   0.935473
   29.8869  -0.16548 -0.181767 -0.264526 -0.332729 -0.085331  0.934008
   29.8911 -0.137251 -0.233432 -0.297017  -0.336879 -0.0930214   0.938524
   29.8969 -0.109554 -0.287761 -0.327377  -0.342494 -0.0935097   0.950975
   29.9011 -0.0845199  -0.349546  -0.359867  -0.352016 -0.0872841    0.95183
   29.9069 -0.0637473  -0.410799  -0.390227  -0.362758 -0.0777626   0.934984
    29.911 -0.0456378  -0.463529  -0.409402   -0.36642 -0.0695839    0.91765
   29.9169 -0.0307241  -0.510401  -0.422185  -0.363979 -0.0637246    0.91765
   29.9214 -0.0142125  -0.554077  -0.429109  -0.355312 -0.0649453   0.931322
   29.9269 0.00496227  -0.594024  -0.431773  -0.342616 -0.0705605   0.945726
   29.9311  0.024137 -0.631308 -0.432838  -0.333827 -0.0717812   0.959642
   29.9369 0.0470402 -0.665397 -0.429642  -0.328456 -0.0675087   0.966478
   29.9412 0.0736718 -0.693094 -0.420587  -0.319911 -0.0626259    0.96538
   29.9469  0.103499 -0.712269 -0.411533   -0.30685 -0.0598183   0.964159
   29.9511  0.139186 -0.727715 -0.399282  -0.292445 -0.0578652   0.968065
   29.9569  0.180198 -0.741563 -0.384901  -0.281215 -0.0590859   0.975023
   29.9611  0.222809 -0.751151 -0.369987  -0.270229 -0.0667763   0.981737
   29.9669  0.265952 -0.757542 -0.349747  -0.259853 -0.0719033    0.98955
   29.9716  0.311226 -0.760738 -0.330572  -0.251796 -0.0687294   0.996874
   29.9769  0.355967 -0.759673 -0.314594  -0.243129 -0.0639687   0.998339
   29.9812  0.401241 -0.754346 -0.299147  -0.232875 -0.0589638   0.994799
   29.9869  0.448645 -0.747422  -0.27944  -0.222011 -0.0524941   0.993212
   29.9913  0.492853 -0.735704 -0.258134  -0.211879 -0.0480996   0.992968
   29.9969   0.52854 -0.719725 -0.235231  -0.201747 -0.0489541    0.99663
   30.0012  0.558367 -0.702681 -0.211795   -0.19247 -0.0493203    1.00456
   30.0069  0.582336 -0.681376 -0.188892 -0.187099 -0.043583   1.00896
   30.0112  0.598847 -0.656342 -0.164391  -0.182704 -0.0369912    1.00945
   30.0168  0.605771 -0.643559 -0.152141   -0.17953 -0.0346718    1.00859
   30.0211  0.612163 -0.613199 -0.142553  -0.167323 -0.0344277      1.002
   30.0269  0.618022 -0.567925 -0.128705  -0.155116 -0.0341835   0.995409
   30.0312  0.617489 -0.537032 -0.124444  -0.144008 -0.0356484    1.00469
   30.0369  0.618555  -0.50614 -0.123379  -0.135097 -0.0339394    1.01982
   30.0414  0.618022 -0.474715  -0.11752  -0.141566 -0.0247841    1.02519
   30.0468  0.616424 -0.458203 -0.112726  -0.145839 -0.0188027    1.02471
   30.0511  0.608967 -0.426778 -0.106334   -0.147426 -0.00964741     1.01738
   30.0569    0.60151  -0.395352 -0.0999427    -0.149013 -0.000492141      1.01006
   30.0612   0.590325  -0.367123 -0.0876922 -0.146815 0.0107383   1.00432
   30.0669    0.57914  -0.338893 -0.0754416 -0.144618 0.0219688  0.998583
   30.0711   0.566889  -0.318121 -0.0562669  -0.14706 0.0259971  0.998095
   30.0769   0.554639  -0.297348 -0.0370921 -0.149501 0.0300254  0.997606
   30.0814   0.531736  -0.277108 -0.0152542 -0.156215 0.0405235    0.9937
   30.0868   0.508832  -0.256868 0.00658373 -0.162929 0.0510215  0.989794
   30.0912  0.475809 -0.238758 0.0268238 -0.160121 0.0504112  0.975634
   30.0969  0.442786 -0.220649 0.0470638 -0.157313 0.0498008  0.961474
   30.1012  0.403904 -0.202007  0.048129 -0.149623 0.0404014  0.962816
   30.1069  0.365022 -0.183365 0.0491943 -0.141933  0.031002  0.964159
   30.1112   0.32614 -0.165788 0.0225627 -0.139857 0.0213584  0.977709
   30.1169    0.287257   -0.148211 -0.00406892 -0.137782 0.0117149  0.991259
   30.1211   0.255299  -0.133297 -0.0450816 -0.139247 0.0124473  0.990038
   30.1269   0.223341  -0.118384 -0.0860943 -0.140712 0.0131797  0.988817
   30.1314  0.211624 -0.110927 -0.108997   -0.1412 0.0156211  0.980883
   30.1367   0.187123 -0.0965456  -0.145749 -0.142421 0.0198936  0.974779
   30.1415   0.154099 -0.0763056  -0.184099 -0.151088 0.0228233  0.986498
    30.147   0.133859 -0.0629898    -0.2086 -0.159022 0.0239219  0.996386
   30.1512   0.112554 -0.0518045  -0.204871 -0.177821 0.0349082  0.996752
   30.1569  0.0912487 -0.0406192  -0.201143  -0.19662 0.0458946  0.997118
   30.1612   0.076335 -0.0363582  -0.185164 -0.200404 0.0469932  0.991137
   30.1668   0.045975 -0.0299666  -0.153206 -0.204066 0.0462608  0.975756
   30.1711  0.0145497 -0.0262382  -0.128172 -0.201259 0.0421104  0.966112
   30.1769  -0.016343 -0.0246403  -0.112193 -0.195888 0.0334434  0.962816
   30.1814 -0.0456378 -0.0214445 -0.0988775  -0.19723 0.0236778  0.958178
   30.1869 -0.0754652 -0.0123897 -0.0834311 -0.196742 0.0162315    0.9666
   30.1911  -0.102097 -0.0118571 -0.0690501 -0.19308 0.011959 0.976366
   30.1969  -0.128728 -0.0161182 -0.0621258 -0.193568 0.0108604  0.963671
   30.2015  -0.154827 -0.0171834 -0.0615932   -0.18954 0.00500102   0.942797
   30.2069  -0.172937 -0.0182487  -0.064789    -0.183559 -0.000736282     0.940233
   30.2112  -0.187318 -0.0177161  -0.074909    -0.17831 -0.00610738    0.949755
   30.2169  -0.199569  -0.019314 -0.0903553  -0.173915 -0.0157509   0.956835
   30.2212  -0.209689 -0.0230424  -0.102073  -0.175136 -0.0200234   0.964891
   30.2269  -0.219809 -0.0262382   -0.10953  -0.180873 -0.0172158   0.967089
   30.2315  -0.231526 -0.0262382  -0.111661   -0.18246 -0.0129433   0.958788
   30.2368 -0.238451 -0.023575 -0.112726  -0.176967 -0.0109902   0.950487
    30.241  -0.239516 -0.0198466  -0.113259  -0.169765 -0.0130654    0.94536
   30.2469  -0.240049 -0.0155855   -0.10953  -0.163051 -0.0167275   0.943407
   30.2514  -0.240049 -0.0102592  -0.105269  -0.156215 -0.0247841   0.940722
   30.2569   -0.242179 -0.00599815   -0.103139  -0.150355 -0.0338173   0.942675
    30.261   -0.242179 -0.00226972   -0.105269  -0.146327 -0.0356484   0.953539
   30.2669  -0.239516 0.00092607  -0.112193  -0.145228 -0.0343056   0.957201
   30.2712  -0.238451 0.00518713  -0.115922  -0.143031 -0.0330849   0.950853
   30.2767  -0.236853 0.00998082  -0.116987 -0.137416 -0.029789  0.942308
    30.281 -0.237385 0.0137092 -0.114324  -0.131923 -0.0256386   0.934618
   30.2869 -0.242712 0.0174377 -0.105269  -0.128871 -0.0255166    0.92766
   30.2913  -0.250701  0.0201008 -0.0930185  -0.127284 -0.0299111   0.926317
   30.2967  -0.260821  0.0254272 -0.0786374  -0.128261 -0.0317421   0.932543
   30.3012  -0.275202  0.0376777 -0.0610606 -0.132777 -0.029789  0.934496
   30.3069  -0.289051  0.0563198 -0.0392227 -0.13412 -0.02808 0.927294
   30.3114  -0.295975  0.0765598 -0.0131237  -0.129726 -0.0258828   0.921557
   30.3167 -0.298638  0.095202 0.0140406  -0.122035 -0.0264931   0.928515
   30.3213 -0.298638  0.111714 0.0401396  -0.112025 -0.0354043   0.942919
   30.3269 -0.293312  0.126095 0.0657059  -0.105556 -0.0476113   0.949877
   30.3311 -0.285855  0.143671 0.0875438  -0.107387 -0.0539589   0.953417
   30.3369  -0.2768 0.163379 0.106719  -0.110683 -0.0551796   0.955248
    30.341 -0.265615  0.182554  0.124828  -0.108852 -0.0562783   0.949755
   30.3468 -0.252299  0.201196  0.137611 -0.103603 -0.057621  0.940477
    30.351 -0.235788  0.218773  0.147731 -0.0990859 -0.0577431    0.93413
   30.3569 -0.219276  0.241143  0.159982 -0.0978652 -0.0607949   0.926439
   30.3611 -0.201699  0.269373  0.174363  -0.105556 -0.0648232   0.938768
   30.3669 -0.184655  0.291743  0.194603   -0.11642 -0.0629921    0.96306
    30.371 -0.174002  0.307722  0.214843  -0.127528 -0.0559121   0.964037
   30.3768 -0.167611  0.320505   0.23455  -0.142055 -0.0479775   0.950121
   30.3809 -0.163882  0.331691   0.26491  -0.155482 -0.0396767   0.928392
   30.3867 -0.161752  0.343941  0.296868  -0.161708 -0.0336953   0.918016
   30.3912 -0.156958  0.352996  0.322967   -0.15829 -0.0363808    0.91765
   30.3969 -0.152697  0.358855  0.341077  -0.150966 -0.0465126   0.918016
    30.401 -0.148436  0.363116  0.351729   -0.15414 -0.0515175   0.942675
   30.4069 -0.142577  0.360453  0.363447  -0.160487 -0.0526162   0.959276
   30.4114 -0.136718  0.355127  0.370372 -0.160121  -0.05579  0.947558
   30.4167 -0.127131  0.355659  0.370904  -0.158656 -0.0572548   0.936693
    30.421 -0.115413  0.360985    0.3741  -0.157924 -0.0567666   0.930956
   30.4269 -0.098901  0.368975  0.379426  -0.158412 -0.0571328   0.938158
   30.4313 -0.0802589   0.376432   0.383687  -0.156947 -0.0622597   0.946947
   30.4369 -0.0637473   0.381225   0.392209  -0.159999 -0.0642128   0.955858
   30.4413 -0.0472357   0.381225   0.403395   -0.16952 -0.0579873   0.957933
   30.4466 -0.0355178   0.387084   0.415113  -0.172816 -0.0544472    0.92412
    30.451 -0.0216693   0.406259   0.437483  -0.181728 -0.0438271   0.920702
   30.4569 -0.000364048     0.416379     0.472104  -0.185634 -0.0343056   0.947558
   30.4613 0.019876 0.414781 0.508856  -0.179774 -0.0329628   0.952684
   30.4668 0.0379855  0.408922   0.54401  -0.183803 -0.0302773   0.946337
   30.4709 0.0486381  0.405194  0.578098  -0.188319 -0.0294228   0.929369
   30.4769 0.0513013  0.409988  0.612187  -0.192836 -0.0244179   0.922045
   30.4812 0.0534318  0.415314  0.641481  -0.194545 -0.0195351   0.918139
   30.4865 0.0507686  0.421706  0.663852  -0.187343 -0.0199013   0.901293
   30.4909 0.0390507  0.434489  0.682494  -0.17953 -0.015873  0.880175
   30.4969 0.0262676  0.456859  0.704865 -0.182094 -0.012333  0.893236
   30.5012 0.0193433  0.474969  0.725637  -0.171352 -0.0288125    0.91997
   30.5067 0.0182781  0.486154  0.729898  -0.149989 -0.0507851   0.940722
    30.511 0.0172128  0.495209  0.714452 -0.145473  -0.05933  0.944872
   30.5169 0.0108212  0.505861  0.683559  -0.146205 -0.0600625   0.932177
   30.5214 0.000701217    0.513851    0.644677  -0.135829 -0.0633584   0.922655
   30.5268 -0.0104841   0.518645   0.602067  -0.135097 -0.0485878    0.90288
   30.5311 -0.00888616    0.535156    0.577565  -0.158412 -0.0223427   0.898363
   30.5368 -0.00249458     0.56232    0.571707  -0.169032 -0.0231972   0.902514
    30.541 -0.00835353    0.588419    0.559456  -0.166713 -0.0328408   0.913622
   30.5469 -0.0184735   0.600137   0.537618  -0.181605 -0.0290566   0.918749
    30.551 -0.0312567   0.603333   0.514182   -0.20309 -0.0201455   0.912401
   30.5568 -0.0461704   0.598539   0.492877  -0.214198 -0.0164834   0.909105
   30.5611 -0.062682   0.58043  0.470506  -0.213832 -0.0200234   0.891771
   30.5669 -0.0802589   0.560723   0.439081  -0.216884 -0.0172158   0.871752
   30.5711 -0.0925094   0.546874   0.409786  -0.227016 -0.0201455   0.889452
   30.5768 -0.0973031   0.528232   0.386351 -0.227626 -0.034916  0.915331
    30.581 -0.09464 0.498937 0.357056  -0.228358 -0.0383339    0.93059
   30.5869 -0.0893136   0.467512   0.327228  -0.246913 -0.0256386   0.930224
   30.5911 -0.0871831   0.440348   0.309119  -0.267787 -0.0105019   0.898363
   30.5968 -0.0903789   0.419575   0.306456   -0.278651 -0.00122456    0.871386
   30.6009 -0.0957052   0.401466   0.310184  -0.282802 0.00671001   0.866381
   30.6068 -0.0994336   0.384421   0.311249   -0.28329 0.00805278   0.874926
    30.611 -0.104227  0.367377  0.309119  -0.282924 0.00207134   0.883226
   30.6168 -0.113815  0.348735   0.30539   -0.285731 -0.00012593     0.89226
   30.6211 -0.128728   0.32743  0.294205  -0.293544 0.00353618   0.892748
   30.6269 -0.145773  0.303461  0.280889  -0.297938 0.00585552   0.888231
   30.6312 -0.162284  0.276297  0.269171   -0.29452 0.00158305   0.884081
   30.6369 -0.178263   0.24647  0.253192   -0.286708 -0.00647359    0.877855
   30.6411 -0.196905  0.215044  0.230822   -0.27328 -0.0217324    0.85808
   30.6469 -0.207558  0.196935  0.212712   -0.27328 -0.0212441   0.859179
   30.6513 -0.207558  0.184684  0.216441  -0.281947 -0.0230751   0.908373
   30.6568 -0.20383 0.164977 0.227093 -0.275478 -0.040165  0.935228
   30.6609 -0.192644   0.13941  0.225496  -0.269618 -0.0438271   0.926195
   30.6669 -0.178796  0.115442  0.221767  -0.269008 -0.0468789   0.914599
   30.6714 -0.162817 0.0983978  0.221235  -0.266566 -0.0483437   0.894701
   30.6767 -0.146305 0.0877451  0.221767  -0.263637 -0.0496865   0.877123
    30.681 -0.131924 0.0834841  0.217506   -0.25973 -0.0598183   0.870653
   30.6869 -0.122337 0.0829514  0.206853  -0.254115 -0.0720253   0.882128
   30.6913 -0.116478 0.0834841  0.186613  -0.250575 -0.0786171   0.897631
   30.6969 -0.111684 0.0818862  0.154123  -0.250453 -0.0826455   0.893358
   30.7011 -0.110086 0.0824188   0.11311  -0.248988 -0.0885048   0.881151
   30.7069 -0.110086 0.0818862 0.0683691  -0.245814 -0.0926552   0.877245
   30.7113 -0.106358 0.0781577 0.0214974  -0.245692 -0.0938759   0.886522
   30.7166  -0.102629   0.074962 -0.0221784   -0.25143 -0.0948525   0.892138
    30.721  -0.103695  0.0712335 -0.0520058  -0.258632 -0.0954628   0.901049
   30.7268  -0.102097  0.0648419 -0.0685174  -0.264247 -0.0935097   0.916918
   30.7314 -0.0941073  0.0563198 -0.0844964   -0.26852 -0.0914345   0.924608
   30.7366 -0.0807915  0.0483303  -0.104204  -0.270717 -0.0914345   0.923754
   30.7412 -0.0621494  0.0435367  -0.115922   -0.27328 -0.0915566   0.916308
   30.7467 -0.0397788  0.0403409  -0.122846  -0.275111 -0.0893593    0.91289
    30.751 -0.0184735  0.0355472  -0.127107  -0.275478 -0.0891152   0.918749
   30.7569 -0.000364047    0.0302208    -0.127107  -0.277675 -0.0925332    0.92766
    30.761 0.0161476 0.0254272 -0.128172  -0.283046 -0.0910683   0.932177
   30.7667 0.0278655 0.0222314 -0.128172   -0.29037 -0.0848427   0.926928
    30.771 0.0363876 0.0222314 -0.133499  -0.292201 -0.0831337   0.915819
   30.7769 0.0454423 0.0195682 -0.148412  -0.287562 -0.0845986   0.911181
   30.7812 0.0539644 0.0153071  -0.17025  -0.280849 -0.0865517   0.917406
   30.7866  0.0614213 0.00891555  -0.199545  -0.277431 -0.0900918   0.924975
    30.791   0.0683455 -0.00120446   -0.227242 -0.281337 -0.092289  0.934618
   30.7969  0.0747371 -0.0155855  -0.246417  -0.292689 -0.0847207   0.950609
   30.8014  0.0800634 -0.0326298  -0.254406  -0.310023 -0.0688515   0.963427
   30.8068  0.0891182 -0.0539351   -0.25121  -0.325038 -0.0539589   0.964403
    30.811   0.096575 -0.0826972  -0.234699  -0.333461 -0.0390664   0.952929
   30.8169 0.0939119  -0.11572 -0.208067  -0.325526 -0.0385781   0.915697
   30.8211 0.0928466 -0.138091 -0.184099  -0.317104 -0.0362587   0.916308
   30.8269 0.0997708 -0.153005 -0.153739  -0.321254 -0.0406533    0.96538
   30.8314  0.103499 -0.176973 -0.120183  -0.313319 -0.0581093   0.982958
   30.8369  0.104032 -0.208398 -0.103671  -0.290492 -0.0638466    0.97185
   30.8411  0.107228 -0.222247 -0.095149 -0.300136 -0.054081  0.962206
   30.8469   0.115217  -0.220116 -0.0775722   -0.31869 -0.0434609   0.959642
   30.8509   0.120543  -0.222779 -0.0536037  -0.304286 -0.0432168   0.956591
   30.8568   0.120011  -0.231302 -0.0450816  -0.289149 -0.0461464   0.955492
   30.8613   0.121609  -0.242487 -0.0498753  -0.284511 -0.0518837   0.959276
   30.8667   0.123739  -0.252607 -0.0525384 -0.286464 -0.050663  0.967943
   30.8709  0.123207 -0.262194 -0.054669  -0.291225 -0.0424843   0.974169
   30.8769   0.121076  -0.268586 -0.0536037  -0.296718 -0.0330849    0.97185
   30.8812   0.118946  -0.274445 -0.0466795  -0.298793 -0.0266152   0.963183
   30.8867   0.116815  -0.281369 -0.0408205  -0.294643 -0.0219765   0.957201
    30.891   0.112554  -0.288826 -0.0397553  -0.287929 -0.0195351   0.953661
   30.8969  0.109358 -0.295217  -0.03869  -0.285365 -0.0207558   0.952807
    30.901   0.106162  -0.298946 -0.0381574 -0.287196 -0.021122  0.958056
   30.9069  0.0992382  -0.299479 -0.0370921  -0.289882 -0.0174599   0.961962
   30.9111  0.0939119  -0.301076 -0.0381574  -0.288661 -0.0152626   0.956225
   30.9169  0.0891182  -0.303207 -0.0450816  -0.280971 -0.0163613    0.94414
   30.9213  0.0837918  -0.303207 -0.0557342  -0.270717 -0.0169716   0.934008
   30.9269  0.0821939  -0.298946 -0.0722458  -0.259242 -0.0184365   0.934008
    30.931 0.0843245 -0.289358 -0.095149  -0.247768 -0.0236855   0.937792
   30.9368 0.0875203 -0.279771 -0.116454 -0.241298 -0.026371  0.952318
   30.9411  0.092314 -0.268586 -0.133499   -0.24496 -0.0183144   0.967333
   30.9468 0.0987055 -0.256868 -0.146814   -0.255824 -0.00037007    0.964159
   30.9511  0.104032 -0.248346 -0.146282 -0.264247  0.018917  0.953539
   30.9568  0.106162 -0.244085 -0.140423 -0.266688  0.027584  0.947069
   30.9609  0.096575 -0.240889 -0.113791 -0.272182 0.0436973  0.943041
   30.9669  0.0869876  -0.237693 -0.0871596 -0.277675 0.0598106  0.939013
    30.971  0.0683455  -0.236628 -0.0477448 -0.274501 0.0550499  0.946581
   30.9767  0.040116 -0.236095   0.01191   -0.2756 0.0555381  0.944506
   30.9812 0.0113539 -0.232899 0.0507922   -0.2756 0.0651817  0.943651
   30.9869 -0.0078209  -0.229171  0.0694343 -0.271327 0.0695762   0.95244
   30.9911 -0.0307241  -0.232367  0.0950007 -0.261073 0.0624961  0.942919
   30.9966 -0.0536273  -0.235563   0.120567 -0.250819 0.0554161  0.933397
    31.001 -0.0717368  -0.229704   0.132818 -0.239345 0.0468711  0.937792
   31.0069 -0.0898463  -0.223845   0.145068  -0.22787 0.0383262  0.942186
    31.011 -0.0978357   -0.21479   0.156786 -0.226283 0.0368614  0.957201
   31.0168 -0.105825 -0.205735  0.168504 -0.224696 0.0353965  0.972216
   31.0209 -0.110086 -0.188691  0.191407 -0.220668   0.03442  0.969164
   31.0269 -0.114347 -0.171647   0.21431  -0.21664 0.0334434  0.966112
   31.0312  -0.10689 -0.152472  0.233485 -0.201259 0.0277061  0.971117
   31.0366 -0.0994336  -0.133297    0.25266 -0.185878 0.0219688  0.976122
   31.0414 -0.0957052  -0.112525   0.251062 -0.180873 0.0144004  0.978319
   31.0467 -0.0919768 -0.0917519   0.249464  -0.175868 0.00683208   0.980516
    31.051 -0.0935747 -0.0752403   0.241475 -0.183925  0.015377  0.981493
   31.0569 -0.0951726 -0.0587287   0.233485 -0.191981 0.0239219   0.98247
    31.061  -0.104227 -0.0400866   0.227093 -0.192103 0.0307579  0.968554
   31.0669  -0.113282 -0.0214445   0.220702 -0.192226 0.0375938  0.954638
   31.0713    -0.121804 -0.000139195     0.208984 -0.188686 0.0328331  0.944628
   31.0768 -0.130326 0.0211661  0.197266 -0.185145 0.0280723  0.934618
   31.0809 -0.142044 0.0382103  0.172765 -0.186244 0.0217247  0.939013
   31.0869 -0.153762 0.0552546  0.148264 -0.187343  0.015377  0.943407
   31.0912 -0.168143 0.0696356  0.127491 -0.193202 0.0156211    0.9406
   31.0968 -0.182524 0.0840167  0.106719 -0.199061 0.0158653  0.937792
   31.1011 -0.188383 0.0904083 0.0965986 -0.199306 0.0150108   0.93181
   31.1066 -0.197971  0.102126 0.0774238 -0.199306 0.0164756  0.923388
    31.111 -0.203297  0.126095 0.0571838  -0.21371 0.0251426  0.909227
   31.1169 -0.204895  0.144737 0.0459985 -0.228358 0.0314903  0.897509
   31.1211 -0.229396   0.15965 0.0566512 -0.238002 0.0380821  0.902269
   31.1269 -0.253897  0.174564 0.0673038 -0.247645 0.0446739   0.90703
   31.1314 -0.267213  0.172434 0.0678364 -0.248622 0.0467491  0.910204
   31.1364 -0.291714  0.167107 0.0694343 -0.256923 0.0541954  0.912157
   31.1411  -0.31728  0.162846 0.0752933  -0.26327 0.0549278    0.9135
   31.1469 -0.339118  0.158053 0.0806196 -0.254115  0.041378  0.929613
   31.1512 -0.351369  0.146867  0.074228 -0.243983 0.0273399  0.929003
   31.1568 -0.371609  0.141541 0.0625101 -0.246303 0.0222129  0.910204
   31.1611 -0.397708  0.142074 0.0545206 -0.255092 0.0213584  0.901537
   31.1667 -0.415285  0.147933 0.0454659 -0.257289  0.013668    0.8958
    31.171 -0.429133  0.154324 0.0305522   -0.248012 -0.00220113    0.889696
   31.1769   -0.43872   0.151128 0.00658372  -0.232875 -0.0142861   0.893236
    31.181  -0.439786   0.146335 -0.0264395  -0.216762 -0.0269814   0.899584
   31.1869  -0.431796   0.141541 -0.0653216  -0.210292 -0.0452919   0.897997
   31.1912  -0.425937    0.13941 -0.0967469  -0.218837 -0.0534707   0.896288
   31.1968 -0.425405  0.138345 -0.112726  -0.230311 -0.0495644   0.909716
   31.2011 -0.419546  0.135149 -0.123379  -0.234706 -0.0507851   0.931322
   31.2068  -0.40623  0.129823 -0.133499 -0.237025 -0.059208  0.936571
    31.211 -0.391849  0.125029 -0.138292  -0.239101 -0.0633584   0.932787
   31.2169   -0.378 0.120768 -0.13776   -0.23849 -0.0684853   0.928026
   31.2211 -0.362554  0.116507 -0.132966  -0.240565 -0.0770302   0.924975
   31.2269 -0.341249  0.114909 -0.118585  -0.246913 -0.0861855   0.921068
   31.2311   -0.31515   0.118105 -0.0983448 -0.252406 -0.093998  0.924364
   31.2369  -0.285855   0.120236 -0.0802353  -0.255946 -0.0955849   0.935717
    31.241  -0.245375   0.116507 -0.0594627  -0.258876 -0.0965615   0.938158
   31.2468  -0.195307   0.112246 -0.0376248 -0.258632 -0.101811  0.928148
   31.2512  -0.144707   0.108518 -0.0195153 -0.258266 -0.104618  0.914599
   31.2569   -0.101564    0.101061 -0.00353628 -0.253139 -0.111332  0.917284
    31.261   -0.062682   0.0872125 -0.00247102 -0.24203 -0.12952 0.937548
   31.2669 -0.0317894  0.0669725 -0.0163195 -0.237636  -0.14185  0.952562
    31.271 -0.00888616   0.0451345  -0.0365595 -0.239955 -0.140385  0.949022
   31.2769 0.00975597   0.022764 -0.0583974  -0.24203 -0.137211  0.929735
   31.2813  0.0214739 0.00625239 -0.0781048 -0.244228 -0.133305   0.91997
   31.2867  0.0449097 -0.0102592 -0.0887574 -0.253871 -0.122196  0.933764
   31.2912  0.0720739 -0.0230424 -0.0839638 -0.267055 -0.110355  0.934252
   31.2969   0.092314 -0.0310319 -0.0685174 -0.274257 -0.105717  0.929857
   31.3011   0.111489 -0.0464782 -0.0466795 -0.278651 -0.102177  0.937426
   31.3069   0.122141 -0.0667182 -0.0205805   -0.28744 -0.0944863   0.939867
    31.311   0.132261 -0.0906867  0.0113774 -0.298793 -0.083622  0.933886
   31.3169  0.141849  -0.11359 0.0459985  -0.301479 -0.0744668   0.920336
   31.3212  0.148773 -0.137026 0.0859459  -0.297084 -0.0699501   0.911181
    31.327  0.156762 -0.165788   0.13122  -0.291713 -0.0684853   0.913134
   31.3312  0.165817 -0.195615  0.171167   -0.28622 -0.0739785   0.918261
    31.337  0.177535 -0.219051  0.207386  -0.283656 -0.0816689   0.914721
   31.3414  0.185525 -0.237693  0.243072 -0.281703 -0.088871  0.912157
   31.3466  0.194579 -0.253672  0.267041  -0.273891 -0.0950966    0.92058
   31.3511  0.212689 -0.268586  0.281422  -0.267055 -0.0942421   0.914965
    31.357  0.231864 -0.284565  0.301129  -0.259975 -0.0930214   0.906054
   31.3612  0.246777 -0.304272  0.317108  -0.248622 -0.0994912   0.912401
    31.367  0.263822 -0.325577  0.322967 -0.239345 -0.110477  0.927294
   31.3713 0.282996 -0.34422 0.322435 -0.233852 -0.119144  0.948412
   31.3768  0.298443 -0.362329  0.317108 -0.235072 -0.120121  0.961107
   31.3811  0.308563 -0.378308  0.312847  -0.23788 -0.113773  0.963549
    31.387  0.320813 -0.388428  0.304858 -0.237147 -0.105106  0.955736
   31.3914   0.33839 -0.396418  0.296336 -0.231898 -0.097416  0.947924
    31.397 0.350641 -0.40494 0.294205  -0.226039 -0.0911904   0.946459
   31.4013 0.358097 -0.41719 0.289944  -0.221889 -0.0889931    0.94829
   31.4069  0.365022 -0.429973  0.282487  -0.218471 -0.0893593   0.955736
   31.4112  0.369283 -0.441159  0.280889  -0.220058 -0.0824013   0.969286
    31.417  0.369283 -0.455007  0.286216  -0.225551 -0.0684853   0.975878
   31.4212  0.369815 -0.467258  0.297401  -0.228969 -0.0562783   0.968554
    31.427  0.370881 -0.474715  0.320837 -0.228969 -0.043705  0.964403
   31.4315  0.367152 -0.478976   0.35386  -0.226527 -0.0336953   0.966478
    31.437  0.355967 -0.484302  0.391144  -0.223231 -0.0323525   0.965502
   31.4415   0.33839 -0.489628  0.433755  -0.226283 -0.0310097   0.982226
    31.447  0.322411 -0.486965  0.477963  -0.235438 -0.0239296   0.992357
    31.451  0.312291 -0.471519  0.520574  -0.239101 -0.0166054   0.987841
    31.457 0.300573 -0.45554 0.557325  -0.228236 -0.0151406   0.996142
   31.4615  0.286192 -0.450746  0.572239  -0.206508 -0.0230751    0.99431
   31.4668  0.269148 -0.452344  0.566913  -0.188075 -0.0323525    0.98955
   31.4712  0.248375 -0.459801  0.551466  -0.172938 -0.0412636   0.998583
    31.477  0.233461 -0.468323  0.519509   -0.16244 -0.0510293    1.00395
   31.4812 0.226537 -0.47578 0.476365   -0.15829 -0.0520058    1.01116
   31.4869  0.222276 -0.485367  0.429494  -0.156581 -0.0461464    1.01494
   31.4911  0.217483 -0.492824  0.378361 -0.154506 -0.041996   1.00652
    31.497 0.211624 -0.49815   0.3235   -0.14706 -0.0400429   0.995043
   31.5016  0.205232 -0.505607   0.26278   -0.13766 -0.0325966   0.992724
    31.507   0.19671 -0.517325   0.20419  -0.131801 -0.0253945   0.998583
   31.5113  0.185525 -0.531706  0.154123  -0.131679 -0.0251503    1.00359
    31.517  0.170078 -0.545555  0.111512 -0.136806 -0.021122   1.01006
   31.5215  0.148773 -0.552479 0.0795543  -0.147426 -0.0092812    1.01177
    31.527  0.124805 -0.551414 0.0630427   -0.155604 -0.00159077     1.00737
   31.5312 0.0981729 -0.544489  0.053988    -0.157802 -0.000614211      1.00102
    31.537 0.0715413 -0.530641  0.053988   -0.158046 0.000484421    0.996141
   31.5412 0.0555623 -0.509868 0.0609122   -0.156337 -0.00439839    0.993456
    31.547 0.0465076 -0.489096 0.0657059  -0.153407 -0.0156289    1.00151
   31.5514 0.0347897  -0.47791  0.074228  -0.149623 -0.0295449    1.02495
   31.5566 0.0209412 -0.472051 0.0790217  -0.146571 -0.0422402    1.04741
   31.5612 0.0108212 -0.468323  0.069967  -0.142421 -0.0504189    1.05779
    31.567 0.00922333  -0.461931  0.0550533  -0.135829 -0.0577431    1.05583
   31.5713 0.0134844 -0.448616 0.0390743  -0.128993 -0.0600625    1.05474
   31.5769 0.0204086 -0.436365 0.0193669  -0.122523 -0.0653115    1.05522
   31.5811  0.0252023   -0.42731 0.00498583   -0.11642 -0.0760537    1.05779
    31.587   0.0246697    -0.41719 -0.00566682  -0.116176 -0.0815468    1.06755
   31.5913  0.0246697  -0.399613 -0.0157868  -0.123012 -0.0815468    1.07646
   31.5969  0.0294634  -0.378308 -0.0152542  -0.130458 -0.0758095    1.07512
    31.601   0.0305286   -0.359133 0.000724774  -0.139613 -0.0660439    1.06352
    31.607 0.0273328 -0.333034 0.0294869  -0.149745 -0.0556679    1.05669
   31.6113 0.0283981 -0.296815 0.0689017  -0.150844 -0.0524941    1.06035
   31.6169 0.0358549 -0.259531  0.104055  -0.145717 -0.0620156    1.06597
   31.6211 0.0390507 -0.228638  0.130687  -0.147182 -0.0689736    1.06719
    31.627 0.0331918 -0.207866  0.155188    -0.1506 -0.0687294    1.07427
   31.6313 0.0268002 -0.195615  0.169037  -0.149745 -0.0706826    1.08318
   31.6369 0.0230718  -0.18656    0.1717  -0.145717 -0.0720253     1.0833
   31.6411 0.0257349 -0.178038  0.169037  -0.138637 -0.0699501    1.07671
    31.647 0.0347897 -0.169516  0.157319  -0.131435 -0.0654335    1.07512
   31.6512 0.0486381 -0.165788  0.139209  -0.127406 -0.0617714    1.07817
    31.657 0.0630192 -0.167918  0.122165  -0.129481 -0.0582314    1.07903
   31.6611 0.0726066 -0.172179  0.105653  -0.136928 -0.0526162    1.07732
    31.667 0.0774003 -0.174843 0.0886091  -0.145228 -0.0448037    1.06609
   31.6716 0.0726066 -0.176973 0.0758259  -0.151088 -0.0336953    1.05132
   31.6768 0.0614213 -0.178571 0.0683691  -0.155604 -0.0201455    1.03496
   31.6811  0.045975 -0.171114 0.0689017  -0.157558 -0.0102578    1.02092
    31.687 0.0315939 -0.157798 0.0715649  -0.152553 -0.0112343    1.02056
   31.6911 0.0172128 -0.149276 0.0736954  -0.147914 -0.0173378    1.02629
    31.697 -0.00515774    -0.14395   0.0795543  -0.153163 -0.0152626    1.02788
   31.7011 -0.0312567  -0.130634  0.0891417    -0.16244 -0.00769429     1.01995
    31.707 -0.0600189  -0.106666    0.10086   -0.164638 -0.00488667     1.00566
   31.7111 -0.0882484 -0.0832298   0.110447   -0.158046 -0.00281148    0.993456
    31.717  -0.111152 -0.0661856   0.111512  -0.153041 0.00536723   0.985399
   31.7212  -0.132989 -0.0523372   0.108316 -0.156459 0.0162315  0.968798
    31.727  -0.158556 -0.0390213   0.115241 -0.168056 0.0290489  0.945726
   31.7316  -0.187851 -0.0320971   0.128557 -0.176601 0.0366172  0.961962
   31.7368  -0.215015 -0.0358256   0.142405 -0.178554 0.0394249  0.982958
   31.7411  -0.237385 -0.0406192   0.160514 -0.181239  0.046627  0.977709
    31.747  -0.259223 -0.0363582   0.185548 -0.182216 0.0505332  0.967455
   31.7511  -0.275202 -0.0209119   0.212712 -0.181361 0.0480918   0.95476
    31.757  -0.285322 0.00252397   0.242007 -0.178676 0.0406456  0.945604
   31.7614 -0.291181 0.0216987  0.267041 -0.172572 0.0279502  0.939257
   31.7666 -0.298105 0.0318187  0.278759 -0.163905 0.0126915  0.942186
   31.7713  -0.30716 0.0360798  0.274498   -0.156459 -0.00195698    0.953295
    31.777 -0.307693 0.0360798   0.25266  -0.149989 -0.0137978    0.94829
   31.7812 -0.300236 0.0398082  0.215376  -0.135707 -0.0249062   0.936449
    31.787  -0.28692 0.0355472  0.159449  -0.11703 -0.036747  0.942308
   31.7913 -0.272539 0.0222314 0.0896744  -0.104945 -0.0485878   0.950853
    31.797  -0.261886 0.00891555  0.0167037 -0.0971328 -0.0638466   0.959887
   31.8012   -0.246973 -0.00546552  -0.0605279 -0.0896865 -0.0755654   0.976854
   31.8067  -0.226733 -0.0209119  -0.138825 -0.0878554  -0.076664   0.994188
   31.8111  -0.205427 -0.0363582  -0.201675 -0.0928603 -0.0690957   0.997973
    31.817  -0.180394 -0.0422171  -0.248547  -0.100307 -0.0555459   0.981127
   31.8212   -0.15536 -0.0358256  -0.276777  -0.104945 -0.0391884   0.958788
    31.827  -0.132457 -0.0219771  -0.284233   -0.10287 -0.0288125    0.94768
   31.8313   -0.112749 -0.00759605   -0.283701  -0.101771 -0.0258828   0.940722
    31.837 -0.0962379 0.00838292  -0.271983  -0.106532 -0.0240517   0.935717
   31.8413 -0.0791936  0.0312861  -0.253341  -0.108729 -0.0247841   0.937426
    31.847 -0.062682 0.0568525 -0.246417  -0.101894 -0.0311318   0.941942
   31.8513 -0.0472357  0.0802883  -0.250678 -0.0891982 -0.0393105    0.94121
   31.8568 -0.0269957   0.102126  -0.265059 -0.0773574 -0.0427285   0.937182
   31.8612 -0.00196195    0.120768   -0.288495  -0.067958 -0.0434609   0.940355
    31.867 0.0252023  0.133551 -0.315659 -0.0608779 -0.0467568   0.948046
   31.8711 0.0513013  0.143672 -0.343356 -0.0599013 -0.0484658   0.953661
    31.877 0.0731392  0.154324 -0.368922 -0.0691787  -0.040165   0.954516
   31.8815 0.0880529  0.168173 -0.385434 -0.0841933 -0.0238076   0.938768
   31.8868 0.096575 0.184684 -0.39289 -0.0907851 -0.0092812   0.920702
   31.8911  0.101369  0.199065 -0.395021 -0.0900527 0.00207134   0.904955
   31.8969  0.101369  0.217175 -0.394488 -0.0867568    0.01025     0.8958
   31.9011 0.0987056   0.23848 -0.398217 -0.0788222 0.00536723   0.894701
    31.907 0.0928466  0.257122 -0.407804   -0.069667 -0.00745015    0.899218
   31.9112 0.0848571  0.275764 -0.426446 -0.0636855 -0.0162392    0.90935
   31.9167 0.0752697  0.296004 -0.456274 -0.0634414 -0.0195351   0.912767
   31.9212 0.0656823  0.315179 -0.486634 -0.0672256 -0.0196572   0.911425
    31.927 0.0608887  0.332756 -0.514331 -0.069667 -0.019291  0.910692
   31.9311 0.0598234  0.352463 -0.537234 -0.0794326 -0.0146523   0.913988
    31.937 0.0598234  0.371638 -0.545756   -0.09225 -0.0118447   0.918749
   31.9415 0.0566276   0.38815 -0.546289  -0.101771 -0.0136757   0.923876
   31.9468 0.0528992  0.396139 -0.545223  -0.108241 -0.0136757   0.927538
   31.9511  0.050236  0.413716 -0.528712   -0.120082 -0.00793843    0.936083
    31.957 0.0475729  0.431293   -0.5122   -0.131923 -0.00220113    0.944628
   31.9612 0.0491707  0.444076 -0.493558  -0.134608 0.00207134   0.940233
    31.967 0.0507686  0.456859 -0.474916 -0.137294 0.0063438  0.935839
   31.9711 0.0523665  0.469642 -0.473318    -0.12997 0.000240281    0.935228
   31.9767 0.0539644  0.482426  -0.47172   -0.122645 -0.00586323    0.934618
   31.9811 0.0592908  0.480828 -0.496221  -0.121425 -0.0119668   0.947313
    31.987 0.0646171   0.47923 -0.520722  -0.120204 -0.0180703   0.960009
   31.9913 0.0635518  0.468577  -0.54043   -0.131801 -0.00854878    0.953539
   31.9968 0.0624866  0.457925 -0.560137   -0.143397 0.000972703    0.947069
   32.0011 0.0598234  0.444609 -0.571322  -0.147304 0.00353618   0.942675
    32.007 0.0571602  0.431293 -0.582508   -0.15121 0.00609966    0.93828
   32.0115 0.0518339  0.415314 -0.584638   -0.155849 -0.00342183    0.940477
   32.0166 0.0465076  0.399335 -0.586769  -0.160487 -0.0129433   0.942675
   32.0211 0.0326592  0.383356 -0.578247  -0.170009 -0.0157509     0.9489
    32.027 0.0188107  0.367377 -0.569724   -0.17953 -0.0185585   0.955126
   32.0312 0.00656017   0.357257  -0.555343  -0.177943 -0.0308876   0.950243
   32.0368 -0.00569037    0.347137   -0.540962  -0.176356 -0.0432168    0.94536
   32.0411 -0.0094188   0.337017   -0.54256  -0.171107 -0.0583535   0.953905
    32.047 -0.0131472   0.326897  -0.544158  -0.165858 -0.0734902    0.96245
   32.0513 -0.00462511    0.311451   -0.555876  -0.167934 -0.0856972   0.980394
   32.0569 0.00389701   0.296004  -0.567594  -0.170009 -0.0979043   0.998339
   32.0611 0.0209412  0.283754 -0.576649   -0.17892 -0.0981484    0.98955
    32.067 0.0379855  0.271503 -0.585703  -0.187831 -0.0983925   0.980761
   32.0714 0.0555623  0.251796 -0.585171  -0.194789 -0.0953408   0.991137
   32.0769 0.0731392  0.232088 -0.584638 -0.201747 -0.092289   1.00151
    32.081 0.0912487  0.215577 -0.572388 -0.204921 -0.093998   1.00798
    32.087  0.109358  0.199065 -0.560137 -0.208095 -0.095707   1.01445
   32.0914  0.120543  0.188945 -0.548952  -0.211024 -0.0950966    1.02312
   32.0968  0.141849  0.168705 -0.523385  -0.220668 -0.0902138    1.03008
   32.1011  0.159958  0.155922 -0.495688  -0.229701 -0.0831337    1.02434
   32.1068 0.173807 0.144737  -0.4616  -0.236293 -0.0734902    1.01995
   32.1111  0.18659  0.12929 -0.42112  -0.239589 -0.0640908    1.01079
    32.117  0.203101  0.119703 -0.381705 -0.233485 -0.062748   1.01116
   32.1211  0.219613  0.111714 -0.347084  -0.226771 -0.0683632    1.01653
    32.127  0.228135  0.102659 -0.315659  -0.228725 -0.0698281    1.01848
   32.1314  0.231864  0.095202 -0.283168  -0.236415 -0.0633584    1.02165
   32.1367  0.235059 0.0898757 -0.252276  -0.239101 -0.0588418    1.01921
   32.1411   0.23932 0.0834841 -0.229905   -0.23202 -0.0584755    1.01445
    32.147  0.243582 0.0765598 -0.219252  -0.220912 -0.0606728    1.00066
   32.1516   0.24731 0.0712335 -0.227774  -0.207362 -0.0634804   0.996386
   32.1566  0.248375 0.0627114 -0.249612  -0.196498 -0.0657998   0.997484
   32.1614  0.245712 0.0552546 -0.274646   -0.19308 -0.0676308    1.00078
   32.1669  0.241984 0.0483303 -0.303408  -0.195399 -0.0631142    1.00823
    32.171  0.236125  0.038743 -0.331105  -0.202846 -0.0499306    1.00579
    32.177  0.228135 0.0302208 -0.350812  -0.209193 -0.0362587   0.997118
   32.1811   0.21908 0.0222314 -0.359335  -0.207728 -0.0264931   0.989306
    32.187  0.211091 0.0131766 -0.365726  -0.200038 -0.0199013   0.989794
   32.1912  0.202036 0.0046545 -0.369987  -0.194667 -0.0167275   0.992235
    32.197    0.192449 -0.00333499   -0.365194 -0.194179 -0.015873  0.994188
   32.2012    0.181264 -0.00972657   -0.350812  -0.197597 -0.0117226    1.00188
   32.2069   0.164752 -0.0118571  -0.333768   -0.204311 -0.00464253     1.00517
   32.2112   0.145577 -0.0118571  -0.310332   -0.208095 -0.00329976    0.997606
    32.217    0.123739 -0.00972657    -0.27944  -0.207362 -0.0080605   0.989916
   32.2215    0.101901 -0.00759605   -0.252276  -0.199428 -0.0147744   0.982958
    32.227   0.0891182 0.000393437   -0.227242  -0.194179 -0.0308876   0.995775
   32.2314 0.0901834 0.0131766 -0.207534   -0.19601 -0.0452919    1.03496
    32.237 0.0885855 0.0216987  -0.18836  -0.192958 -0.0470009    1.03313
   32.2411 0.0784655 0.0323514 -0.169718  -0.191615 -0.0463906     1.0186
   32.2469 0.0731392 0.0414061 -0.162261  -0.193935 -0.0459023     1.0258
   32.2511 0.0720739  0.048863 -0.159598  -0.191737 -0.0443154     1.0197
    32.257 0.0710087 0.0563198 -0.161728     -0.186 -0.0413857    1.01604
   32.2612 0.0694108 0.0605809  -0.17025  -0.179774 -0.0411416    1.02068
    32.267 0.0667476  0.063244 -0.179305   -0.17477 -0.0448037    1.02715
   32.2712 0.0598234 0.0648419  -0.19049  -0.175746 -0.0468789    1.03276
    32.277 0.0497034 0.0680377 -0.207002  -0.184047 -0.0423623     1.0352
   32.2814 0.0390507 0.0707009 -0.220318  -0.195888 -0.0329628    1.02812
   32.2868 0.0257349 0.0744293 -0.222448  -0.204921 -0.0242959    1.02519
   32.2911 0.0182781 0.0781577 -0.224046  -0.195766 -0.0267373    1.03301
    32.297 0.0166802 0.0760272  -0.23896  -0.182338 -0.0362587    1.03423
   32.3014 0.0086907 0.0733641 -0.259732  -0.187953 -0.0324746     1.0103
   32.3069 -0.0078209  0.0786904  -0.272516  -0.198451 -0.0267373    1.00737
   32.3111 -0.022202  0.079223 -0.278907  -0.199428 -0.0358925     1.0479
   32.3167 -0.0317894   0.069103  -0.289027  -0.199184 -0.0430947    1.05632
   32.3212 -0.0408441  0.0701683  -0.308202  -0.209682 -0.0473671    1.04375
    32.327 -0.0392462  0.0765598  -0.325779  -0.212733 -0.0489541    1.06072
   32.3315 -0.0317894  0.0744293   -0.34229  -0.205287 -0.0511513    1.07097
    32.337 -0.022202 0.0701683 -0.361465  -0.202846 -0.0599404     1.0739
   32.3413 -0.0104841   0.063244  -0.377977  -0.203944 -0.0634804    1.08049
    32.347 0.00123385  0.0536567  -0.394488  -0.210292 -0.0606728    1.08537
    32.351 0.0150823 0.0414061 -0.408337  -0.218471 -0.0564003    1.08769
    32.357 0.0294634 0.0259598  -0.42325  -0.221645 -0.0535927    1.08061
   32.3615  0.0438444 0.00785029  -0.440295  -0.221522 -0.0511513    1.06951
   32.3667  0.0539644 -0.0118571  -0.449882  -0.222987 -0.0466347    1.06621
   32.3713  0.0635518 -0.0358256  -0.456274 -0.222865 -0.041874   1.07402
   32.3768  0.0736718 -0.0683161  -0.453611 -0.228114 -0.043583   1.07891
   32.3811  0.0758024 -0.0954804  -0.438164  -0.245937 -0.0462685    1.07512
    32.387 0.0710087 -0.108796 -0.419522  -0.25912 -0.036625   1.06584
   32.3911  0.066215 -0.123177  -0.39289  -0.261073 -0.0253945    1.06694
   32.3969  0.060356 -0.144483 -0.358802  -0.259608 -0.0247841    1.06597
   32.4011 0.0518339 -0.163657  -0.33004   -0.25558 -0.0224648    1.06108
    32.407 0.0433118 -0.182299 -0.295951  -0.258144 -0.0214882    1.06011
   32.4114 0.0331918 -0.193485  -0.24908 -0.269496  -0.02808     1.054
   32.4166 0.0204086 -0.189224 -0.200078  -0.277797 -0.0277138    1.05412
   32.4211 0.0086907 -0.182299 -0.145749   -0.28268 -0.0234414    1.06902
    32.427 0.00283175  -0.181234 -0.0876922  -0.285731 -0.0251503     1.0772
   32.4315 0.00283175  -0.181234 -0.0354942  -0.284999 -0.0278359    1.06829
    32.437 0.0086907 -0.176973 0.0135079   -0.28329 -0.0252724    1.05266
   32.4415 0.0161476 -0.168984 0.0609122   -0.28329 -0.0229531    1.03838
   32.4468 0.0225391 -0.163125  0.101925  -0.281825 -0.0311318    1.05254
    32.451 0.0273328 -0.165255  0.134948  -0.281093 -0.0395546    1.07195
   32.4567 0.0273328 -0.171114  0.159449    -0.2839 -0.0361367    1.06658
   32.4615 0.0273328 -0.179636  0.179689  -0.286342 -0.0238076    1.05132
    32.467 0.0268002 -0.189224  0.201527   -0.28622 -0.0134316    1.01885
   32.4711  0.024137 -0.197746  0.223898   -0.281825 -0.00989155    0.985643
    32.477 0.0193433 -0.207333  0.239344  -0.273158 -0.0112343   0.970751
   32.4811 0.0113539 -0.217453  0.246268  -0.263759 -0.0190468   0.964891
    32.487 0.00229911  -0.228638    0.24467  -0.257655 -0.0258828   0.963183
   32.4914 -0.00675564   -0.239824    0.238811  -0.256312 -0.0250283   0.958178
   32.4969 -0.0147451  -0.249411   0.236681 -0.257289    -0.021  0.949144
   32.5011 -0.0195388  -0.257401    0.23455  -0.256312 -0.0161171   0.935595
    32.507 -0.022202 -0.262194  0.235083   -0.252772 -0.00989155    0.926806
   32.5114 -0.0248651  -0.264857   0.240409   -0.248134 -0.00732808    0.922899
   32.5168 -0.0275283  -0.266455   0.238279  -0.242519 -0.0130654    0.91997
   32.5211 -0.0285936  -0.266988   0.228691  -0.239467 -0.0195351   0.920946
    32.527 -0.0301915  -0.266988   0.215376  -0.240199 -0.0190468   0.921068
   32.5311 -0.0333872  -0.263792   0.197266  -0.243007 -0.0148964    0.91765
    32.537 -0.0339199  -0.260596   0.177026  -0.240443 -0.0129433   0.906176
   32.5411 -0.0349851  -0.259531   0.151992  -0.232387 -0.0139199   0.905077
    32.547 -0.0317894  -0.254205   0.120567  -0.231898 -0.0136757   0.923388
   32.5514 -0.0211367  -0.243552  0.0928701  -0.233974 -0.0100136    0.90996
   32.5569 -0.0174083  -0.231302  0.0651733  -0.228236 -0.0126992    0.90349
    32.561 -0.0206041  -0.225443  0.0305522  -0.227016 -0.0184365   0.930834
    32.567  -0.0168756   -0.219584 -0.00353628  -0.232631 -0.0166054   0.934618
   32.5713 -0.00888616   -0.207866  -0.0360269  -0.231044 -0.0152626     0.9312
   32.5769 -0.00355984   -0.195083  -0.0701153  -0.224574 -0.0162392   0.929247
   32.5811 0.00336438  -0.182299  -0.101008 -0.219691 -0.014164  0.926561
    32.587 0.0150823 -0.169516 -0.127107  -0.217372 -0.0147744   0.925585
   32.5911 0.0283981 -0.158331 -0.146814  -0.216518 -0.0200234   0.929613
    32.597 0.0369202 -0.150341 -0.162793   -0.21664 -0.0195351     0.9406
   32.6013 0.0417139 -0.143417 -0.177174  -0.218837 -0.0119668   0.940722
   32.6068 0.0481055 -0.138091 -0.183566   -0.216395 -0.00659566     0.92412
   32.6113 0.0528992 -0.131167 -0.183566    -0.21078 -0.00561909    0.915697
   32.6168 0.0571602 -0.121047 -0.184099   -0.205287 -0.00769429    0.925097
   32.6213 0.0646171  -0.11359 -0.181968  -0.195399 -0.0168496   0.932665
    32.627 0.0715413 -0.109861 -0.177707  -0.188441 -0.0290566   0.939135
   32.6311 0.0774003 -0.107731 -0.171848  -0.187099 -0.0325966   0.950975
   32.6369 0.0816613   -0.1056 -0.160663   -0.18661 -0.0308876   0.950731
   32.6412 0.0859224 -0.101872 -0.150543  -0.183925 -0.0312539   0.940722
   32.6469  0.0944445 -0.0965456  -0.142021  -0.176356 -0.0319863   0.934252
   32.6511  0.107228 -0.090154 -0.130835  -0.169032 -0.0317421   0.924852
    32.657   0.116815 -0.0832298   -0.11965  -0.164638 -0.0357705   0.923266
   32.6611  0.117348 -0.080034 -0.110063  -0.160976 -0.0461464   0.935961
    32.667  0.114685 -0.080034 -0.103671  -0.159633 -0.0516396   0.944506
   32.6715   0.110423 -0.0784361  -0.106334  -0.159999 -0.0499306   0.943163
   32.6768   0.104565 -0.0768382  -0.119117  -0.159511 -0.0466347   0.935106
   32.6811   0.101369 -0.0768382  -0.140955  -0.152553 -0.0479775    0.92351
    32.687  0.0992382 -0.0805667  -0.177707  -0.140224 -0.0512734   0.919603
   32.6912  0.0917813 -0.0869583  -0.225111  -0.133754 -0.0513955   0.915819
    32.697  0.0800634 -0.0928172   -0.27145 -0.134608  -0.05225  0.909227
   32.7014  0.0715413 -0.0986762  -0.310865  -0.138637 -0.0517617   0.917528
   32.7069 0.0646171 -0.106666 -0.340692  -0.143153 -0.0490761   0.935839
    32.711 0.0576929 -0.116786 -0.368922  -0.145839 -0.0476113    0.94536
    32.717 0.0544971 -0.126906 -0.392358   -0.14828 -0.0456582   0.941942
   32.7213 0.0550297 -0.132765 -0.403543  -0.153407 -0.0377236    0.93828
    32.727 0.0555623 -0.132765 -0.405674  -0.159022 -0.0283242   0.940722
   32.7314 0.0592908 -0.130634 -0.391825  -0.163173 -0.0251503   0.948534
   32.7368 0.0678129 -0.131167 -0.361998  -0.168666 -0.0220986    0.96184
   32.7412 0.0688781 -0.127438 -0.327377  -0.176478 -0.0145302   0.964769
    32.747 0.0667476 -0.117318 -0.290625   -0.183681 -0.00464253    0.957445
   32.7512  0.066215 -0.108264  -0.25121  -0.183925 0.00463481    0.94475
    32.757   0.060356 -0.0997414   -0.21872 -0.176356 0.0104942  0.927782
   32.7615  0.050236 -0.090154 -0.194219 -0.166347 0.0117149  0.917894
   32.7666  0.0358549 -0.0810993  -0.176109  -0.156703 0.00475688   0.914965
   32.7712  0.0220065 -0.0725772  -0.172381   -0.148769 -0.00635152    0.922289
    32.777 0.0108212 -0.065653 -0.181435  -0.143764 -0.0156289   0.939989
   32.7813 0.00176648 -0.0608593  -0.200078 -0.139979 -0.022831  0.950243
    32.787 -0.00409247  -0.0571308   -0.229372  -0.134975 -0.0278359   0.947313
   32.7913 -0.00462511  -0.0539351   -0.259732  -0.129115 -0.0295449   0.944994
   32.7969 0.00123385 -0.0507393  -0.286364  -0.124965 -0.0278359   0.946093
   32.8012 0.00762543 -0.0464782  -0.308735  -0.124843 -0.0278359   0.944506
    32.807 0.00975596 -0.0390213  -0.320985 -0.126308 -0.031498  0.945726
   32.8111 0.00815807  -0.029434  -0.328975  -0.127895 -0.0334511   0.955614
   32.8169 0.00922333  -0.019314  -0.336964   -0.13119 -0.0322304   0.958788
   32.8212   0.0129518 -0.00706341   -0.339095  -0.133632 -0.0317421   0.952074
    32.827 0.0166802 0.0046545 -0.334301  -0.132045 -0.0294228    0.94829
   32.8315 0.0214739 0.0174377 -0.326844  -0.128627 -0.0250283   0.946947
    32.837 0.0246697 0.0318187 -0.317257  -0.125819 -0.0271035   0.949144
   32.8414 0.0252023 0.0451345 -0.304474  -0.125819 -0.0310097   0.958666
   32.8469 0.0246697 0.0600482  -0.28956  -0.130946 -0.0291787   0.967089
   32.8511  0.019876 0.0765598 -0.272516   -0.13827 -0.0246621   0.968676
    32.857  0.014017 0.0930714 -0.256537  -0.140468 -0.0200234   0.968065
   32.8612 0.00815807   0.107985  -0.237894 -0.137294 -0.014164  0.966112
    32.867 0.00336438   0.121834  -0.216057   -0.133388 -0.00708394    0.966356
   32.8711 0.00176648   0.135149  -0.199012   -0.130092 -0.00207906    0.972216
    32.877 -0.00355984      0.1474   -0.181435    -0.129237 -3.85987e-06      0.97893
   32.8815 -0.0131472    0.15752  -0.162261  -0.132533 0.00536723   0.982592
   32.8867 -0.0232672    0.16764  -0.140423 -0.140346 0.0157432  0.976854
   32.8912 -0.0355178   0.178293  -0.108997 -0.144008 0.0241661  0.965624
    32.897 -0.0429746   0.183086 -0.0903553 -0.142665 0.0270957  0.960985
   32.9011 -0.0541599   0.194272 -0.0594627 -0.13827 0.029293 0.955004
    32.907 -0.0696062   0.211848 -0.0141889 -0.130458 0.0268516  0.952807
   32.9113 -0.0754652   0.222501  0.0113774 -0.126674 0.0140342  0.962694
   32.9168 -0.0781284   0.230491  0.0300195    -0.124599 -0.000370071     0.977465
   32.9213 -0.0775957   0.236882  0.0390743   -0.121059 -0.00940327    0.991991
    32.927 -0.0706715   0.240611   0.033748 -0.116664 -0.015873  0.998217
   32.9314 -0.0610841   0.241143  0.0193669  -0.109462 -0.0206337   0.996019
    32.937 -0.0568231   0.240611  0.0119101  -0.104823 -0.0217324   0.993456
   32.9413 -0.0429746   0.233686 -0.0152542  -0.100795 -0.0185585   0.990282
    32.947 -0.0291262   0.226762 -0.0424184 -0.0967666 -0.0153847   0.987108
   32.9512 -0.0190062   0.216109 -0.0567995  -0.106898 -0.0059853   0.991015
    32.957 -0.00888616    0.205457  -0.0711806   -0.11703 0.00341411   0.994921
   32.9611 -0.00675564    0.196935  -0.0578648 -0.127162 0.0167198  0.987108
    32.967 -0.00462511    0.188413   -0.044549 -0.137294 0.0300254  0.979296
   32.9714 -0.00995143    0.183619  -0.0195153 -0.140468 0.0407676  0.970263
   32.9766 -0.0152778   0.178825 0.00551846 -0.143642 0.0515098  0.961229
   32.9813 -0.0211367   0.176162  0.0332153 -0.137904 0.0444297  0.965258
    32.987 -0.0269957   0.173499  0.0609122 -0.132167 0.0373497  0.969286
   32.9912 -0.0312567   0.165509  0.0715649 -0.131557 0.0322227  0.977221
    32.997 -0.0355178    0.15752  0.0822175 -0.130946 0.0270957  0.985155
   33.0013 -0.0392462   0.148998  0.0715649 -0.128505 0.0270957  0.978197
   33.0068 -0.0429746   0.140476  0.0609122 -0.126063 0.0270957  0.971239
   33.0111 -0.048301  0.124497 0.0475964  -0.12411 0.0307579  0.969896
    33.017 -0.0536273   0.108518  0.0342806 -0.122157   0.03442  0.968554
   33.0211 -0.0658778  0.0936041  0.0273564 -0.128017 0.0328331  0.970385
    33.027 -0.0781284  0.0786904  0.0204322 -0.133876 0.0312461  0.972216
   33.0317  -0.09464 0.0616461 0.0300195 -0.144374 0.0356407  0.975267
    33.037 -0.111152 0.0446019 0.0396069 -0.154872 0.0400352  0.978319
   33.0415 -0.123935 0.0318187 0.0534554 -0.156459 0.0404014   0.97539
   33.0469 -0.136718 0.0190356 0.0673038 -0.159877  0.041378  0.969896
   33.0511  -0.144707 0.00944819  0.0950007 -0.162562  0.039669  0.967577
    33.057    -0.152697 -0.000139195     0.122698 -0.162318 0.0295372  0.975023
   33.0612    -0.15536 -0.00333499    0.133883 -0.161098  0.013668  0.990648
    33.067  -0.157491 -0.0102592   0.155188  -0.162807 0.00207134    1.01079
   33.0711  -0.158556 -0.0155855     0.1717  -0.167567 -0.0023232     1.0219
    33.077 -0.156425 -0.019314  0.183418   -0.171962 -0.00305562     1.01848
   33.0811  -0.147371 -0.0219771   0.192472   -0.172938 -0.00488667     1.01348
    33.087   -0.13512 -0.0246403   0.194603   -0.171962 -0.00745015     1.01152
   33.0915  -0.123402 -0.0251729   0.198864  -0.171107 -0.0130654    1.01946
   33.0967  -0.113815 -0.0267708   0.206321  -0.173305 -0.0201455     1.0363
   33.1012  -0.105825 -0.0299666   0.212712  -0.181483 -0.0212441    1.05058
    33.107  -0.100499 -0.0315645   0.221767  -0.190883 -0.0178261    1.05644
   33.1112 -0.0957052  -0.033695   0.228159  -0.195888 -0.0146523    1.05095
    33.117 -0.0893136 -0.0331624   0.225496  -0.194179 -0.0153847    1.04167
   33.1213 -0.0861178  -0.033695   0.216973  -0.186366 -0.0179482    1.04155
   33.1269 -0.0850526 -0.0400866    0.20419   -0.17892 -0.0230751     1.0457
    33.131 -0.0839873 -0.0491414   0.185016  -0.173061 -0.0325966    1.05083
    33.137 -0.0855852  -0.059794    0.16371  -0.168178 -0.0402871    1.06133
   33.1413 -0.0855852 -0.0736424   0.142405  -0.167079 -0.0430947    1.06999
    33.147 -0.0834547 -0.0874909   0.117371  -0.16598 -0.045414   1.06865
   33.1515 -0.0818568 -0.0992088  0.0918049  -0.160487 -0.0478554    1.06304
   33.1568 -0.0797262  -0.109861  0.0689017  -0.152797 -0.0482216    1.06047
   33.1612 -0.0781284  -0.117318   0.043868  -0.147426 -0.0509072    1.06059
    33.167 -0.0765305  -0.123177  0.0193669  -0.141444 -0.0604287    1.06401
   33.1711  -0.0781284   -0.129569 -0.00353629   -0.13766 -0.0690957    1.06963
    33.177 -0.0839873  -0.133297 -0.0291026  -0.142543 -0.0699501    1.07085
   33.1814 -0.0962379  -0.133297 -0.0504079  -0.148036 -0.0673867    1.06377
   33.1868  -0.114347  -0.130101 -0.0685174  -0.146205 -0.0670205    1.05132
   33.1911  -0.130859   -0.12584 -0.0887574  -0.138148 -0.0701943    1.04106
    33.197 -0.147903 -0.124243 -0.112193  -0.129359 -0.0751992    1.03655
   33.2013  -0.16548 -0.124243 -0.138825  -0.123866 -0.0844765    1.03276
   33.2069 -0.183057 -0.121579 -0.163326  -0.123256 -0.0944863    1.03203
   33.2111 -0.204362 -0.116253 -0.185697  -0.125941 -0.0994912     1.0407
    33.217 -0.224602 -0.113057 -0.206469 -0.128017 -0.102665   1.04839
   33.2213 -0.238983  -0.11359 -0.225111 -0.128383 -0.105595   1.04936
    33.227 -0.247505 -0.112525 -0.235764 -0.129115 -0.107182   1.04888
   33.2311 -0.249103 -0.107198 -0.235764  -0.13119 -0.108158     1.054
    33.237  -0.245375 -0.0997414  -0.228307 -0.130946  -0.11829   1.06462
   33.2415  -0.239516 -0.0917519  -0.217122  -0.13058 -0.132694   1.07707
    33.247  -0.230994 -0.0842951   -0.19848 -0.141933 -0.131474   1.08367
   33.2515  -0.220874 -0.0704466   -0.16812 -0.155849 -0.119877   1.09123
    33.257  -0.204895 -0.0518045  -0.128172 -0.163295 -0.113407   1.08403
   33.2611  -0.184655  -0.033695 -0.0781048 -0.168544 -0.109745    1.0728
    33.267   -0.16548 -0.0129224 -0.0259068 -0.169887 -0.106083   1.07585
   33.2714  -0.141512 0.00785029  0.0268238 -0.171107 -0.105595    1.0772
   33.2768 -0.113815  0.027025 0.0832828 -0.176478 -0.103519   1.07585
   33.2812 -0.0866505  0.0451345   0.136546  -0.185512 -0.0952187    1.07585
    33.287 -0.0632147  0.0595156   0.180222  -0.193202 -0.0848427    1.07573
   33.2911 -0.0435073   0.069103   0.215376  -0.195521 -0.0730019    1.06267
    33.297 -0.026463 0.0781577  0.244138  -0.194179 -0.0571328    1.03411
   33.3015 -0.0152778  0.0824188   0.265443  -0.192958 -0.0428505    1.01531
   33.3067 -0.00888616   0.0834841    0.279824  -0.190272 -0.0393105    1.00176
   33.3112 -0.00835353   0.0856146    0.285683  -0.187465 -0.0408974   0.980639
    33.317 -0.0147451   0.085082   0.287814  -0.190395 -0.0371132   0.973558
   33.3201 -0.0216693  0.0840167   0.287281   -0.19955 -0.0293007   0.964647
    33.326 -0.0307241   0.089343   0.284085  -0.207973 -0.0246621   0.944017
   33.3301 -0.0435073  0.0999957   0.281955  -0.208339 -0.0266152   0.925707
   33.3357 -0.0562904   0.110116   0.274498  -0.204066 -0.0308876   0.918139
   33.3402 -0.0664104   0.122899   0.263845  -0.201991 -0.0363808   0.915819
    33.346 -0.0706715   0.136747   0.255856  -0.202724 -0.0441933   0.920946
   33.3502 -0.0733347   0.148465   0.246268  -0.205531 -0.0495644   0.932909
    33.356 -0.0781284   0.159118   0.232952  -0.211879 -0.0502968   0.935228
   33.3606 -0.0834547   0.168173   0.222832  -0.218715 -0.0482216   0.923632
   33.3657 -0.0898463   0.177227   0.218039 -0.222987 -0.043705   0.90703
   33.3703 -0.09464 0.186282   0.2223  -0.225795 -0.0388222   0.896654
    33.376 -0.0994336   0.196935   0.236148  -0.228114 -0.0388222   0.893969
   33.3801 -0.103695  0.208653  0.255856  -0.231776 -0.0444375   0.893725
    33.386 -0.107956  0.221436   0.28515  -0.239833 -0.0501748   0.899218
   33.3902 -0.114347  0.236882  0.321902   -0.25143 -0.0539589   0.903856
   33.3959 -0.115945  0.253926  0.357056 -0.260707 -0.059208  0.898119
   33.4002 -0.111152  0.273634  0.391677  -0.263759 -0.0673867   0.890673
    33.406 -0.103162  0.292809  0.425233  -0.261195 -0.0773964   0.895678
   33.4103 -0.0882484   0.307722   0.448668  -0.258876 -0.0889931   0.908251
    33.416 -0.0664104   0.321038   0.471572  -0.25912 -0.103642  0.918016
   33.4202 -0.0403115   0.334354   0.490214  -0.25973 -0.119267  0.928515
    33.426 -0.0142125   0.347137   0.498203  -0.26266 -0.127445  0.940355
   33.4306 0.014017 0.358322 0.498736 -0.264369 -0.132328  0.940722
    33.436 0.0491708   0.37004   0.48329 -0.258266 -0.142338  0.929125
   33.4403 0.0869876  0.382291  0.447603 -0.246059 -0.151615  0.926195
   33.4458 0.124805 0.391878 0.397536 -0.233241 -0.157597  0.932177
   33.4501 0.163154 0.398802 0.333087 -0.224452 -0.164311  0.936449
    33.456 0.201504 0.401998 0.260649 -0.220424 -0.165531  0.947069
   33.4602 0.236657 0.403063 0.192472 -0.221889 -0.156986  0.951586
    33.466 0.272344   0.4004 0.127491 -0.228847 -0.141605  0.949022
   33.4703 0.310693 0.394009 0.069967  -0.23849 -0.124027  0.941942
    33.476  0.343716  0.387617 0.0262911 -0.247035 -0.106815  0.930956
   33.4803    0.374609    0.381758 -0.00619945  -0.253627 -0.0918007   0.923632
   33.4859   0.402839    0.37803 -0.0301679  -0.257289 -0.0845986   0.917528
   33.4902 0.423079 0.375899 -0.04881  -0.260341 -0.0815468   0.915819
    33.496   0.440123   0.373236 -0.0642564  -0.266444 -0.0745888   0.916308
   33.5001   0.452373   0.368442 -0.0781048  -0.269496 -0.0655556   0.912157
    33.506   0.458765   0.361518 -0.0946164  -0.266322 -0.0584755   0.898485
   33.5106  0.464091  0.352996 -0.120183  -0.258754 -0.0533486   0.884447
   33.5159  0.465689  0.343409 -0.152141  -0.250331 -0.0487099   0.877855
   33.5202  0.464091  0.333289 -0.189958  -0.246181 -0.0470009   0.874559
    33.526  0.464624  0.321571 -0.229905  -0.244105 -0.0513955   0.876635
   33.5303  0.466222  0.306657 -0.270918  -0.244105 -0.0527382   0.886766
    33.536  0.461961   0.28908 -0.310332  -0.249843 -0.0456582   0.895189
   33.5401  0.453971  0.272569 -0.346019  -0.256312 -0.0387001   0.889696
   33.5459  0.446514  0.257655 -0.378509   -0.25973 -0.0316201   0.881029
     33.55  0.437992  0.243806 -0.408337  -0.261439 -0.0234414   0.878466
   33.5557  0.430003  0.231556 -0.433371  -0.264369 -0.0203896   0.879564
   33.5602  0.423611  0.218773 -0.453611 -0.268764 -0.021122  0.891039
    33.566  0.413491  0.205457 -0.475981  -0.274257 -0.0180703    0.90349
   33.5705  0.398578  0.193206 -0.493558    -0.28329 -0.00879292    0.906908
   33.5758  0.385262   0.17989 -0.506874  -0.290614 0.00109477    0.90349
   33.5803  0.371946  0.166042 -0.520722  -0.292812 0.00927348    0.89641
    33.586  0.355434   0.14953 -0.528712 -0.292689  0.015377  0.894701
   33.5902   0.33839  0.127693 -0.531375 -0.292445 0.0178184  0.901537
    33.596  0.320813  0.106387 -0.531375 -0.295375  0.017086  0.909227
   33.6002  0.300573 0.0877451 -0.523385  -0.30331 0.0181846  0.917528
   33.6059  0.280333 0.0680377 -0.513798 -0.313197 0.0220909  0.921312
   33.6102 0.257963 0.048863 -0.50208 -0.322108 0.0244102  0.918139
    33.616  0.233994  0.032884 -0.482905 -0.326991 0.0242881  0.918139
   33.6203  0.216417 0.0179703 -0.465861 -0.324062 0.0202598  0.922899
    33.626   0.203634 0.00199133  -0.448817 -0.319301 0.0125694   0.93059
   33.6303   0.191916 -0.0155855  -0.430175  -0.316493 0.00207134   0.941942
    33.636   0.181264 -0.0326298  -0.413663   -0.314784 -0.00745015    0.951708
   33.6406   0.171144 -0.0491414  -0.397152  -0.315761 -0.0118447   0.962694
    33.646   0.165285 -0.0677835  -0.378509 -0.316127 -0.015873  0.969408
   33.6503   0.162089 -0.0880235  -0.358269  -0.312831 -0.0208779   0.965014
    33.656  0.159958 -0.106666 -0.341225  -0.307582 -0.0218544   0.960375
   33.6602  0.161556 -0.124775 -0.320985  -0.300746 -0.0217324   0.963183
   33.6661  0.161556  -0.14608 -0.292756  -0.292323 -0.0277138   0.968554
   33.6701  0.157828 -0.167386 -0.266124  -0.285976 -0.0344277   0.971361
    33.676  0.154099 -0.185495 -0.245884   -0.28622 -0.0334511   0.976366
   33.6803  0.147708 -0.202007 -0.224046  -0.288417 -0.0268593   0.975512
    33.686  0.137588 -0.217453 -0.199545  -0.287318 -0.0172158   0.962816
   33.6903  0.129598 -0.229171 -0.176109   -0.280238 -0.00574116    0.946337
    33.696  0.123207 -0.240356 -0.146814  -0.269252 0.00854106   0.916063
   33.7003  0.104032 -0.251542 -0.114324 -0.260463 0.0114707  0.914232
    33.706  0.0747371  -0.266455 -0.0866269    -0.258144 -0.000736282     0.941698
   33.7102  0.0475729  -0.281369 -0.0610606   -0.259242 -0.00940327    0.957567
    33.716  0.0182781  -0.292554 -0.0349616  -0.260463 -0.0128212   0.965014
   33.7205 -0.00995143   -0.299479 -0.00193839  -0.264857 -0.0129433     0.9583
    33.726 -0.0280609  -0.298413  0.0422701   -0.268764 -0.00964741     0.95244
   33.7303 -0.0397788  -0.293087  0.0987291   -0.269374 -0.00659566    0.956225
   33.7358 -0.0493662  -0.284032    0.16371   -0.266688 -0.00989155    0.958788
   33.7402 -0.0546925  -0.274977   0.228691  -0.259486 -0.0202675   0.964159
    33.746 -0.0573557  -0.268053   0.292075  -0.252284 -0.0271035   0.979906
   33.7504 -0.0546925   -0.26326   0.354925  -0.249721 -0.0278359   0.992724
    33.756 -0.0461704  -0.261129   0.410852  -0.244716 -0.0308876     0.9937
   33.7602 -0.0387136  -0.258466    0.45506  -0.231288 -0.0363808   0.994188
    33.766 -0.0312567  -0.256335   0.489681  -0.213954 -0.0417519    1.00395
   33.7702 -0.0211367  -0.262727   0.510454  -0.198817 -0.0493203    1.01494
    33.776 -0.00835353   -0.273912    0.521639  -0.188441 -0.0573769    1.01921
   33.7806 0.00389701  -0.280836   0.531226  -0.182826 -0.0600625     1.0219
   33.7857 0.0134844 -0.285097  0.531226  -0.179408 -0.0548134    1.02764
   33.7903 0.0177454 -0.290424  0.528031  -0.176234 -0.0461464    1.01836
   33.7959 0.0166802 -0.298413  0.527498  -0.171718 -0.0365029    1.00139
   33.8001 0.0150823 -0.304272  0.524302  -0.165614 -0.0264931   0.988939
    33.806 0.00975596  -0.307468   0.525368  -0.156825 -0.0246621   0.977465
   33.8101 0.00123385  -0.306935   0.525368  -0.150233 -0.0289345    0.97539
    33.816 -0.00462511   -0.302142     0.51578   -0.14828 -0.0261269   0.971727
   33.8203 -0.0131472  -0.294685   0.507791  -0.151454 -0.0156289   0.965014
    33.826 -0.0237999  -0.282967    0.50353   -0.162074 -0.00708394    0.966112
   33.8305 -0.0307241  -0.269118   0.502997   -0.166347 -0.00195698    0.964037
    33.836 -0.0440399  -0.261662   0.504062    -0.15768 -0.00171284     0.95598
   33.8401 -0.0578883  -0.251542    0.50566   -0.169276 0.000362351     0.94768
   33.8458 -0.0546925   -0.23503   0.518976  -0.177699 0.00182719   0.975512
   33.8502 -0.0546925  -0.220649   0.531759  -0.165614 -0.0114785   0.990648
    33.856 -0.0605515  -0.205735   0.530161  -0.170741 -0.0163613   0.999437
   33.8604 -0.0557578  -0.190822   0.526433   -0.176601 -0.00879292     1.01641
    33.866 -0.0514967  -0.182299   0.526433   -0.174892 -0.00659566     1.00713
   33.8701 -0.0461704  -0.179104   0.517378   -0.173427 -0.00659566      1.0103
   33.8759 -0.0408441  -0.175908   0.508323   -0.171962 -0.00659566     1.01348
   33.8802 -0.0312567   -0.17644   0.502464  -0.167079 -0.0139199    1.02397
    33.886 -0.0216693  -0.176973   0.496605  -0.162196 -0.0212441    1.03447
   33.8903 -0.0184735  -0.185495   0.479561  -0.164149 -0.0212441    1.05254
    33.896 -0.0152778  -0.194017   0.462517  -0.166103 -0.0212441     1.0706
   33.9002 -0.00995143   -0.205735    0.436951  -0.164882 -0.0145302    1.06194
    33.906 -0.00462511   -0.222779    0.402329  -0.161464 -0.0035439    1.05046
   33.9105 -0.00462511   -0.231302    0.382089  -0.157069 0.00255962    1.04289
    33.916 -0.00462511   -0.234497    0.370904  -0.154872 0.00439067    1.03813
     33.92 -0.00569037   -0.239291    0.359719  -0.156215 0.00487895    1.03801
    33.926 -0.00675564   -0.244085    0.348534  -0.157558 0.00536723    1.03789
   33.9305 -0.0094188  -0.233432   0.348534 -0.164882 0.0109825   1.03069
    33.936 -0.012082 -0.222779  0.348534 -0.172206 0.0165977   1.02349
   33.9403 -0.00888616   -0.206268    0.359186 -0.168666 0.0181846   1.02996
    33.946 -0.00569037   -0.189756    0.369839 -0.165126 0.0197715   1.03642
   33.9502 -0.00355984   -0.183897    0.385818 -0.162196 0.0197715   1.04936
    33.956 -0.00142931   -0.178038    0.401797 -0.159267 0.0197715    1.0623
   33.9603 0.00656017  -0.175908   0.419906 -0.156215 0.0202598   1.06938
    33.966 0.0145497 -0.173777  0.438016 -0.153163 0.0207481   1.07646
   33.9704 0.00815807  -0.179636   0.454527 -0.153285 0.0228233   1.07146
    33.976 0.00176648  -0.185495   0.471039 -0.153407 0.0248985   1.06645
     33.98 -0.000364048    -0.187626     0.477963 -0.145961 0.0233116    1.0418
    33.986 -0.00249458   -0.189756    0.484887 -0.138515 0.0217247   1.01714
   33.9906 -0.00409247   -0.188691    0.482757 -0.133388 0.0207481   1.03459
   33.9957 -0.0104841  -0.188691   0.476898 -0.125697 0.0108604   1.04997
   34.0003 -0.016343 -0.189756  0.463582   -0.12704 0.00170512    1.05156
   34.0059 -0.0179409  -0.189224   0.445473   -0.13351 0.00573345    1.06511
   34.0102 -0.0174083  -0.188158   0.421504 -0.129848  0.011837   1.07768
    34.016 -0.016343 -0.187626  0.406058 -0.123622  0.013668   1.08037
   34.0202 -0.00888616   -0.185495    0.393275 -0.120326 0.0164756   1.08293
    34.026 -0.000896679    -0.182299     0.365578 -0.116786 0.0108604   1.07195
   34.0302 0.00922333  -0.164723   0.334153 -0.128383 0.0192832   1.08611
    34.036 0.0454423 -0.141819  0.316043 -0.141933 0.0311241   1.11821
   34.0404 0.0715413 -0.124775  0.310717 -0.152675 0.0338096    1.1165
    34.046 0.0875203 -0.108264  0.304858 -0.165004 0.0510215   1.12602
   34.0502    0.11788 -0.0938825   0.301129 -0.167445 0.0623741   1.12639
    34.056   0.145577 -0.0795014   0.294205 -0.162318 0.0693321   1.11113
   34.0602   0.172209 -0.0667182   0.276096 -0.157558 0.0776329   1.10149
    34.066   0.190851 -0.0534024   0.248399 -0.152309 0.0817832   1.09038
   34.0702  0.199373 -0.043815   0.21431 -0.146815 0.0873985   1.08257
    34.076    0.19884 -0.0390213   0.170102 -0.145473 0.0971641   1.06877
   34.0802   0.189253 -0.0358256    0.12323 -0.147548   0.10815    1.0418
   34.0858   0.173807 -0.0374235  0.0838154 -0.152675  0.121578   1.00298
   34.0902   0.140251 -0.0289013  0.0444006 -0.151942  0.130978  0.963671
    34.096   0.124272 -0.0113245  0.0193669 -0.159145  0.144649  0.977953
   34.1003    0.118413 -0.00226972   0.0135079 -0.167079  0.143917  0.970873
    34.106  0.0912487 0.00571976  0.0156385 -0.175746  0.134029  0.962694
   34.1101 0.0710087 0.0158398 0.0342806 -0.194301  0.138424  0.972338
    34.116  0.056095 0.0334166 0.0673038 -0.204799  0.138424  0.952562
   34.1204 0.0417139 0.0552546  0.104588 -0.212489  0.138668   0.94475
    34.126 0.0268002 0.0776251   0.15146 -0.214198   0.14233  0.936937
   34.1302 0.0118865  0.100528  0.200994 -0.209437   0.14233   0.93474
    34.136 -0.00409247    0.120768    0.246268 -0.206264  0.137203  0.929003
   34.1407 -0.0200714   0.134617   0.292075 -0.20602 0.132198 0.928026
    34.146 -0.0429746   0.145802   0.331489 -0.205531   0.12817  0.920946
   34.1504 -0.0589536   0.169238   0.365578 -0.210658  0.139156  0.937548
   34.1559 -0.0568231   0.188945   0.401264 -0.212489  0.147701  0.935228
   34.1601 -0.0690736   0.202261   0.431624 -0.204311  0.143795  0.919359
    34.166 -0.0850526   0.213979   0.451332 -0.19662 0.143673 0.924975
   34.1701 -0.0909115   0.227295   0.464647 -0.18954 0.137447 0.919237
    34.176 -0.100499  0.240078  0.472104 -0.185023  0.126217  0.918261
   34.1804 -0.113815  0.250198  0.475833 -0.186732  0.119137  0.921679
    34.186 -0.123935  0.263514  0.480094 -0.194423  0.117794  0.925585
   34.1902 -0.128728  0.272036  0.492344  -0.2037  0.12109 0.924242
    34.196 -0.137783  0.280558  0.510454 -0.205165  0.114498  0.899462
   34.2006 -0.138316  0.301863  0.528563  -0.2037 0.107784 0.902758
   34.2057 -0.117543  0.321038  0.551466 -0.204066 0.0998497  0.918383
   34.2104 -0.102629  0.330625  0.578631 -0.202479 0.0777549  0.922533
   34.2158 -0.0967705   0.334354   0.605262 -0.204311 0.0633506  0.945238
   34.2202 -0.0839873   0.333821     0.6271  -0.20602 0.0561485  0.960497
    34.226 -0.068541  0.331691  0.646808 -0.207973  0.051876  0.958422
   34.2304 -0.052562  0.324234  0.661721 -0.206386 0.0508995  0.936815
   34.2358 -0.0312567   0.334354   0.673972  -0.19955 0.0550499  0.935595
   34.2401 -0.00089668    0.341811    0.684625 -0.188441 0.0489463   0.94414
    34.246 0.0225391  0.335419  0.683027 -0.179652  0.031002  0.943285
   34.2505 0.0310613  0.318375  0.678766  -0.18246 0.0203819  0.952196
    34.256 0.0305286  0.308255  0.672907 -0.185878 0.0184288  0.936571
   34.2601 0.0417139  0.310385  0.654265 -0.177211  0.013668  0.940966
    34.266 0.0651497  0.294939  0.628698   -0.16476 0.00329204   0.945971
   34.2701 0.0736718   0.26671  0.603664   -0.162562 -0.00159077    0.944017
    34.276 0.0640845  0.236882    0.5765   -0.164638 -0.00976948    0.938402
   34.2803 0.0497034   0.22623  0.545075  -0.158656 -0.0214882   0.932421
    34.286 0.0475729  0.216109  0.507791  -0.147914 -0.0301552   0.953173
     34.29 0.0491708  0.193739  0.464115  -0.145961 -0.0377236   0.955248
   34.2958 0.0465076  0.170303  0.419374  -0.154384 -0.0345498   0.952196
   34.3004 0.0443771  0.146335  0.385818 -0.166957 -0.022831  0.948656
    34.306 0.0390507  0.130356  0.359719  -0.171596 -0.0241738   0.929491
   34.3102 0.0369202  0.126095   0.32563 -0.162562 -0.026371    0.9312
    34.316 0.0481055  0.114377  0.296336  -0.160243 -0.0208779   0.943895
   34.3212 0.0550297 0.0909409  0.274498  -0.164516 -0.0311318   0.954516
    34.327 0.0438444 0.0637767  0.243072  -0.168666 -0.0393105   0.972948
   34.3314 0.0305286  0.032884  0.208451  -0.177577 -0.0322304   0.974413
   34.3369  0.0257349 0.00625239   0.178091  -0.183436 -0.0205117   0.971483
   34.3411  0.0289307 -0.0246403    0.15359   -0.190272 -0.00342183    0.974291
    34.347  0.0289307 -0.0443477   0.142938 -0.196986 0.0100059  0.951342
   34.3517  0.0204086 -0.0571308   0.140807 -0.191615  0.013668  0.946093
    34.357  0.0166802 -0.0747077   0.136013 -0.184291 0.0126915   0.95598
   34.3614  0.0166802 -0.0922846   0.121632  -0.18246 0.0129356  0.956102
    34.367 0.0134844 -0.110394  0.105121 -0.185634 0.0208702  0.957201
   34.3712 0.0124191 -0.127438 0.0955333 -0.185512 0.0301475  0.945116
   34.3769 0.0124191 -0.140754 0.0848807 -0.178676 0.0378379  0.936449
   34.3812 0.0113539 -0.150341 0.0731628 -0.173793 0.0445518  0.931444
    34.387 0.00656017  -0.161527  0.0657059 -0.169765 0.0450401  0.932055
   34.3914 -0.000364048    -0.173777    0.0598469 -0.170985  0.048336   0.93474
    34.397 -0.00515774   -0.182299   0.0561185 -0.171718 0.0532188  0.936205
   34.4011 -0.0110167  -0.191887  0.0529227  -0.16537 0.0532188  0.934984
    34.407 -0.0211367  -0.206268   0.043868 -0.162807 0.0577354  0.929857
   34.4114 -0.0333872  -0.218518  0.0326827 -0.161464 0.0646934  0.922167
   34.4168 -0.0445725  -0.233432  0.0273564 -0.158778 0.0732383  0.925829
   34.4213 -0.0514967  -0.254737  0.0433354 -0.176601 0.0914268  0.925341
    34.427 -0.0632147  -0.252074  0.0832828 -0.184779 0.0949668  0.909594
   34.4313 -0.0823894  -0.245683   0.116839  -0.16244 0.0797081  0.930712
    34.437 -0.0983684  -0.257401   0.128557 -0.151332 0.0721397  0.949144
   34.4413 -0.113282 -0.267521  0.134415 -0.148646 0.0689659  0.946093
   34.4467    -0.125 -0.272847  0.132285 -0.141322 0.0689659  0.945849
   34.4511 -0.134587 -0.271782  0.128557 -0.132899 0.0717735  0.942553
    34.457 -0.147903 -0.268053  0.134415 -0.126796 0.0714073  0.945971
   34.4616 -0.161219 -0.260596  0.140274 -0.126186 0.0698204  0.945726
    34.467 -0.174002 -0.252074  0.147199 -0.127528 0.0710411  0.955248
   34.4712 -0.187851  -0.24302  0.157851 -0.130214 0.0751915  0.958056
    34.477 -0.201699 -0.233965  0.166906 -0.130458 0.0776329  0.951586
   34.4812 -0.215547 -0.222779  0.170634  -0.12643 0.0787315  0.943285
    34.487 -0.229396 -0.211594  0.166373 -0.117641 0.0764122  0.940477
   34.4911 -0.243777 -0.202007   0.15146 -0.108485 0.0701866  0.942431
    34.497 -0.260821 -0.197213  0.134948 -0.105311 0.0664024  0.949633
   34.5013 -0.276268 -0.200942   0.13335 -0.121181 0.0783653  0.951708
   34.5069 -0.298638 -0.189224  0.148264 -0.131679 0.0866661  0.934252
   34.5113 -0.325802 -0.181234  0.161047 -0.113856 0.0803184  0.933641
    34.517 -0.348173 -0.180702  0.161047  -0.10641 0.0733604  0.937548
   34.5212 -0.376402 -0.180169  0.150394 -0.102992 0.0524864    0.9583
    34.527 -0.413687 -0.184963  0.120567 -0.0845595  0.0272178    0.97539
   34.5314 -0.438188 -0.187626 0.0763586 -0.0675918  0.0172081   0.972826
   34.5368 -0.444047 -0.185495 0.0406722 -0.0650283  0.0179405    0.97185
   34.5412 -0.447242 -0.180169 0.0044532  -0.061122 0.00744243   0.992113
    34.547  -0.461624  -0.183897 -0.0578648 -0.0490371 -0.0134316     1.0114
    34.551 -0.497843 -0.187093 -0.128705 -0.0468398 -0.0168496     1.0103
    34.557 -0.534594 -0.184963 -0.178772 -0.0583144 0.00646587   0.995409
   34.5614 -0.556965 -0.168984 -0.202741 -0.0743056  0.0325889   0.993822
    34.567  -0.57827 -0.150874 -0.203273 -0.0807754  0.0316124    1.00786
   34.5714  -0.60863  -0.13596 -0.195817 -0.0817519  0.0186729    1.01128
   34.5769 -0.644316 -0.118916 -0.187294 -0.0894424  0.0200157    1.02056
   34.5811  -0.680003 -0.0954804  -0.163859 -0.103969 0.0331993   1.00798
    34.587    -0.7077 -0.0667182  -0.122846 -0.112636 0.0471153  0.992601
   34.5913  -0.729005 -0.0368908 -0.0695827 -0.109218 0.0507774  0.976732
   34.5969    -0.75031 -0.00866131  -0.0147216 -0.0987197  0.0423545   0.970263
   34.6012  -0.76842 0.0142419 0.0326827 -0.0845595  0.0363731   0.966845
    34.607 -0.782268 0.0451345  0.084348 -0.0894424  0.0369834   0.939501
   34.6111 -0.804106 0.0872125  0.136013 -0.100551 0.0212364  0.957323
    34.617 -0.834999  0.118638  0.166906  -0.0966445 -0.00513081     1.00395
   34.6213 -0.856304  0.141541  0.178624 -0.0861465 -0.0181923     1.0114
    34.627 -0.856837  0.168173   0.19194 -0.0807754 -0.0139199   0.992357
   34.6313 -0.852043   0.20812  0.210582 -0.0879775 -0.0147744   0.979296
    34.637 -0.852576  0.247002  0.222832 -0.0879775 -0.0387001    1.00591
   34.6413 -0.844586  0.273634  0.228159 -0.0813857  -0.057499    1.02153
    34.647 -0.829672  0.308255  0.230822 -0.0849258 -0.0651894    1.02996
   34.6511 -0.815291  0.344474  0.229757 -0.0912734 -0.0799599    1.05034
   34.6567 -0.798247  0.372703  0.222832 -0.0879775 -0.0977822     1.0656
   34.6612 -0.771083  0.395607  0.208451 -0.0841933  -0.105228    1.07146
    34.667 -0.73806 0.419575 0.195668 -0.0850478   -0.10828    1.06389
   34.6716 -0.708232  0.445674  0.186613 -0.0860244   -0.12183     1.0623
   34.6769 -0.67947 0.468045 0.172765 -0.0840713  -0.138432    1.06987
   34.6811 -0.645914  0.488817  0.159982 -0.0851699  -0.146732    1.07622
   34.6869 -0.612358  0.513318  0.151992 -0.0950576   -0.15247    1.07097
   34.6911 -0.579868   0.53995  0.141872 -0.101771 -0.163212   1.06743
    34.697 -0.545247  0.561788   0.13122 -0.101161 -0.175419   1.06816
   34.7012 -0.505299  0.579897  0.120567 -0.103725 -0.182987   1.05998
    34.707 -0.461624  0.600137  0.106719  -0.10934 -0.194828    1.0595
   34.7112 -0.421676  0.618247 0.0965986 -0.114589  -0.21558   1.07109
   34.7169 -0.380663  0.631563 0.0848807 -0.124354 -0.231327   1.08489
   34.7213  -0.33539  0.642215 0.0720975 -0.139735 -0.234501   1.09453
    34.727 -0.289051   0.65127 0.0689017 -0.156093 -0.237431   1.08782
   34.7313 -0.242179  0.658194 0.0630427 -0.165614 -0.247685   1.08342
    34.737 -0.196373  0.660325 0.0513248  -0.16952 -0.254276    1.0833
   34.7412 -0.150566  0.660325 0.0401396 -0.177333 -0.259525   1.07939
    34.747 -0.102097  0.657129 0.0268238 -0.187587 -0.270268   1.08428
   34.7513 -0.0546925   0.652868  0.0167037 -0.199428 -0.277592   1.09355
    34.757 -0.00728827    0.648607     0.01191 -0.216395 -0.273686   1.10466
    34.761  0.040116  0.642215 0.0108448 -0.236049 -0.264408   1.10576
    34.767 0.0891182  0.635824  0.017769 -0.250453 -0.255619   1.10076
   34.7716  0.143979  0.629965 0.0294869 -0.262904 -0.240482   1.09429
   34.7769  0.203101  0.623573 0.0470638 -0.272792 -0.228153   1.09404
   34.7813  0.263289  0.620377 0.0758259 -0.281947 -0.225102   1.10027
    34.787 0.323476 0.617182 0.105653  -0.29391 -0.220463   1.11662
   34.7912 0.386327 0.611323 0.132818 -0.306728 -0.207157   1.13774
    34.797 0.455037 0.605996 0.158917 -0.320521 -0.187382   1.13298
   34.8012 0.525877 0.600137 0.179157  -0.32577 -0.168949   1.12187
   34.8069 0.593521 0.591083 0.197266 -0.324794 -0.143314   1.10881
   34.8113   0.6601 0.581495 0.220702 -0.324428 -0.114872   1.07573
   34.8169 0.693123 0.578299 0.233485 -0.323817 -0.103519   1.05718
   34.8211 0.737864 0.560723 0.235616 -0.312221 -0.102421   1.05705
    34.827 0.797519 0.534091 0.226561  -0.301356 -0.0924111    1.05754
   34.8316 0.814031 0.513851 0.201527  -0.307826 -0.0784951    1.04412
   34.8367 0.815629 0.502666 0.187679  -0.313563 -0.0734902    1.03008
   34.8411 0.817759 0.484024 0.169037   -0.32809 -0.0407753     1.0175
    34.847 0.823618 0.458457 0.154655  -0.344691 0.00646587   0.995897
   34.8514 0.824683 0.441413 0.162112 -0.341273  0.024044  0.977343
    34.857  0.82202 0.431293 0.165308  -0.33578 0.0270957  0.967821
   34.8611 0.808704 0.406792 0.170102 -0.337489 0.0435752  0.936693
   34.8668 0.795389 0.382291 0.174896 -0.339198 0.0600547  0.905565
   34.8712  0.78953 0.356724 0.183418 -0.340053 0.0623741  0.897875
    34.877 0.783671 0.331158  0.19194 -0.340907 0.0646934  0.890184
   34.8813 0.753843 0.310918 0.182885 -0.341395 0.0653038  0.882006
    34.887 0.724016 0.290678  0.17383 -0.341884 0.0659141  0.873827
   34.8912 0.677144 0.269373  0.16158 -0.344325 0.0687217  0.866503
   34.8969 0.630273 0.248067 0.149329 -0.346767 0.0715293  0.859179
   34.9011 0.577542  0.23848 0.148797 -0.358485 0.0922813  0.846972
    34.907 0.524811 0.228893 0.148264 -0.370204  0.113033  0.834765
   34.9112 0.480603 0.223034 0.165841 -0.38119 0.125973 0.820482
    34.917 0.436394 0.217175 0.183418 -0.392177  0.138912    0.8062
   34.9211 0.394849 0.216642 0.218571 -0.398646  0.140743  0.812426
    34.927 0.353304 0.216109 0.253725 -0.405116  0.142574  0.818651
   34.9316 0.319215 0.210783 0.291009 -0.41537 0.138058  0.83098
   34.9369 0.285127 0.205457 0.328294 -0.425624  0.133541  0.843309
   34.9411 0.254234 0.196935 0.352262 -0.428065  0.127682  0.850267
    34.947 0.223341 0.188413 0.376231 -0.430507  0.121822  0.857225
   34.9512 0.200438 0.176695 0.390612 -0.428676  0.123898  0.861498
    34.957 0.177535 0.164977 0.404993 -0.426845  0.125973   0.86577
   34.9616 0.163154 0.158585 0.409254 -0.422206  0.119991  0.858812
   34.9666 0.137588 0.144737 0.407123 -0.410731  0.105221  0.864183
   34.9711 0.118946 0.128225 0.392742 -0.402675 0.0948448   0.87871
   34.9769 0.103499 0.113311 0.370904 -0.401576 0.0938682  0.875292
    34.981 0.0880529  0.105322  0.348001 -0.403529 0.0975303  0.861254
    34.987 0.0656823  0.101061  0.329359  -0.40182 0.0976524  0.849169
   34.9916 0.0406486  0.095202  0.306456 -0.391566 0.0905723   0.84746
    34.997  0.024137 0.0856146  0.279291 -0.381312 0.0847129  0.849779
   35.0012 0.00922333  0.0808209   0.249464 -0.376063 0.0738487  0.851244
    35.007 -0.0078209   0.079223   0.213778 -0.372157 0.0560264  0.861376
   35.0112 -0.0259304  0.0760272   0.172765  -0.36996 0.0451622  0.873461
    35.017 -0.0413767  0.0728314   0.129089 -0.371059 0.0441856  0.878954
   35.0213 -0.0483009  0.0680377  0.0832828 -0.371547 0.0454063  0.872484
    35.027 -0.0504315  0.0637767  0.0428027 -0.366298 0.0435752  0.861254
   35.0312 -0.0520294  0.0600482  0.0012574 -0.357997 0.0402793  0.861254
    35.037 -0.0504315  0.0568525 -0.0424184 -0.355312 0.0366172  0.858446
   35.0414 -0.048301 0.0541893 -0.080768 -0.353114 0.0241661  0.864183
   35.0468 -0.0514967  0.0493956  -0.126574  -0.345058 0.00976177   0.877245
   35.0512 -0.0451052  0.0355472  -0.195284  -0.329677 0.00292583   0.879686
   35.0567 -0.0216693  0.0121113  -0.287429   -0.317104 -0.00720601    0.876635
   35.0612   -0.016343 -0.00706341   -0.383303  -0.320033 -0.0229531   0.873583
    35.067 -0.0344525 -0.0225097  -0.469057  -0.330775 -0.0274697   0.872362
   35.0712 -0.0483009  -0.039554   -0.54256  -0.336757 -0.0230751   0.883837
   35.0769 -0.0546925 -0.0539351  -0.601682  -0.344081 -0.0185585   0.894213
    35.081  -0.058421 -0.0645877  -0.640032   -0.360805 -0.00586323    0.891893
   35.0868 -0.0578883 -0.0747077  -0.657076  -0.378383 0.00915141   0.890551
   35.0911 -0.0520294 -0.0890888  -0.657609 -0.387172 0.0142784  0.886278
    35.097 -0.0498988  -0.104002   -0.65175  -0.385951 0.00988384   0.880785
   35.1013 -0.0493662  -0.119449  -0.650152  -0.382167 0.00402446   0.878588
   35.1068 -0.0456378  -0.135428  -0.645891  -0.379726 -0.0035439   0.883226
   35.1111 -0.0429746  -0.150874  -0.635238  -0.380214 -0.0117226   0.892504
    35.117 -0.0392462  -0.168451  -0.622988  -0.383144 -0.0148964   0.904955
   35.1212 -0.0344525  -0.185495  -0.608607   -0.38705 -0.0147744   0.913012
    35.127 -0.0301915  -0.201474  -0.592095  -0.387294 -0.0155068   0.910692
   35.1312 -0.0237999  -0.218518  -0.578247  -0.381435 -0.0148964   0.905199
    35.137 -0.0168756  -0.236095  -0.561202  -0.371913 -0.0128212    0.89995
   35.1415 -0.0104841   -0.25314  -0.545223  -0.361049 -0.0148964   0.896044
    35.147 -0.0104841  -0.270716  -0.526581  -0.356044 -0.0169716   0.904711
   35.1512 -0.0152778  -0.289358  -0.497819  -0.357997 -0.0170937   0.903612
   35.1569 -0.0179409  -0.294152  -0.465328  -0.358485 -0.0157509    0.89226
   35.1611 -0.0190062  -0.290424  -0.435501  -0.355434 -0.0145302   0.886034
    35.167 -0.0216693   -0.29362  -0.403543  -0.352016 -0.0129433   0.874315
   35.1715 -0.0195388  -0.301076  -0.361998   -0.350795 -0.00708394    0.878832
   35.1769 -0.00569037   -0.300544    -0.32205  -0.340541 -0.0147744   0.873583
   35.1812 0.00815807  -0.290956   -0.29169  -0.322719 -0.0377236   0.874315
    35.187 0.0129518 -0.290424 -0.271983  -0.312709 -0.0546914   0.895433
   35.1911 0.0108212 -0.299479   -0.2592  -0.313808 -0.0573769   0.905809
    35.197 0.00975596  -0.308001  -0.244819  -0.320399 -0.0532265   0.907641
   35.2016 0.0113539 -0.307468 -0.228307  -0.314174 -0.0579873   0.896776
   35.2069 0.0118865 -0.307468 -0.216589  -0.302943 -0.0654335   0.895922
   35.2111 0.00975597  -0.309066  -0.203273  -0.300624 -0.0686074   0.896898
    35.217 0.00656017  -0.309599  -0.184631  -0.298427 -0.0711709   0.900683
   35.2211 0.00602754   -0.31386     -0.158 -0.300014 -0.064457  0.914965
    35.227 0.0113539 -0.316523 -0.114856  -0.305995 -0.0556679   0.920702
   35.2314  0.0246697  -0.310131 -0.0717132  -0.305263 -0.0539589   0.917162
   35.2367  0.0353223   -0.30587 -0.0301679  -0.303798 -0.0457802   0.914476
   35.2412 0.0422465 -0.298946 0.0220301  -0.302577 -0.0323525    0.90703
    35.247 0.0513013 -0.286695 0.0731628  -0.293666 -0.0300332   0.906786
   35.2513 0.0598234  -0.27338  0.121632  -0.282069 -0.0374794   0.910448
   35.2569  0.066215 -0.261662  0.166373  -0.274501 -0.0415078   0.918383
   35.2611 0.0699434 -0.249944  0.209517  -0.271327 -0.0369912   0.930101
   35.2667 0.0731392 -0.236628  0.249464  -0.267543 -0.0373574   0.934252
   35.2711 0.0752697 -0.227041  0.277161  -0.259486 -0.0432168    0.93474
    35.277 0.0779329 -0.214257  0.301129  -0.249721 -0.0415078   0.929003
   35.2815 0.0837918 -0.204137  0.320837  -0.239223 -0.0413857   0.932665
   35.2869 0.0891182 -0.190822  0.330957  -0.227992 -0.0482216   0.942797
    35.291 0.0960424 -0.176973  0.334153  -0.218349 -0.0516396   0.949633
   35.2968  0.10563 -0.16419 0.336816  -0.213466 -0.0517617   0.956591
   35.3011  0.108826 -0.147678  0.335218  -0.212001 -0.0561562   0.962938
    35.307  0.105097 -0.127438  0.322967  -0.209315 -0.0601845   0.964891
   35.3114 0.0987055  -0.10347  0.309119 -0.204188 -0.057621  0.962694
   35.3168  0.0981729 -0.0779035   0.300064  -0.195521 -0.0546914   0.963427
   35.3211   0.104565 -0.0534024   0.288879  -0.186122 -0.0571328   0.970263
    35.327   0.113619 -0.0283687   0.269171   -0.17953 -0.0628701   0.979174
   35.3315    0.122674 -0.00333499    0.247334   -0.17892 -0.0643349   0.988085
   35.3369  0.126935 0.0211661  0.230822  -0.181117 -0.0606728   0.988695
    35.341 0.128533 0.048863 0.211647  -0.179164 -0.0589638   0.983568
    35.347  0.131729 0.0781577  0.187146  -0.173427 -0.0600625   0.979784
   35.3514 0.134392 0.107453 0.160514  -0.16598 -0.061039  0.983324
    35.357  0.13812 0.136215 0.129089  -0.161586 -0.0638466   0.991625
   35.3613  0.143979  0.164977 0.0955333  -0.162562 -0.0690957   0.999437
   35.3669  0.148773  0.192674 0.0635754  -0.168788 -0.0684853     1.0114
   35.3712 0.152501  0.21824 0.038009  -0.178676 -0.0625039    1.02007
   35.3767  0.154099  0.243274 0.0156385  -0.187953 -0.0571328    1.01628
   35.3812    0.156762    0.268307 -0.00992787  -0.194179 -0.0507851    1.00786
    35.387   0.159426   0.291211 -0.0296353  -0.197597 -0.0446816    1.00481
   35.3914   0.157828   0.311451 -0.0434837 -0.201991 -0.043705   1.00737
   35.3969    0.15836   0.330093 -0.0514732 -0.208339 -0.047123   1.01543
    35.401   0.160491   0.347137 -0.0509406  -0.216762 -0.0485878    1.02922
    35.407   0.163687   0.360453 -0.0514732 -0.227992 -0.047123   1.03838
   35.4115   0.169013   0.368975 -0.0557342  -0.236537 -0.0473671    1.03972
    35.417   0.174872   0.373769 -0.0637237  -0.239711 -0.0494423    1.03691
   35.4212   0.182329   0.375367 -0.0733111  -0.240077 -0.0510293     1.0352
    35.427   0.191916   0.374301 -0.0813006  -0.240565 -0.0535927    1.04119
   35.4313   0.200971   0.368442 -0.0844964  -0.243983 -0.0579873    1.05351
    35.437   0.208428    0.35992 -0.0834311  -0.251796 -0.0596962    1.06719
   35.4412   0.215885   0.350333 -0.0813006  -0.263026 -0.0535927    1.07585
   35.4468   0.222809   0.338615 -0.0759743  -0.273524 -0.0424843    1.07414
   35.4511   0.227603   0.326897 -0.0669195 -0.279018 -0.031498   1.06035
    35.457   0.229733    0.31731 -0.0530711  -0.279628 -0.0212441    1.04778
   35.4613   0.227603   0.306657 -0.0333637  -0.281459 -0.0113564    1.04265
    35.467   0.223874   0.294406 -0.0141889   -0.286708 -0.00561909     1.04021
   35.4711  0.219613  0.282156 0.0113774   -0.293422 -0.00159077     1.04216
    35.477  0.213221  0.269905 0.0422701  -0.301967 0.00829692     1.0501
   35.4811  0.209493  0.254459 0.0689017 -0.310634  0.018917   1.05229
   35.4869  0.204699  0.235284 0.0960659 -0.315395 0.0266075   1.04473
   35.4912  0.19671 0.215577 0.120567 -0.316493   0.03442   1.03765
    35.497 0.189786 0.193206 0.141872 -0.316737 0.0410118   1.03411
   35.5013 0.181796 0.168705 0.161047 -0.316371 0.0452842   1.03154
   35.5069 0.174872 0.144204 0.178624 -0.320766 0.0490684   1.02886
   35.5111 0.163687 0.116507 0.195668 -0.328212 0.0479698   1.04167
    35.517  0.142914 0.0856146  0.204723 -0.330775 0.0447959   1.05144
   35.5214  0.119478 0.0525914  0.206853 -0.330653 0.0463829   1.02434
    35.527  0.106695 0.0222314  0.212712 -0.335902 0.0633506   1.00981
   35.5311    0.101901 -0.00546552    0.232952 -0.350062 0.0799522   1.03179
    35.537  0.0853897 -0.0352929   0.258519 -0.357753 0.0681114    1.0446
   35.5412  0.0646171 -0.0645877   0.278759 -0.353969 0.0545616   1.05461
    35.547  0.0481055 -0.0922846   0.298466 -0.357143 0.0646934   1.06731
   35.5512 0.0369202  -0.11572   0.32563 -0.371059  0.086544   1.06572
   35.5569 0.0358549 -0.134363   0.36398 -0.383632  0.105465    1.0529
   35.5613 0.0363876 -0.150874  0.413515 -0.389979  0.119991   1.04216
    35.567 0.0379855  -0.16632  0.464647 -0.390956  0.133663   1.04228
   35.5714 0.0449097 -0.179636  0.512052 -0.389613  0.142452   1.04009
   35.5769 0.0507686 -0.188691  0.558391 -0.387294  0.145992   1.03642
   35.5811  0.056095 -0.195083  0.601001 -0.385585  0.151852   1.03704
    35.587 0.0619539 -0.199876  0.636155 -0.386195  0.161251   1.03008
   35.5913 0.0630192 -0.204137  0.661721 -0.383632  0.170406    1.0136
   35.5969  0.060356 -0.208398  0.680364 -0.374232  0.176632  0.994555
   35.6011 0.0555623 -0.211062  0.689418 -0.362392  0.181026  0.977465
    35.607 0.0465076 -0.213192  0.684092 -0.35348 0.183102 0.964159
   35.6112 0.0315939 -0.215323  0.673439 -0.347743  0.181393   0.95244
    35.617 0.0118865 -0.217986  0.660123 -0.345058  0.179439  0.946825
   35.6215 -0.0110167  -0.219051   0.636688 -0.346278  0.182735  0.939135
    35.627 -0.0381809  -0.216921   0.610589 -0.348231   0.19006  0.922411
   35.6313 -0.0653452  -0.214257   0.590881 -0.346522  0.195553  0.904955
    35.637 -0.0919768  -0.211594   0.565848 -0.342006  0.200558  0.893969
   35.6411 -0.117011 -0.206801  0.541346 -0.338466  0.202023  0.891405
    35.647 -0.137251 -0.202007  0.522172 -0.337611  0.196896  0.893236
   35.6514 -0.154827 -0.198278  0.502464 -0.340663  0.193356  0.903856
   35.6568 -0.172937 -0.192952  0.488616 -0.347377  0.195553  0.914843
   35.6611 -0.187318 -0.187093  0.474767 -0.354335  0.199215  0.914599
    35.667 -0.194775 -0.180169  0.463582 -0.356044  0.201168   0.90996
   35.6713 -0.197438 -0.173245  0.457723 -0.35226 0.202633  0.90935
    35.677 -0.197971 -0.167386  0.449201 -0.347743  0.203121  0.912035
   35.6814 -0.199569 -0.162059  0.441212 -0.344203  0.199337  0.913988
   35.6868 -0.200634 -0.159396   0.43269 -0.33932 0.193966 0.922777
   35.6912 -0.199569 -0.157266   0.41458 -0.334315  0.192257  0.934496
    35.697 -0.196373   -0.1562  0.388481 -0.329188   0.19006  0.932909
   35.7011 -0.191579 -0.159396   0.35599 -0.31808 0.185665 0.921557
    35.707 -0.189448  -0.16419  0.316043 -0.304164  0.181759  0.907763
   35.7114 -0.193177 -0.167918  0.272367 -0.291957  0.176388  0.896654
   35.7168 -0.202232 -0.169516  0.226561 -0.281459  0.166988  0.890551
   35.7212 -0.214482 -0.168984   0.18182 -0.274623  0.156734  0.891649
    35.727 -0.229929 -0.168451  0.142405 -0.273402  0.149654  0.894823
   35.7313 -0.248571 -0.167386  0.106719  -0.2756  0.14526 0.891283
    35.737 -0.268278 -0.163657 0.0731628  -0.2756 0.140743 0.879808
   35.7412 -0.289051 -0.157798 0.0486617 -0.271205  0.136349  0.867724
    35.747 -0.310889 -0.150874 0.0326827 -0.26559 0.131588 0.860643
   35.7512 -0.333259 -0.142885 0.0214974 -0.262294  0.119869  0.855272
    35.757 -0.358826 -0.134363 0.0161711 -0.260829  0.107052  0.858202
   35.7611 -0.385457 -0.125308  0.017769 -0.264003 0.0988731  0.865282
    35.767 -0.411556 -0.116253 0.0230953 -0.269984 0.0906944  0.864428
   35.7715 -0.437655 -0.107198 0.0305522 -0.270351 0.0815391  0.859911
   35.7769  -0.462689 -0.0970783   0.038009 -0.266078 0.0710411  0.855761
   35.7812  -0.482929 -0.0864256  0.0401396  -0.25973 0.0602989  0.857103
    35.787   -0.49731 -0.0763056  0.0459985 -0.254726 0.0469932  0.865282
   35.7913   -0.50956 -0.0672509  0.0518575 -0.253871 0.0316124  0.879564
    35.797  -0.514887 -0.0629898  0.0523901 -0.253993 0.0244102  0.889208
   35.8011   -0.52767 -0.0571308  0.0614448 -0.261684 0.0190391  0.892992
    35.807  -0.540453 -0.0512719  0.0704996 -0.269374  0.013668  0.896776
   35.8112  -0.544714 -0.0507393  0.0784891  -0.266688 0.00780864     0.8958
    35.817  -0.548975 -0.0502066  0.0864786  -0.264003 0.00194927   0.894823
   35.8211   -0.54791 -0.0523372  0.0891417 -0.253627 -0.010624  0.907274
    35.827  -0.542051 -0.0592614  0.0891417  -0.240443 -0.0267373   0.918871
   35.8316  -0.530866 -0.0693814  0.0795543  -0.238124 -0.0333291   0.929369
   35.8368  -0.524474 -0.0747077  0.0726301  -0.238612 -0.0363808   0.940722
   35.8412 -0.520746 -0.080034 0.0619775  -0.245204 -0.0456582   0.945238
    35.847  -0.517017 -0.0853604  0.0513248  -0.251796 -0.0549355   0.949755
   35.8512  -0.499973 -0.0874909   0.043868   -0.25143 -0.0466347   0.951586
    35.857  -0.482929 -0.0896214  0.0364111  -0.251063 -0.0383339   0.953417
   35.8613 -0.460558 -0.085893 0.0428027 -0.248744 -0.043583  0.956347
   35.8668  -0.438188 -0.0821646  0.0491943 -0.246425 -0.048832  0.959276
   35.8716   -0.41635 -0.0837625  0.0550533  -0.247035 -0.0499306   0.973803
    35.877  -0.394512 -0.0853604  0.0609122  -0.247645 -0.0510293   0.988329
   35.8813  -0.362554 -0.0832298   0.059847  -0.242274 -0.0520058   0.978319
    35.887  -0.330596 -0.0810993  0.0587817  -0.236903 -0.0529824   0.968309
   35.8913  -0.301301 -0.0773709  0.0497269  -0.227992 -0.0577431   0.962816
   35.8969  -0.272007 -0.0736424  0.0406722  -0.219081 -0.0625039   0.957323
   35.9012   -0.24644 -0.0693814  0.0241606 -0.216029 -0.067997  0.962572
    35.907  -0.220874 -0.0651203 0.00764899  -0.212978 -0.0734902   0.967821
   35.9112  -0.197971 -0.0581961 -0.0120584 -0.215785 -0.071415   0.96245
    35.917  -0.175067 -0.0512719 -0.0317658  -0.218593 -0.0693398   0.957079
   35.9213   -0.15536 -0.0432824 -0.0456142  -0.216518 -0.0653115   0.946337
    35.927  -0.135653 -0.0352929 -0.0594627  -0.214442 -0.0612832   0.935595
   35.9311  -0.115945 -0.0257055 -0.0658543  -0.215053 -0.0595742    0.93413
    35.937 -0.0962379 -0.0161182 -0.0722458  -0.215663 -0.0578652   0.932665
   35.9413  -0.0845199 -0.00386762  -0.0706479  -0.215053 -0.0599404   0.939257
    35.947  -0.072802 0.00838292 -0.0690501  -0.217372 -0.0582314   0.944017
   35.9511 -0.0642799  0.0147745 -0.0695827 -0.223353 -0.050541  0.934496
    35.957 -0.0493662  0.0286229 -0.0637237  -0.225429 -0.0452919   0.925829
   35.9613 -0.036583  0.043004  -0.04881  -0.223109 -0.0413857   0.915941
    35.967 -0.0211367  0.0573851 -0.0370921  -0.219325 -0.0399209   0.913988
   35.9711 -0.00355984   0.0733641  -0.0280374  -0.215297 -0.0450478   0.916796
    35.977  0.0161476  0.0882778 -0.0216458  -0.212367 -0.0526162   0.919237
   35.9816  0.0369202   0.102126 -0.0200479  -0.212245 -0.0543251   0.931322
   35.9869 0.0582255  0.114909  -0.01845  -0.215175 -0.0510293   0.938524
   35.9911  0.0821939   0.123964 -0.0189826  -0.217006 -0.0472451   0.934862
    35.997   0.106695   0.131421 -0.0237763   -0.21432 -0.0411416   0.926195
   36.0013   0.131196   0.137813 -0.0269721  -0.210048 -0.0346718   0.919725
   36.0069   0.152501   0.143139 -0.0307005  -0.205775 -0.0344277   0.915575
   36.0113   0.169013   0.146867 -0.0392227 -0.201869 -0.038456   0.91704
   36.0169   0.181796    0.14953 -0.0477448  -0.203334 -0.0368691   0.918261
   36.0212   0.190318   0.153259 -0.0578648  -0.208461 -0.0316201   0.912157
    36.027   0.197243   0.156987 -0.0674522  -0.211391 -0.0272255   0.900805
   36.0313   0.200971   0.160183 -0.0759743  -0.209926 -0.0249062   0.887377
    36.037   0.202569   0.162314 -0.0839638  -0.205775 -0.0247841   0.879564
   36.0415   0.202569   0.164444 -0.0876922  -0.201747 -0.0274697   0.880053
   36.0467   0.199373   0.167107 -0.0882248 -0.201137 -0.033207  0.884081
   36.0512   0.196177   0.168173 -0.0892901 -0.205165 -0.036625  0.890184
    36.057   0.190851   0.169238 -0.0892901  -0.212611 -0.0363808   0.892748
   36.0611   0.184459   0.170836 -0.0892901  -0.217982 -0.0361367   0.887499
    36.067    0.17647   0.171368 -0.0914206  -0.218349 -0.0365029   0.878222
   36.0712    0.16848   0.169238 -0.0914206  -0.216151 -0.0360146    0.87517
   36.0767   0.163154   0.166042 -0.0898227  -0.214442 -0.0380898   0.879686
   36.0812   0.157828   0.163912 -0.0839638  -0.215663 -0.0444375   0.887743
    36.087   0.153567   0.160183 -0.0738437  -0.219936 -0.0472451   0.901537
   36.0914   0.149838   0.155389 -0.0642564  -0.227138 -0.0439492     0.9135
    36.097   0.147175   0.150596 -0.0536037  -0.233607 -0.0405312   0.916063
   36.1013   0.147175   0.143672 -0.0402879  -0.235072 -0.0391884   0.911669
    36.107 0.147708  0.13728 -0.02857  -0.233119 -0.0387001    0.90935
   36.1112    0.14824   0.131421 -0.0168521    -0.2308 -0.0407753     0.9135
    36.117    0.151436    0.121834 -0.00513418 -0.228847 -0.047123  0.922045
   36.1211  0.153567  0.111181 0.0044532  -0.229457 -0.0546914   0.935839
    36.127  0.153567  0.101594 0.0124427  -0.233485 -0.0578652   0.947191
   36.1314  0.151969 0.0914735 0.0167037  -0.236659 -0.0568886   0.951342
   36.1368  0.154099 0.0808209  0.017769  -0.235927 -0.0561562   0.949389
   36.1413  0.162089 0.0701683 0.0172364  -0.233241 -0.0566445    0.94768
    36.147   0.16848  0.058983 0.0140406  -0.230556 -0.0587197   0.954027
   36.1512  0.175405 0.0483303 0.0108448  -0.229701 -0.0642128   0.964525
    36.157  0.182861  0.038743 0.0145732  -0.231898 -0.0689736   0.980028
   36.1613  0.188188 0.0302208 0.0230953   -0.23788 -0.0665322   0.995531
   36.1669  0.195645 0.0211661 0.0294869 -0.245936 -0.061039   1.00005
   36.1712  0.205765 0.0115787 0.0390743  -0.250087 -0.0567666   0.996019
   36.1769   0.218015 0.00412186  0.0497269  -0.248988 -0.0526162   0.994921
    36.181    0.231331 -0.00173709   0.0598469  -0.246669 -0.0489541    1.00054
    36.187    0.242516 -0.00599815   0.0731628   -0.24496 -0.0504189    1.00749
   36.1915   0.255832 -0.0102592  0.0832828  -0.245326 -0.0550576    1.01909
    36.197   0.266485 -0.0150529  0.0918049  -0.248744 -0.0544472    1.03545
   36.2014   0.273942 -0.0198466    0.10086  -0.253627 -0.0502968    1.04412
    36.207   0.284594 -0.0257055   0.102458  -0.254848 -0.0468789    1.04387
   36.2112   0.293649 -0.0331624  0.0992617  -0.250697 -0.0423623    1.04326
    36.217   0.299508 -0.0406192  0.0971312  -0.245936 -0.0380898    1.04521
   36.2212   0.302171 -0.0459456  0.0912723  -0.242763 -0.0383339    1.04851
    36.227   0.302704 -0.0507393  0.0816849  -0.242519 -0.0402871    1.05571
   36.2315   0.300041 -0.0555329  0.0726301  -0.247035 -0.0371132     1.0645
    36.237   0.289388 -0.0581961  0.0651733  -0.254115 -0.0286904    1.06487
    36.241  0.273942 -0.059794 0.0603796  -0.258021 -0.0207558    1.05754
    36.247   0.256897 -0.0619245  0.0571838  -0.256435 -0.0167275    1.04997
   36.2514   0.236125 -0.0635224  0.0513248  -0.251918 -0.0144082    1.04827
   36.2567   0.210026 -0.0651203  0.0459985 -0.248622 -0.015873   1.05046
   36.2612   0.181796 -0.0693814  0.0406722  -0.248744 -0.0212441    1.05705
    36.267   0.154099 -0.0731098   0.033748  -0.253261 -0.0216103    1.06975
   36.2712   0.121076 -0.0731098  0.0316174  -0.263515 -0.0142861    1.07598
    36.277  0.0837918 -0.0720445  0.0342806   -0.274135 -0.00427632     1.07183
   36.2812  0.0513013 -0.0709793  0.0428027  -0.278895 0.00365825    1.06609
   36.2867  0.0225391 -0.0693814  0.0555859  -0.279628 0.00939555    1.06597
   36.2912 -0.00569037  -0.0661856   0.0683691  -0.279628 0.00976177    1.06926
    36.297 -0.0349851 -0.0629898  0.0827501  -0.279628 0.00292583    1.07439
   36.3013 -0.0648126 -0.0603266  0.0923375   -0.281581 -0.00134663     1.08318
    36.307 -0.0914442 -0.0576635  0.0955333    -0.286342 -0.000858352       1.0844
   36.3115  -0.117543 -0.0550003  0.0960659    -0.289516 -0.000492141      1.07488
   36.3167   -0.14524 -0.0523372   0.094468   -0.287685 -0.00134663      1.0623
   36.3212   -0.17347 -0.0491414  0.0880765   -0.283046 -0.00342183     1.05168
    36.327   -0.20383 -0.0448803  0.0731628   -0.278895 -0.00879292     1.04582
   36.3313  -0.234722 -0.0406192  0.0545206  -0.275966 -0.0186806    1.04424
    36.337  -0.265615 -0.0358256  0.0348132 -0.276454  -0.02808   1.04814
   36.3412  -0.295975 -0.0310319 0.00977952  -0.282802 -0.0313759    1.05242
   36.3469  -0.323139 -0.0251729 -0.0195153  -0.290248 -0.0316201    1.04949
   36.3511   -0.34764 -0.0177161 -0.0434837   -0.29391 -0.0339394    1.04363
    36.357   -0.366282 -0.00919394  -0.0658543  -0.295619 -0.0356484     1.0446
   36.3613   -0.374272 -0.00173709  -0.0892901  -0.298671 -0.0373574    1.05278
   36.3669  -0.374272 0.00412186  -0.106334  -0.302821 -0.0440712     1.0656
   36.3711  -0.367348 0.00944819  -0.118585  -0.309413 -0.0500527    1.08733
   36.3769 -0.351369 0.0142419 -0.125509 -0.319667 -0.047123   1.10832
   36.3814 -0.323139 0.0185029 -0.130835  -0.330409 -0.0383339    1.11406
    36.387 -0.285322 0.0211661 -0.132966 -0.337489 -0.027958    1.1104
   36.3911 -0.242712 0.0248945 -0.131368  -0.336513 -0.0159951    1.10649
    36.397 -0.192112 0.0307535 -0.131368    -0.33224 -0.00659566     1.10527
   36.4012 -0.139914 0.0350145 -0.128705    -0.331142 -0.000370071      1.10124
    36.407 -0.0925094  0.0376777  -0.122846  -0.331752 0.00927348    1.09355
   36.4116 -0.0488336  0.0414061  -0.116987  -0.33456 0.0242881   1.08745
    36.417 -0.0110167  0.0456672  -0.113791 -0.336635 0.0391807   1.06377
   36.4211 0.0220065 0.0467324 -0.115389 -0.332606 0.0515098   1.04106
    36.427 0.0481055 0.0456672 -0.122313  -0.32516 0.0635948    1.0175
   36.4315 0.0667476 0.0435367 -0.135629 -0.317592 0.0732383  0.997728
    36.437 0.0827266 0.0371451 -0.156402 -0.312099 0.0788536  0.992968
   36.4415 0.0912487 0.0275577 -0.177174 -0.310023 0.0825157  0.986986
   36.4467 0.0928466 0.0142419 -0.194219 -0.311488 0.0891075  0.982714
   36.4512 0.0944445 0.0014587 -0.213393 -0.315028 0.0991172  0.972826
    36.457  0.0939119 -0.0107918  -0.232036 -0.315761  0.108761   0.95952
   36.4615  0.0912487 -0.0251729  -0.248014 -0.312343  0.115719  0.948412
   36.4669  0.0885855 -0.0384887  -0.260798 -0.306972  0.119137  0.938891
   36.4711  0.0821939 -0.0486087   -0.27145 -0.300868  0.115963  0.929247
    36.477   0.070476 -0.0581961  -0.281038 -0.299403  0.109493  0.923632
   36.4812   0.056095 -0.0688488  -0.287429 -0.300014   0.10754  0.924852
    36.487   0.040116 -0.0789688  -0.288495 -0.303065  0.109493  0.922167
   36.4915  0.0236044 -0.0874909  -0.284766 -0.307948  0.112057  0.909105
   36.4966 0.00549491 -0.0949477   -0.27944 -0.308437  0.113155  0.894579
   36.5012 -0.0190062  -0.101872  -0.261863 -0.30746 0.114254 0.886644
    36.507 -0.042442 -0.108264 -0.238427 -0.304286  0.108761  0.883471
   36.5112 -0.0557578  -0.111992  -0.214991 -0.303187 0.0965538  0.888109
    36.517 -0.0696062  -0.113057  -0.182501 -0.309047 0.0914268  0.892138
   36.5216 -0.0871831  -0.114122  -0.145749 -0.316859 0.0928916  0.891039
    36.527 -0.098901 -0.110927 -0.106867 -0.319667 0.0933799  0.887743
   36.5312  -0.107956  -0.106666 -0.0610606 -0.316859 0.0903282  0.881273
    36.537   -0.11488  -0.104535 -0.0152542 -0.309047  0.081417  0.879931
   36.5411 -0.118076 -0.101872 0.0214974 -0.297938 0.0668907  0.882372
    36.547  -0.118608 -0.0997414  0.0497269 -0.287929 0.0490684  0.887377
   36.5511  -0.119674 -0.0986762  0.0673038 -0.281337 0.0330772  0.894335
   36.5569  -0.124467 -0.0986762  0.0758259 -0.279018 0.0231895  0.898974
   36.5614 -0.128728 -0.100807 0.0779564 -0.276088 0.0157432  0.893725
    36.567 -0.131924 -0.102405 0.0752933  -0.268031 0.00658794   0.886766
   36.5712 -0.129794 -0.105068 0.0635754   -0.256679 -0.00171284    0.886156
    36.577 -0.122869 -0.110927 0.0459985   -0.248012 -0.00976948    0.892138
   36.5812 -0.113815  -0.11572 0.0246932 -0.243983    -0.021  0.897753
    36.587  -0.102097  -0.118384 0.00232267  -0.241908 -0.0302773   0.908861
   36.5916 -0.0861178  -0.121047 -0.0157868  -0.242274 -0.0339394   0.922777
    36.597 -0.0664104  -0.122112 -0.0349616  -0.242885 -0.0368691   0.925341
    36.601 -0.0451052  -0.121047 -0.0578648  -0.239589 -0.0417519    0.92058
    36.607 -0.0206041  -0.118916 -0.0765069  -0.233119 -0.0443154   0.918505
   36.6111 0.00602754  -0.115188 -0.0962143  -0.227504 -0.0465126   0.920824
    36.617 0.0347897 -0.110394 -0.118052  -0.223598 -0.0524941   0.925219
   36.6214 0.0651497 -0.104535 -0.135629  -0.221767 -0.0582314   0.932665
    36.627  0.0907161 -0.0986762  -0.152673  -0.224208 -0.0583535   0.939623
   36.6313   0.113087 -0.0917519  -0.166522  -0.229579 -0.0524941   0.938524
    36.637   0.136522 -0.0837625   -0.17824  -0.232631 -0.0451699   0.929369
   36.6412   0.160491 -0.0768382  -0.185696  -0.231898 -0.0385781   0.918261
    36.647   0.183927 -0.0693814  -0.182501  -0.230189 -0.0346718   0.913256
   36.6514   0.202569 -0.0603266  -0.176109   -0.22848 -0.0362587    0.91289
   36.6568   0.215352 -0.0491414   -0.16812  -0.228969 -0.0400429   0.915209
   36.6611    0.22707 -0.0379561  -0.158532  -0.231898 -0.0407753   0.921068
    36.667   0.239853 -0.0289013  -0.153206  -0.235072 -0.0380898   0.921679
   36.6715   0.253702 -0.0203792  -0.152141  -0.235683 -0.0354043   0.915331
   36.6769    0.26755 -0.0113245  -0.152141  -0.232631 -0.0344277   0.908495
   36.6812    0.280333 -0.00546552   -0.153739  -0.227992 -0.0328408   0.907641
   36.6867    0.294182 -0.00120446      -0.158  -0.224574 -0.0340615   0.909594
   36.6912  0.307497 0.0046545 -0.159598  -0.225185 -0.0377236   0.911913
    36.697   0.320813 0.00998082  -0.159065  -0.229213 -0.0345498   0.922045
   36.7016  0.333064 0.0147745 -0.155869  -0.237758 -0.0242959   0.927782
   36.7069  0.343184 0.0195682 -0.144151  -0.244716 -0.0144082    0.92705
    36.711  0.355434 0.0243619 -0.132433   -0.241908 -0.00903706    0.923876
   36.7169  0.365022 0.0302208 -0.122313   -0.235194 -0.00598531    0.919115
   36.7211  0.370348 0.0371451 -0.113791   -0.230311 -0.00549702    0.919359
    36.727  0.375142 0.0451345 -0.106867    -0.22433 -0.00818257    0.921679
   36.7316  0.380468 0.0509935 -0.104736  -0.216884 -0.0108681   0.928515
   36.7367  0.384196 0.0541893  -0.11752  -0.215419 -0.0156289   0.931688
   36.7412  0.377805 0.0600482 -0.134564 -0.220424 -0.019291  0.933764
   36.7469 0.363424 0.069103 -0.15001 -0.223476 -0.019291  0.937304
   36.7512  0.353304  0.079223 -0.165989   -0.224696 -0.00867085    0.926683
    36.757  0.351173 0.0840167 -0.174511  -0.225917 0.00194927   0.916063
   36.7612  0.343184 0.0962672 -0.172381  -0.227626 0.00170512   0.919603
   36.7669 0.335194 0.108518 -0.17025  -0.229335 0.00146098   0.923143
   36.7712  0.328803  0.110116 -0.172381   -0.230189 0.000240281    0.935717
    36.777  0.316552  0.109583 -0.178772    -0.231044 -0.000980422      0.94829
   36.7813  0.301638  0.106387 -0.189425   -0.228114 -0.00378804    0.941332
    36.787  0.292584  0.105322 -0.195817   -0.225185 -0.00659566    0.934374
   36.7912  0.278203 0.0989304 -0.214991   -0.225062 -0.00183491    0.932055
   36.7968  0.263822 0.0925388 -0.234166   -0.22494 0.00292583   0.929735
   36.8012  0.242516 0.0856146 -0.236829  -0.230678 0.00341411   0.936571
    36.807  0.221211 0.0786904 -0.239492  -0.236415 0.00390239   0.943407
   36.8115  0.197243 0.0696356 -0.238427  -0.245204 0.00939555   0.942919
    36.817  0.173274 0.0605809 -0.237362 -0.253993 0.0148887  0.942431
   36.8211  0.147708 0.0568525 -0.226177 -0.257411  0.020504  0.931078
    36.827  0.122141  0.053124 -0.214991 -0.260829 0.0261192  0.919725
   36.8315 0.0949771 0.0499282 -0.192621 -0.265224 0.0241661  0.925219
    36.837 0.0678129 0.0467324  -0.17025 -0.269618 0.0222129  0.930712
   36.8411 0.0395834 0.0366124 -0.131368 -0.284022 0.0244102  0.938402
    36.847  0.0113539  0.0264924 -0.0924859 -0.298427 0.0266075  0.946093
   36.8512 -0.0110167  0.0259598 -0.0376248 -0.310023  0.039669  0.942919
    36.857 -0.0333872  0.0254272  0.0172364  -0.32162 0.0527305  0.939745
   36.8614 -0.0381809  0.0201008  0.0710322 -0.311488 0.0435752  0.953539
   36.8668 -0.0429746  0.0147745   0.124828 -0.301356   0.03442  0.967333
   36.8712  -0.058421 0.00625239   0.165841  -0.30331 0.0308799  0.974535
    36.877  -0.0738673 -0.00226972    0.206853 -0.305263 0.0273399  0.981737
   36.8814  -0.0749326 -0.00972658    0.245203 -0.312953 0.0330772  0.982225
   36.8869 -0.0759978 -0.0171834   0.283552 -0.320644 0.0388145  0.982714
   36.8911 -0.078661 -0.023575  0.328294 -0.323329 0.0422325  0.983568
    36.897 -0.0813241 -0.0299666   0.373035 -0.326015 0.0456504  0.984423
   36.9011 -0.0754652 -0.0342277   0.411917 -0.320277 0.0404014  0.991259
    36.907 -0.0696062 -0.0384887   0.450799  -0.31454 0.0351524  0.998095
   36.9113 -0.0642799 -0.0406192    0.46518 -0.313686  0.032711   1.00627
    36.917 -0.0530946 -0.0454129   0.490746 -0.313075 0.0313682   1.01811
   36.9214 -0.0419094 -0.0502066    0.51365 -0.313197 0.0333213    1.0219
   36.9269 -0.0296588 -0.0555329   0.529629 -0.309901 0.0330772   1.02275
   36.9311  -0.016343 -0.0613919   0.540814 -0.301601  0.031002   1.02019
    36.937 -0.00462511  -0.0672509    0.549336 -0.291469 0.0280723   1.01677
   36.9414 0.00549491 -0.0704466   0.548803 -0.282313 0.0220909   1.01824
   36.9468   0.014017 -0.0720445    0.54401 -0.275966 0.0139122   1.02519
   36.9511 0.0230718 -0.075773  0.537618 -0.273646 0.0141563   1.03398
    36.957  0.0310613 -0.0736424   0.538683 -0.282802 0.0225791   1.02507
   36.9613  0.0310613 -0.0677835   0.545075 -0.287807 0.0158653   1.02654
    36.967  0.024137 -0.065653  0.538683    -0.277919 -3.85987e-06      1.03545
   36.9711  0.0204086 -0.0677835   0.524835   -0.267787 -0.00110249     1.02568
   36.9769  0.0188107 -0.0629898   0.516313  -0.267299 0.00316997    1.01177
   36.9812  0.0161476 -0.0571308   0.512584    -0.26913 -0.00671773     1.01421
    36.987  0.0220065 -0.0581961   0.516845   -0.277797 -0.00500874      1.0374
   36.9914  0.0220065 -0.0571308   0.533357   -0.291835 -0.00415425     1.06194
    36.997  0.0118865 -0.0550003   0.542944  -0.291713 -0.0261269    1.08391
   37.0011 0.00549491 -0.0587287   0.539216  -0.281581 -0.0388222    1.08623
   37.0068 0.0070928 -0.069914  0.524835   -0.26266 -0.0421181    1.09453
   37.0111  0.0193433 -0.0842951    0.49554  -0.245448 -0.0438271    1.10393
    37.017 0.0347897 -0.102405  0.466245   -0.24435 -0.0477334    1.10234
   37.0214 0.0534318 -0.122112  0.442277  -0.251186 -0.0480996    1.11992
    37.027 0.0720739 -0.142885  0.418841  -0.253871 -0.0452919    1.12944
   37.0312 0.0875203 -0.163657  0.391144 -0.252895 -0.047123   1.13091
   37.0369  0.100836 -0.183365  0.354925  -0.249965 -0.0518837      1.127
   37.0414  0.106695 -0.202007  0.314445   -0.24203 -0.0572548    1.12163
   37.0469  0.110423 -0.224377  0.268106  -0.229213 -0.0554238    1.12163
   37.0512  0.116282 -0.244617  0.219104  -0.221767 -0.0441933    1.10893
    37.057  0.121609 -0.256335  0.184483  -0.228236 -0.0242959    1.09038
   37.0613  0.121076 -0.260064  0.174363  -0.241664 0.00109477    1.06963
    37.067   0.11575 -0.255803  0.182352 -0.251186 0.0247764   1.04656
   37.0714  0.110956 -0.247281  0.200994 -0.254481 0.0425987    1.0241
   37.0769  0.108293 -0.236095  0.226028 -0.251918 0.0565147   1.00859
    37.081  0.112554 -0.225443  0.248931 -0.239467 0.0646934  0.998461
    37.087  0.124272 -0.222779  0.255323 -0.224574 0.0616416   1.00078
   37.0914  0.139186 -0.223312  0.240942 -0.222743 0.0469932   1.01885
    37.097  0.146642 -0.221182   0.21431 -0.229823 0.0333213   1.04082
   37.1013  0.146642 -0.219584  0.185016 -0.237025 0.0382041   1.05144
    37.107  0.150371 -0.216921  0.156253 -0.247645 0.0609092   1.03435
   37.1112  0.157828 -0.210529  0.139742 -0.259608 0.0902061   1.00725
   37.1169  0.165817 -0.200409  0.148264 -0.264369  0.116085  0.993456
   37.1211  0.175937 -0.191887  0.164775 -0.260341  0.130611  0.986986
    37.127  0.187655 -0.188158  0.177026 -0.253993  0.138546  0.982958
   37.1314  0.199373 -0.186028  0.186081 -0.253017  0.146725  0.974535
   37.1369  0.207895 -0.182299  0.188211 -0.249354  0.149532  0.961351
   37.1411  0.211091 -0.179636  0.182352 -0.238734  0.148556  0.943773
    37.147  0.214819 -0.178038  0.165841 -0.227992  0.149288  0.919481
   37.1514  0.218015 -0.169516   0.14347 -0.21725 0.150753 0.899706
   37.1568  0.216417 -0.158331  0.121632 -0.209926  0.154537   0.88286
   37.1611  0.209493 -0.147146  0.101925 -0.207484  0.159298  0.874682
    37.167  0.198308 -0.135428 0.0838154 -0.204799  0.157345  0.878344
   37.1712  0.185525  -0.12584 0.0609122 -0.202602  0.154903  0.872118
    37.177  0.171144  -0.11572 0.0300195 -0.200526  0.158688  0.861376
   37.1812    0.155697   -0.104002 -0.00619945 -0.196986  0.166256  0.854784
   37.1869   0.140783 -0.0922846 -0.0397553 -0.194911  0.177364  0.854906
   37.1912   0.125337 -0.0837625 -0.0642564 -0.196498  0.184689  0.859423
    37.197   0.112554 -0.0768382 -0.0802353 -0.201015  0.182857  0.862108
   37.2015   0.101901 -0.0688488 -0.0972796 -0.203944  0.176388  0.874071
   37.2069  0.0917813 -0.0608593  -0.119117 -0.204921  0.175411  0.886278
   37.2112  0.0843245 -0.0544677   -0.13776 -0.208461  0.181637  0.891771
    37.217  0.0821939 -0.0486087  -0.154271 -0.212001  0.188839  0.893358
   37.2212  0.0885855 -0.0416845  -0.167054 -0.212245  0.195187  0.897997
    37.227   0.100303 -0.0358256  -0.169718 -0.212123  0.196407  0.910936
   37.2313    0.11575 -0.0315645  -0.167054 -0.211635  0.192135  0.927782
    37.237   0.134392 -0.0273034  -0.165989 -0.211391  0.188473  0.948412
   37.2412  0.155697 -0.023575 -0.169185 -0.212978  0.189938  0.961474
    37.247   0.177002 -0.0203792  -0.172381 -0.211269  0.194454  0.961229
   37.2512   0.194579 -0.0171834  -0.177174 -0.204921  0.199459  0.950243
    37.257    0.20896 -0.0129224  -0.183566 -0.199061  0.208492  0.933519
   37.2613    0.218015 -0.00706341   -0.186762 -0.187831  0.211178  0.921923
    37.267    0.219613 -0.00120446   -0.187294 -0.172938  0.199703  0.918505
   37.2711  0.216417 0.0030566 -0.194751 -0.164394   0.18713   0.91997
    37.277   0.207895 0.00838292  -0.212328 -0.159877  0.181637   0.92119
   37.2814  0.196177 0.0147745 -0.234166 -0.156947  0.178829  0.915941
   37.2868  0.184459 0.0206335 -0.252276 -0.152186  0.174313   0.90703
   37.2911  0.173274 0.0259598 -0.268787 -0.139369  0.170773   0.90288
    37.297  0.173807 0.0201008 -0.305006 -0.106898  0.160885  0.890062
   37.3016  0.179666 0.0014587 -0.374248 -0.0760146   0.132564   0.884081
    37.307  0.164752 -0.013455 -0.464263 -0.0744277  0.0999717   0.904833
   37.3113   0.137588 -0.0225097  -0.553213 -0.0918838  0.0881309   0.923388
   37.3169   0.118413 -0.0278361  -0.624053 -0.113734 0.0963096  0.935839
   37.3211   0.102967 -0.0283687  -0.667196 -0.13351 0.110714 0.929125
    37.327   0.086455 -0.0246403  -0.676251 -0.149135  0.123775  0.914965
   37.3313  0.0715413 -0.0166508  -0.659207 -0.157558  0.128048  0.913622
    37.337   0.0544971 -0.00759605   -0.630977 -0.160609  0.119869   0.90935
   37.3414   0.0321265 -0.00173709   -0.597421 -0.160853  0.105343  0.908983
   37.3468 0.00656017  0.0046545   -0.56067 -0.162074 0.0963096  0.912523
   37.3512 -0.0168756  0.0137092   -0.52232 -0.164394 0.0937461  0.911058
    37.357 -0.036583 0.0190356 -0.488232 -0.164394 0.0925254  0.903856
   37.3612 -0.0552252  0.0216987  -0.455208 -0.160731 0.0892295  0.896532
   37.3669 -0.0733347  0.0243619  -0.422718  -0.15475 0.0836143  0.899462
   37.3712 -0.088781 0.0264924 -0.395554 -0.151698 0.0756797  0.908739
    37.377 -0.101564 0.0259598 -0.368922 -0.151454 0.0642051  0.917894
   37.3812 -0.118076 0.0222314  -0.34016 -0.155116 0.0579795  0.932421
    37.387 -0.136718 0.0206335 -0.308735 -0.163539 0.0600547  0.940844
   37.3911 -0.152164  0.022764 -0.275711 -0.168666 0.0610313   0.93474
    37.397  -0.16335 0.0254272 -0.240558 -0.167934  0.058834  0.927294
   37.4015 -0.169208 0.0296882 -0.204871 -0.165004 0.0562706  0.928515
    37.407 -0.170274 0.0355472  -0.17025 -0.162196 0.0513877  0.933764
   37.4114 -0.166545 0.0403409 -0.135096 -0.162807 0.0469932  0.942675
    37.417  -0.159088  0.0451345 -0.0930185 -0.169032 0.0521202  0.951464
   37.4213  -0.151632  0.0525914 -0.0413532 -0.175624 0.0621299  0.957079
    37.427  -0.141512  0.0605809 0.00818162 -0.178187   0.06921  0.960131
   37.4315 -0.128728 0.0680377 0.0593143 -0.17599 0.076168 0.959154
    37.437 -0.117543 0.0749619  0.111512 -0.168178 0.0834922  0.956347
   37.4415 -0.105293 0.0802883  0.156786 -0.157313 0.0871543  0.953905
    37.447 -0.0930421  0.0829514   0.193005 -0.145595 0.0843467  0.949877
    37.451 -0.0850526  0.0840167   0.215908 -0.136317 0.0797081  0.944017
   37.4569 -0.0861178  0.0872125   0.227093 -0.131435 0.0794639   0.93767
   37.4614 -0.0919768  0.0898757   0.229757 -0.127284 0.0827598  0.926317
    37.467 -0.098901 0.0909409   0.22443  -0.11996 0.0843467  0.911425
   37.4712 -0.106358 0.0920062  0.208984 -0.10995 0.083126 0.904711
    37.477 -0.116478 0.0946693  0.194603  -0.10287 0.0792198  0.905809
   37.4812 -0.130326  0.099463  0.182352 -0.0998183  0.0701866   0.908739
    37.487 -0.140979  0.103191  0.167439 -0.100185 0.0623741  0.918871
   37.4914 -0.151099  0.108518  0.159449 -0.105189 0.0613975  0.930468
   37.4968 -0.160154  0.117573  0.154655 -0.111415 0.0613975   0.93413
   37.5011 -0.162817  0.128225   0.15146 -0.114101 0.0609092  0.932909
    37.507 -0.159088  0.137813  0.157851 -0.111903 0.0617637  0.936083
   37.5116 -0.14524 0.142606 0.162112 -0.101039 0.0578575  0.939867
    37.517 -0.122869  0.142606  0.151992 -0.0893203   0.043209   0.947069
   37.5212 -0.101564  0.141541   0.13122 -0.0890761  0.0255088   0.965502
    37.527 -0.0823894   0.141541   0.106719 -0.0978652   0.018795    0.98015
   37.5314 -0.0610841   0.141008  0.0822175 -0.107509 0.0218467   0.98601
    37.537 -0.0397788   0.137813  0.0561185 -0.110683 0.0267295  0.983202
   37.5413 -0.0168756   0.133019  0.0310848 -0.109218 0.0318565  0.972582
    37.547 0.00656017    0.12716 0.00818162 -0.106044  0.032711  0.965502
   37.5514  0.0273328   0.117573 -0.0179174 -0.101283 0.0266075  0.961962
   37.5568  0.0438444   0.105855 -0.0477448 -0.097499 0.0183067  0.962694
   37.5612  0.0555623  0.0925388 -0.0828985 -0.0981093  0.0137901   0.962816
    37.567 0.0651497 0.0802883 -0.120183 -0.101649 0.0159874  0.957567
   37.5712 0.0720739 0.0701683 -0.153739 -0.104091 0.0203819  0.949755
    37.577 0.0800634 0.0595156 -0.187294 -0.102992 0.0248985  0.939257
   37.5812 0.0901834 0.0472651 -0.220318 -0.100551 0.0308799  0.933031
    37.587 0.0981729 0.0355472 -0.245884 -0.100917 0.0307579  0.930712
   37.5912  0.102434 0.0259598 -0.268255 -0.102626 0.0248985  0.932421
    37.597  0.106695 0.0185029 -0.294886  -0.1058 0.022335 0.940233
   37.6012  0.114152  0.012644 -0.317789 -0.115565 0.0284385  0.944262
   37.6068   0.125337 0.00785029  -0.334834 -0.125209 0.0335655  0.945482
   37.6112  0.139186 0.0014587 -0.355606 -0.126552 0.0269737  0.953905
    37.617    0.150371 -0.00599815   -0.377444 -0.132167 0.0305137  0.957567
   37.6215    0.164219 -0.00919394   -0.387031 -0.143642 0.0374717  0.958178
    37.627   0.173807 -0.0113245  -0.389695 -0.150111 0.0295372  0.966356
   37.6313   0.166882 -0.0139876  -0.391293 -0.160365 0.0302696   0.97661
    37.637   0.160491 -0.0155855   -0.39076 -0.179164 0.0463829  0.983446
   37.6412   0.161556 -0.0155855  -0.382238 -0.192103  0.058712  0.984911
    37.647    0.15836 -0.0139876  -0.365194 -0.196742 0.0643272  0.985766
   37.6512   0.156762 -0.0129224  -0.348149 -0.200526 0.0705528  0.992113
    37.657   0.160491 -0.0118571  -0.328975  -0.20309 0.0740928   1.00322
   37.6612    0.166882 -0.00866131   -0.307137 -0.207606 0.0769004   1.01372
    37.667    0.175405 0.000393437    -0.27944 -0.216518 0.0790977    1.0258
   37.6715  0.181796 0.0115787 -0.245351 -0.228847 0.0880088    1.0374
    37.677  0.195112  0.022764 -0.203273 -0.243373  0.103878   1.04094
   37.6812  0.209493 0.0350145 -0.161195 -0.246181  0.102291   1.05535
    37.687  0.219613 0.0424714 -0.125509 -0.246181 0.0946006   1.06377
   37.6911   0.222809   0.048863 -0.0919532 -0.249965 0.0915489   1.07768
    37.697   0.216417   0.048863 -0.0663869 -0.249965 0.0803184   1.10259
   37.7014   0.206297  0.0414061 -0.0504079 -0.250209 0.0638389   1.12761
   37.7067  0.199906 0.0382103 -0.044549 -0.249843 0.0549278   1.14824
    37.711    0.18872  0.0286229 -0.0429511 -0.255702 0.0583457   1.15386
    37.717    0.1786 0.0121113  -0.03869 -0.261317 0.0662803   1.16204
   37.7215    0.181796 -0.00280236  -0.0280374 -0.258754  0.079586   1.16814
    37.727   0.189253 -0.0214445  -0.012591 -0.258876 0.0921592   1.18022
   37.7315   0.197775 -0.0400866  0.0113774 -0.261806 0.0926475    1.1884
   37.7368   0.200971 -0.0480761   0.027889 -0.262294 0.0893516   1.18804
   37.7412   0.185525 -0.0688488  0.0502596 -0.263393 0.0841026   1.19902
    37.747   0.170078 -0.0896214  0.0726301 -0.264491 0.0788536   1.21001
   37.7513  0.146642 -0.105068  0.084348 -0.261439 0.0793418   1.21111
    37.757  0.123207 -0.120514 0.0960659 -0.258388 0.0798301   1.21221
   37.7613 0.0949771  -0.13383  0.114175 -0.263148 0.0858116   1.21184
   37.7668 0.0667476 -0.147146  0.132285 -0.267909  0.091793   1.21147
   37.7713 0.0470402 -0.146613  0.169037   -0.2756 0.0925254   1.21465
    37.777 0.0273328  -0.14608  0.205788  -0.28329 0.0932579   1.21782
   37.7813 0.00283174  -0.142885   0.251062 -0.296229  0.105343   1.21282
    37.787 -0.0216693  -0.139689   0.296336 -0.309169  0.117428   1.20781
   37.7912 -0.0360504  -0.132232   0.362382 -0.320155  0.128536   1.20586
    37.797 -0.0504315  -0.124775   0.428428 -0.331142  0.139645   1.20391
   37.8012 -0.0568231  -0.104002   0.512584 -0.339198  0.145626   1.21892
    37.807 -0.0632147 -0.0832298    0.59674 -0.347255  0.151607   1.23393
    37.811  -0.042442 -0.0683161   0.656928 -0.333461  0.160152   1.23992
   37.8169 -0.0216693 -0.0534024   0.717115 -0.319667  0.168697    1.2459
   37.8211   0.014017 -0.0422171    0.74854 -0.314418  0.168453   1.22734
    37.827  0.0497034 -0.0310319   0.779966 -0.309169  0.168209   1.20879
   37.8317  0.0805961 -0.0214445   0.759726 -0.295985  0.175899   1.17424
   37.8369   0.111489 -0.0118571   0.739486 -0.282802   0.18359    1.1397
   37.8412   0.116282 -0.0113245   0.688886 -0.269862   0.18359   1.09905
   37.8469   0.121076 -0.0107918   0.638286 -0.256923   0.18359    1.0584
   37.8511   0.105097 -0.0219771   0.560521 -0.253261  0.182125   1.01824
    37.857  0.0891182 -0.0331624   0.482757 -0.249599   0.18066  0.978075
   37.8613   0.050236 -0.0470108   0.376763 -0.233729  0.171261  0.935106
    37.867  0.0113539 -0.0608593   0.270769 -0.21786 0.161861 0.892138
   37.8711 -0.0339199 -0.0773709   0.142405 -0.212367  0.161983  0.872484
    37.877 -0.0791936 -0.0938825  0.0140406 -0.210292  0.164303  0.840136
   37.8816  -0.101032  -0.102405 -0.0376248 -0.224208  0.169186  0.820482
   37.8868 -0.151099 -0.117318 -0.128172 -0.242885  0.171505  0.806322
   37.8912 -0.206493 -0.127971 -0.202208 -0.257411  0.171627  0.795946
    37.897 -0.258691 -0.137026 -0.261863 -0.270473  0.173214  0.784105
   37.9012 -0.305562 -0.147678 -0.302876 -0.281337  0.173824  0.770189
    37.907 -0.346042 -0.157266 -0.328975 -0.287685  0.171383  0.763964
   37.9114 -0.382261 -0.164723 -0.342823 -0.292812  0.164669   0.76433
   37.9169 -0.414752 -0.170049 -0.340692 -0.298793  0.151607  0.770433
    37.921  -0.43872  -0.17431 -0.324181 -0.30746 0.140255 0.783129
    37.927 -0.454699 -0.178038 -0.300745 -0.320277  0.139889  0.796434
   37.9312 -0.464819 -0.177506 -0.270918 -0.326625  0.141476  0.800585
    37.937 -0.463754 -0.175908 -0.233633 -0.319423   0.13586  0.803637
   37.9415 -0.452036 -0.174843 -0.203806 -0.312953  0.127682  0.810595
   37.9469 -0.436057 -0.167918 -0.176642 -0.314784  0.118648  0.821215
   37.9512 -0.416882 -0.156733 -0.140423 -0.316005  0.108517  0.832811
    37.957 -0.393979  -0.14395  -0.10953 -0.312099 0.0963096   0.84807
   37.9612  -0.368413  -0.129036 -0.0882248 -0.308559 0.0845909  0.860643
    37.967  -0.340716  -0.111992 -0.0738437 -0.305629 0.0784874  0.864061
   37.9712  -0.309291 -0.0917519 -0.0733111 -0.298061 0.0748252  0.862597
   37.9768  -0.275735 -0.0688488 -0.0802353 -0.288539 0.0732383  0.855394
   37.9811   -0.24431 -0.0464782 -0.0866269 -0.277675 0.0670127  0.857225
    37.987  -0.213417 -0.0257055  -0.104736 -0.267055 0.0484581  0.867357
   37.9914   -0.182524 -0.00493289   -0.133499 -0.261684 0.0290489   0.88225
   37.9969 -0.154827  0.016905  -0.16013 -0.263026 0.0266075  0.902758
   38.0012 -0.122869 0.0366124 -0.183566 -0.260463 0.0323448  0.912279
   38.0068 -0.0823894  0.0520588  -0.211795 -0.250819 0.0314903  0.901659
   38.0112 -0.0461704  0.0648419  -0.240025 -0.241664 0.0295372  0.890184
    38.017 -0.0147451  0.0765598  -0.267722 -0.231044 0.0288047   0.88518
   38.0213 0.0166802 0.0866799 -0.297549 -0.219936 0.0224571   0.88286
    38.027  0.045975 0.0914736 -0.329507 -0.212123 0.0111045  0.882738
   38.0312 0.0678129  0.095202  -0.36253  -0.209437 0.00622173   0.881884
   38.0369 0.0827266  0.101061 -0.393423  -0.208827 0.00585552    0.87517
   38.0411 0.0981729  0.104257 -0.426979  -0.203578 0.00194927   0.864794
    38.047  0.113619  0.106387 -0.462133   -0.193812 -0.00342183    0.857348
   38.0512  0.129066  0.109583 -0.494623  -0.183559 -0.0100136   0.853441
   38.0569  0.144512  0.113844 -0.526581  -0.175746 -0.0185585   0.851732
   38.0612  0.160491  0.120236 -0.555343  -0.174647 -0.0244179   0.851854
    38.067  0.173807  0.126627 -0.575583  -0.180507 -0.0244179   0.857592
   38.0713  0.185525  0.131954 -0.588899 -0.189662 -0.019413   0.86162
    38.077  0.202036  0.136215 -0.597421  -0.197841 -0.0142861   0.857958
   38.0812  0.217483  0.140476 -0.597954  -0.200526 -0.0119668   0.849535
    38.087  0.230266  0.143139 -0.589432   -0.200038 -0.00989155    0.846483
   38.0914  0.247843  0.142606 -0.576649  -0.200038 -0.0126992    0.84746
    38.097  0.268615  0.140476 -0.564398  -0.199794 -0.0213662   0.851122
   38.1011 0.288855 0.138345 -0.55268 -0.200893 -0.026371  0.865648
    38.107  0.310161  0.134617 -0.547886 -0.19601 -0.02808 0.879686
   38.1112  0.341586  0.118105 -0.569724  -0.165736 -0.0346718   0.867235
    38.117  0.374076 0.0909409 -0.630977  -0.141566 -0.0472451   0.861986
   38.1215  0.391653 0.0696356 -0.706078  -0.149745 -0.0546914   0.883837
    38.127  0.403371 0.0541893 -0.764668  -0.170375 -0.0424843   0.894213
   38.1311  0.416687 0.0456672 -0.793963  -0.195399 -0.0159951   0.901903
   38.1368  0.431068 0.0419388 -0.790767 -0.219936 0.0125694  0.905809
   38.1411  0.440655 0.0414061 -0.760407 -0.241908 0.0386924  0.902025
    38.147  0.443851 0.0440693 -0.710872 -0.257289 0.0582237   0.89934
   38.1516   0.44758 0.0446019 -0.650152  -0.26266 0.0710411   0.89348
   38.1566  0.450243 0.0451345  -0.58304 -0.260585 0.0797081  0.889452
   38.1614  0.448645 0.0467324 -0.518059 -0.254237  0.083004  0.893969
   38.1669  0.445449 0.0493956 -0.456274  -0.24496 0.0777549  0.902758
   38.1711  0.441188 0.0504609 -0.398749 -0.236537 0.0718956  0.920214
    38.177  0.436394 0.0472651 -0.350813 -0.235438  0.074337  0.936449
   38.1812  0.428405 0.0451345 -0.310865 -0.236903 0.0788536  0.938768
   38.1869  0.416687 0.0440693 -0.274646 -0.233607 0.0803184  0.939989
   38.1913  0.403904 0.0424714 -0.245884 -0.228725  0.083126   0.94182
    38.197  0.385262 0.0408735 -0.221383 -0.223964 0.0864219   0.94475
   38.2013  0.360228 0.0376777 -0.197414 -0.220058 0.0864219  0.950975
   38.2069  0.332531 0.0334166  -0.17025 -0.221767 0.0897178  0.961962
   38.2112  0.305367  0.027025 -0.137227 -0.230189  0.100338  0.971972
   38.2169  0.274474 0.0190356 -0.102073 -0.239345  0.110104  0.976244
   38.2212   0.237723  0.0121113 -0.0642564 -0.246425  0.115353  0.975634
    38.227    0.19671 0.00731766 -0.0216458 -0.252772  0.120113  0.971727
   38.2315  0.154632 0.0046545 0.0273564 -0.253627  0.123775  0.970629
   38.2369  0.117348 0.0030566 0.0768912 -0.246547  0.119747  0.971117
   38.2411  0.0811287 0.00199133     0.1211 -0.238002  0.109371  0.974779
    38.247 0.0395834 0.0014587  0.156253 -0.232875 0.0999717   0.98369
   38.2515 -0.00089668 -0.00226972    0.175428 -0.231532 0.0955772  0.989794
    38.257  -0.0376483 -0.00599815    0.184483 -0.229701 0.0956993  0.988573
   38.2612  -0.0749326 -0.00919394    0.193005 -0.227626 0.0955772  0.982958
    38.267   -0.10689 -0.0129224   0.197799 -0.226527 0.0944786  0.980028
   38.2712   -0.13512 -0.0123897   0.197799 -0.227748  0.091793  0.982836
    38.277  -0.164415 -0.0102592   0.195668  -0.23202 0.0876426  0.994188
   38.2814  -0.196373 -0.0118571   0.193538 -0.238978 0.0881309   1.01238
   38.2868  -0.229929 -0.0177161   0.189809 -0.248866 0.0949668   1.02483
   38.2911  -0.260821 -0.0230424   0.187146 -0.257899  0.103023   1.02629
    38.297  -0.290649 -0.0283687   0.187679 -0.261684  0.110714   1.02568
   38.3014  -0.319943 -0.0363582   0.192472 -0.259975  0.117672   1.02715
    38.307  -0.342314 -0.0454129   0.200462 -0.247279  0.122799   1.03484
   38.3113  -0.347108 -0.0709793   0.170102  -0.2037 0.107296  1.01824
    38.317 -0.348173 -0.107731 0.0912722 -0.184779 0.0775108   1.01726
   38.3211  -0.387055  -0.132765 0.00658373 -0.215175 0.0688438   1.04289
   38.3268   -0.44884  -0.149276 -0.0631911  -0.24081 0.0800743   1.04704
   38.3313 -0.495179 -0.162592   -0.1074 -0.253383 0.0976524   1.04473
   38.3368 -0.525539 -0.171114 -0.127107 -0.259975  0.111324   1.03447
   38.3409 -0.553236  -0.17431 -0.133499 -0.264857  0.112423   1.02458
   38.3468 -0.583064 -0.175908 -0.128705 -0.269008  0.105465   1.02776
   38.3511  -0.60863 -0.179104 -0.114856 -0.272914  0.100826   1.03313
   38.3568 -0.632599 -0.182832 -0.102073 -0.275478  0.100094   1.04192
   38.3613  -0.655502   -0.18656 -0.0903553 -0.278163 0.0960655   1.05071
   38.3668  -0.673079  -0.186028 -0.0770395 -0.280971 0.0870323   1.05229
   38.3709  -0.686927  -0.183365 -0.0615932 -0.280482 0.0736045   1.05181
   38.3768  -0.700775   -0.18443 -0.0525385   -0.2756 0.0524864   1.07195
   38.3812  -0.710895  -0.191354 -0.0567995 -0.275966 0.0297813   1.10515
   38.3868   -0.71782  -0.199876 -0.0605279 -0.285487 0.0152549   1.13054
   38.3909  -0.724744  -0.206801 -0.0530711 -0.298183  0.011837   1.15325
   38.3968  -0.725277  -0.215855 -0.0429511 -0.311977 0.0140342   1.16582
   38.4011  -0.723146  -0.225443 -0.0291026 -0.311732 0.0042686   1.17082
   38.4068  -0.722081  -0.241422 -0.0205805   -0.301234 -0.00964741      1.1823
   38.4112  -0.712493  -0.262727 -0.0221784  -0.300746 -0.0150185    1.20806
   38.4167   -0.694917   -0.281369 -0.00779735  -0.305385 -0.0190468    1.22185
    38.421 -0.672013 -0.300011 0.0161711  -0.301723 -0.0278359    1.24162
   38.4268 -0.645382 -0.319186 0.0342806  -0.294154 -0.0340615    1.25871
    38.431 -0.613424 -0.341556 0.0502596  -0.294887 -0.0293007    1.27507
   38.4368 -0.570281  -0.36659 0.0667712  -0.299281 -0.0234414    1.28545
    38.441 -0.528203 -0.387363 0.0960659  -0.301967 -0.0177041    1.28081
   38.4468  -0.48719 -0.405472  0.132285 -0.302455 -0.014164    1.2769
   38.4509 -0.442449 -0.418255  0.164243  -0.297816 -0.0217324    1.26384
   38.4567 -0.401436  -0.42731  0.200462  -0.293056 -0.0246621    1.27312
   38.4611 -0.359358 -0.432637  0.243072  -0.294032 -0.0128212    1.27239
   38.4668 -0.316748 -0.431039  0.292607   -0.29684 0.00378032    1.24993
   38.4711 -0.276268 -0.426778  0.345338 -0.293056 0.0180625   1.22734
   38.4768 -0.235787 -0.419321  0.394873 -0.280849 0.0269737   1.20427
   38.4811  -0.19371 -0.409733  0.435353 -0.264979 0.0335655   1.18596
   38.4868 -0.154295 -0.398548  0.468376 -0.247768  0.036251   1.16704
   38.4912 -0.117543 -0.385232  0.490746 -0.233607 0.0383262   1.14604
   38.4968 -0.0818568  -0.370319   0.502464 -0.228603  0.053585   1.13481
   38.5009 -0.0520294  -0.352742   0.521106 -0.229701 0.0836143   1.11003
   38.5068 -0.0301915  -0.326643   0.546673 -0.232997  0.108883   1.05205
   38.5113 -0.016343 -0.296283  0.567978 -0.217372  0.112911   1.01348
   38.5167 -0.0136799  -0.269118   0.569576 -0.184657  0.109127  0.982714
   38.5211 -0.0216693  -0.243019   0.540281 -0.160731  0.106319  0.940477
   38.5268 -0.0339199  -0.222247    0.49554 -0.14706 0.100826 0.902636
   38.5311 -0.0530946  -0.205203   0.446538 -0.142421  0.103634  0.879686
   38.5367 -0.0797263   -0.18656   0.395938 -0.145351   0.11108  0.864183
   38.5409 -0.108488 -0.165788  0.344805 -0.146693  0.111202  0.835009
   38.5468  -0.13512 -0.142885  0.293673 -0.141078  0.106808  0.806566
   38.5512 -0.155893 -0.118384  0.242007 -0.13705 0.104244 0.795946
   38.5568  -0.171872 -0.0981435   0.193538 -0.139247  0.100948  0.800219
   38.5609  -0.182524 -0.0826972   0.157319 -0.146083 0.0933799  0.813036
   38.5668  -0.188383 -0.0704467   0.129089 -0.157802 0.0878868  0.832445
   38.5712  -0.18572 -0.059794  0.107251 -0.173427 0.0897178  0.849901
   38.5767    -0.1756 -0.0491414   0.103523 -0.188319 0.0946006  0.861498
    38.581 -0.159621 -0.039554  0.112578 -0.197719 0.0992393  0.863695
   38.5868  -0.137783 -0.0299666   0.132285 -0.200648  0.105465  0.866991
   38.5911  -0.112217 -0.0219771    0.16371 -0.201991   0.10754  0.875292
   38.5968 -0.0802589 -0.0155855   0.198331 -0.203944  0.102657  0.886522
    38.601  -0.0472357 -0.00919394    0.236148 -0.20602 0.100704 0.904345
   38.6067  -0.0131472 -0.00120446    0.271835 -0.208217     0.104   0.92058
    38.611  0.0214739 0.00731766   0.304858 -0.207851  0.108395  0.924364
   38.6168 0.0518339 0.0153071  0.331489 -0.201015  0.110836  0.918139
   38.6211 0.0805961 0.0243619  0.344273 -0.189052  0.110348   0.90935
   38.6268   0.10563 0.0344819   0.35386 -0.17599  0.10754 0.902147
   38.6313  0.124805 0.0440693  0.357588 -0.164394  0.100826  0.898119
   38.6366  0.138653 0.0541893  0.349066 -0.157313 0.0946006  0.900805
   38.6411   0.14611 0.0648419  0.332555  -0.15475 0.0937461  0.903368
   38.6467  0.148773 0.0728314  0.311782 -0.152064 0.0950889  0.897387
    38.651  0.147175 0.0802883  0.287814 -0.145351 0.0939903  0.887743
   38.6568 0.142381 0.089343 0.258519  -0.13766 0.0927696  0.880053
   38.6611  0.134925 0.0978651  0.229224 -0.130702  0.091793  0.878344
   38.6667  0.12587  0.10692 0.200994  -0.12704 0.0903282  0.878954
    38.671 0.114685 0.115442 0.176493 -0.124965 0.0854454  0.884813
   38.6768 0.0997708  0.123964  0.159449 -0.126918 0.0849571  0.894823
   38.6812 0.0827266  0.133019  0.148264 -0.134608 0.0932579  0.895678
   38.6868 0.0635518  0.142606  0.147199 -0.138515 0.0978965  0.884081
   38.6912 0.0422465  0.153792  0.152525  -0.13705 0.0981407  0.873095
   38.6968 0.0315939   0.15965  0.154655 -0.135341 0.0976524  0.870409
   38.7011 0.00496228   0.170836   0.169037 -0.134608 0.0916709  0.867235
   38.7068 -0.0216693   0.182021   0.183418 -0.133876 0.0856895  0.864061
    38.711 -0.0483009   0.188413   0.205788 -0.139003 0.0758018  0.875414
   38.7168 -0.088781  0.196935  0.242007 -0.148036 0.0634727  0.882128
   38.7213 -0.113815  0.200131   0.26491 -0.149867 0.0532188   0.88164
   38.7268   -0.125 0.201196 0.273965 -0.147792 0.0454063   0.88579
   38.7313 -0.131924  0.201196  0.285683 -0.146571 0.0364952  0.888353
   38.7368 -0.138848  0.201196  0.297401 -0.145351  0.027584  0.890917
   38.7409 -0.144175  0.203326  0.317108 -0.148769 0.0104942  0.890062
   38.7468 -0.149501  0.205457  0.336816   -0.152186 -0.00659566    0.889208
   38.7511 -0.148436  0.199598  0.332022  -0.149013 -0.0151406   0.907885
   38.7568 -0.147371  0.193739  0.327228  -0.145839 -0.0236855   0.926561
   38.7612 -0.134587  0.182021  0.307521  -0.139491 -0.0374794   0.928637
   38.7668 -0.121804  0.170303  0.287814  -0.133144 -0.0512734   0.930712
   38.7709 -0.0983684   0.155389   0.263845  -0.133266 -0.0555459   0.936937
   38.7768 -0.0749326   0.140476   0.239877  -0.133388 -0.0598183   0.943163
   38.7812 -0.0498988   0.128758   0.230822  -0.148891 -0.0546914   0.939379
   38.7867 -0.0248651    0.11704   0.221767  -0.164394 -0.0495644   0.935595
   38.7909 -0.00142931     0.10692    0.219104   -0.15536 -0.0549355   0.946337
   38.7968 0.0220065 0.0967999  0.216441  -0.146327 -0.0603066   0.957079
   38.8012 0.0523665 0.0882778  0.191407  -0.136195 -0.0603066   0.949144
   38.8068 0.0827266 0.0797556  0.166373  -0.126063 -0.0603066    0.94121
   38.8109 0.108293 0.074962 0.139209  -0.129481 -0.0588418   0.927294
   38.8168  0.133859 0.0701683  0.112045  -0.132899 -0.0573769   0.913378
   38.8213  0.145577 0.0664398 0.0854133  -0.130214 -0.0556679   0.921557
   38.8268  0.157295 0.0627114 0.0587817  -0.127528 -0.0539589   0.929735
   38.8312   0.16635 0.0595156 0.0326827  -0.129726 -0.0490761   0.921923
   38.8368   0.175405  0.0563198 0.00658373  -0.132411 -0.0396767   0.904467
    38.841    0.178068   0.0563198 -0.00300365  -0.133754 -0.0305214   0.895189
   38.8468   0.184459  0.0568525 -0.0163195  -0.133632 -0.0260048   0.893358
   38.8509   0.192981  0.0584504 -0.0269721  -0.132289 -0.0225869   0.898363
   38.8568   0.204699  0.0611135 -0.0291026  -0.144252 -0.0103798   0.900438
   38.8612   0.213754  0.0653746 -0.0163195   -0.156215 -0.00586323    0.916552
   38.8668    0.218015   0.0701683 -0.00460155   -0.155971 -0.00427632    0.928148
    38.871   0.226005  0.0733641 0.00338793  -0.156825 0.00829692    0.92058
   38.8768  0.239853 0.0765598  0.017769 -0.155971  0.020626  0.916185
   38.8811  0.253702  0.079223 0.0342806 -0.153895 0.0295372  0.918749
   38.8868  0.268615 0.0824188 0.0523901 -0.157191 0.0316124  0.922655
   38.8911  0.281398 0.0861472 0.0731628 -0.157802 0.0248985  0.931566
   38.8968  0.287257 0.0888104 0.0859459 -0.154628  0.020626  0.945482
   38.9011  0.295779 0.0925388 0.0854133 -0.154872 0.0239219  0.945726
   38.9068  0.305367  0.095202 0.0795543 -0.152919 0.0266075  0.939989
   38.9112  0.311758 0.0967999 0.0694343 -0.148036 0.0290489   0.93535
   38.9168  0.320813 0.0983978 0.0523901 -0.143031 0.0312461  0.937182
   38.9209  0.330933  0.101061 0.0310848 -0.138881 0.0278282  0.937548
   38.9268   0.335727   0.103191 0.00871425 -0.136806 0.0222129   0.94182
   38.9315    0.33626   0.104789 -0.0131237 -0.138881 0.0236778  0.950731
   38.9367   0.334662   0.106387 -0.0365595 -0.143031 0.0294151  0.952562
    38.941   0.331998   0.107985 -0.0615932 -0.145473 0.0331993  0.944262
   38.9468   0.327737   0.109583 -0.0860943 -0.143642  0.036129  0.935595
   38.9511 0.321878 0.110116 -0.10953 -0.139125 0.0364952  0.933275
   38.9568   0.31602  0.111181 -0.132433 -0.136439 0.0334434  0.937426
    38.961  0.308563  0.112246 -0.155869 -0.137782 0.0312461  0.946337
   38.9668  0.298443  0.113311 -0.178772  -0.14413 0.0340538  0.957201
   38.9712  0.288323  0.112779 -0.196882 -0.153651 0.0418663   0.95952
   38.9768  0.275007  0.110116 -0.210198 -0.160853 0.0521202  0.954271
   38.9809  0.256897  0.106387 -0.220318 -0.163173 0.0611534  0.946825
   38.9868  0.238255  0.100528 -0.222981 -0.163783 0.0659141  0.944384
   38.9912  0.216417 0.0941367  -0.22085 -0.164882 0.0648155  0.949389
   38.9966  0.194047 0.0882778 -0.215524 -0.168544 0.0601768  0.956102
   39.0011  0.173807 0.0818862 -0.204339 -0.175868 0.0579795  0.969164
   39.0067  0.155165 0.0738967 -0.194219 -0.183925 0.0601768  0.980028
    39.011  0.135457 0.0648419  -0.18037 -0.189662 0.0628624  0.981493
   39.0168  0.115217 0.0573851 -0.167587 -0.191981 0.0640831  0.979662
   39.0209 0.0987055 0.0477977 -0.159598 -0.192103 0.0649375  0.981371
   39.0268 0.0821939 0.0355472 -0.148945 -0.19308 0.062252  0.98662
   39.0313 0.0651497 0.0222314 -0.135096 -0.196376 0.0551719  0.994799
   39.0368  0.0486381 0.00891555   -0.11965 -0.201137 0.0506553   1.00933
   39.0412    0.034257 -0.00333499   -0.105269 -0.208095 0.0519981   1.02117
   39.0468   0.019876 -0.0161182 -0.0914206 -0.214686 0.0551719   1.02568
   39.0511 0.00762544 -0.0273034 -0.0754416 -0.216395 0.0578575   1.02654
   39.0567 0.00283175 -0.0363582   -0.05893 -0.215907 0.0602989   1.03118
    39.061 0.00176648 -0.0448803 -0.0408205 -0.215663 0.0598106   1.04094
   39.0668 -0.000364048   -0.0528698   -0.0200479 -0.215053 0.0537071   1.05242
   39.0711 -0.000896681   -0.0608593  -0.00300365 -0.210902 0.0477256   1.07183
   39.0768   0.0118865  -0.0736424 -0.00939524 -0.186122 0.0402793   1.07793
    39.081   0.034257  -0.096013 -0.0525385 -0.164882 0.0230674   1.08867
   39.0868 0.0438444 -0.116786 -0.116454   -0.173183 0.000362352     1.10137
   39.0911 0.0406486 -0.129569 -0.175044   -0.18893 -0.0047646    1.10723
   39.0968 0.0465076 -0.140221 -0.216589  -0.202846 0.00976177    1.12004
    39.101 0.0592908 -0.146613 -0.242688 -0.214686 0.0185508   1.11589
   39.1068 0.0683455 -0.148211 -0.253873 -0.220546  0.015377   1.11955
   39.1111 0.0758024 -0.152472 -0.260798  -0.221767 0.00561137    1.13982
   39.1168 0.0800634 -0.162592 -0.276777  -0.222377 -0.0059853    1.15276
   39.1211 0.0832592 -0.176973 -0.300212 -0.218959 -0.015873   1.15422
   39.1268 0.0875203 -0.192419 -0.326844 -0.216151 -0.019291    1.1519
    39.131 0.0885855 -0.206801 -0.346551  -0.217616 -0.0134316      1.153
   39.1368 0.0891182 -0.221714 -0.352943   -0.219691 -0.00964741     1.15471
   39.1411 0.0885855 -0.239291 -0.355074  -0.221156 -0.0102578    1.16545
   39.1468  0.086455 -0.262194 -0.355606   -0.219936 -0.00940327     1.17717
   39.1511 0.0939119 -0.289891 -0.368922   -0.19369 -0.0140419    1.16948
   39.1568  0.109891 -0.329306 -0.423783  -0.162074 -0.0251503    1.17278
   39.1612  0.110956 -0.368188 -0.497286 -0.165004 -0.038456     1.174
   39.1668  0.096575  -0.39695 -0.552148  -0.184169 -0.0363808    1.16863
   39.1711 0.0885855 -0.418788 -0.581442  -0.203212 -0.0146523    1.15776
   39.1768  0.076335 -0.428376  -0.58091  -0.216762 0.00732036    1.13921
    39.181 0.0534318 -0.433702 -0.556409 -0.226894 0.0294151   1.12969
   39.1868 0.0305286 -0.432637 -0.519657 -0.236537 0.0471153   1.11553
   39.1911 0.00442964  -0.423049  -0.474916 -0.240077 0.0533409   1.10393
   39.1968 -0.0237999   -0.41506  -0.426979  -0.23788 0.0561485   1.08977
   39.2011 -0.0530946  -0.403342  -0.377977 -0.233729 0.0607872   1.07561
   39.2068 -0.0823894  -0.386298  -0.322583 -0.23434 0.063961  1.06743
   39.2109 -0.109021 -0.370851 -0.263461 -0.233363 0.0646934   1.06621
   39.2168 -0.132989 -0.358601 -0.205404 -0.226283 0.0659141   1.07183
   39.2212 -0.152697 -0.349013 -0.155336 -0.222621 0.0671348   1.07244
   39.2268 -0.168143 -0.338893 -0.114856 -0.218593 0.0682334   1.06389
   39.2309 -0.180926 -0.328241 -0.085029 -0.210292 0.0693321   1.05583
   39.2368  -0.188383  -0.316523 -0.0615932   -0.2037 0.0736045   1.05132
    39.241  -0.191579  -0.303207 -0.0418858 -0.200038 0.0776329   1.03874
   39.2468  -0.189981  -0.288826 -0.0296353 -0.195033 0.0749473   1.03496
   39.2512  -0.184122  -0.272314 -0.0248416 -0.190883 0.0738487   1.03508
   39.2568  -0.179328  -0.256868 -0.0259068 -0.193324  0.079586   1.02751
   39.2612  -0.174002  -0.244085 -0.0317658 -0.193935 0.0869102   1.01885
   39.2668  -0.164947  -0.231302 -0.0397553 -0.188197 0.0895957   1.00212
   39.2709   -0.15536  -0.219584 -0.0514732 -0.181239 0.0915489  0.983934
   39.2768  -0.151632  -0.207866 -0.0690501 -0.173549  0.091793  0.969408
   39.2811  -0.146838  -0.198278 -0.0914206 -0.167201 0.0872764  0.958788
   39.2868 -0.138316 -0.191354 -0.119117  -0.16476 0.0860557  0.953661
   39.2909 -0.130326 -0.184963 -0.148412 -0.166835 0.0894737  0.949755
   39.2968 -0.126598 -0.178571  -0.17824 -0.169398 0.0949668   0.93767
   39.3014 -0.125533 -0.170582   -0.2086 -0.170253  0.102047  0.918505
   39.3067 -0.123402 -0.162592 -0.233101 -0.169765  0.110592  0.901537
    39.311 -0.121804 -0.155135 -0.253873 -0.169643  0.114498  0.890795
   39.3168 -0.121272 -0.146613 -0.268787 -0.169398  0.108761  0.882616
   39.3213 -0.123402 -0.138624 -0.275179 -0.168666  0.102657  0.884813
    39.327 -0.128728 -0.131167  -0.28157 -0.173305  0.102535   0.88994
   39.3315 -0.135653 -0.122645 -0.284233 -0.180019  0.101925  0.884081
   39.3367 -0.140979 -0.115188 -0.280505 -0.182094 0.0992393  0.874193
   39.3412 -0.145773   -0.1056 -0.276244 -0.181483 0.0960655  0.867113
    39.347  -0.147903 -0.0933498  -0.265591 -0.179164 0.0904502  0.866259
   39.3513 -0.149501 -0.080034 -0.246949 -0.176723 0.0792198  0.870531
    39.357  -0.152164 -0.0667182  -0.230438  -0.17892 0.0684776  0.881029
   39.3615  -0.150034 -0.0518045  -0.211795 -0.184779 0.0632286  0.891527
    39.367   -0.14524 -0.0347603  -0.188892 -0.189662 0.0592002  0.895922
   39.3711  -0.136718 -0.0161182  -0.167054 -0.189418 0.0537071  0.897753
    39.377 -0.122337 0.0046545 -0.146282    -0.186 0.0480918  0.897875
   39.3813 -0.106358 0.0238293 -0.126574 -0.184535 0.0440635  0.898485
    39.387 -0.0882484  0.0435367  -0.104736  -0.18539 0.0385704  0.901903
   39.3913 -0.0669431  0.0648419 -0.0775722 -0.189174 0.0314903  0.911181
   39.3969 -0.0456378  0.0856146   -0.04881 -0.196132 0.0278282  0.923754
   39.4012 -0.0237999    0.10692 -0.0189826 -0.200648 0.0259971  0.928515
    39.407 -0.00196194     0.12929     0.01191 -0.198939 0.0231895  0.927294
   39.4113 0.0236044  0.150063  0.033748 -0.191981 0.0211143  0.927782
    39.417 0.0507686  0.170303 0.0518575  -0.18307 0.0176963  0.927782
   39.4211 0.0736718  0.190011 0.0646406  -0.175258 0.00902934   0.926561
    39.427 0.0981729  0.208653 0.0635754   -0.167934 -0.00329976    0.927538
   39.4315  0.124272   0.22623 0.0609122  -0.162074 -0.0111123   0.934008
    39.437 0.147708 0.242741 0.053988  -0.159511 -0.0125771   0.937792
   39.4413  0.169013  0.260851 0.0358785  -0.155971 -0.0151406   0.932543
   39.4469  0.190851  0.277895 0.0129753  -0.148891 -0.0197793    0.92473
   39.4512   0.214819   0.292276 -0.0173847  -0.139613 -0.0223427    0.92058
    39.457   0.239853   0.304526 -0.0615932  -0.131679 -0.0273476   0.919359
   39.4613  0.259028  0.314646 -0.104204  -0.127406 -0.0346718   0.918383
    39.467  0.271811  0.325299 -0.142553  -0.127772 -0.0358925   0.919481
   39.4714  0.285127  0.337017 -0.183566  -0.132655 -0.0305214   0.916674
   39.4769 0.298975 0.347137 -0.22085  -0.136439 -0.0240517   0.905565
   39.4812    0.3059  0.356192 -0.252276 -0.138026 -0.017582  0.889086
    39.487  0.308563  0.364714 -0.278375  -0.138393 -0.0122109   0.879931
   39.4913  0.311758  0.371105 -0.301278  -0.139125 -0.0117226   0.878222
    39.497 0.314422 0.376964 -0.32205  -0.142543 -0.0148964   0.877245
   39.5011  0.314954  0.380693 -0.333236  -0.151454 -0.0148964   0.880785
    39.507  0.310693  0.383356 -0.336431   -0.162929 -0.00903706    0.879808
   39.5116 0.308563 0.387617 -0.34016   -0.171107 -0.00159077    0.878222
   39.5169  0.308563  0.390813 -0.336964  -0.176845 0.00353618     0.8781
   39.5212  0.306965  0.391346 -0.326844  -0.181239 0.00854106   0.876879
    39.527  0.305367  0.389215 -0.311398    -0.186 0.0133018  0.879931
   39.5314  0.304834  0.384954 -0.286897 -0.190761 0.0120811  0.884813
    39.537  0.304834  0.376432 -0.263461 -0.197597 0.0096397  0.892138
   39.5414  0.300041  0.365779 -0.238427  -0.20956 0.0142784  0.901903
    39.547  0.294182  0.354594 -0.207002 -0.220058 0.0202598  0.904955
    39.551  0.292051  0.341811 -0.177707  -0.22372 0.0229454  0.901903
    39.557  0.287257  0.330625 -0.145749 -0.223964 0.0246543  0.901293
   39.5612  0.284594  0.318908 -0.113259  -0.22372 0.0236778  0.903978
    39.567   0.285659   0.304526 -0.0866269 -0.223353 0.0190391  0.911303
   39.5713   0.281931   0.290145 -0.0578648 -0.224696 0.0147666  0.925097
    39.577    0.27767   0.276297 -0.0296353 -0.229457 0.0164756  0.938158
   39.5812    0.276072    0.261916 -0.00832998 -0.234584 0.0227012  0.942431
    39.587  0.272876  0.248067 0.0145732 -0.235927  0.029293  0.939989
   39.5912  0.268615  0.235284 0.0364111 -0.234096   0.03442  0.934008
    39.597  0.264354  0.222501 0.0582491 -0.230311 0.0373497  0.933031
   39.6013  0.260093  0.208653 0.0838154 -0.226283 0.0366172  0.939257
   39.6069 0.253702 0.194804 0.107784 -0.225917  0.034542  0.947313
   39.6111 0.244114 0.183619 0.129089 -0.227748 0.0340538  0.955858
    39.617 0.232396 0.174032 0.148264 -0.228603 0.0371055  0.957811
   39.6214  0.21908 0.164977  0.16371 -0.226527 0.0407676  0.952684
    39.627  0.20683 0.156455 0.172232 -0.220424 0.0421104  0.946215
   39.6313 0.191916 0.148998 0.178091 -0.214564 0.0428428  0.944506
    39.637 0.175937 0.140476 0.176493 -0.211024 0.0390586  0.945604
   39.6413 0.159958 0.129823 0.172232 -0.209437 0.0302696  0.947924
    39.647 0.139718 0.118105 0.170102 -0.212123 0.0255088  0.955004
   39.6513 0.116815 0.106387 0.162112 -0.216151 0.0264854  0.960619
    39.657 0.105097 0.101061 0.155721 -0.217372 0.0270957  0.961962
   39.6611 0.0869876 0.0904083   0.14134 -0.216884 0.0300254  0.957201
    39.667 0.0614213  0.074962  0.115773 -0.215663 0.0342979  0.955004
   39.6715 0.0449097 0.0653746 0.0997944 -0.215785 0.0342979   0.95952
    39.677 0.0358549 0.0605809 0.0950007  -0.21664 0.0329551  0.961474
   39.6813 0.0172128 0.0541893 0.0864786 -0.222011 0.0330772  0.972826
    39.687 -0.00142931   0.0477977   0.0779564 -0.227382 0.0331993  0.984179
   39.6912 -0.0179409  0.0376777  0.0768912 -0.235683  0.043209  0.985521
    39.697 -0.0344525  0.0275577  0.0758259 -0.243983 0.0532188  0.986864
   39.7013 -0.0509641  0.0195682   0.084348 -0.247035 0.0604209  0.987475
    39.707 -0.0674757  0.0115787  0.0928701 -0.250087 0.0676231  0.988085
   39.7111 -0.0797262 0.00252397   0.105653 -0.251063 0.0626182  0.996019
    39.717  -0.0919768 -0.00653078    0.118437  -0.25204 0.0576133   1.00395
   39.7214  -0.109021 -0.0171834   0.134948 -0.259608 0.0635948   1.01384
    39.727  -0.126065 -0.0278361    0.15146 -0.267177 0.0695762   1.02373
   39.7314  -0.140446 -0.0368908   0.168504 -0.268031 0.0721397   1.02031
   39.7368  -0.154827 -0.0459456   0.185548 -0.268886 0.0747032   1.01689
   39.7412  -0.164947 -0.0550003   0.199929 -0.263881  0.074459   1.02226
    39.747  -0.175067 -0.0640551    0.21431 -0.258876 0.0742149   1.02764
   39.7514  -0.183057 -0.0747077   0.222832 -0.262294 0.0721397   1.03887
    39.757  -0.191046 -0.0853604   0.231355 -0.265712 0.0700645    1.0501
   39.7612 -0.199036 -0.090154  0.250529 -0.270839 0.0720176   1.05388
    39.767  -0.207025 -0.0949477   0.269704 -0.275966 0.0739707   1.05766
   39.7711  -0.206493 -0.0992088   0.284085 -0.273158 0.0732383   1.06047
    39.777 -0.20596 -0.10347 0.298466 -0.270351 0.0725059   1.06328
   39.7816 -0.199036 -0.105068  0.309651 -0.266811 0.0589561    1.0761
    39.787 -0.192112 -0.106666  0.320837  -0.26327 0.0454063   1.08891
   39.7912 -0.181459 -0.109329  0.320837 -0.265346 0.0358848   1.10771
    39.797 -0.170806 -0.111992  0.320837 -0.267421 0.0263633   1.12651
   39.8013 -0.169208 -0.111992  0.317108 -0.266566 0.0253868   1.13005
    39.807 -0.160686 -0.114655  0.306988 -0.264003 0.0231895    1.1353
   39.8113 -0.146838 -0.119981  0.289944 -0.258632 0.0208702   1.14165
   39.8169 -0.134587 -0.126373  0.275563 -0.251308 0.0183067   1.14873
   39.8211 -0.120206 -0.133297  0.260117 -0.246059 0.0100059    1.1552
    39.827 -0.102629 -0.140754  0.238279  -0.243495 0.00170512    1.16619
   39.8314 -0.088781 -0.147678    0.2223 -0.244838 0.0042686   1.17925
    39.837 -0.0781284  -0.154603   0.210582 -0.249965 0.0142784    1.1823
   39.8413 -0.0648126  -0.162059   0.202592 -0.252162 0.0248985   1.17449
   39.8469 -0.048301 -0.170049  0.203125 -0.249599 0.0351524   1.17204
   39.8512 -0.0328546  -0.180702   0.209517 -0.244472 0.0445518   1.17558
    39.857 -0.0174083  -0.189756   0.218571  -0.23849 0.0468711   1.17107
   39.8613 -0.00142931   -0.196148    0.224963  -0.23202 0.0451622   1.17143
    39.867 0.0108212 -0.203605  0.228159 -0.226405 0.0493125   1.17888
   39.8712  0.019876 -0.211594  0.230289 -0.223598 0.0592002   1.17327
   39.8769 0.0268002 -0.219051  0.227093 -0.220302 0.0695762   1.15654
   39.8811 0.0289307 -0.223312  0.226028 -0.214809 0.0806846   1.13738
    39.887 0.0278655  -0.22491  0.227093 -0.209315 0.0930137   1.12346
   39.8913 0.0262676 -0.226508  0.229224 -0.206996  0.101681   1.11553
    39.897 0.0236044 -0.225975  0.239877 -0.209682  0.107662   1.11162
   39.9012 0.0166802 -0.222247  0.260117 -0.216518  0.117794   1.11235
    39.907 0.00496227  -0.215323   0.286216 -0.225551  0.134029   1.11028
   39.9112 -0.00569037   -0.206801    0.319239 -0.231288  0.149532   1.09941
    39.917 -0.0110167  -0.197746   0.353327 -0.229457  0.160274   1.08513
   39.9211 -0.0142125  -0.186028   0.381024 -0.222987   0.17004   1.07561
    39.927 -0.0179409  -0.173777   0.404993 -0.216518  0.176998   1.06682
   39.9315 -0.0216693   -0.16419   0.424167 -0.211757  0.180782   1.05962
   39.9369 -0.0269957    -0.1562   0.443342 -0.20956 0.187984   1.0584
   39.9412 -0.0344525  -0.147678   0.462517 -0.207606  0.197628   1.05132
    39.947 -0.0413767  -0.137026   0.468909 -0.200526  0.203854   1.03374
   39.9513 -0.0472357  -0.126373   0.457191 -0.189174  0.206905   1.00945
   39.9569 -0.058421 -0.116786  0.438016 -0.176845  0.210201  0.983446
   39.9612 -0.0754652  -0.107731   0.411384 -0.165858  0.212154  0.960741
    39.967 -0.0978357 -0.0997414   0.379959 -0.157924  0.210201  0.939379
   39.9713  -0.129261 -0.0906867   0.346403 -0.155116  0.209469  0.922777
    39.977  -0.164947 -0.0816319   0.306456 -0.154872  0.210079  0.908495
   39.9811  -0.197971 -0.0715119   0.269171 -0.155604  0.211788   0.88872
    39.987  -0.236853 -0.0603266    0.23455 -0.155849  0.218014  0.861864
   39.9916    -0.2768 -0.0491414    0.20419 -0.156825  0.224239  0.841112
   39.9968  -0.314084 -0.0358256   0.187146 -0.158534  0.226559  0.834765
   40.0012  -0.351901 -0.0209119   0.174896 -0.159755  0.223263   0.83684
    40.007   -0.383859 -0.00546552    0.168504 -0.16537 0.219723 0.843676
   40.0112  -0.409958 0.00838292   0.172765 -0.175014  0.221188  0.851976
    40.017 -0.431796 0.0216987  0.186081 -0.184535  0.223263  0.858568
    40.021 -0.445645 0.0350145  0.205256 -0.189296  0.223507  0.861742
    40.027 -0.450438 0.0477977  0.231355 -0.188808  0.223263  0.867968
   40.0313 -0.449373 0.0595156  0.257986 -0.186977  0.217281   0.87517
    40.037 -0.440318  0.069103  0.280889 -0.184169  0.203487   0.88286
   40.0413 -0.421676 0.0776251  0.301662 -0.180751  0.189449  0.897142
    40.047 -0.399838 0.0845493  0.316043 -0.180385  0.180904  0.912279
   40.0513 -0.376935 0.0909409   0.32563 -0.17892 0.173824 0.920946
    40.057 -0.348173 0.0962672  0.330424 -0.174281  0.166256  0.919603
   40.0612 -0.318878  0.101061  0.328826 -0.166225  0.160274  0.915209
    40.067 -0.291181  0.105855  0.318706 -0.15475 0.150875   0.9135
   40.0712 -0.262419  0.107985  0.301662 -0.144984  0.135372   0.90996
    40.077 -0.237385  0.107453  0.276628 -0.13827 0.117672 0.908739
   40.0811 -0.221406  0.105855  0.243605 -0.134364  0.104488  0.910326
    40.087 -0.210754  0.104257  0.202592 -0.133021 0.0950889  0.907396
   40.0912 -0.201699  0.101594  0.159982 -0.131068 0.0870323  0.898607
    40.097 -0.193177 0.0989304    0.1211 -0.128627 0.0797081  0.886522
   40.1013 -0.182524 0.0967999 0.0859459 -0.126186 0.0721397  0.878954
    40.107  -0.17347  0.095202 0.0587817 -0.124232 0.0618858  0.877611
   40.1114 -0.168676 0.0957346 0.0390743 -0.124721 0.0495567  0.879808
   40.1169  -0.16548 0.0973325 0.0289543 -0.127895 0.0402793  0.883593
   40.1212 -0.162284  0.099463 0.0262911 -0.132533 0.0339317  0.881884
    40.127 -0.154295  0.101594 0.0246932 -0.135097 0.0268516  0.872728
   40.1313 -0.144175  0.103724 0.0246932  -0.13351 0.0190391  0.860155
    40.137 -0.137783  0.107985 0.0268238 -0.129726  0.011959  0.851366
   40.1413 -0.130326  0.112779 0.0316174  -0.128383 0.00268169   0.846727
    40.147 -0.124467  0.114909 0.0428027   -0.130702 -0.00903706    0.843676
   40.1515 -0.120739  0.113311 0.0609122  -0.135341 -0.0168496   0.846239
    40.157 -0.117011  0.113311 0.0811522  -0.142909 -0.0164834   0.849169
   40.1612 -0.118608  0.117573  0.105121  -0.147426 -0.0137978   0.845751
    40.167 -0.120739  0.122899  0.132285  -0.144862 -0.0144082   0.844286
   40.1713 -0.116478  0.127693  0.152525  -0.138515 -0.0186806   0.850023
   40.1769 -0.107423  0.130356  0.167439  -0.132777 -0.0285683   0.861132
   40.1813 -0.0967705   0.130888   0.181287  -0.130458 -0.0406533   0.870531
    40.187 -0.0898463   0.131421   0.193005  -0.132533 -0.0461464    0.88286
   40.1911 -0.0866505   0.133019   0.208451  -0.138881 -0.0423623   0.898363
    40.197 -0.0797262   0.135149   0.223365  -0.144252 -0.0346718   0.908861
   40.2015 -0.0664104    0.13728   0.238279  -0.146083 -0.0275918   0.912279
   40.2069 -0.0461704   0.137813   0.259584  -0.147792 -0.0203896   0.913744
   40.2111 -0.022202  0.138878  0.280357  -0.148646 -0.0150185   0.924975
    40.217 0.00389701   0.141008   0.299531  -0.148158 -0.0152626   0.939257
   40.2213 0.0321265  0.142074  0.320837  -0.150233 -0.0156289   0.951952
    40.227 0.0619539  0.142606  0.337348  -0.152553 -0.0105019    0.96306
   40.2314 0.0933792  0.143139  0.348001   -0.149867 -0.00513081     0.96599
   40.2369 0.126402 0.143671 0.351197   -0.141811 -0.00317769    0.961107
   40.2412 0.159958 0.143671 0.341609   -0.130092 -0.00159077    0.959032
    40.247 0.191916 0.143671 0.322435   -0.117396 -0.00012593    0.960009
   40.2514 0.222809 0.146335  0.29314   -0.109828 -0.00244527    0.959154
    40.257  0.24944 0.148465 0.258519   -0.108241 -0.00207906    0.957201
   40.2614 0.270746 0.150596 0.225496  -0.109096 0.00695415   0.956957
    40.267 0.288323 0.155922 0.188744 -0.112514 0.0183067  0.952929
   40.2713 0.301638 0.161248 0.153058 -0.113856 0.0289268  0.942919
   40.2769 0.309628 0.164977 0.127491 -0.110194 0.0380821  0.934252
   40.2812 0.313356 0.168705  0.10086 -0.106288 0.0440635  0.928881
    40.287  0.317085  0.172434 0.0710322 -0.103603 0.0445518  0.925585
   40.2913  0.318683  0.174564 0.0491943 -0.103603 0.0429649  0.927172
   40.2969  0.316552  0.176695 0.0300195  -0.10995 0.0478477  0.933275
   40.3012  0.312824  0.180956 0.0167037 -0.120326  0.060543  0.936815
    40.307  0.30803 0.185749  0.01191 -0.126796 0.0718956  0.937792
   40.3113 0.305367 0.190011  0.01191 -0.129848 0.0789756  0.932909
    40.317 0.304834 0.192674 0.017769 -0.131312 0.0861778  0.932909
   40.3213  0.302171  0.194272 0.0289543  -0.13119 0.0886192  0.938768
    40.327  0.296845  0.195337 0.0470638 -0.133876 0.0869102  0.940722
   40.3313  0.290986  0.195869 0.0673038 -0.137782  0.088253  0.950121
   40.3369  0.282996  0.195869 0.0811522 -0.140468 0.0915489  0.958788
    40.341  0.273409  0.193206 0.0912723 -0.141811 0.0926475  0.958788
    40.347  0.263822  0.186815 0.0997944 -0.140102 0.0926475  0.956591
   40.3516 0.251571 0.179358 0.101925 -0.135707 0.0938682  0.955126
   40.3569 0.238255 0.170303 0.102458 -0.132045 0.0919151  0.956835
   40.3611 0.220678 0.158053 0.102458 -0.129726 0.0836143  0.957323
    40.367   0.19884  0.144204 0.0971312 -0.130824 0.0784874  0.962084
   40.3714  0.177002   0.12929 0.0912722 -0.136684 0.0806846  0.966478
    40.377  0.151436  0.114377 0.0912722 -0.139735 0.0837364  0.962938
   40.3812  0.123739  0.101061 0.0891417 -0.137904 0.0862999  0.956469
    40.387 0.0987055  0.089343 0.0896744 -0.136439 0.0875206  0.953173
   40.3913 0.0694108 0.0765598 0.0976638 -0.136073 0.0838584  0.953173
    40.397 0.0390507 0.0627114  0.108849 -0.137538 0.0749473  0.955126
    40.401 0.00975597   0.048863   0.122698 -0.143764  0.067379  0.961351
    40.407 -0.022202 0.0350145  0.139742 -0.150966   0.06567  0.968432
   40.4114 -0.052562 0.0206335  0.156786 -0.154384 0.0664024  0.971117
   40.4167 -0.0802589 0.00678502   0.172765 -0.154994 0.0653038  0.968309
   40.4212    -0.10476 -0.00653078    0.190874  -0.15414 0.0634727  0.969286
    40.427  -0.127663 -0.0171834   0.207386 -0.153041 0.0596885  0.973925
   40.4313  -0.147371 -0.0267708   0.226028 -0.153041 0.0490684  0.977953
    40.437   -0.16548 -0.0363582   0.246801 -0.154994 0.0375938  0.987841
   40.4413   -0.18359 -0.0443477   0.263312 -0.159877 0.0339317   1.00017
   40.4468  -0.198503 -0.0512719   0.276628 -0.166347 0.0322227   1.00469
   40.4511  -0.210221 -0.0571308   0.287281 -0.170009 0.0297813   1.00298
    40.457  -0.217145 -0.0619245   0.296336 -0.171596 0.0305137   1.00371
   40.4613  -0.221406 -0.0661856   0.308054 -0.174403 0.0305137   1.00786
    40.467  -0.221939 -0.0683161   0.321369 -0.177699 0.0245323   1.01579
   40.4713  -0.217678 -0.0704467   0.337881 -0.183192 0.0175743   1.03142
    40.477  -0.211819 -0.0720445   0.358121 -0.191249 0.0150108   1.04912
   40.4812  -0.198503 -0.0704467   0.369306 -0.197719 0.0140342   1.06072
    40.487  -0.177731 -0.0688488   0.373567 -0.199916 0.0134239   1.06865
   40.4911  -0.151632 -0.0688488   0.376231 -0.199794  0.013668   1.07781
    40.497  -0.121272 -0.0709793   0.371969 -0.200404 0.0124473   1.08989
   40.5013 -0.0893136 -0.0741751   0.360784  -0.202113 0.00658794    1.10417
    40.507 -0.0546925 -0.0779035    0.34374   -0.204555 -0.00012593     1.12273
   40.5112 -0.0179409 -0.0837625   0.319239  -0.209682 -0.0023232    1.13823
    40.517  0.0134844 -0.0906867    0.29527   -0.218715 0.000972703      1.1458
   40.5212  0.0395834 -0.0986762   0.273432  -0.223842 0.00365825    1.14507
    40.527 0.0651497 -0.107198  0.246268  -0.221645 0.00341411    1.14324
   40.5313 0.0859224 -0.116253  0.215376 -0.218349 0.0030479   1.14543
   40.5369  0.102967 -0.124243  0.182352   -0.216395 -0.00256734     1.14714
    40.541  0.115217 -0.132232  0.144535  -0.215297 -0.0117226    1.15557
    40.547  0.120011 -0.142885   0.10086  -0.216762 -0.0146523    1.16814
   40.5512  0.121076 -0.153005 0.0561185 -0.222011 -0.012333   1.17461
    40.557  0.116815 -0.160994 0.0140406  -0.226161 -0.0102578    1.17119
   40.5613   0.110423  -0.168984 -0.0275047   -0.226039 -0.00757222     1.16472
    40.567   0.105097  -0.177506 -0.0621258    -0.22494 -0.00366597      1.1657
   40.5713  0.0992382  -0.182832 -0.0887574   -0.226771 -0.00268941     1.17314
   40.5769 0.0901834 -0.187093 -0.108465    -0.23434 0.000606492     1.18706
   40.5811 0.0795308  -0.19455  -0.11965  -0.245937 0.00780864    1.20159
    40.587 0.0699434 -0.200942 -0.122846 -0.257411 0.0152549   1.20513
   40.5913 0.0598234 -0.203072 -0.118052 -0.265224 0.0237999   1.20915
   40.5969 0.0550297 -0.203605 -0.115922 -0.267665 0.0278282   1.21391
   40.6011  0.050236 -0.204137 -0.103671 -0.268764 0.0368614   1.21245
    40.607  0.0454423   -0.20467 -0.0914206 -0.269862 0.0458946   1.21099
   40.6111  0.0470402  -0.199876 -0.0679848 -0.271205 0.0519981   1.21672
    40.617  0.0528992  -0.192952 -0.0301679 -0.274989 0.0650596   1.22649
   40.6214   0.0646171   -0.184963 -0.00300365 -0.281337 0.0819053   1.23064
    40.627  0.0720739  -0.179104 0.00977952 -0.285243  0.091793   1.23076
   40.6312 0.0949771  -0.16419 0.0348132 -0.283168  0.109859   1.21538
   40.6369   0.11788 -0.149276 0.0598469 -0.281093  0.127926       1.2
   40.6411  0.143447 -0.136493 0.0689017 -0.270229  0.139278   1.18022
    40.647  0.169013  -0.12371 0.0779564 -0.259364  0.150631   1.16045
   40.6511  0.187123  -0.11572 0.0550533 -0.249354  0.151119   1.13555
    40.657  0.205232 -0.107731 0.0321501 -0.239345  0.151607   1.11064
   40.6612   0.205232  -0.104535 -0.0168521 -0.232753  0.160274   1.07366
    40.667   0.205232  -0.101339 -0.0658543 -0.226161  0.168941   1.03667
   40.6712  0.189253 -0.104002 -0.142021 -0.215907  0.175045  0.992357
    40.677  0.173274 -0.106666 -0.218187 -0.205653  0.181148  0.948046
   40.6813  0.144512 -0.109861 -0.283168 -0.202357  0.175533  0.917772
   40.6868   0.11575 -0.113057 -0.348149 -0.199061  0.169918  0.887499
    40.691 0.0747371 -0.115188 -0.415794 -0.201259  0.169064  0.864916
    40.697 0.0337244 -0.117318 -0.483438 -0.203456  0.168209  0.842333
   40.7013 -0.00888617   -0.121579   -0.535103 -0.206996  0.172237  0.819384
    40.707 -0.0514967   -0.12584  -0.586769 -0.210536  0.176266  0.796434
   40.7112 -0.0877157  -0.131167  -0.618727 -0.212489  0.172359  0.787523
   40.7168 -0.123935 -0.136493 -0.650684 -0.214442  0.168453  0.778612
   40.7212 -0.157491 -0.142885 -0.659739 -0.222987  0.158932  0.780809
    40.727 -0.191046 -0.149276 -0.668794 -0.231532   0.14941  0.783007
   40.7313 -0.218743 -0.158864 -0.649087 -0.243251  0.147579  0.785204
    40.737  -0.24644 -0.168451 -0.629379 -0.25497 0.145748 0.787401
   40.7412 -0.265615 -0.176973 -0.599552 -0.253261  0.138058  0.788012
    40.747  -0.28479 -0.185495 -0.569724 -0.251552  0.130367  0.788622
   40.7512 -0.293312 -0.188691  -0.55268 -0.250331  0.125484  0.791796
   40.7568  -0.30503 -0.196681 -0.514863 -0.249599  0.113155  0.799608
    40.761 -0.307693 -0.207866 -0.450415 -0.249599 0.0998497  0.813646
    40.767  -0.30716 -0.214257 -0.406739 -0.252772 0.0909385  0.829149
   40.7712 -0.304497 -0.213725 -0.379042 -0.258998 0.0887413  0.839159
    40.777 -0.295975 -0.212127 -0.324714 -0.261806 0.0886192  0.842211
   40.7814   -0.2768 -0.207866 -0.272516 -0.259242  0.084835  0.847826
    40.787 -0.246973 -0.201474 -0.218187 -0.254604 0.0771446  0.860155
   40.7913 -0.211819 -0.190822 -0.165456 -0.250209   0.06567  0.870165
    40.797 -0.171339  -0.17644 -0.113791  -0.24557 0.0529747  0.883715
   40.8013  -0.127663  -0.159929 -0.0615932 -0.243739 0.0455284  0.903002
   40.8069 -0.0861178  -0.138624 -0.0141889 -0.243251 0.0438194   0.91765
   40.8111 -0.042442 -0.117318 0.0252259 -0.238124 0.0421104  0.923266
    40.817 0.00656017  -0.096013   0.053988  -0.22726 0.0378379   0.91997
   40.8213  0.0550297 -0.0715119  0.0720975 -0.213466 0.0321006  0.917772
    40.827   0.101901 -0.0454129  0.0827501 -0.199428 0.0259971  0.920336
   40.8315   0.147708 -0.0203792  0.0896744 -0.187465 0.0175743  0.925829
   40.8367   0.192449 0.00518713  0.0891417  -0.176723 0.00671001   0.938158
    40.841  0.236657 0.0307535 0.0715649   -0.169032 0.000240281    0.946581
    40.847  0.277137 0.0552546 0.0428027  -0.162196 0.00011821   0.932421
   40.8511   0.310693  0.0797556 0.00605109  -0.150722 0.00231548   0.920214
    40.857   0.343716   0.101594 -0.0402879  -0.138148 0.00646587   0.915087
   40.8611   0.373544   0.120768 -0.0887574  -0.128993 0.00890727   0.906664
    40.867  0.394316  0.137813 -0.139358  -0.121547 0.00512309   0.901781
   40.8712  0.409763  0.152726 -0.193686   -0.115443 0.000362351    0.902636
    40.877 0.418818 0.165509 -0.24908  -0.114223 0.00158305   0.906664
   40.8812  0.426807  0.177227 -0.302343  -0.117763 0.00744243   0.898607
    40.887  0.433199  0.190011 -0.349747 -0.119716 0.0134239   0.88518
   40.8913  0.436394  0.201728 -0.388097 -0.120082 0.0209922  0.876513
   40.8968  0.437992  0.210783 -0.414728 -0.123378 0.0277061  0.874437
   40.9011  0.435862  0.220371 -0.431773 -0.127528 0.0285606  0.874437
    40.907  0.430535  0.226762 -0.441893 -0.134242 0.0283165  0.880785
   40.9113  0.423079  0.227827 -0.445621  -0.14413 0.0312461  0.887377
    40.917  0.416154  0.227295 -0.445088 -0.154384 0.0366172  0.888231
   40.9211  0.410295  0.225697 -0.437099 -0.161708 0.0422325  0.886522
    40.927    0.4071  0.221968 -0.423783 -0.163905 0.0477256  0.884325
   40.9315  0.405502  0.216642 -0.407804 -0.164149 0.0524864  0.886644
   40.9368  0.402306  0.210783 -0.385966 -0.166469 0.0521202  0.889818
   40.9412  0.398045  0.203326 -0.361465 -0.171229 0.0491905  0.896654
    40.947  0.392719  0.194272 -0.338029 -0.179042 0.0522422  0.907518
   40.9512   0.38686  0.184684 -0.315659 -0.188441 0.0595665    0.9135
    40.957  0.380468  0.174032 -0.293288 -0.192592 0.0653038  0.908617
   40.9612  0.373544  0.163379 -0.268787 -0.191127 0.0694541  0.903368
    40.967   0.36662  0.152194 -0.245351  -0.18954 0.0723838  0.904833
   40.9711  0.358097   0.13941 -0.223513 -0.189906 0.0703086  0.906786
    40.977  0.350108  0.126095 -0.204871 -0.192714 0.0679893  0.915209
   40.9811  0.339455  0.111714 -0.185164 -0.198085 0.0728721  0.927172
    40.987  0.324542 0.0983978 -0.161195 -0.205043 0.0825157  0.934984
   40.9914  0.310693 0.0877451 -0.136694 -0.208705 0.0903282   0.93767
   40.9969  0.295779  0.079223 -0.110595 -0.206996 0.0947227  0.938768
   41.0011   0.280866  0.0707009 -0.0834311 -0.203944 0.0975303  0.943041
    41.007  0.265952 0.0621788 -0.054669 -0.201137 0.0955772  0.946459
   41.0113   0.248375  0.0573851 -0.0259068 -0.199428 0.0903282  0.955004
    41.017      0.22707    0.0547219 -0.000873126 -0.200038 0.0886192  0.968798
   41.0212  0.204167 0.0525914 0.0214974 -0.202968 0.0920372  0.976488
    41.027  0.182861 0.0515261 0.0444006 -0.204677 0.0976524  0.976488
   41.0312  0.163154 0.0520588 0.0630427 -0.201503  0.101681  0.971483
    41.037  0.143979 0.0547219 0.0784891 -0.196132  0.104977  0.970141
   41.0413  0.120543 0.0573851 0.0992617 -0.19247 0.104122 0.970995
   41.0469 0.0987056 0.0600482  0.117904 -0.190028 0.0958213  0.972826
   41.0512 0.0779329 0.0627114  0.131752 -0.190395 0.0904502  0.981737
   41.0569 0.0518339 0.0659072  0.141872 -0.194545 0.0906944  0.986864
   41.0612 0.0220065 0.0701683  0.147731 -0.197353 0.0902061  0.979662
    41.067 -0.00995143   0.0754946    0.149862 -0.195888 0.0866661   0.96892
   41.0713 -0.0413767  0.0797556   0.147731 -0.19015 0.081417 0.967211
   41.0769 -0.0706715  0.0802883   0.139209 -0.184657 0.0739707  0.969896
    41.081 -0.0973031  0.0781577   0.129622 -0.184047 0.0643272  0.975267
    41.087    -0.125 0.0760272  0.119502 -0.189052  0.058712  0.985643
   41.0911 -0.152164 0.0733641  0.108316 -0.198573 0.0581016  0.990892
    41.097 -0.175067 0.0696356  0.100327 -0.205043 0.0585899  0.990404
   41.1012 -0.194775 0.0648419 0.0907396 -0.205775  0.058712   0.98662
   41.1069 -0.209689 0.0584504 0.0779564 -0.206264 0.0576133  0.982225
   41.1111 -0.221939  0.053124 0.0646406  -0.20663 0.0532188  0.985521
    41.117 -0.232592 0.0456672 0.0534554 -0.206874 0.0438194  0.991503
   41.1213 -0.242179 0.0355472 0.0428027 -0.210536 0.0347862   1.00005
    41.127 -0.252832 0.0248945 0.0305522 -0.218715 0.0322227   1.00908
   41.1312 -0.263484 0.0142419 0.0172364 -0.226894 0.0340538   1.01042
    41.137 -0.272539 0.0030566 0.0044532 -0.231776 0.0358848   1.00579
   41.1414   -0.278931 -0.00812868 -0.00566681 -0.234706 0.0389366   1.00102
    41.147  -0.283192  -0.019314 -0.0141889 -0.237392 0.0401573  0.998583
   41.1513  -0.288518 -0.0326298 -0.0195153 -0.241054 0.0341758  0.998461
    41.157   -0.29491 -0.0448803 -0.0173847 -0.244716 0.0283165   1.00725
   41.1612  -0.302899 -0.0560656 -0.0115258 -0.253139 0.0281944   1.01848
   41.1669   -0.309823  -0.0677835 -0.00513418 -0.264003 0.0294151   1.02287
   41.1711  -0.312487 -0.0779035 0.00711636 -0.269496 0.0281944   1.02141
    41.177  -0.311954 -0.0853604  0.0209648 -0.271449 0.0250206   1.02141
   41.1812  -0.307693 -0.0922846  0.0332153 -0.271327 0.0201377   1.03069
    41.187  -0.300236 -0.0986762  0.0486617  -0.271449 0.00915141    1.04814
   41.1912 -0.288518 -0.104535 0.0635754   -0.274013 -0.00281148     1.07146
    41.197 -0.273604 -0.110927 0.0747607   -0.278895 -0.00915913     1.09502
   41.2014 -0.257093 -0.115188 0.0832828  -0.283656 -0.0145302    1.10942
    41.207 -0.240581 -0.118384 0.0912723 -0.284511 -0.019413   1.11589
   41.2111  -0.22407 -0.123177 0.0981965 -0.281581    -0.021   1.11931
    41.217 -0.204895 -0.127971 0.0997944   -0.27682 -0.0242959    1.12541
   41.2213  -0.18359 -0.133297 0.0981965  -0.272182 -0.0335732    1.13823
    41.227 -0.161752 -0.139156 0.0960659  -0.270473 -0.0448037    1.15801
   41.2313 -0.139914  -0.14395 0.0923375   -0.27206 -0.0510293    1.17632
   41.2368 -0.117543 -0.147146 0.0880765  -0.275844 -0.0487099    1.18901
   41.2412 -0.0930421  -0.150341   0.084348  -0.277675 -0.0430947    1.19365
    41.247 -0.0653452  -0.154603  0.0774238  -0.271205 -0.0363808    1.19853
   41.2513 -0.036583 -0.159396  0.069967  -0.262904 -0.0266152    1.20683
    41.257 -0.00569037   -0.163657    0.064108  -0.258754 -0.0191689    1.21233
   41.2612 0.0294634 -0.169516 0.0587817   -0.25558 -0.0151406    1.22136
    41.267 0.0672802 -0.176973 0.0529227   -0.254481 -0.00574116     1.23442
   41.2711  0.103499 -0.183897 0.0459985 -0.255214 0.0096397   1.24346
    41.277  0.134925 -0.189756 0.0401396 -0.253749 0.0262413   1.23808
   41.2813  0.165285 -0.194017 0.0332153 -0.247523 0.0422325   1.22502
   41.2868  0.196177 -0.198278 0.0262911 -0.238612 0.0602989   1.21648
   41.2911  0.223341 -0.200942 0.0241606 -0.232509 0.0773887   1.21086
   41.2969   0.24731 -0.200409 0.0252259   -0.2308 0.0921592   1.20659
    41.301  0.272344 -0.197746 0.0284216 -0.233241  0.112301   1.20647
    41.307  0.293649 -0.194017 0.0433354 -0.238978   0.13818    1.2022
   41.3113  0.312291 -0.187626 0.0609122 -0.240565  0.164913   1.18669
   41.3168  0.332531 -0.178571 0.0758259 -0.236049  0.191036   1.16423
   41.3211  0.351706 -0.167918 0.0939354 -0.229701  0.215694   1.13945
   41.3269  0.370881 -0.155668  0.108849 -0.222011  0.236202   1.11662
   41.3313  0.387392 -0.141287  0.126959 -0.214076  0.250851    1.0949
   41.3368 0.395382 -0.12584 0.145601 -0.209926  0.263302   1.07305
   41.3409  0.392719 -0.110927  0.159982 -0.208339  0.280514   1.04497
   41.3469   0.378337 -0.0912193   0.173298 -0.204433  0.294796   1.00762
   41.3512     0.3565 -0.0704466   0.175961 -0.196376  0.302975  0.969042
   41.3569   0.326672 -0.0523372   0.170102 -0.184413  0.311031    0.9312
   41.3612   0.282464 -0.0331624   0.157319 -0.172694  0.314693  0.895922
   41.3669   0.230798 -0.0129224   0.137079 -0.164027  0.311153  0.869188
    41.371  0.179133 0.0046545  0.113643 -0.157191  0.305782  0.854662
   41.3769  0.125337 0.0185029 0.0870112 -0.155238  0.305172  0.846361
    41.381 0.0694108 0.0334166 0.0582491 -0.158412  0.310665  0.836107
   41.3869 0.0161476 0.0472651 0.0342806 -0.159877  0.316647  0.819506
   41.3911 -0.0317894  0.0584504  0.0129753 -0.158534  0.320919  0.808275
   41.3969  -0.0749326   0.0685704 -0.00886261 -0.157069  0.322872  0.819872
   41.4011  -0.114347  0.0754946 -0.0232437 -0.158412  0.318722  0.820726
   41.4069  -0.151632  0.0776251 -0.0291026 -0.163295  0.314449  0.819994
   41.4114   -0.18572  0.0770925 -0.0291026 -0.170375  0.316524  0.839281
   41.4168  -0.217678  0.0776251 -0.0195153 -0.178554  0.321285  0.846727
    41.421   -0.245375   0.0781577 -0.00460155 -0.182948  0.325069  0.845995
   41.4269 -0.266148  0.079223 0.0167037 -0.18185   0.3269 0.848192
   41.4313 -0.283192  0.079223 0.0454659 -0.177943  0.325314  0.853808
   41.4369 -0.295975 0.0765598  0.069967 -0.174403  0.319454  0.861742
   41.4412 -0.303964 0.0744293 0.0971312 -0.175014  0.311886  0.872728
   41.4466 -0.311954 0.0733641  0.133883 -0.17892 0.307735   0.8864
    41.451 -0.319411 0.0733641  0.173298 -0.182948  0.304439  0.892016
   41.4569 -0.324737 0.0760272  0.209517 -0.182704  0.295895  0.887865
   41.4611   -0.3274 0.0808209  0.243605 -0.176723  0.284542  0.884081
   41.4669 -0.328998 0.0861472  0.273432 -0.167323  0.270138  0.880785
   41.4712 -0.334857 0.0941367   0.29314 -0.157069  0.248653  0.877611
   41.4769 -0.342314  0.102659  0.303793 -0.148646  0.223019  0.879076
   41.4811 -0.350303  0.110648  0.307521 -0.143642  0.201046  0.885302
   41.4869 -0.360956  0.119703  0.302727 -0.141811  0.183956  0.886889
   41.4912 -0.372674   0.12929  0.293673 -0.141078  0.167599  0.882006
   41.4968 -0.382261  0.138878  0.281955 -0.13827 0.152218 0.878466
   41.5009 -0.388653  0.148465  0.265443 -0.135219   0.13879  0.880175
   41.5069 -0.392914  0.155389  0.248931 -0.134853  0.122799  0.885058
    41.511 -0.392914  0.160183  0.231887 -0.136317  0.102413  0.892748
   41.5169 -0.389718  0.165509  0.215376 -0.140712 0.0828819   0.90642
   41.5213 -0.385457  0.170303  0.200994 -0.147182 0.0681114  0.916796
   41.5269 -0.378533  0.172434  0.184483  -0.15182 0.0574913   0.91704
   41.5311 -0.368946  0.174032  0.167971 -0.152309 0.0473594  0.911303
   41.5369 -0.356695  0.175629  0.151992 -0.151332 0.0389366  0.906054
   41.5411 -0.342314  0.174032  0.133883 -0.151088 0.0290489  0.901781
   41.5469 -0.324737   0.16977  0.119502 -0.151942 0.0140342  0.902636
    41.551 -0.30503 0.161781 0.106719  -0.154018 0.00353618   0.915087
   41.5569 -0.288518  0.150596 0.0918049   -0.157558 0.000850632    0.927416
   41.5612 -0.271474  0.140476  0.080087    -0.16244 -0.00281148    0.924608
   41.5667 -0.253364  0.130888 0.0704996  -0.163661 -0.0080605    0.91643
   41.5712 -0.233657  0.119703 0.0571838  -0.160731 -0.0118447   0.915575
   41.5769 -0.210221   0.10692  0.048129  -0.159022 -0.0136757   0.916552
   41.5811 -0.186785  0.095202 0.0417375  -0.160487 -0.0197793   0.915697
   41.5869 -0.175067 0.0904083 0.0364111  -0.161952 -0.0258828   0.914843
   41.5911 -0.154295 0.0802883 0.0385417  -0.16891 -0.021122  0.921068
   41.5969 -0.133522 0.0701683 0.0406722  -0.175868 -0.0163613   0.927294
   41.6012 -0.107423 0.0595156 0.0417375  -0.177943 -0.0109902   0.921679
   41.6069 -0.0813241   0.048863  0.0428027   -0.180019 -0.00561909    0.916063
    41.611 -0.0541599   0.038743  0.0502596   -0.178187 0.000362351    0.910204
   41.6169 -0.0269957  0.0286229  0.0577164 -0.176356 0.0063438  0.904345
   41.6213 -0.00462511   0.0201008   0.0673038  -0.174403 0.00927348   0.903734
   41.6269 0.0177454 0.0115787 0.0768912  -0.17245 0.0122032  0.903124
   41.6312  0.0379855 0.00678502  0.0880765 -0.174525 0.0245323  0.897265
   41.6368  0.0582255 0.00199133  0.0992617 -0.176601 0.0368614  0.891405
    41.641   0.0768676 0.000393437     0.10299 -0.171962 0.0455284  0.878832
   41.6469   0.0955098 -0.00120446    0.106719 -0.167323 0.0541954  0.866259
    41.651    0.104032 -0.00120446    0.111512  -0.16183 0.0544395  0.860277
   41.6567    0.112554 -0.00120446    0.116306 -0.156337 0.0546836  0.854296
    41.661    0.116282 -0.00120446    0.115773 -0.156825 0.0573692  0.860399
   41.6669    0.120011 -0.00120446    0.115241 -0.157313 0.0600547  0.866503
   41.6712    0.120543 0.000393437    0.112578 -0.156703 0.0650596  0.860521
   41.6769   0.121076 0.00199133   0.109914 -0.156093 0.0700645   0.85454
   41.6812  0.126935 0.0046545  0.104055 -0.151088 0.0738487  0.856005
   41.6868   0.132794 0.00731766  0.0981965 -0.146083 0.0776329   0.85747
    41.691   0.138653 0.00998082  0.0928701 -0.144618  0.072628  0.866991
   41.6969  0.144512  0.012644 0.0875438 -0.143153 0.0676231  0.876513
   41.7011  0.150904 0.0158398 0.0838154 -0.146693 0.0678672  0.885668
   41.7069  0.157295 0.0190356  0.080087 -0.150233 0.0681114  0.894823
    41.711  0.162621 0.0211661 0.0736954 -0.150966 0.0711631  0.890062
   41.7168  0.173274 0.0254272 0.0683691 -0.149989 0.0766563  0.889452
    41.721  0.191384 0.0334166 0.0635754 -0.145228 0.0783653  0.895922
   41.7269  0.204167 0.0392756 0.0577164 -0.140468 0.0745811  0.904711
   41.7313  0.213754 0.0398082 0.0518575 -0.137538 0.0671348  0.918871
   41.7368  0.228668  0.043004 0.0390743 -0.136684 0.0599327  0.936083
    41.741   0.23932 0.0467324 0.0225627 -0.138881 0.0582237  0.949511
   41.7469   0.252636  0.0472651 0.00392057 -0.139491 0.0606651  0.954149
   41.7513   0.267017  0.0451345 -0.0189826 -0.136195 0.0628624  0.954882
   41.7568  0.276072  0.043004 -0.044549 -0.130824   0.06567  0.955614
    41.761   0.281931  0.0419388 -0.0722459 -0.124721 0.0653038  0.958178
   41.7669  0.286192 0.0414061 -0.104204 -0.119105  0.058712  0.959032
   41.7712  0.287257 0.0398082  -0.13989 -0.117152 0.0541954  0.962938
   41.7769  0.282996 0.0371451 -0.175576 -0.120448 0.0565147  0.971727
   41.7812  0.273942 0.0350145 -0.209132 -0.124965 0.0617637   0.97246
   41.7869  0.262224 0.0323514 -0.240558 -0.127772   0.06567  0.966112
   41.7912  0.246245 0.0291556  -0.26932  -0.12704 0.0684776  0.962938
   41.7968  0.228668 0.0259598 -0.294353 -0.127284 0.0695762  0.963671
   41.8011   0.20896 0.0216987 -0.314594 -0.132655  0.067501  0.968798
   41.8069  0.184992 0.0153071 -0.329507 -0.143275 0.0677452   0.97893
   41.8112   0.157295 0.00944819  -0.334834 -0.156825 0.0739707  0.981859
   41.8169   0.124272 0.00625239  -0.328442 -0.168178 0.0817832  0.981615
    41.821 0.0944445 0.0030566 -0.315126 -0.177211 0.0884971  0.985399
   41.8269    0.0726066 -0.000671827    -0.293288 -0.185145  0.093502  0.992235
   41.8313   0.0491708 -0.00440025   -0.258667 -0.194179 0.0942344   1.00591
   41.8368   0.0262676 -0.00706341   -0.217122 -0.204677 0.0895957   1.02153
   41.8409  0.00815807 -0.00812868   -0.171848 -0.214442 0.0836143   1.04241
   41.8467 -0.00569037 -0.00919394   -0.127107 -0.223964 0.0797081   1.06584
    41.851  -0.012082 -0.0113245 -0.0871596 -0.232509 0.0760459   1.08489
   41.8569 -0.0147451 -0.0139876 -0.0509406 -0.236171 0.0714073    1.0977
   41.8612 -0.0131472 -0.0177161 -0.0248416 -0.234584 0.0664024   1.10832
   41.8668 -0.00675564  -0.0219771 -0.00726471 -0.230434 0.0602989   1.12163
   41.8709 0.00283174 -0.0257055 0.00232267 -0.226283 0.0504112   1.13347
   41.8769   0.0177454  -0.0310319 -0.00193839 -0.223109 0.0377159   1.14958
   41.8811  0.0331918 -0.0374235   -0.01845 -0.220546 0.0300254   1.17009
   41.8869  0.0465076 -0.0448803 -0.0461469 -0.220668 0.0306358   1.18328
   41.8914  0.0598234 -0.0528698 -0.0828985   -0.2214 0.0339317   1.18474
   41.8968  0.0768676 -0.0613919  -0.124976 -0.216273 0.0335655   1.19084
    41.901   0.100303 -0.0709793  -0.171848 -0.211391 0.0291709   1.19927
   41.9069   0.124272 -0.0795014   -0.22085 -0.214809 0.0267295   1.19805
   41.9111   0.137055 -0.0869583  -0.260265 -0.220302 0.0316124   1.19731
   41.9169   0.142381 -0.0970783  -0.292756 -0.225795 0.0412559   1.20488
   41.9211  0.144512 -0.110927  -0.31992  -0.23202 0.0504112    1.2116
   41.9269  0.144512 -0.126373 -0.347084 -0.234096 0.0574913   1.21001
   41.9312  0.145045 -0.142352  -0.38277 -0.229945 0.0611534   1.19695
   41.9369   0.13812 -0.157266 -0.414196 -0.227138 0.0665245   1.18425
   41.9411   0.12587 -0.171647 -0.436566 -0.226527   0.07275   1.17754
   41.9469  0.108826 -0.187093 -0.450415 -0.226283 0.0756797   1.17143
   41.9512 0.0832592 -0.203605 -0.456806 -0.229457 0.0779991   1.17143
   41.9569 0.0513013 -0.218518 -0.458404 -0.234828 0.0817832   1.16496
   41.9613 0.0145497 -0.230769 -0.457339 -0.239467 0.0853233   1.15032
   41.9668 -0.0269957   -0.24302   -0.45148 -0.240687 0.0869102   1.13628
   41.9709 -0.068541 -0.254205 -0.440295 -0.240443 0.0880088   1.13115
   41.9769 -0.106358  -0.26326  -0.42325 -0.243129 0.0887413   1.13237
   41.9812 -0.138848 -0.272314 -0.396086 -0.249721 0.0859336   1.13701
   41.9869 -0.164415 -0.279771 -0.364661  -0.25851 0.0839805   1.15007
   41.9912 -0.184122 -0.285097 -0.327377 -0.269374 0.0889854    1.1657
   41.9969 -0.197438 -0.289891 -0.279972 -0.276454 0.0964317   1.16789
   42.0013 -0.197438 -0.294685  -0.23896 -0.275844  0.101803   1.16106
   42.0068 -0.184655 -0.298413 -0.203806 -0.271693  0.106319   1.15349
   42.0111 -0.170274 -0.300544 -0.164391 -0.266078  0.110104   1.14189
   42.0169 -0.156425 -0.302142 -0.133499 -0.259486  0.111202   1.12651
   42.0212 -0.143642 -0.302674 -0.111128 -0.254115  0.113155   1.11052
   42.0269  -0.133522  -0.301609 -0.0967469 -0.25143 0.119259  1.09197
   42.0311  -0.128196  -0.298413 -0.0935511 -0.248744  0.129024    1.0634
   42.0369  -0.128728  -0.294152 -0.0967469 -0.241664  0.137203   1.02678
   42.0413 -0.134055 -0.288293 -0.108997 -0.23141 0.140987 0.986742
   42.0467 -0.145773 -0.281902 -0.128172 -0.22079 0.141598 0.954027
   42.0509 -0.161752 -0.276043 -0.151608 -0.213222  0.136959   0.92827
   42.0569 -0.180926 -0.269118 -0.179838 -0.211269   0.13232  0.905443
   42.0611 -0.204895 -0.261129 -0.212861 -0.213222  0.133541  0.885424
   42.0669 -0.229929 -0.251542 -0.243753 -0.215907  0.135128  0.861498
    42.071 -0.252832 -0.240356 -0.271983 -0.215175  0.133541  0.836107
   42.0769   -0.2768 -0.229704 -0.302343 -0.212489  0.131222   0.81682
   42.0812 -0.297573 -0.220116 -0.334834 -0.210048  0.129513  0.801683
   42.0868  -0.31728 -0.210529 -0.364128 -0.213466  0.125729  0.791552
    42.091 -0.338053 -0.203072 -0.379575 -0.220546  0.121578  0.780809
   42.0969 -0.356162 -0.195615 -0.389162 -0.226039   0.11816  0.786913
   42.1011 -0.369478 -0.187626 -0.397151 -0.232875  0.112423  0.794725
   42.1069 -0.377468 -0.179636 -0.401413 -0.236293  0.103023  0.786425
    42.111 -0.379066 -0.173245 -0.407272 -0.235927 0.0931358  0.790087
   42.1168 -0.372141 -0.167386 -0.412065 -0.237147 0.0876426  0.793871
   42.1211 -0.360956 -0.160994 -0.406206 -0.241054 0.0808067  0.797167
   42.1269 -0.344977 -0.153005 -0.391293 -0.246181 0.0698204  0.807421
   42.1313 -0.326335 -0.143417 -0.374248 -0.251918 0.0610313    0.8239
   42.1367 -0.304497 -0.134895 -0.354008 -0.258144 0.0577354  0.837938
   42.1411 -0.275735 -0.124775 -0.332703 -0.262538 0.0581016  0.841723
   42.1469 -0.242712  -0.11359 -0.311398 -0.262416 0.0585899  0.840258
   42.1511 -0.207558 -0.101339 -0.287962 -0.257899  0.058712  0.844408
   42.1569  -0.168143 -0.0869582  -0.262928 -0.253627 0.0555381  0.856127
   42.1611  -0.124467 -0.0720445  -0.234699 -0.251308 0.0493125   0.86577
   42.1669  -0.078661 -0.0576635  -0.207534 -0.250819 0.0485801  0.884569
   42.1712  -0.032322 -0.0427498  -0.187294 -0.254481 0.0551719  0.897997
   42.1767  0.0134844 -0.0257055  -0.163326 -0.258266 0.0634727  0.897509
   42.1809    0.060356 -0.00759605   -0.136694 -0.255092 0.0716514  0.894701
   42.1869  0.108826 0.0105134 -0.118585 -0.246669 0.0790977  0.893236
   42.1912  0.153567 0.0291556 -0.102073  -0.23727 0.0809288  0.895189
   42.1969   0.192449  0.0477977 -0.0866269 -0.226771  0.074337  0.897387
   42.2011   0.226537  0.0653746 -0.0791701 -0.217494 0.0694541  0.905809
   42.2069   0.257963  0.0818862 -0.0834311 -0.211146 0.0703086   0.90996
   42.2112   0.286725  0.0978651 -0.0962143 -0.202602 0.0705528    0.9041
   42.2169  0.313889  0.113311 -0.115389 -0.189296 0.0704307  0.894945
   42.2211  0.335727   0.12929 -0.145749 -0.174525 0.0698204  0.884935
   42.2269  0.351173  0.144737 -0.184631 -0.160365 0.0650596  0.879076
   42.2313  0.363424  0.159118 -0.226709 -0.148646 0.0563926  0.876635
   42.2367  0.371946  0.170836 -0.271983 -0.141688 0.0495567  0.877245
    42.241  0.375674  0.180423 -0.320452 -0.139979 0.0480918    0.8781
   42.2469  0.372479  0.190011 -0.368389 -0.140468 0.0505332  0.872973
   42.2512  0.363424     0.198 -0.410467   -0.1412 0.0519981  0.862841
   42.2567  0.353836  0.201728 -0.444556 -0.141078  0.051754  0.851488
    42.261  0.342118  0.203859 -0.469057 -0.140468 0.0488243  0.846483
   42.2669  0.326672  0.206522 -0.489297 -0.141933 0.0399131  0.848925
    42.271  0.312291  0.206522 -0.501547 -0.145839 0.0295372  0.857836
   42.2768 0.295779 0.203859 -0.50208 -0.153407 0.0248985  0.869799
   42.2809  0.277137  0.200131 -0.494623  -0.16244 0.0244102  0.873583
   42.2867 0.259028 0.195337 -0.48184 -0.165736 0.0214805   0.87285
    42.291  0.243582  0.188945 -0.465328 -0.165248 0.0167198  0.874682
   42.2969  0.231864  0.180423 -0.443491 -0.167934 0.0122032  0.878222
   42.3011  0.220678  0.170836 -0.414196  -0.171352 0.00231548   0.886644
   42.3069 0.212156 0.158585 -0.38064   -0.175014 -0.00781636    0.900805
   42.3111  0.205232  0.145802 -0.345486  -0.18307 -0.012455  0.915453
   42.3169  0.197243  0.135149 -0.306071  -0.191249 -0.0156289   0.923388
   42.3211  0.194047  0.126627 -0.267189  -0.193446 -0.0199013   0.925707
    42.327 0.195112  0.11917 -0.22884 -0.192226  -0.02454  0.929979
   42.3316  0.198308  0.112779 -0.192621  -0.190639 -0.0284462   0.935839
   42.3369  0.203634  0.108518 -0.157467  -0.188808 -0.0372353    0.94536
   42.3412  0.211091  0.104257 -0.125509  -0.188808 -0.0480996   0.960619
    42.347   0.221211  0.0978651 -0.0994101  -0.194301 -0.0529824    0.97893
   42.3514   0.232396  0.0904083 -0.0759743  -0.203334 -0.0507851   0.990526
    42.357   0.245179  0.0829514 -0.0557342  -0.209193 -0.0450478   0.993212
   42.3614   0.259028  0.0744293 -0.0370921  -0.210902 -0.0397988   0.993578
    42.367   0.272876  0.0664398 -0.0168521   -0.21017 -0.0351601   0.995775
   42.3713   0.286725   0.058983 0.00179004  -0.208461 -0.0333291   0.999193
    42.377  0.302704 0.0509935 0.0183016  -0.207118 -0.0351601    1.00615
   42.3813  0.320281  0.043004 0.0342806  -0.206996 -0.0336953    1.02007
