                   0  3.41122  15.0378 0.450337 0 0 0 0 0 0 0 0 0 0 0 0 1 0 0
            0.289958  3.41122  15.0378 0.450337 0 0 0 0 0 0 0 0 0 0 0 0 1 0 0
            0.389957  3.45524       15 0.353776 -7.1667e-05 0.000156236 0.000327104 0.00132427 0.00375567 0.00421851 0 0 0 0 0 0 1 0 0
            0.389957  3.46642  15.0187 0.362874 -0.00077975 -0.00497681  0.00291533 0.00157195  0.0030588 0.00447805  7.03183e-10 -3.52768e-08 -8.73894e-09  6.59982e-09  2.33695e-08 -1.22366e-08 1 0 0
            0.489962  3.47187  15.0326 0.374715 -0.000421238  -0.00460441    0.0033395 0.00207086 0.00412058  0.0054682  7.03183e-10 -3.52768e-08 -8.73894e-09  6.59982e-09  2.33695e-08 -1.22366e-08 1 0 0
            0.489962  3.52716  14.9769 0.280471 -0.00663213   0.0107403 -0.00180767  -0.0493322   0.0917722 -0.00857248 -1.25704e-05 -1.73254e-06  6.26287e-06  6.23058e-06 -1.22685e-05  4.45272e-06 1 0 0
            0.589916  3.55312   14.988 0.503678  -0.0170366 -0.00205816 -0.00163387  -0.0706356   0.0112345 -0.00511703 -6.35133e-06 -8.34915e-06 -7.23905e-06  9.35419e-06 -1.26183e-06  4.13012e-06 1 0 0
            0.589916  3.54994  15.0074 0.453048  -0.0130666  0.00492514 -0.00202237  -0.0419454   0.0687436 -0.00823209 -1.19466e-05 -7.91354e-06  4.25161e-07 -1.06549e-06 -1.93034e-05  3.67061e-06 1 0 0
            0.690405  3.56337   14.893 0.545126  -0.0249048   0.0122997 -0.00565639 -0.0695716  0.0675083 -0.0229424 -1.01733e-05  -3.6545e-06 -6.03911e-06   9.7093e-06 -2.01606e-05  9.89422e-06 1 0 0
            0.690405  3.58821  14.8585 0.507423  -0.0166104   0.0100435 -0.00819709 -0.0186563  0.0568147 -0.0378786  -1.5252e-05  5.01476e-06 -3.46423e-07 -5.80617e-05 -1.20674e-05   6.1486e-06 1 0 0
            0.789947  3.66345  14.9314 0.506653  -0.0249918    0.012274 -0.00581584 -0.0457533  0.0379161 -0.0147106 -2.05633e-05 -8.54732e-06 -7.71296e-06 -1.84901e-05  1.72295e-06  -3.4155e-06 1 0 0
            0.789947   3.6195  14.8508 0.324348  -0.0158129  0.00796498 -0.00439675   0.0182928   0.0147493 -0.00287176 -2.29091e-05 -1.67296e-06  1.32517e-05 -0.000189653   4.8182e-05 -7.83696e-05 1 0 0
            0.889948   3.6725  14.8954 0.360867   -0.019424   0.0298455 -0.00470882  0.00385527   0.0852361 -0.00293229 -2.45908e-05 -7.23082e-06 -5.63269e-07 -0.000136839 -0.000133049 -5.33093e-05 1 0 0
            0.889948  3.56618  14.8315 0.354746  -0.0141962   0.0200409 -0.00533813    0.037747   0.0320814 -0.00477122 -1.49395e-05 -1.49383e-06 -1.57656e-06 -0.000256432  3.75533e-05 -9.21096e-05 1 0 0
            0.990273  3.59434  14.7901 0.206082 -0.0144056  0.0184492  -0.007628    0.022044   0.0142639 -0.00865187 -1.13728e-05 -4.13906e-06 -2.14966e-06 -0.000208783  9.05747e-05 -5.66232e-05 1 0 0
            0.990273  3.63851  14.7705 0.310021  -0.0117879   0.0116814 -0.00478629  0.0417356 -0.0230897 0.00843925  -1.5708e-05 -4.65883e-06 -1.45801e-05 -0.000265898  0.000223694 -0.000148711 1 0 0
             1.09014  3.69531  14.7397 0.186675 -0.0220844  0.0152416  -0.014712  -0.0133222 -0.00149468  -0.0332949 -1.68755e-05   3.8418e-06 -1.23285e-05 -7.53173e-05  0.000148144  6.99543e-05 1 0 0
             1.09014  3.66802  14.7913 0.242649 -0.0174435   0.010033 -0.0062917  0.0281993 -0.0347451  0.0263578 -1.44172e-05 -5.24968e-06 -1.88158e-05 -0.000164196  0.000263436 -0.000218079 1 0 0
             1.18994 3.65889 14.6954 0.23331  -0.0169062  -0.0013818 -0.00518207   0.019928 -0.0655775  0.0181675 -1.07291e-05 -2.55527e-06 -2.20848e-05 -0.000136925  0.000393078 -0.000184561 1 0 0
             1.18994 3.73881 14.7088 0.28303  -0.0163911   0.0034589 -0.00402658  0.0263055 -0.0270266  0.0284229 -1.58376e-05 -4.77823e-06 -2.70476e-05 -0.000149933  0.000236731 -0.000221517 1 0 0
             1.29029  3.68113  14.6496 0.340939  -0.0102484 0.000845078 -0.00588495  0.0468953 -0.0285761 0.00893799 -8.42025e-06 -3.93488e-06 -3.08044e-05 -0.000224306  0.000238043 -0.000152391 1 0 0
             1.29029  3.69135  14.6392 0.307447   -0.011526  0.00607981 -0.00475936 0.0379909 0.0120702 0.0187874 -8.12363e-06 -1.89224e-06 -2.65674e-05 -0.000182324  7.91232e-05 -0.000172253 1 0 0
             1.39007  3.71885  14.6117 0.225891 -0.00765881  0.00689061 -0.00286288  0.0365562 0.00615977  0.0193082 -8.12363e-06 -1.89224e-06 -2.65674e-05 -0.000182324  7.91232e-05 -0.000172253 1 0 0
             1.39007  3.69752  14.6247 0.266102 -0.00937678  0.00715324 0.000412055  0.0237818 0.00944912   0.046538 -4.27754e-06 -2.85661e-06 -3.10525e-05 -0.000107153  6.12044e-05 -0.000264367 1 0 0
             1.48999  3.68904  14.5979 0.173709  -0.0051627 -0.00287818 -0.00375087  0.0360788 -0.0428447 0.00215419 -1.62857e-06  5.53846e-07 -3.08718e-05 -0.000168697  0.000255071 -0.000127588 1 0 0
             1.48999 3.72153 14.6176 0.23189  -0.0115111  0.00271735 -0.00220018 -0.0130127 0.00115923  0.0162658 -1.15025e-06  7.58423e-07 -3.68044e-05  2.79711e-05  8.45275e-05 -0.000123913 1 0 0
             1.59028  3.78542  14.6429 0.126621  -0.0194701 -0.00225338   0.0135162 -0.0414206 -0.0189346  0.0862289  -4.0143e-06 -4.38441e-06 -3.64557e-05   0.00019541  0.000151777 -0.000359899 1 0 0
             1.59028  3.72073  14.6019 0.189513 -0.0189067  0.0013406 0.00639835 -0.0413075 0.00575161  0.0266048  6.89735e-06 -5.55316e-08 -4.35469e-05  0.000131979  7.35842e-05 -0.000120688 1 0 0
              1.6902  3.76482  14.5845 0.145833 -0.0251494 0.00460254 0.00150341 -0.0505346  0.0142103 -0.0103972  5.17412e-06  2.36222e-06 -4.41964e-05 0.000140456  3.7929e-05 2.86591e-05 1 0 0
              1.6902 3.74828 14.5985 0.15083   -0.0204847   0.00923112 -0.000244423 -0.00966433   0.0582965  -0.0241581  1.00763e-05 -2.00217e-06 -4.37716e-05 -2.67685e-05  -0.00013032  5.38042e-05 1 0 0
             1.78999  3.78914  14.5362 0.170082  -0.0165891 -0.00700315 -0.00708049  0.0117304 -0.0510902 -0.0425556  6.24474e-06 -3.16018e-06 -5.60335e-05 -0.00013316 0.000287834 8.99237e-05 1 0 0
             1.78999  3.80493  14.4929 0.130449  -0.0164672 -0.00177968 -0.00523728   0.0124225 -0.00922877  -0.0235642  5.80481e-06  2.26052e-06 -5.11224e-05 -0.000118019   0.00012012  2.47997e-05 1 0 0
             1.89025  3.74036  14.4294 0.106307  0.00139171  0.00846572 -0.00451728   0.0915637   0.0377643 -0.00339518  1.36987e-05  5.13252e-07 -5.73284e-05 -0.000373687 -7.57219e-05 -0.000111399 1 0 0
             1.89025   3.7532  14.4458 0.092592 -0.00995761   0.0081814 -0.00145272 0.00138353  0.0353169  0.0229685  1.16628e-05   4.1363e-06 -5.59813e-05 -4.95589e-06 -6.84451e-05 -0.000127927 1 0 0
             1.99011   3.65433   14.4566 0.0169535 0.00368068  0.0206534  0.0167372  0.065613 0.0768931  0.105848   2.6007e-05  -8.4306e-06 -5.11141e-05 -0.000156652 -0.000252506  -0.00052236 1 0 0
             1.99011  3.76525  14.3951 0.105992 -0.0108802  0.0121453 0.00926162 -0.0433989  0.0225636  0.0487585  1.21764e-05  4.96549e-06 -6.32187e-05  0.000196918 -2.25887e-05 -0.000202719 1 0 0
             2.09006   3.71526    14.416 0.0691205 -0.0113484  0.0128949   0.016534 -0.0243675  0.0163732  0.0600917  1.88077e-05  3.05707e-06 -6.26467e-05   0.00014926 -1.72281e-06 -0.000262155 1 0 0
             2.09006  3.75815  14.4072 0.132988 -0.0163013  0.0129425 0.00781647 -0.0679394  0.0159572  -0.027095   1.5519e-05  6.42065e-06 -7.03731e-05 0.000225419 2.35914e-05  0.00013011 1 0 0
              2.1903    3.7236   14.3926 0.0800236 -0.0256694  0.0216926  0.0192921 -0.0731885  0.0421473  0.0413191 2.00811e-05 1.90159e-06 -6.7824e-05  0.000343976 -0.000126497 -0.000129863 1 0 0
              2.1903  3.76651  14.3606 0.155238 -0.0259369  0.0164943  0.0100877  -0.0840448 -0.00927003   -0.049413  1.38886e-05  5.79799e-06 -7.77167e-05 0.000290892 0.000100221 0.000232362 1 0 0
              2.2901   3.76075   14.4051 0.0730896 -0.0256822  0.0201007  0.0167265 -0.0353297  0.0124013  0.0109504  2.02636e-05 -8.76267e-07 -7.21034e-05  0.000183865 -1.04714e-05 -4.06168e-05 1 0 0
              2.2901  3.77521   14.342 0.106222 -0.0228775  0.0151839 0.00522759 -0.0181842 -0.0352008  -0.101931  1.63963e-05  5.18623e-06 -7.71712e-05 -4.18075e-07  0.000205649  0.000382986 1 0 0
             2.39008   3.7862  14.3939 0.085758 -0.0316159  0.0104151  0.0102405 -0.0421377 -0.0466929 -0.0314277  1.42326e-05 -1.88843e-06 -8.24448e-05 0.000207052 0.000207524 0.000115732 1 0 0
             2.39008  3.75266  14.3231 0.106336 -0.0264404 0.00655648 0.00340537 0.000302681  -0.0833896   -0.102481  1.66383e-05  3.72098e-06 -8.58632e-05 -3.24812e-05   0.00037079  0.000351092 1 0 0
             2.49067    3.68073    14.3346 -0.0590797  -0.0266563  -0.0107613 -0.00916379 -0.0029131  -0.124288   -0.11479  2.50329e-05  5.10313e-06 -8.43487e-05 -4.28153e-05  0.000539973  0.000399431 1 0 0
             2.49067     3.74333     14.3276 -0.00232176  -0.0237643 -0.00549711 -0.00506051   0.023787 -0.0765869 -0.0758756 2.22413e-05  3.8194e-06 -9.0205e-05 -0.000106333  0.000335119  0.000227022 1 0 0
              2.5901    3.81097    14.4063 -0.0900699  -0.0145774 -0.00875345  0.00335636  0.0594378 -0.0577126 0.00110082  2.05138e-05 -2.44059e-06 -9.55746e-05 -0.000147763  0.000218409 -0.000110375 1 0 0
              2.5901    3.75996    14.3582 -0.0686918  -0.0180501 -0.00184663  0.00285257  0.0281347 0.00623585 -0.0042548  3.18458e-05  5.51128e-06 -9.75403e-05 -3.35198e-05 -3.18395e-05 -4.14644e-05 1 0 0
             2.68994   3.8156  14.3454 -0.11803    -0.0258 -0.0149322  0.0166319 -0.0150979 -0.0597252  0.0663283  2.58853e-05 -1.30025e-06  -0.00010627  0.000231626  0.000215569 -0.000289061 1 0 0
             2.68994   3.77903   14.2607 -0.114239  -0.0264212 -0.00511017  0.00851877 -0.0215428  0.0315398 -0.0212277  3.63111e-05   9.5104e-06 -0.000105974  0.000162127 -0.000126477   0.00010015 1 0 0
             2.79041    3.79325    14.3037 -0.0502843  -0.0284539 -0.00782149  0.00350945 -0.0189367  0.0043309  -0.035642  3.55572e-05  6.81054e-06 -0.000112852  0.000152361 -1.66355e-06  0.000154956 1 0 0
             2.79041    3.78554    14.2485 -0.0290373  -0.0253307  0.00213471 0.000472969 0.00670858  0.0907681 -0.0595022  4.28134e-05  1.17409e-05 -0.000114296  2.43437e-05 -0.000348468  0.000250486 1 0 0
              2.8901   3.73804   14.1999 0.0574136  -0.0268274 -0.00829174  0.00308681  0.00339833 -0.00369846  -0.0214844  4.01224e-05  7.84712e-06 -0.000120465 0.000100653 8.02414e-06 7.10012e-05 1 0 0
              2.8901   3.76698   14.1849 0.0838676  -0.0262797 -0.00158926  0.00210299  0.0130557  0.0648347 -0.0304505  4.23045e-05  8.85801e-06 -0.000122458  5.31799e-05 -0.000267922   0.00011671 1 0 0
             2.99001   3.80048   14.2175 0.0187003   -0.028928 -0.00262561  0.00485963 -0.00717701   0.0246455 0.000692581  4.08529e-05  7.19808e-06 -0.000122925    0.0001646 -0.000125234  6.94261e-06 1 0 0
             2.99001   3.76949   14.1861 0.0259089 -0.0263152  0.0014416 0.00104509  0.0187202  0.0650093 -0.0378529  4.74985e-05  9.35612e-06 -0.000123323  2.00942e-05 -0.000280218  0.000151375 1 0 0
             3.09026     3.78159     14.2279 0.000975954 -0.0284934 -0.0102747  0.0120088 0.00522863 -0.0287122  0.0331209  4.06188e-05   5.0285e-06 -0.000132589  0.000195241   6.1204e-05 -0.000160422 1 0 0
             3.09026  3.77579  14.2132 0.014457  -0.0254772 -0.00191517  0.00680548  0.0376308  0.0540383 -0.0200874  4.70718e-05  4.60368e-06 -0.000132886 9.46727e-06 -0.00026457 5.04908e-05 1 0 0
             3.19058    3.78631    14.2764 -0.0335036  -0.0255814 -0.00224732  0.00307753  0.0213843  0.0237895 -0.0283748  4.67991e-05  5.97683e-06 -0.000137054  8.15818e-05 -0.000140827  0.000102966 1 0 0
             3.19058    3.79439    14.2658 -0.0109674 -0.0251765  0.0035123  0.0019714 0.0281786 0.0804585 -0.039329  5.06685e-05  6.57797e-06 -0.000138813  4.24808e-05 -0.000370598  0.000157039 1 0 0
             3.28994    3.80395    14.3124 0.00913603  -0.0241169  -0.0116089 -0.00682283  0.0202755 -0.0381579 -0.0667719  4.05725e-05  7.74789e-06 -0.000150814 6.92087e-05 0.000108377 0.000258111 1 0 0
             3.28994    3.76162    14.2537 -0.0163505  -0.0235099 -0.00333021 -0.00437791  0.0295505  0.0460049 -0.0375165 5.16568e-05 1.47086e-05 -0.00014658  6.15044e-05 -0.000242966  0.000149669 1 0 0
             3.39026    3.75986     14.352 -0.0876398 -0.0243899  0.0129651 0.00222183 0.0169276  0.101334 0.0127633  5.62251e-05  1.01494e-05 -0.000146534  0.000191739 -0.000503105 -3.95212e-05 1 0 0
             3.39026    3.75847    14.3473 -0.0367234 -0.0236837  0.0134822 0.00281719 0.0247104  0.107014 0.0198664  5.83445e-05  9.84192e-06 -0.000152724  0.000167887 -0.000529169 -7.59997e-05 1 0 0
             3.49014   3.79405   14.4065 -0.142577  -0.0189922   0.0101268 0.000555726    0.0352577    0.0357254 -0.000634151  5.37267e-05  8.19902e-06 -0.000154945  0.000103737 -0.000232514  -3.5492e-07 1 0 0
             3.49014  3.78251  14.3717 -0.10362  -0.0209621  0.00918113 0.000749116  0.0154025  0.0255338 0.00026934  5.57573e-05  1.36521e-05 -0.000160292  0.000183831 -0.000188578  1.32176e-05 1 0 0
             3.58996    3.7626    14.423 -0.150124 -0.0190854 -0.0223134 0.00279644  0.0177404   -0.14777 0.00704341  4.85489e-05  1.25542e-05 -0.000168202 0.000205679 0.000515758 -6.5121e-05 1 0 0
             3.58996   3.73764   14.4187 -0.141641 -0.0203237 -0.0115623 0.00206242 0.00645457 -0.0389514 0.00283502  5.94677e-05  1.39057e-05 -0.000167512  0.000247371  6.41426e-05 -5.51031e-06 1 0 0
             3.69036   3.78562   14.4277 -0.196892  -0.0222883 -0.00758762  0.00246576 -0.00295757  0.00014868  0.00502641  6.15556e-05  1.42609e-05 -0.000168285  0.000299148 -9.99545e-05  1.55058e-05 1 0 0
             3.69036    3.7614   14.4018 -0.196354  -0.0227743 -0.00303532  0.00177249 -0.00658936   0.0466902 -0.00219103  6.77444e-05  1.78476e-05 -0.000167807   0.00030561 -0.000292618  6.28713e-05 1 0 0
             3.79017   3.76285    14.498 -0.193528  -0.0239499   -0.001757 0.000890216 -0.00620182   0.0276042 -0.00712276  6.62381e-05   1.3534e-05 -0.000171879  0.000321054 -0.000220191  7.64973e-05 1 0 0
             3.79017    3.7636   14.4497 -0.173073  -0.0224144  0.00218033 -0.00081325 0.00953453  0.0679662 -0.0230044  6.96476e-05  1.84268e-05 -0.000174055  0.000238613 -0.000386077  0.000138489 1 0 0
             3.89027    3.7575   14.5179 -0.210412   -0.0245432  -0.00274298 -0.000640912 -0.00225327  0.00330504  -0.0137063  6.78231e-05  1.72478e-05 -0.000178103  0.000320196 -0.000145488  9.32958e-05 1 0 0
             3.89027   3.75521   14.5377 -0.211127  -0.0216023 0.000761374 0.000270774  0.0315782  0.0426915 -0.0010595  7.07351e-05  1.24504e-05 -0.000177061  0.000196863 -0.000317887   1.4525e-05 1 0 0
             3.99027   3.79656   14.5973 -0.306697  -0.0252119  0.00103387 -0.00168441 -0.00290138   0.0214442  -0.0102014  6.81234e-05  1.34891e-05 -0.000180627  0.000329686 -0.000221512  9.49693e-05 1 0 0
             3.99027   3.77847   14.5628 -0.273652  -0.0221149  0.00238383 -0.00137082    0.030732   0.0367605 -0.00483814  7.26024e-05  1.52927e-05 -0.000184656  0.000196834 -0.000290115  4.02626e-05 1 0 0
              4.0901   3.76637   14.6992 -0.337502     -0.02023 -0.000553571  0.000343814  0.0272054 0.00190036 0.00683437  7.00104e-05  1.42642e-05 -0.000188615  0.000245411 -0.000152441 -1.12142e-05 1 0 0
              4.0901   3.73946   14.6569 -0.306685   -0.0167753    0.0016195 -0.000669352   0.0646415   0.0262283 -0.00279472  7.62846e-05  1.67113e-05 -0.000192267  7.92373e-05  -0.00025581 -3.25033e-06 1 0 0
             4.19003   3.69916   14.6687 -0.346471   -0.015787 -0.00605255 -0.00230622  0.0395188 -0.0298789 -0.0109227  7.70325e-05  1.78184e-05 -0.000196326  0.000188983 -2.31685e-05  5.32528e-05 1 0 0
             4.19003   3.72834   14.6439 -0.332782  -0.0144549 -0.00280592 -0.00119559  0.0549986 0.00528907 0.00346671 7.62138e-05 1.98313e-05 -0.00019756  0.000141156 -0.000179991 -1.60808e-05 1 0 0
             4.29029   3.72184   14.7262 -0.333054 0.000957488 -0.00900209 -0.00613284   0.105241 -0.0301318 -0.0251706   7.6641e-05  1.85915e-05 -0.000204133 -9.25885e-05 -3.43832e-05   4.3338e-05 1 0 0
             4.29029   3.73804   14.7165 -0.253132 -0.00673612 -0.00453603 -0.00329982  0.0295911  0.0133868 0.00721611  8.03768e-05  2.49666e-05 -0.000213892  0.000260057 -0.000223721 -3.25786e-06 1 0 0
             4.39011   3.70508   14.7269 -0.336318 -0.00587401 -0.00995216  -0.0132668   0.021914 -0.0253853 -0.0508887  8.14495e-05  2.91799e-05 -0.000215379  0.000242864 -6.22342e-05  0.000259636 1 0 0
             4.39011   3.69612   14.7743 -0.313424  -0.0116641 -0.00470635 -0.00847285 -0.0362262  0.0319813 0.00463396  8.75981e-05   2.7268e-05 -0.000217086  0.000550317 -0.000317702  9.85526e-05 1 0 0
             4.48995   3.72378   14.8288 -0.427874  -0.0171058 -0.00503533 -0.00370102 -0.0460386  0.0127073  0.0274278 8.38241e-05 2.81798e-05 -0.00022038  0.000613025 -0.000246608  1.43065e-06 1 0 0
             4.48995   3.73047   14.8486 -0.400245  -0.0174277  -0.0013958 3.16829e-05 -0.0464604  0.0544413  0.0687518  8.66837e-05  2.54665e-05 -0.000223073  0.000664078 -0.000438726  -0.00016682 1 0 0
             4.59033  3.65189   14.883 -0.55502  -0.0220085 -0.00120253  0.00131805 -0.0475593  0.0257756  0.0426038 9.00854e-05 2.62657e-05 -0.00022708   0.00063302 -0.000311008 -4.38309e-05 1 0 0
             4.59033   3.66012   14.8777 -0.501991  -0.0160958 0.000496374  0.00120259 0.0167671 0.0461177 0.0440245  9.22578e-05  2.17614e-05 -0.000233187  0.000365169 -0.000406544 -0.000115522 1 0 0
             4.69038  3.65004  14.8088 -0.59403 -0.00852638  -0.0020764 -0.00458329  0.0510569 0.00809076 -0.0120461  8.84761e-05   2.2507e-05 -0.000235955   0.00018195 -0.000233203  8.05904e-05 1 0 0
             4.69038   3.60892   14.7914 -0.561478 -0.00923698 -0.00204062 -0.00243898  0.0437439 0.00881085   0.013172  9.50743e-05  2.51639e-05 -0.000240295  0.000241383 -0.000241203 -2.17281e-05 1 0 0
             4.79026   3.61253   14.8781 -0.515974    -0.014268 -0.000781793  -0.00584859 -0.00713741  0.00974369  -0.0117252  9.38654e-05  2.61779e-05 -0.000246358 0.000418065 -0.00023101 0.000148007 1 0 0
             4.79026   3.60858   14.8668 -0.471649  -0.0109357 -0.00212005 -0.00299245   0.0281277 -0.00227569   0.0225423  9.49458e-05  2.43842e-05 -0.000252222  0.000309229 -0.000192499 -4.48619e-05 1 0 0
             4.89027   3.57965    14.814 -0.479558  -0.0129743 -0.00711954  -0.0021876 0.00245936  -0.029673  0.0175657  9.3436e-05 2.65263e-05 -0.00025538    0.0004007 -8.28467e-05  1.99839e-05 1 0 0
             4.89027   3.56436   14.8119 -0.459197  -0.0124748 -0.00356336 -0.00139423 0.00973892 0.00958041  0.0276665  9.92209e-05    2.616e-05 -0.000257201  0.000383162 -0.000257049 -2.17477e-05 1 0 0
             4.99012 3.56934 14.7992 -0.4778  -0.0132596 -0.00308517 -0.00302247  0.00155799  0.00426435 0.000820913  9.62349e-05  2.64334e-05 -0.000258699  0.000396796 -0.000239488   8.7092e-05 1 0 0
             4.99012   3.55364    14.794 -0.459085 -0.00958041 -0.00168272 -0.00173557 0.0431792 0.0214946 0.0173628  0.000100309  2.37787e-05 -0.000260629  0.000239851 -0.000323549 -2.82668e-05 1 0 0
             5.08992   3.60636   14.7908 -0.494655 -0.00301976   -0.011014 -0.00195223  0.0496917 -0.0412812 0.00817241  9.68168e-05  2.23132e-05 -0.000263057   0.00017083 -6.17066e-05 -8.63392e-06 1 0 0
             5.08992   3.60015   14.7639 -0.470765 -0.00416302 -0.00529428 -0.00190035  0.0390392  0.0223496 0.00937384  0.000103001  2.67051e-05 -0.000265286  0.000219091 -0.000341692  1.58197e-05 1 0 0
             5.19027   3.63186   14.6769 -0.520135  -0.0102372 -0.00557389 -0.00111166 -0.00809594  0.00758918  0.00640119 0.000100409 2.98843e-05 -0.00026578  0.000447245 -0.000272629  8.03666e-05 1 0 0
             5.19027   3.58765   14.6415 -0.477218 -0.00875688 -0.00204046 -0.00114346 0.00957188   0.047939 0.00718636  0.000110618  3.31066e-05 -0.000270888  0.000372418 -0.000452644   6.8115e-05 1 0 0
             5.29015   3.59159   14.6283 -0.463114    -0.01559 0.000763748 -0.00350436  -0.0321951   0.0342646 -0.00670373  0.000108612  3.29379e-05 -0.000273043  0.000527622 -0.000395492  0.000193662 1 0 0
             5.29015   3.56593   14.6104 -0.432965  -0.0117024  0.00136457 -0.00195848 0.0108819 0.0440573 0.0124554 0.000113863 3.20585e-05 -0.00027681  0.000365113 -0.000448005   6.2165e-05 1 0 0
             5.38996   3.59443   14.5719 -0.497224   -0.0162528   0.00177836 -0.000627412 -0.0141759  0.0168773  0.0104531  0.000108669  3.38112e-05 -0.000277411  0.000502759 -0.000358209  9.00035e-05 1 0 0
             5.38996   3.57108   14.5716 -0.463843  -0.0123628  0.00177291 0.000389351 0.0287888 0.0188147 0.0234693  0.000113119  3.07552e-05 -0.000281645  0.000332416 -0.000374465 -1.67429e-05 1 0 0
             5.49025   3.51667   14.6283 -0.593617  -0.0100554 -0.00774355 -0.00328908  0.0295103 -0.0441174  -0.011912 0.000106676  3.0592e-05 -0.00028283   0.00031892 -9.85506e-05  0.000112239 1 0 0
             5.49025   3.48217   14.6204 -0.598203 -0.00937979  -0.0021804 -0.00137111 0.0386101 0.0178977 0.0120045  0.000115421  3.11482e-05 -0.000281208  0.000309495 -0.000383894  1.08061e-05 1 0 0
             5.59019   3.54924   14.6601 -0.570916  -0.0157613  0.00215896 -0.00576567 -0.0127775  0.0275181 -0.0169166  0.000114445  3.15499e-05 -0.000285564   0.00050493 -0.000427182   0.00022248 1 0 0
             5.59019     3.544   14.6327 -0.528425  -0.0131302  0.00651944 -0.00375594  0.0179397  0.0758618 0.00775519  0.000120294  3.26723e-05 -0.000290413  0.000401798 -0.000654252  8.92183e-05 1 0 0
             5.68995   3.62361   14.6764 -0.579807  -0.0109467    0.013712 -0.00296934  0.0239892  0.0692145 0.00683399  0.000120294  3.26723e-05 -0.000290413  0.000401798 -0.000654252  8.92183e-05 1 0 0
             5.68995   3.61217   14.6673 -0.501484 -0.00866511    0.010441 -0.00148141 0.0490985 0.0338232 0.0244021  0.000122095  3.13772e-05 -0.000301551  0.000311329 -0.000502228 -3.00936e-05 1 0 0
             5.79255   3.67313   14.6454 -0.546531 -0.00351046   0.0138245  0.00120628 0.0537719 0.0306811 0.0268735  0.000122095  3.13772e-05 -0.000301551  0.000311329 -0.000502228 -3.00936e-05 1 0 0
             5.79255   3.67285   14.6063 -0.506214 -0.00573002   0.0107728 0.000399425   0.0297099 -0.00400646   0.0163815  0.000120059  3.85105e-05 -0.000308034 0.000401569 -0.00033927 3.51733e-05 1 0 0
             5.89014   3.70558   14.6125 -0.624007   -0.0172339   -0.0125828 -0.000984745   -0.0457384    -0.130427 -0.000248927  0.000106729  4.04875e-05 -0.000310371 0.000705792  0.00023198 0.000171747 1 0 0
             5.89014   3.68175   14.5676 -0.599719    -0.012153  -0.00863749 -0.000295872 0.00771629 -0.0851103 0.00995483  0.000116868  3.94594e-05 -0.000312082 0.000496792 3.24758e-05 8.37321e-05 1 0 0
             5.99001   3.78014   14.5669 -0.722829  -0.0131828  0.00109293 -0.00891502 -0.000744887   0.00906724   -0.0443949   0.00012694  3.93584e-05 -0.000307954  0.00049036 -0.00037132  0.00033841 1 0 0
             5.99001   3.73671   14.5689 -0.693775  -0.00971784 -0.000157581  -0.00485934   0.0385699 -0.00241724  0.00293425  0.000133168  3.63003e-05 -0.000311942  0.000373805 -0.000337445  6.96422e-05 1 0 0
             6.09043   3.82806   14.5059 -0.751087  -0.0079132 0.000822476 -0.00352483  0.0313246 0.00415159 0.00904152  0.000128919  3.71227e-05 -0.000314124  0.000428187 -0.000367247   6.4182e-05 1 0 0
             6.09043   3.79203   14.5075 -0.677339  -0.00750605   0.00112301 -0.000128863  0.0372814 0.00836346  0.0479121  0.000136881   3.5747e-05 -0.000323928  0.000449077 -0.000397925 -0.000122151 1 0 0
             6.19016   3.82519   14.4752 -0.677565  -0.0066519  -0.0116328 -0.00583346  0.0219567 -0.0663464 -0.0106205 0.000128901 4.13536e-05 -0.00032891  0.000455611 -4.35617e-05  0.000133327 1 0 0
             6.19016   3.78445   14.4613 -0.652207 -0.00598157  -0.0077245 -0.00315263  0.0316939 -0.0218116  0.0212903  0.000139313  4.22951e-05 -0.000331459  0.000452816 -0.000255789 -1.09531e-05 1 0 0
             6.28997   3.78876   14.4993 -0.665634 -0.00474633  0.00450783 -0.00812103  0.0265707  0.0494746 -0.0165826  0.000145615  4.49206e-05 -0.000332875  0.000463109 -0.000595403  0.000200781 1 0 0
             6.28997   3.78631   14.5279 -0.632723 -0.00583423  0.00535699  -0.0028206 0.0160015 0.0589233  0.044951  0.000147835  4.14265e-05 -0.000336998  0.000585676 -0.000656368 -7.06207e-05 1 0 0
             6.39034   3.90133   14.5363 -0.662485 -0.00142435 -0.00557023 -0.00382143  0.0336306 -0.0322072  0.0140688  0.000134023  4.27345e-05 -0.000342761 0.000487252 -0.00025478 2.40054e-05 1 0 0
             6.39034   3.81502   14.5395 -0.637886  -0.00435492  -0.00460686 -0.000346836 0.00382214 -0.0212332  0.0522588  0.000147723  4.41868e-05 -0.000346021  0.000668402 -0.000310638 -0.000117603 1 0 0
             6.49013   3.90182   14.6204 -0.715341 -0.00286866  -0.0180613 -0.00917738 0.00811388 -0.0805949 -0.0214534   0.00014164  4.52125e-05 -0.000348786  0.000558683 -1.33898e-05  0.000210556 1 0 0
             6.49013   3.88863   14.6297 -0.668055 -0.00577463  -0.0127759 -0.00455269 -0.0221316 -0.0204256  0.0317223  0.000150114  4.60835e-05 -0.000354061  0.000761755 -0.000302548   1.7039e-05 1 0 0
             6.58997   3.90492   14.6231 -0.704011  -0.00861863 -3.45563e-05   -0.0118825 -0.0213557  0.0574727 -0.0252236 0.000153691 5.05301e-05 -0.00034955  0.000716794 -0.000645385  0.000314253 1 0 0
             6.58997   3.88281   14.6547 -0.637858 -0.00793418 0.000488242 -0.00343825 -0.00934684   0.0646836    0.070236   0.00015975  4.46048e-05 -0.000358188  0.000781579 -0.000710728 -0.000147825 1 0 0
             6.69034    3.8639   14.6755 -0.687315 -0.00338807  0.00953074 -0.00131883 0.0184205 0.0774236 0.0471826 0.000154943 4.43833e-05 -0.00035395  0.000614912 -0.000772608 -5.46078e-05 1 0 0
             6.69034   3.82055   14.6485 -0.611437  -0.00365683   0.00566732 -0.000465003 0.0177469 0.0347829 0.0557397   0.0001606 4.74558e-05 -0.00036546  0.000625281 -0.000574793 -0.000108876 1 0 0
             6.79026   3.77588   14.7083 -0.757003 -0.00129943 -0.00328023 -0.00820124  0.0183747 -0.0346679 -0.0160506  0.000154316  4.72909e-05 -0.000363146   0.00052289 -0.000252316  0.000199443 1 0 0
             6.79026   3.74248   14.6969 -0.695422 -0.000419557  -0.00351588  -0.00403534  0.0296133 -0.0354414  0.0312732  0.000161271  4.73814e-05 -0.000371698  0.000530482  -0.00026396 -3.69404e-05 1 0 0
             6.89003   3.76234   14.7526 -0.758916 -0.00162335  -0.0174272 -0.00443596 0.00861316 -0.0927227 0.00944745  0.000154485   4.7828e-05 -0.000375296 0.000605774 -1.4025e-05 6.26677e-05 1 0 0
             6.89003    3.7393    14.774 -0.709435 -0.00231334  -0.0111213 -0.00115731 0.00408632 -0.0214402  0.0487883   0.00016523  4.48284e-05 -0.000380539  0.000679979 -0.000357757 -9.51952e-05 1 0 0
             6.99033  3.75713   14.757 -0.78373 0.000498652  -0.0162341  -0.0047121  0.0146851 -0.0375586 0.00593947 0.000163116 4.48903e-05 -0.00038077  0.000560399 -0.000271404   0.00010823 1 0 0
             6.99033   3.72671   14.7399 -0.753736 -0.000461265    -0.010286  -0.00287189 0.00311057  0.0335116  0.0283054  0.000173904  4.80881e-05 -0.000383772  0.000644875 -0.000610164  3.82148e-05 1 0 0
             7.09027   3.76871   14.7262 -0.753729  8.0674e-05 -0.00705057 3.28596e-06 0.00355745  0.0334071  0.0297425  0.000173904  4.80881e-05 -0.000383772  0.000644875 -0.000610164  3.82148e-05 1 0 0
             7.09027   3.78833   14.7303 -0.683838 -0.00170631 -0.00391151 0.000768544 -0.0159651  0.0682563  0.0386274  0.000176355  4.85772e-05 -0.000392885  0.000747401 -0.000774911  3.05625e-05 1 0 0
              7.1901   3.80642   14.6139 -0.668609 -0.000394367  -0.00456892   -0.0182443 0.00331616  0.0249032 -0.0858431  0.000168678  5.52333e-05 -0.000392779  0.00053115 -0.00055356 0.000594536 1 0 0
              7.1901   3.76788   14.6513 -0.648264 -0.00327373 -0.00227717  -0.0091908 -0.0247398  0.0498602  0.0186167   0.00017683  5.19143e-05 -0.000394943  0.000794151 -0.000699511  0.000135817 1 0 0
             7.29039   3.69558   14.6194 -0.698876 -0.00493815  -0.0131383 -0.00894811 -0.0229764 -0.0318136 0.00953258  0.000170584  5.18378e-05 -0.000398448  0.000753889 -0.000308397  0.000145881 1 0 0
             7.29039   3.65943   14.6256 -0.678397 -0.00378798 -0.00687484 -0.00197533 -0.00539469   0.0382461   0.0872762  0.000181838  4.96053e-05 -0.000399791  0.000774882 -0.000667789 -0.000227209 1 0 0
             7.39018   3.70386   14.6366 -0.673771  -0.00450724  -0.00799835 -0.000417627 -0.0084511  0.0103995  0.0488895  0.000178426  5.18879e-05 -0.000401376  0.000739287 -0.000539788 -5.46396e-05 1 0 0
             7.39018 3.70312 14.6272 -0.6605  -0.00407935  -0.00723105 -0.000487957 -0.00335985   0.0191083   0.0483062  0.000179755  5.27034e-05 -0.000403139   0.00071523  -0.00058163 -5.52029e-05 1 0 0
                7.49    3.7598    14.589 -0.663814 -0.00777943  -0.0103909 -0.00410354  -0.015782 -0.0100323 0.00259867  0.000177049  5.25549e-05 -0.000406768  0.000748347 -0.000438857  0.000186521 1 0 0
                7.49    3.7604   14.5929 -0.627518  -0.00606763  -0.00933333 -0.000605459 0.00526414 0.00306476  0.0440468  0.000179222  5.01899e-05 -0.000411561   0.00070409 -0.000517379 -3.54467e-05 1 0 0
             7.59031   3.76081   14.5717 -0.710739 -0.00545058 -0.00907512  0.00386819 0.00729031 0.00140955  0.0468753  0.000179222  5.01899e-05 -0.000411561   0.00070409 -0.000517379 -3.54467e-05 1 0 0
             7.59031   3.73999   14.5589 -0.669429 -0.00377353 -0.00634137  0.00293946 0.0267618 0.0325615  0.036777  0.000185992   5.0272e-05 -0.000416831 0.000601598 -0.00066597 3.57559e-07 1 0 0
             7.69013   3.77306   14.5856 -0.756951 -0.00333576 -0.00928705 -0.00950641   0.0151064 -0.00566098  -0.0521623  0.000185819  5.36981e-05 -0.000418944  0.000559189 -0.000484463   0.00043047 1 0 0
             7.69013  3.75947  14.5799 -0.72228  -0.0023663 -0.00760273 -0.00503614   0.0279066   0.0149412 0.000856411  0.000190748  5.32242e-05 -0.000423467  0.000567752 -0.000600996  0.000164827 1 0 0
             7.78999   3.81344   14.5388 -0.852747 8.28645e-05  -0.0151957 -0.00718718  0.0282122 -0.0354624 -0.0124683  0.000183715  5.27878e-05 -0.000427971  0.000553643 -0.000362854  0.000213388 1 0 0
             7.78999   3.78873     14.52 -0.826123 -0.00115017 -0.00974262 -0.00322332 0.0162282 0.0281254 0.0353343  0.000192676   5.6243e-05 -0.000430902  0.000673694 -0.000682761  1.49359e-05 1 0 0
             7.89037   3.76904   14.5346 -0.984315 -0.00450634 -0.00716851 -0.00686845   -0.012542    0.028231 -0.00263553  0.000193911  5.68673e-05 -0.000432164  0.000747446 -0.000653808  0.000240455 1 0 0
             7.89037   3.77721   14.5477 -0.943887 -0.00515758 -0.00578009 -0.00141677 -0.0177504  0.0452889  0.0614913  0.000195315  5.49513e-05 -0.000437561  0.000855624 -0.000757013 -6.24982e-05 1 0 0
             7.99017   3.77611   14.5403 -0.967105  -0.0103006 -0.00989389 -0.00161161   -0.033036 -0.00198187   0.0265095  0.000194265  5.85819e-05 -0.000441221  0.000907028 -0.000518527  0.000118768 1 0 0
             7.99017   3.78133     14.56 -0.901654  -0.0082125 -0.00505743  0.00015699 -0.00952198   0.0521775   0.0491714  0.000199944  5.33628e-05 -0.000449314  0.000830246 -0.000792533 -2.63216e-06 1 0 0
             8.09001  3.77453   14.478 -0.89398 -0.00745497 -0.00748798 -0.00431419 -0.000246273    0.0107551  0.000724827  0.000200498  5.58675e-05 -0.000449635  0.000718083 -0.000579897  0.000226907 1 0 0
             8.09001   3.76877    14.452 -0.850046  -0.0058706 -0.00579517 -0.00181171 0.0186451 0.0302994 0.0312173  0.000204552  5.78642e-05 -0.000455757 0.000668438 -0.00068786 5.96139e-05 1 0 0
             8.19032   3.72156   14.4818 -0.893993 -0.00379017 -0.00797819 -0.00846705   0.0226482 -0.00237529  -0.0227696  0.000203828  5.99774e-05 -0.000457955  0.000612325 -0.000543972  0.000309773 1 0 0
             8.19032    3.7292   14.5198 -0.848048 -0.00430335 -0.00570344 -0.00307575 0.0195606 0.0237136 0.0404872  0.000206306  5.42425e-05 -0.000463752  0.000711298 -0.000691832   9.1043e-06 1 0 0
             8.29106   3.67621   14.4728 -0.991917 -0.00629978 -0.00705987 -0.00163642   0.00125662 -0.000815971    0.0243399  0.000205124   5.6585e-05 -0.000461639  0.000791863 -0.000590332  9.95191e-05 1 0 0
             8.29106   3.68237   14.4646 -0.958914  -0.00629257  -0.00410145 -6.82538e-05 0.0027199 0.0328927 0.0427423  0.000208394  5.74264e-05 -0.000465651  0.000810707 -0.000760875  1.80385e-05 1 0 0
             8.39016  3.69953  14.4505 -1.06152 -0.00653379 -0.00863681   -0.004614 -0.00277557 -0.00899991 -0.00303658  0.000207509  5.85907e-05 -0.000463874  0.000760747 -0.000540899  0.000247364 1 0 0
             8.39016 3.68355 14.4559 -1.0081 -0.00676185 -0.00701254 -0.00155521 -0.00400067   0.0101113   0.0331541  0.000213759  5.74997e-05 -0.000471154  0.000814001 -0.000643363  7.85663e-05 1 0 0
             8.49034  3.71585  14.3813 -1.04055 -0.00468254  -0.0136804 -0.00737572  0.0103943 -0.0310643 -0.0145663  0.000209555   6.2118e-05 -0.000472321  0.000696396 -0.000432419  0.000296395 1 0 0
             8.49034   3.71307   14.4019 -0.998901 -0.00526145    -0.01004 -0.00210913 0.00654394  0.0109059  0.0466573  0.000214475  5.91228e-05 -0.000477477 0.000798211 -0.00065943 7.84511e-06 1 0 0
             8.59018  3.68274  14.3252 -1.06451 -0.00500924 -0.00155641 -0.00157357 0.00466275  0.0490181  0.0255969  0.000215389  6.08822e-05 -0.000476093 0.000784231 -0.00084491 0.000134312 1 0 0
             8.59018  3.67733  14.3247 -1.01851  -0.0067296 -0.00129099   0.0011061 -0.0139864  0.0522257  0.0565992 0.000218158   6.195e-05 -0.00048288  0.000913847 -0.000867397  2.95128e-06 1 0 0
             8.69106 3.66697 14.2542 -1.0452 -0.00972879  0.00307584 -0.00702711 -0.0193289  0.0415325 -0.0189329  0.000214189  6.55005e-05 -0.000484356  0.000870028 -0.000822242  0.000387797 1 0 0
             8.69106   3.6487  14.2724 -1.00373 -0.00824839  0.00153038 -0.00192784 -0.000308734    0.0240169     0.041637  0.000217024   6.0699e-05 -0.000490466   0.00085542 -0.000757463  5.29477e-05 1 0 0
             8.79032  3.67323  14.2162 -1.07996 -0.00707148   -0.013484 -0.00649917 0.00569961 -0.0719192 -0.0083378   0.00020963  6.17757e-05 -0.000495345  0.000751964 -0.000275993  0.000251496 1 0 0
             8.79032  3.64864  14.2087 -1.06208 -0.00756587  -0.0122174 -0.00209538 0.00176458  -0.056921  0.0441348  0.000215673  6.32152e-05 -0.000497668  0.000838304 -0.000364614  1.47587e-08 1 0 0
             8.89182  3.71807  14.3074 -1.20852  -0.0112241 -0.00253398  0.00388606 -0.0184825  0.0226389  0.0543338  0.000223956  6.23758e-05 -0.000496127  0.000955423 -0.000775221  1.20871e-05 1 0 0
             8.89182  3.72378  14.3089 -1.14014 -0.00804334 -0.00241997   0.0041782 0.0158399 0.0238744 0.0589257  0.000225787  5.78983e-05 -0.000505664  0.000796093 -0.000789021 -5.24308e-05 1 0 0
             8.98999  3.77689  14.2465 -1.21413 -0.00640772  -0.0199454 -0.00263302   0.0219074  -0.0821044 -0.00877917  0.000219012  6.10275e-05 -0.000510243  0.000708435 -0.000243863  0.000263437 1 0 0
             8.98999 3.76982 14.2548 -1.1847 -0.00707202  -0.0138074 0.000614364  0.0151238 -0.0127413  0.0308003  0.000228829  6.04546e-05 -0.000512625  0.000796162 -0.000586864  0.000102763 1 0 0
             9.09033  3.77093  14.2413 -1.26404   -0.0076535 -0.000374902  -0.00119249  0.0026927   0.063789 0.00573128  0.000235169  6.28761e-05 -0.000509472  0.000824529 -0.000946912  0.000268616 1 0 0
             9.09033  3.77028  14.2389 -1.23541 -0.00648346  0.00127237  0.00158745 0.0174017 0.0834993 0.0391688 0.000237528 6.21452e-05 -0.00051339 0.000797915 -0.00106029 8.60772e-05 1 0 0
              9.1902  3.74686   14.198 -1.24128 -0.00448495  0.00950569  0.00548931 0.0233889 0.0812206 0.0373251 0.000237528 6.21452e-05 -0.00051339 0.000797915 -0.00106029 8.60772e-05 1 0 0
              9.1902  3.74797   14.188 -1.16351 -0.00611021  0.00604164  0.00545798 0.00359131  0.0413914  0.0357563 0.000236966 6.45356e-05 -0.00052607  0.000887795 -0.000856112  0.000103798 1 0 0
             9.29188  3.76061   14.249 -1.31138  -0.0140013  0.00411295 -0.00265555 -0.0426374 0.00184448 -0.0278934  0.000232708  6.70906e-05 -0.000517014   0.00102848 -0.000673085  0.000474203 1 0 0
             9.29188  3.74477  14.2262 -1.22469  -0.0102672 0.000151809 -0.00106953 -0.00305413  -0.0399861 -0.00893909  0.000234199  6.55615e-05 -0.000530545  0.000853999 -0.000475924  0.000313154 1 0 0
             9.39033  3.79408  14.2058 -1.44634 -0.000639082   -0.0157019 -0.000332886   0.0511065   -0.107127 -0.00141027  0.000228512  6.25945e-05 -0.000528503  0.000613984 -0.000186026  0.000179862 1 0 0
             9.39033  3.80719  14.2018 -1.36073 -0.0036638 -0.0132314 0.00205559  0.0178811 -0.0797108  0.0262084  0.000232972  6.65549e-05 -0.000540711 0.000807968 -0.00032183 9.28603e-05 1 0 0
              9.4935  3.86639  14.1861 -1.52702  -0.00200326   -0.0175536 -0.000905966   0.0179829  -0.0556167 9.40535e-05  0.000236794  6.67414e-05 -0.000537455  0.000773601 -0.000400086  0.000251272 1 0 0
              9.4935  3.85245  14.1901 -1.46048 -0.00596039  -0.0136829  0.00212011 -0.0254128 -0.0123987  0.0346559   0.00024393  6.79322e-05 -0.000547279   0.00103836 -0.000621679  0.000142123 1 0 0
             9.59001  3.84298  14.1997 -1.54126   -0.0106851 -0.000718043   0.00093206 -0.0362702  0.0635384 0.00819017  0.000246861  6.98378e-05 -0.000543387   0.00108603 -0.000996027  0.000309681 1 0 0
             9.59001  3.83865  14.2136 -1.48532    -0.010231 -0.000991583   0.00250118 -0.030193 0.0607553 0.0276031  0.000249653  6.69908e-05 -0.000551687   0.00108139 -0.000989685  0.000198213 1 0 0
             9.69157  3.86656  14.1032 -1.49713 -0.00185377 -0.00845739  0.00100883  0.0302576 -0.0136454 0.00630621  0.000251237  7.09217e-05 -0.000551868  0.000727352 -0.000622999  0.000221781 1 0 0
             9.69157 3.86427 14.1072 -1.4485  -0.0053844 -0.00770626  0.00371492 -0.00900524 -0.00528711   0.0371785  0.000254102  7.36658e-05 -0.000559071  0.000964598 -0.000667777  0.000113475 1 0 0
             9.79017  3.85541  14.1118 -1.41756 -0.00561313 -0.00846051  0.00720995   0.003277 -0.0112976  0.0337661  0.000254102  7.36658e-05 -0.000559071  0.000964598 -0.000667777  0.000113475 1 0 0
             9.79017  3.84881   14.123 -1.36922 -0.00620747 -0.00734607  0.00677289 -0.0035693 0.00147293  0.0285198  0.000258535  7.23584e-05 -0.000565951  0.000992883 -0.000727382  0.000152744 1 0 0
             9.89018   3.7969  14.1807 -1.50954 -0.00781917 -0.00914673 -0.00265246 -0.0109932 -0.0142307 -0.0400038  0.000256591   7.3205e-05 -0.000566173  0.000936082 -0.000653843  0.000486794 1 0 0
             9.89018  3.78623  14.1763 -1.45924 -0.00817476 -0.00725303  0.00120018 -0.0137437 0.00831576 0.00654933  0.000261745  7.37645e-05 -0.000573537   0.00101356 -0.000785678  0.000254447 1 0 0
             9.99036 3.84811 14.2025 -1.5574 -0.00232995  -0.0187365 0.000237944   0.0236965  -0.0588664 -0.00050945 0.000258756 7.29001e-05 -0.00057587  0.000800562 -0.000457042  0.000229941 1 0 0
             9.99036  3.85994  14.1974 -1.51611  -0.005988  -0.014038 0.00271852  -0.0171719 -0.00582432   0.0281718  0.000262621  7.66848e-05 -0.000581391   0.00104982 -0.000731365    0.0001513 1 0 0
             10.0902  3.85697  14.1393 -1.64044 -0.000626004   -0.0100995   0.00177462  0.0288473  0.0175542 0.00619286  0.000264633  7.81874e-05 -0.000579719  0.000848317 -0.000854725   0.00021916 1 0 0
             10.0902  3.85291  14.1332 -1.61189 -0.00359548 -0.00871139  0.00386594 -0.00504515   0.0332301   0.0302954  0.000267655  8.18967e-05 -0.000584056   0.00105222 -0.000936192  0.000141274 1 0 0
             10.1901   3.8789  14.1565 -1.67844 -0.00882774  0.00133831  -0.0049719 -0.0331478  0.0664381 -0.0303852  0.000270328  8.30921e-05 -0.000583639  0.00109701 -0.00109254  0.00052916 1 0 0
             10.1901  3.89329  14.1436 -1.60788  -0.0079217 0.000765679 -0.00200092 -0.0219981  0.0604718 0.00471939  0.000270344   8.3409e-05 -0.000594762  0.00108602 -0.00107733 0.000327778 1 0 0
             10.2916  3.92351  14.0758 -1.66753 -0.00456433  -0.0171323 -0.00239655   0.0126001    -0.07076 -0.00163289   0.00026355  8.23508e-05 -0.000596766  0.000931589 -0.000429731  0.000272135 1 0 0
             10.2916  3.90693   14.064 -1.60847 -0.00438724  -0.0139224  0.00153415  0.0160551 -0.0345305  0.0450415  0.000272012  8.33386e-05 -0.000604783 0.000981176 -0.00063437 3.55196e-05 1 0 0
             10.3903  3.89901  14.0922 -1.78905  0.00299079  -0.0269911 -0.00317911   0.0442508  -0.0848423 -0.00390806  0.000270946  7.84031e-05 -0.000605431  0.000757128 -0.000358481  0.000241017 1 0 0
             10.3903  3.92896  14.0898 -1.77147 -0.00130143  -0.0200946  0.00177771 -0.00317238 -0.00601159   0.0551583  0.000276575  8.51396e-05 -0.000606239  0.00107573  -0.0007646 2.75294e-05 1 0 0
             10.4923  3.85828  14.0804 -2.02033 -0.00561214  0.00105237  0.00255442 -0.023203  0.108753 0.0261854  0.000293875  9.02595e-05 -0.000599276  0.00116743 -0.00132587 0.000227198 1 0 0
             10.4923  3.86192  14.1194 -1.93706  -0.00606558 -0.000133515   0.00518807 -0.0275674  0.0963665  0.0569089   0.00029499  8.39938e-05 -0.000611579  0.00122997 -0.00127167 6.45608e-05 1 0 0
             10.5905  3.86782  14.0369 -2.08582  -0.00541939  -0.00689701 -0.000238013    -0.01262   0.0116251 -0.00134022  0.000285303  8.74175e-05 -0.000614105   0.00104899 -0.000812746  0.000340262 1 0 0
             10.5905  3.88437  14.0131 -2.02949 -0.00416052 -0.00737997  0.00132471 0.00221341 0.00584087  0.0177778 0.000284078 8.83267e-05  -0.0006231   0.00100014 -0.000794907  0.000225035 1 0 0
             10.6902  3.93234  14.0094 -2.09894  0.00159754  -0.0129403 -0.00740524  0.0304753 -0.0267544 -0.0389484  0.000281811   8.6922e-05 -0.000623544  0.000786962 -0.000620125  0.000462877 1 0 0
             10.6902  3.94849  14.0219 -2.04055 -0.000888282   -0.0120256   -0.0015814 0.00344456 -0.0159066  0.0304348  0.000282172  8.66905e-05 -0.000632474   0.00101956 -0.000695921  0.000129735 1 0 0
               10.79  3.93182  13.9663 -2.01205 -0.00317811  -0.0155311  0.00277957 -0.00890578    -0.02352   0.0387654  0.000286431  8.73653e-05 -0.000632649   0.00109772 -0.000633319  0.000107836 1 0 0
               10.79 3.94612 13.9539 -1.9473 -0.00466205  -0.0138843  0.00534538 -0.0253811 -0.0049058  0.0695031  0.000288136  9.01353e-05 -0.000642729   0.00122652  -0.00073872 -2.83481e-05 1 0 0
             10.8904  3.85668  14.0264 -1.92532 -0.00758725 -0.00510306  0.00211503 -0.0275562  0.0424781  0.0127574 0.000294823 8.88153e-05 -0.00063917   0.00118369 -0.000977434  0.000287481 1 0 0
             10.8904  3.84253  14.0472 -1.90913 -0.00628587 -0.00668992  0.00392083 -0.0120874  0.0258612  0.0339267  0.000296487  8.40002e-05 -0.000641765   0.00113013 -0.000900906  0.000147232 1 0 0
             10.9903  3.79659  14.0253 -1.90047 -0.0197133 0.00624109  0.0100184 -0.0742696  0.0751271  0.0455138  0.000300954  8.64131e-05 -0.000635753  0.00148775 -0.00117519 0.000176523 1 0 0
             10.9903  3.82523  14.0174 -1.79065 -0.0133533 0.00243665 0.00867786 0.000682202   0.0292004   0.0308401  0.000296952  7.96918e-05 -0.000653518   0.00107471 -0.000948495  0.000142018 1 0 0
             11.0901  3.85059  14.0199 -1.87529 -0.000199679  -0.00107595   0.00161084   0.0689918 -0.00848665  -0.0208388  0.000293304  7.45209e-05 -0.000646661  0.000629431 -0.000768253  0.000338087 1 0 0
             11.0901  3.8305 13.9738 -1.8053 -2.70649e-05  -0.00262811   0.00217711 0.0712077 -0.026577 -0.014054  0.000297834  8.09889e-05 -0.000658562  0.000622147 -0.000674585  0.000290997 1 0 0
             11.1903  3.85077  13.8775 -1.85166  0.00258643 -0.00339223 -0.00579552  0.0515571 -0.0173478 -0.0494392  0.000297254  8.77853e-05 -0.000654632   0.0007113 -0.00071147 0.000525007 1 0 0
             11.1903  3.83378  13.8632 -1.76641 -0.000648303  -0.00594526  -0.00222297   0.0148168  -0.0464096 -0.00774729  0.000300832  9.22804e-05 -0.000669082  0.000952743 -0.000561279   0.00033391 1 0 0
             11.2902  3.79913  13.8418 -1.79739 0.000825537  -0.0105211 -0.00311725   0.0148295  -0.0466574 -0.00851819  0.000300832  9.22804e-05 -0.000669082  0.000952743 -0.000561279   0.00033391 1 0 0
             11.2902  3.79542  13.8597 -1.76366 -0.00403687 -0.00946162 0.000702826 -0.0401026 -0.0348054  0.0360683  0.000303648  9.40944e-05 -0.000674357  0.00129913 -0.00062614  0.00016722 1 0 0
             11.3909  3.70777  13.8396 -1.76297 -0.0171126  -0.013257  0.0068118  -0.084502 -0.0407973  0.0474367  0.000306456  9.59702e-05 -0.000676019   0.00156944 -0.000613814  0.000159284 1 0 0
             11.3909   3.6913   13.866 -1.73836 -0.0139083 -0.0114898 0.00880918 -0.0464534 -0.0192872  0.0722615  0.000312168  8.79737e-05 -0.000678885   0.00140912   -0.0007468 -1.56466e-05 1 0 0
             11.4904  3.64532  13.8621 -1.82661    -0.01309 -0.00316629   0.0119948 -0.0185774  0.0360218   0.050622  0.000315061   8.3124e-05 -0.000674898  0.00122961  -0.0010412 8.58104e-05 1 0 0
             11.4904  3.64161  13.8181 -1.77756  -0.0103633 -0.00236297  0.00957841 0.0122413 0.0458628 0.0227121  0.000318786  8.64351e-05 -0.000682686  0.00103405 -0.00109088 0.000200316 1 0 0
             11.5902 3.58205 13.8522 -1.8565 -0.00775932 -0.00680923  0.00138131   0.0185003 -0.00578455  -0.0322407  0.000315543  8.53656e-05 -0.000683799  0.000925962 -0.000825385  0.000479144 1 0 0
             11.5902  3.58395  13.8479 -1.82285 -0.00736421 -0.00528885  0.00215245   0.023562  0.0118887 -0.0226933  0.000318066  8.53698e-05 -0.000688821  0.000915097 -0.000925112  0.000427115 1 0 0
               11.69  3.62214   13.752 -1.89366   -0.0129064    0.0118139 -0.000922687 -0.0138042  0.0950212  -0.025716    0.0003192   9.2556e-05 -0.000688462  0.00114217 -0.00137222 0.000540667 1 0 0
               11.69  3.60541  13.7489 -1.80722  -0.0116647  0.00654558 0.000787427 0.000198323   0.0351038 -0.00531814  0.000320418  9.07823e-05 -0.000703584  0.00108561 -0.00105828 0.000387646 1 0 0
             11.7904  3.58815  13.7117 -1.86912  -0.014533 0.00411283 0.00492226 -0.0152038 0.00180443  0.0207382  0.000317612  9.03934e-05 -0.000699859  0.00119661 -0.00089209  0.00025986 1 0 0
             11.7904   3.6053  13.6851 -1.79462 -0.0114518 0.00054806 0.00458463  0.0194222 -0.0386079  0.0176299  0.000314653  9.11267e-05 -0.000712653   0.00100102 -0.000681168  0.000216825 1 0 0
             11.8902  3.60769  13.6053 -1.80802  -0.0143857 -0.00793674  0.00293977 -0.00490273  -0.0652672 -0.00106598  0.000316418  9.20899e-05 -0.000714403   0.00111446 -0.000537938  0.000350749 1 0 0
             11.8902 3.60269 13.5921 -1.7354  -0.0119377 -0.00797914  0.00484051  0.0243684 -0.0649629  0.0224949   0.00032028  9.07673e-05 -0.000726074  0.000991396 -0.000554909   0.00018391 1 0 0
               11.99 3.55373  13.567 -1.8025  -0.006869 -0.0126636 0.00358169   0.037168 -0.0554332 0.00280232 0.000328591 8.93775e-05 -0.00072312  0.000898469 -0.000610112  0.000277408 1 0 0
               11.99  3.58859  13.5377 -1.73221 -0.00931262 -0.00873474  0.00471885 0.0109238 -0.012476 0.0161177  0.000329144  9.59943e-05 -0.000734061    0.0010612 -0.000842991  0.000253157 1 0 0
             12.0904  3.52167  13.5167 -1.87241  -0.0164864 -0.00287666  0.00253129  -0.0306284   0.0178558 -0.00590177  0.000334061  9.92459e-05 -0.000727784  0.00128106 -0.00103232 0.000433448 1 0 0
             12.0904 3.52698 13.5306 -1.8183  -0.0142353 -0.00245652  0.00628182 -0.00340248   0.0236966   0.0399259  0.000335842  9.40362e-05 -0.000736172  0.00119902 -0.00108704 0.000146555 1 0 0
             12.1905  3.61424  13.4227 -1.94464 -0.00490838  -0.0131491  0.00158301   0.0484187  -0.0473739 -0.00546858  0.000331808  9.11922e-05 -0.000737952  0.000848392 -0.000708866  0.000325125 1 0 0
             12.1905  3.62418  13.3996 -1.88837 -0.00886516 -0.00889337  0.00424435 0.00280461 0.00310442  0.0257808  0.000337042  9.90758e-05 -0.000746377    0.0011396 -0.000982572  0.000228244 1 0 0
             12.2901   3.6503  13.3454 -1.92484 -0.00833271  -0.0083253   0.0067863 0.00758527 0.00678565  0.0247433  0.000337042  9.90758e-05 -0.000746377    0.0011396 -0.000982572  0.000228244 1 0 0
             12.2901  3.61026  13.3612 -1.89399  -0.0124401 -0.00577573  0.00677881 -0.0395181   0.036155  0.0235106   0.00034749  0.000100465 -0.000750998  0.00139449 -0.00112802 0.000305509 1 0 0
             12.3904   3.6138  13.3016 -1.85823 -0.0217272 -0.0058894 0.00556766 -0.0675594  0.0156093 0.00606022  0.000346702   0.00010284 -0.000753736  0.00151655 -0.00100358 0.000450993 1 0 0
             12.3904  3.62929  13.3108 -1.84711 -0.0215688 -0.0040493 0.00840799 -0.064242 0.0370151 0.0399356 0.000346129 0.000101066 -0.00075506  0.00154804 -0.00113527 0.000264877 1 0 0
             12.4902  3.67208  13.2721 -1.89188  -0.0160542 -0.00573765  0.00279935 0.00138134 0.00456662 -0.0100718  0.000348966  0.000101951 -0.000757674   0.00114902 -0.000991577  0.000463891 1 0 0
             12.4902   3.6714    13.28 -1.88954  -0.0185031 -0.00358548  0.00682306 -0.0245381  0.0298796  0.0371038  0.000351353  0.000102997 -0.000757629  0.00135489 -0.00114018 0.000242374 1 0 0
               12.59  3.69599  13.2424 -1.96532 -0.0189097 -0.0083193  0.0098332 -0.00566837  -0.0120594   0.0310957  0.000347769  0.000101899 -0.000758754   0.00129615 -0.000913293  0.000231303 1 0 0
               12.59  3.67153  13.2578 -1.92036   -0.018691 -0.00628623  0.00997333 -0.0029757  0.0120897  0.0330883  0.000355802   9.8658e-05 -0.000765507  0.00128931 -0.00104725 0.000226323 1 0 0
             12.6906  3.68708  13.2803 -2.03069  -0.0173676 -0.00198288  0.00442224 0.00271794  0.0246626 -0.0136156 0.000355556 9.70255e-05  -0.0007642  0.00117658 -0.00112648 0.000490822 1 0 0
             12.6906  3.68237  13.2481 -1.99982   -0.017869 -0.00215553  0.00633596  -0.002662   0.022866 0.00892869  0.000357375  0.000102581 -0.000769652  0.00123403 -0.00112305 0.000368986 1 0 0
             12.7902  3.75389  13.1557 -2.16932 -0.0278862  0.0261972 0.00496811  -0.0503651    0.160671 -0.00585751  0.000361592  0.000109981 -0.000760582  0.00153479  -0.0018911 0.000562678 1 0 0
             12.7902   3.7268  13.1538 -2.06762 -0.0233252  0.0159344 0.00656952 0.00636835   0.036472  0.0134594  0.000357717  0.000102826 -0.000779975  0.00123272 -0.00123262 0.000334429 1 0 0
             12.8901  3.76885  13.1096 -2.13504 -0.00931695   0.0131978  0.00218733  0.0808215 0.00388108 -0.0176426  0.000353207  9.80247e-05 -0.000770963 0.000799758 -0.00104503 0.000402501 1 0 0
             12.8901  3.77584  13.1159 -2.00784 -0.0146371  0.0064462 0.00746784  0.0259164 -0.0710657  0.0433742  0.000350982  9.98629e-05 -0.000793629   0.00116344 -0.000634593  9.37703e-05 1 0 0
             12.9904  3.60401  13.1668 -1.99066 -0.0146367 -0.0253934 0.00786361 0.0173502 -0.208101 0.0193141  0.000350563  0.000102994 -0.000798745  0.00118246 0.000108073 0.000175729 1 0 0
             12.9904 3.56266 13.1915 -1.9874 -0.0192629 -0.0168757  0.0089791 -0.0330185  -0.113182  0.0332048  0.000365514   0.00010347 -0.000797675  0.00149649 -0.00041223 0.000198733 1 0 0
             13.0902   3.5223  13.1412 -2.07732 -0.0227725 -0.0283826  0.0122831 -0.0327846  -0.119504  0.0339408  0.000365514   0.00010347 -0.000797675  0.00149649 -0.00041223 0.000198733 1 0 0
             13.0902   3.507 13.1363 -2.0329 -0.0231027 -0.0188218 0.00995736  -0.0389529 -0.00603173  0.00691481  0.00037922 0.000104808 -0.00080305   0.0015156 -0.00103083 0.000404048 1 0 0
             13.1901  3.53139  13.1163 -2.19475 -0.0268714 -0.0194165  0.0107015  -0.0368072 -0.00359875  0.00795215  0.00037922 0.000104808 -0.00080305   0.0015156 -0.00103083 0.000404048 1 0 0
             13.1901  3.57157  13.1172 -2.15649 -0.0247715  -0.011353 0.00964905  -0.0142876   0.0900351 -0.00232368  0.000376328   0.00010348 -0.000808883  0.00139644 -0.00156676  0.00047167 1 0 0
             13.2904  3.58858  13.1028 -2.19817 -0.0262532  0.0229485 0.00813053   -0.011963    0.228308 -0.00901417  0.000377752  0.000104625 -0.000804737  0.00143239 -0.00233272 0.000566329 1 0 0
             13.2904  3.59688  13.1049 -2.08872 -0.0227808   0.016562 0.00942318  0.0267241   0.157466 0.00624003  0.000378535  0.000101852 -0.000823658  0.00122126 -0.00194426 0.000398821 1 0 0
             13.3902  3.53977  13.0259 -2.12741 -0.0158205 0.00976707 0.00468909  0.0498676  0.0374519 -0.0205341  0.000373149  0.000105422 -0.000815538  0.00103022 -0.00125504 0.000502164 1 0 0
             13.3902  3.53011   12.995 -2.03759 -0.0171437 0.00416928 0.00713738  0.0393955 -0.0238934 0.00579569  0.000375921  0.000110105 -0.000831712   0.00110976 -0.000910874  0.000337184 1 0 0
               13.49  3.46066  13.0314 -2.07545  -0.0218052 0.000473717  0.00376048 -0.00466622  -0.0344501  -0.0176781  0.000377421   0.00011022 -0.000829439   0.00134118 -0.000864944  0.000516776 1 0 0
               13.49   3.4638  13.0483 -2.02228 -0.0210235 0.00168515 0.00600098 0.00550649 -0.0199572 0.00958735  0.000379497  0.000106459 -0.000838188    0.0013247 -0.000960762  0.000350639 1 0 0
             13.5904  3.47349  12.9431 -2.05758  -0.0203143 -0.00958683   0.0121799 0.00942064 -0.0725843   0.034986  0.000380494  0.000107958 -0.000838065   0.00134364 -0.000695847  0.000165673 1 0 0
             13.5904  3.44301  12.9622 -1.99826  -0.0225185 -0.00618826   0.0128557  -0.014519 -0.0338906  0.0430235  0.000389485    0.0001049 -0.000847742    0.0014976 -0.000912779  0.000164608 1 0 0
             13.6902  3.46317  12.9951 -2.08171  -0.0205699 -0.00799168  0.00645044  0.0049368 -0.0250255 -0.0151512 0.000384823 0.000106689 -0.00084657   0.00132803 -0.000945687    0.0004868 1 0 0
             13.6902  3.46447  12.9917 -2.03719  -0.0208515 -0.00381691  0.00869407 0.00357893  0.0236333  0.0126297 0.000388441 0.000106985 -0.00085389  0.00138265 -0.00123447  0.00034523 1 0 0
             13.7901    3.465  12.9895 -2.06061   -0.017875 -0.00718317  0.00739532    0.0208306   -0.0096661 -0.000174322  0.000390231  0.000109609 -0.000853996  0.00129056 -0.00106151 0.000404927 1 0 0
             13.7901  3.47774  12.9812 -2.01355  -0.0191068 -0.00387125  0.00942846 0.0075216 0.0290407 0.0248782  0.000390964  0.000111057 -0.000861957  0.00140758 -0.00129166   0.0002892 1 0 0
             13.8904  3.48751  12.9932 -2.09375 -0.0283428  0.0150585 0.00585978  -0.0448863    0.110645 -0.00568849   0.00039246  0.000111411 -0.000855699   0.0016842  -0.0017666 0.000586322 1 0 0
             13.8904  3.47387  12.9976 -2.03858 -0.0255806    0.01105 0.00731554 -0.0140608  0.0666695  0.0114687  0.000395646  0.000108934 -0.000865391  0.00152432 -0.00152648 0.000428044 1 0 0
             13.9903  3.50494  12.9968 -2.15487  -0.0180452 -0.00158504  0.00393836  0.0318219 -0.0344622 -0.0146935  0.000391837  0.000111404 -0.000865256   0.00121819 -0.000944584   0.00047169 1 0 0
             13.9903  3.50824  13.0179 -2.07558  -0.0193794 -0.00083694  0.00839609  0.0188669 -0.0255107  0.0377145 0.000394748 0.000107361 -0.00087863   0.0013658  -0.0010117 0.000182093 1 0 0
               14.09  3.42111  12.9523 -2.20876 -0.0159703 0.00335503 0.00834183  0.0316726 0.00590681  0.0150325 0.000400546 0.000114043 -0.00087209  0.00130314 -0.00121226 0.000304226 1 0 0
               14.09  3.39058  12.9799 -2.12763   -0.0170817 -4.49962e-05   0.00923786  0.0192291 -0.0342088  0.0249482  0.000407155   0.00010883 -0.000886256   0.00138031 -0.000976288  0.000245285 1 0 0
             14.1901  3.43829  12.9542 -2.18421 -0.00888931  -0.0207229 -0.00241906   0.049779  -0.130003 -0.0485952  0.000395971  0.000112593 -0.000890704   0.00105586 -0.000412227  0.000628812 1 0 0
             14.1901  3.41858  12.9634 -2.14503 -0.0152736 -0.0139917 0.00456778 -0.0208174 -0.0524145  0.0352807 0.000406972 0.000116527 -0.00089625   0.00158718 -0.000869558  0.000254088 1 0 0
               14.29  3.42147  12.9028 -2.12445  -0.0221601 -0.00736804   0.0129065 -0.0414497  0.0111273  0.0612106  0.000412644  0.000122774 -0.000897224  0.00178945 -0.00123723 0.000153668 1 0 0
               14.29  3.41626  12.9143 -2.12309  -0.0209927 -0.00318802   0.0122036 -0.0273367  0.0549651  0.0553025  0.000417092  0.000119737 -0.000896474  0.00171202 -0.00149159 0.000187837 1 0 0
             14.3904  3.37579  12.9192 -2.11973 -0.0233317  0.0164235 0.00748179 -0.0221652   0.124856 0.00298183  0.000421648  0.000117901 -0.000891835   0.0016483 -0.00188202 0.000523796 1 0 0
             14.3904  3.36997  12.8973 -2.04269 -0.0206857    0.01022 0.00799821 0.00594974  0.0567342 0.00892861  0.000420683  0.000118498 -0.000906196  0.00148202 -0.00149847  0.00042581 1 0 0
             14.4901  3.27482  12.9534 -2.14214 -0.0168002 -0.0157917 0.00708803   0.0199344   -0.114334 -0.00293262  0.000413077  0.000113113 -0.000910802   0.00135363 -0.000544619  0.000403374 1 0 0
             14.4901  3.29117  12.9576 -2.11399 -0.0171696 -0.0104008 0.00901547  0.0173518 -0.0532504  0.0205362  0.000416602  0.000112507 -0.000914444   0.00141283 -0.000905187  0.000292168 1 0 0
               14.59  3.29152  12.9824 -2.22701  -0.0203264 -0.00852009  0.00929911 -0.00598549  -0.0197205  0.00945501  0.000423435  0.000119437 -0.000914965 0.00156199 -0.0011227  0.0003958 1 0 0
               14.59  3.27421  13.0038 -2.20073  -0.0197605 -0.00572357   0.0098018 0.0010083 0.0125266 0.0161883 0.000429883 0.000114972 -0.00091878   0.0015391 -0.00131446  0.00035916 1 0 0
             14.6903  3.33172  13.0189 -2.31737  -0.0197159 -0.00436948   0.0116385 0.00366967  0.0141153  0.0196493 0.000429883 0.000114972 -0.00091878   0.0015391 -0.00131446  0.00035916 1 0 0
             14.6903  3.35426  12.9948 -2.24607  -0.0183383 -0.00122212   0.0111027 0.0195213 0.0514244 0.0140121  0.000431334  0.000117499 -0.000930715  0.00144809 -0.00153673 0.000386459 1 0 0
             14.7901   3.3221  13.0352 -2.29165  -0.0130107 0.000791923  0.00175359 0.0396154 0.0368923 -0.043443  0.000430617  0.000117706 -0.000929357 0.00127027  -0.001412 0.00070421 1 0 0
             14.7901   3.3054  13.0203 -2.26709 -0.0141268 0.00179828 0.00403199  0.0269276  0.0493619 -0.0163898  0.000435645  0.000121304 -0.000933613  0.00138202 -0.00148946  0.00056422 1 0 0
             14.8935  3.22559  13.0403 -2.24615  -0.011169 0.00683585 0.00233246 0.0309856 0.0456068 -0.016711  0.000435645  0.000121304 -0.000933613  0.00138202 -0.00148946  0.00056422 1 0 0
             14.8935  3.22951  13.0238 -2.17692 -0.0139844 0.00515512  0.0043483 -0.000903134    0.0265792   0.00557399  0.000436473  0.000125798 -0.000946653  0.00158938  -0.0013762 0.000465345 1 0 0
             14.9903  3.15612    13.01 -2.26278 -0.0140196 -0.0118071 0.00721163 -0.00205274  -0.0788854   0.0173811  0.000434389   0.00012436 -0.000944362   0.00157993 -0.000772099  0.000356093 1 0 0
             14.9903  3.16935  12.9996 -2.22434 -0.0152888 -0.0060483 0.00777397 -0.0154315 -0.0130351   0.025143  0.000434836   0.00012631 -0.000950828  0.00168374 -0.00116576 0.000351824 1 0 0
             15.0902 3.17598 13.0601 -2.2765  -0.0192787 -0.00472607   0.0069554  -0.0283831 -0.00228838   0.0074654  0.000435974  0.000123926 -0.000952447  0.00174785 -0.00124723 0.000487632 1 0 0
             15.0902  3.16103  13.0765 -2.23402  -0.0184958 -0.00152383  0.00850133 -0.0192596  0.0354871  0.0267711  0.000443652  0.000119963 -0.000958956  0.00173154 -0.00147698 0.000375277 1 0 0
               15.19  3.21925  13.0405 -2.38224   -0.0166191 -0.000416583   0.00643794 0.00680567  0.0211284 0.00238446  0.000439264  0.000122341 -0.000957506  0.00158575  -0.0014035 0.000502394 1 0 0
               15.19  3.24888  13.0268 -2.34153  -0.0172898 0.000421916  0.00729202 -9.83593e-05    0.0302165    0.0125014  0.000436356  0.000125083 -0.000964694  0.00164099 -0.00145958 0.000454039 1 0 0
             15.2903  3.30671  13.0942 -2.39848 -0.0172647  0.0165044 0.00459243  0.00443454   0.0954654 -0.00777872  0.000439926  0.000123458 -0.000961341  0.00163174   -0.001863 0.000605302 1 0 0
             15.2903  3.28591   13.074 -2.36522 -0.0150782  0.0119805 0.00571766  0.0286097  0.0444956 0.00562455   0.00044088  0.000124532 -0.000968147  0.00149783 -0.00157369  0.00047271 1 0 0
             15.3905  3.29382  13.0862 -2.50701 -0.00957258  -0.0206726  0.00703143  0.0393045  -0.157414 0.00927488  0.000433602  0.000122101 -0.000974354   0.00138606 -0.000419177  0.000365273 1 0 0
             15.3905  3.3104 13.0967 -2.4622 -0.0129564 -0.0143683 0.00952867 0.00338904 -0.0870069  0.0395704  0.000438596  0.000123301 -0.000980877    0.0016527 -0.000833544   0.00025835 1 0 0
               15.49 3.38047 13.0238 -2.6147 -0.0126688 -0.0228675    0.01355 0.00496087 -0.0814028  0.0392371  0.000438596  0.000123301 -0.000980877    0.0016527 -0.000833544   0.00025835 1 0 0
               15.49   3.3901  12.9826 -2.55594 -0.0159634 -0.0139866  0.0122727 -0.0313235  0.0195583  0.0238332   0.00044792  0.000133729 -0.000989906  0.00186433 -0.00141328 0.000439075 1 0 0
             15.5904  3.30166  13.0365 -2.68392 -0.0185305  0.0194262 0.00239892 -0.0255226   0.188147 -0.0409454  0.000467047  0.000129998 -0.000978759    0.001801  -0.0023763 0.000897739 1 0 0
             15.5904  3.29989  13.0315 -2.59947 -0.0162526  0.0142663 0.00412475 -0.00123747     0.13151  -0.0209232  0.000466652  0.000128011 -0.000994469  0.00167203 -0.00205393 0.000720245 1 0 0
             15.6901  3.33607   13.026 -2.64535 -0.0144816  0.0116387 0.00728548 0.00898562  0.0474124 0.00831936  0.000455621  0.000127981 -0.000991772   0.0016372 -0.00157534 0.000504819 1 0 0
             15.6901  3.35506  13.0102 -2.55368 -0.0130105 0.00854076 0.00890743 0.0259739 0.0125163 0.0276309 0.000452797   0.0001281 -0.00100873  0.00155549 -0.00138209 0.000351378 1 0 0
             15.7902  3.33369  12.9172 -2.53113 -0.0057749 -0.0152025 0.00345168  0.0510239  -0.120847 -0.0166123 0.000448233 0.000126513 -0.00101284   0.00131108 -0.000587344   0.00054008 1 0 0
             15.7902  3.33353     12.9 -2.49402 -0.00880983 -0.00965273  0.00570383  0.0159822 -0.0560847 0.00990126 0.000455295 0.000132767 -0.00101848   0.00156891 -0.000970399  0.000451408 1 0 0
             15.8903  3.25555  12.8847 -2.52207  -0.0125691 -0.00872516   0.0115951 -0.0109395 -0.0224668  0.0355255 0.000463595 0.000133394 -0.00101871  0.00179012 -0.00118351 0.000344477 1 0 0
             15.8903  3.25704   12.905 -2.50325  -0.0137304 -0.00424468   0.0112995 -0.0246498  0.0295849  0.0322432 0.000468823 0.000131076 -0.00102084  0.00188029 -0.00148912 0.000403867 1 0 0
             15.9902  3.22454  12.8289 -2.58445  -0.0162197 -0.00147058   0.0143859 -0.0213921  0.0234621  0.0301197 0.000468823 0.000131076 -0.00102084  0.00188029 -0.00148912 0.000403867 1 0 0
             15.9902  3.23664  12.8223 -2.58234  -0.0156593 8.06195e-05   0.0138502 -0.0150994  0.0419835  0.0239896 0.000468454 0.000131741 -0.00102087  0.00183954 -0.00160061 0.000440383 1 0 0
               16.09  3.27268  12.8154 -2.69472 -0.0128105  0.0113391 0.00145818 0.00606536  0.0775157 -0.0530996  0.00047124 0.000130498 -0.00101624  0.00160177 -0.00181522 0.000918908 1 0 0
               16.09  3.28188  12.7991 -2.63409 -0.0125439 0.00999877 0.00572683   0.0101961   0.0623293 -0.00256584 0.000470836  0.00013251 -0.00102753  0.00164301 -0.00174321 0.000597164 1 0 0
             16.1919 3.27898  12.646 -2.7085 -0.00922569  0.00757007  0.00502184   0.0239091   0.0134158 -0.00498913 0.000471513 0.000137333 -0.00102235  0.00155462  -0.0014632 0.000582006 1 0 0
             16.1919  3.27016  12.6827 -2.63484 -0.0111076 0.00444241 0.00755089 0.00303521 -0.0214467   0.023882 0.000471817 0.000132378 -0.00103579  0.00171033 -0.00125437 0.000416876 1 0 0
             16.2909  3.22327  12.5571 -2.72534  -0.0140139 -0.00561621   0.0109568 -0.0130945 -0.0657341  0.0267651 0.000469524 0.000135892  -0.0010341   0.00180685 -0.000996126  0.000389577 1 0 0
             16.2909  3.23008  12.5307 -2.65902   -0.013719 -0.00249016   0.0123779 -0.0085835 -0.0298668  0.0439362 0.000476895 0.000139513 -0.00104469  0.00181305 -0.00121006 0.000297004 1 0 0
             16.3904  3.21535  12.5262 -2.75708  -0.0119766 0.000684179   0.0115123 0.00533098 0.00131831  0.0122913 0.000485299 0.000133913 -0.00104079  0.00171324 -0.00140097 0.000452684 1 0 0
             16.3904  3.23332  12.5242 -2.68948   -0.013533 0.000458137   0.0123234  -0.0127714 -0.00143539   0.0216153 0.000484408 0.000135579 -0.00105305  0.00183058 -0.00138188 0.000417967 1 0 0
             16.4903  3.21251  12.5233 -2.83578 -0.0172633 0.00560116 0.00892739  -0.0221823   0.0236556 -0.00684646 0.000489209 0.000137668 -0.00104679  0.00188734 -0.00154419 0.000636713 1 0 0
             16.4903  3.22417  12.5162 -2.77082 -0.0175982 0.00552984 0.00937219  -0.0259638    0.022705 -0.00162723  0.00048956 0.000138636 -0.00105856  0.00191626 -0.00153935 0.000608935 1 0 0
             16.5901  3.19775  12.5172 -2.89514 -0.0185514  0.0087222  0.0121462 -0.0164718  0.0272644  0.0163804 0.000491611 0.000134777 -0.00105477  0.00188892 -0.00157976 0.000501012 1 0 0
             16.5901   3.2313  12.5009 -2.81667 -0.0163558 0.00628993  0.0136129  0.00982599 -0.00134494   0.0341897 0.000486136 0.000134487  -0.0010695  0.00174801  -0.0014239 0.000344939 1 0 0
               16.69  3.20478  12.4529 -2.84155  -0.0128539 -0.00336399   0.0107476     0.024641   -0.0531984 -1.27426e-05 0.000489679 0.000134004 -0.00106582  0.00161209 -0.00110143 0.000518242 1 0 0
               16.69  3.22582  12.4514 -2.74669  -0.0132942 -0.00325145   0.0102181   0.0191967  -0.0520002 -0.00645291  0.00048967 0.000133797 -0.00108308  0.00163597 -0.00110539 0.000565886 1 0 0
             16.7903  3.20467  12.3528 -2.78661 -0.00747506  -0.0100605  0.00748899  0.0438888  -0.069691 -0.0192198 0.000493625 0.000137314 -0.00107998  0.00149939 -0.00106927 0.000613285 1 0 0
             16.7903  3.22284   12.361 -2.72383 -0.0112752 -0.0062998    0.01189 0.00168381 -0.0255891  0.0318471 0.000496093 0.000138835 -0.00109077  0.00183645 -0.00134213 0.000366196 1 0 0
             16.8901  3.21394  12.2717 -3.04061 -0.00967604 -0.00850273   0.0124907 0.00938393 -0.0321655  0.0177521  0.00050053 0.000138175 -0.00108493  0.00176764 -0.00137129 0.000440582 1 0 0
             16.8901  3.21736  12.2669 -3.02803  -0.0135149 -0.00445898   0.0130547 -0.0340828  0.0146552  0.0233153 0.000504626 0.000143307 -0.00108651  0.00204858 -0.00164252 0.000480655 1 0 0
               16.99  3.33092  12.2598 -3.39682 -0.0153366 0.00580733 0.00416466  -0.02717 0.0618573 -0.034971 0.000507586 0.000145567 -0.00108068  0.00194249 -0.00192081 0.000861971 1 0 0
               16.99  3.34984  12.2654 -3.32924 -0.0155479 0.00461915 0.00722314  -0.0289327   0.0486684 0.000925826 0.000505619  0.00014398 -0.00109325  0.00199776 -0.00185274 0.000633469 1 0 0
             17.0904  3.40215  12.1692 -3.53626 -0.00599949 -0.00620633  0.00660756   0.0396877  -0.0278038 -0.00303626 0.000505343 0.000145435 -0.00108773  0.00157113 -0.00135933  0.00053875 1 0 0
             17.0904  3.43555  12.1638 -3.44695  -0.0106919 -0.00391687  0.00926738  -0.0130149 0.000318449   0.0276179 0.000504522 0.000149507 -0.00110395  0.00193892 -0.00152074 0.000425886 1 0 0
             17.1902   3.3721  12.1763 -3.54152 -0.0149457 0.00302459 0.00638672 -0.0292082  0.0420846 -0.0024898 0.000509339 0.000148903 -0.00109461  0.00201001 -0.00171034 0.000656667 1 0 0
             17.1902  3.36122  12.1871 -3.43743 -0.0169614  0.0015121  0.0109795 -0.0511203  0.0251101  0.0506904 0.000514796 0.000146668 -0.00111402  0.00220885 -0.00161456 0.000340641 1 0 0
             17.2903  3.31129  12.2098 -3.45246 -0.0219712  0.0037497  0.0160896 -0.0522366   0.021629  0.0512881 0.000514796 0.000146668 -0.00111402  0.00220885 -0.00161456 0.000340641 1 0 0
             17.2903 3.30479 12.2015 -3.4114  -0.0187286 0.000965478    0.015727 -0.0125983 -0.0126849  0.0472691 0.000516378 0.000146015 -0.00112197  0.00194664 -0.00141672   0.0002997 1 0 0
             17.3904  3.34014  12.1531 -3.37994 -0.0140684 0.00440836   0.010132    0.02334  0.0115734 -0.0100594 0.000515008 0.000146147 -0.00111643  0.00169387 -0.00157125  0.00062338 1 0 0
             17.3904  3.33226  12.1583 -3.29651  -0.0157293 0.000818976   0.0101476 0.00387551 -0.0308984  -0.010962 0.000518068 0.000144925 -0.00113223  0.00179626 -0.00129593 0.000635511 1 0 0
             17.4902    3.343  12.1472 -3.28203   -0.019207 -0.00172784    0.013454 -0.0162037 -0.0258802  0.0171102 0.000518474 0.000144272 -0.00112758  0.00195954 -0.00131203 0.000519225 1 0 0
             17.4902   3.3415  12.1204 -3.22704   -0.018699 -0.00274664   0.0136263 -0.0105113  -0.037119  0.0192572 0.000520561 0.000148504 -0.00113831  0.00192209 -0.00124502 0.000492867 1 0 0
             17.5901  3.26464   12.068 -3.19468   -0.017008 -0.00464237   0.0114699  0.00844166  -0.0280898 -0.00515605 0.000527182 0.000148046 -0.00113573  0.00182185  -0.0013043 0.000616171 1 0 0
             17.5901   3.279 12.0823 -3.1336  -0.0178523 -0.00421362   0.0123607 -0.00127594  -0.0230427   0.0052768 0.000527029 0.000145002 -0.00114704  0.00189871 -0.00133638 0.000563972 1 0 0
             17.6904  3.28896  12.0496 -3.04331   -0.0151618 -0.000650611   0.00851959   0.013297 0.00567859 -0.0178235 0.000529353 0.000148793 -0.00114341  0.00178254 -0.00153854 0.000712978 1 0 0
             17.6904  3.29903    12.06 -2.95806  -0.0156445 -0.00343736   0.0108049 0.00804378 -0.0268704 0.00866229 0.000529881 0.000145991 -0.00115947   0.0018407 -0.00134048 0.000534332 1 0 0
             17.7902 3.29764 11.9113  -3.067 -0.00957285  -0.0157712   0.0033445   0.036499 -0.0790257 -0.0352859 0.000525633 0.000153791 -0.00115374  0.00157572 -0.00100332 0.000770892 1 0 0
             17.7902  3.28746  11.9087 -3.03526   -0.01246 -0.0114545 0.00938216 0.00458051 -0.0280909  0.0358814 0.000531022 0.000155521 -0.00115934  0.00188691 -0.00133639 0.000375528 1 0 0
               17.89  3.31276  11.9966 -3.06227  -0.0209373 -0.00489287   0.0121969 -0.0419608   0.020294  0.0304559 0.000535471 0.000155683 -0.00116236  0.00221793 -0.00164335 0.000482375 1 0 0
               17.89  3.30934  12.0176 -3.01274  -0.0201732 -0.00524649   0.0140396 -0.0324005   0.016825  0.0522414 0.000538003 0.000150785 -0.00117152    0.002188 -0.00163327 0.000327652 1 0 0
             17.9906  3.36248  11.9564 -3.02109 -0.0190161 -0.0043228  0.0147368 -0.00415263    0.010656   0.0281639 0.000538833 0.000151899 -0.00116749  0.00200895 -0.00160221  0.00046052 1 0 0
             17.9906  3.36663  11.9356 -2.95931  -0.0179818 -0.00331064   0.0151707 0.0083069 0.0226156 0.0337008 0.000540911  0.00015479 -0.00117917  0.00194207 -0.00168554  0.00041355 1 0 0
             18.0903  3.41885  11.9576 -3.01129  -0.0154964 -0.00391926  0.00956266  0.0155114 0.00671448 -0.0151936 0.000541139 0.000153731 -0.00117735  0.00182501 -0.00157694 0.000706975 1 0 0
             18.0903  3.41749  11.9571 -2.95889   -0.016491 -0.00246981   0.0127111 0.00505163   0.023842  0.0216872 0.000544611 0.000153996 -0.00118699  0.00194611 -0.00169508 0.000488522 1 0 0
             18.1901  3.45032   11.881 -3.06406 -0.0131016 0.00306777 0.00452834  0.0234745  0.0358889 -0.0342141 0.000543418 0.000160903 -0.00118209  0.00178662 -0.00180005 0.000848105 1 0 0
             18.1901  3.44175  11.8938 -3.00282   -0.0143029 -0.000242433    0.0105209   0.0108508 -0.00322034   0.0366481 0.000543467 0.000158813 -0.00119429  0.00194825 -0.00157571 0.000390614 1 0 0
               18.29  3.55999  11.9168 -3.02412  -0.0193515 -0.00420408   0.0119147 -0.0176492 -0.0236246  0.0221068 0.000539301  0.00015937 -0.00119116  0.00213566 -0.00143193 0.000500948 1 0 0
               18.29 3.54852 11.9054 -2.9426  -0.0185224 -0.00489731   0.0141852 -0.0072061 -0.0314425  0.0492523  0.00054415 0.000159788 -0.00120667  0.00210452 -0.00139703 0.000308862 1 0 0
             18.3904  3.55272  12.0161 -3.08694 -0.0196575 0.00306795  0.0129423 -0.0115843  0.0285826  0.0194564 0.000552969 0.000155981 -0.00119494  0.00209523 -0.00175898 0.000556442 1 0 0
             18.3904  3.55461   11.995 -3.01447   -0.017994 -0.00174894   0.0136256  0.0077337 -0.0260163  0.0275164 0.000551059 0.000157367 -0.00120953  0.00196705 -0.00142541 0.000454169 1 0 0
             18.4902   3.6639  11.9946 -2.97726  -0.0162142 -0.00786783   0.0141351  0.0233563 -0.0482533  0.0120086 0.000550904  0.00015927 -0.00120869  0.00193266 -0.00130879 0.000521631 1 0 0
             18.4902  3.65537  12.0028 -2.89942  -0.0170961 -0.00603032   0.0149132   0.013287 -0.0264722  0.0209462 0.000557579 0.000157864 -0.00122288   0.0020149   -0.001445 0.000486986 1 0 0
               18.59  3.67934  12.0872 -2.92199 -0.0115614 -0.0156616 0.00988285  0.0338851 -0.0684387 -0.0145482 0.000559576 0.000155317 -0.00122055  0.00180772 -0.00120873 0.000692788 1 0 0
               18.59  3.71134  12.0873 -2.86295 -0.0136778 -0.0118867  0.0138509  0.0116207 -0.0256149  0.0317421 0.000559416 0.000156864 -0.00123114  0.00202388 -0.00149186 0.000441428 1 0 0
             18.6903  3.76924  12.0645 -2.94313    -0.01566 -0.00484475   0.0106247 0.000464793   0.0199327 -0.00374545 0.000560714 0.000164852 -0.00123031  0.00211045 -0.00180564 0.000715344 1 0 0
             18.6903  3.72282  12.0733 -2.91332  -0.0167466 -0.00469961   0.0122133 -0.0121449  0.0219427  0.0148627 0.000570925 0.000163861 -0.00123583  0.00221594 -0.00181873 0.000611629 1 0 0
             18.7902  3.83316  12.1061 -3.02915  -0.0127415 -0.00817167   0.0102354   0.0168535 -0.00923532 -0.00568181 0.000566559 0.000160219 -0.00123517  0.00199973 -0.00163061 0.000673129 1 0 0
             18.7902  3.85442  12.0793 -2.98731  -0.0146754 -0.00573731   0.0126427 -0.00538518   0.0195185   0.0223371 0.000566682 0.000167049 -0.00124303  0.00218457 -0.00181646 0.000534313 1 0 0
             18.8903  3.86515  12.2264 -3.06739  -0.0111919 -0.00435007   0.0087434  0.0168357  0.0200853 -0.0139876 0.000574623 0.000165144  -0.0012383   0.0020168  -0.0017883 0.000710157 1 0 0
             18.8903  3.87061  12.2526 -2.97598 -0.0128255 -0.0045861  0.0116636 -0.00183396   0.0178298   0.0201077 0.000577034 0.000160556 -0.00125537  0.00218165 -0.00178098 0.000511308 1 0 0
             18.9904  3.82862  12.2444 -2.96407   -0.013178 -0.00273855   0.0140718 -0.00305977   0.0183284   0.0256998 0.000577034 0.000160556 -0.00125537  0.00218165 -0.00178098 0.000511308 1 0 0
             18.9904  3.83804  12.2271 -2.94239   -0.013753 -0.00225834   0.0158178 -0.0083797  0.0232816   0.045472  0.00057658 0.000164096 -0.00125963  0.00224367 -0.00181943 0.000391754 1 0 0
             19.0901  3.84382  12.2206 -2.83658   -0.014403 0.000162718   0.0202872 -0.00547128   0.0256412   0.0440914  0.00057658 0.000164096 -0.00125963  0.00224367 -0.00181943 0.000391754 1 0 0
             19.0901  3.81048  12.2097 -2.78246  -0.0151493 -0.00405881   0.0167083 -0.0154519 -0.0240663  0.0014514 0.000580596 0.000166087 -0.00127116  0.00222914 -0.00147734 0.000658454 1 0 0
               19.19  3.65224  12.1154 -2.86745  -0.0158573 -0.00426459  0.00592217 -0.0120258 -0.0154388 -0.0527548 0.000582579 0.000167948 -0.00125924  0.00211963 -0.00152833  0.00105789 1 0 0
               19.19   3.6451  12.1231 -2.76593  -0.0151967 -0.00511633  0.00957638  -0.0030052  -0.0237834 -0.00962228 0.000587523 0.000164454 -0.00127859  0.00212152 -0.00149698 0.000758129 1 0 0
              19.291  3.62893  12.0165 -2.80878 -0.0164254 -0.0211988  0.0112611  -0.00610596   -0.0967209 -0.000393204 0.000581114 0.000167755 -0.00127841   0.0021497 -0.00105162 0.000631984 1 0 0
              19.291  3.62551  12.0102 -2.77874 -0.0154174  -0.016274  0.0135538 0.00575494   -0.03884  0.0273961 0.000588316 0.000167831  -0.0012829  0.00213191  -0.0014408 0.000460829 1 0 0
             19.3905  3.65221    12.06 -2.81589 -0.0148164 -0.0202893  0.0160743 0.00119343 -0.0377846  0.0272956 0.000588316 0.000167831  -0.0012829  0.00213191  -0.0014408 0.000460829 1 0 0
             19.3905  3.63979  12.0792 -2.76453 -0.0149957 -0.0140223  0.0151692 -0.0019147  0.0343586   0.017346 0.000601454 0.000164413  -0.0012907  0.00216035 -0.00189046 0.000563035 1 0 0
               19.49  3.62719  11.9336 -2.78561 -0.0125412 0.00124185  0.0101668  0.0165652  0.0969418 -0.0186408 0.000605817 0.000169925 -0.00128931  0.00205169 -0.00228053 0.000819671 1 0 0
               19.49  3.63829  11.9633 -2.71071 -0.0170538 0.00156599  0.0131997 -0.0345331  0.0991837  0.0155037 0.000606685 0.000167843  -0.0013036  0.00242355 -0.00228911 0.000663738 1 0 0
             19.5902  3.61155  11.8622 -2.73267 -0.00495193 -0.00207188  0.00618933  0.0450121  0.0268012 -0.0268558 0.000598636 0.000169285  -0.0012983    0.001819 -0.00185077  0.00082039 1 0 0
             19.5902 3.58988 11.8769 -2.6421  -0.0115675 -0.00379114   0.0108469 -0.0288972   0.010052  0.0260321 0.000604746 0.000171763 -0.00131623  0.00235841 -0.00173366 0.000558679 1 0 0
             19.6901  3.54183  11.7193 -2.63112 -0.0137125 -0.0204901  0.0123681 -0.0218324 -0.0835952  0.0198686 0.000599885 0.000176893 -0.00131561  0.00229208 -0.00112894 0.000556178 1 0 0
             19.6901  3.53905  11.7315 -2.61806 -0.0162752 -0.0139626  0.0143007   -0.050226 -0.00938461   0.0425673 0.000607997 0.000177633 -0.00131667  0.00252641 -0.00160589 0.000478015 1 0 0
               19.79   3.5193  11.7384 -2.62427  -0.0211947 -0.00351835   0.0153937 -0.0514899  0.0466353  0.0252706 0.000615742 0.000176244 -0.00131155   0.0025255 -0.00200038 0.000616033 1 0 0
               19.79  3.55416  11.7403 -2.55797  -0.0212873 -0.00195708   0.0161574 -0.051756 0.0640697   0.03457 0.000612911 0.000175222 -0.00132408  0.00254525 -0.00211923 0.000562617 1 0 0
             19.8907  3.56946  11.6118 -2.73583  -0.0135287 -0.00178735   0.0124771    0.017573   0.0279108 -0.00346703 0.000611301 0.000175936 -0.00131704  0.00204408 -0.00192875 0.000713612 1 0 0
             19.8907  3.57529  11.6477 -2.66909  -0.0165568 -0.00198447   0.0146428 -0.015802 0.0261143 0.0208275 0.000612526 0.000171111  -0.0013296  0.00229305 -0.00191422 0.000593781 1 0 0
             19.9906  3.65572  11.5713 -2.79698   -0.016734 -0.00987636   0.0162568 -0.0116282 -0.0251919  0.0196554  0.00060955 0.000172636 -0.00132887  0.00222371 -0.00156412  0.00058276 1 0 0
             19.9906   3.6722  11.5772 -2.73001  -0.0194453 -0.00784635   0.0169829  -0.0430846 -0.00195436   0.0277034 0.000611672 0.000174707 -0.00134132  0.00244117 -0.00170587 0.000580412 1 0 0
             20.0918  3.59236   11.459 -2.84916  -0.021307 -0.0048476  0.0131161   -0.025514   0.0155933 -0.00931854 0.000617799  0.00018041 -0.00133954  0.00232555 -0.00180581 0.000806758 1 0 0
             20.0918  3.56635  11.4941 -2.77244  -0.0221048 -0.00342494   0.0157156 -0.0334854   0.031871  0.0210078 0.000627965 0.000174048 -0.00135321  0.00242372 -0.00191939 0.000623579 1 0 0
             20.1903  3.66204  11.5823 -2.53859  -0.0223893 -0.00392128   0.0187499 -0.0136071 0.00891798  0.0265575 0.000625028 0.000172718 -0.00135023  0.00233162 -0.00180798 0.000561249 1 0 0
             20.1903  3.65734  11.5913 -2.46149  -0.0231215 -0.00275546   0.0169486 -0.0227048  0.0225846 0.00471202 0.000630906 0.000171447 -0.00136473  0.00236396 -0.00188118 0.000719103 1 0 0
             20.2901  3.62765  11.5203 -2.46487  -0.016196 -0.0252976  0.0142129  0.0226133  -0.116641 -0.0110713 0.000613483  0.00016482 -0.00137074  0.00197481 -0.00105392 0.000714778 1 0 0
             20.2901   3.6222   11.485 -2.47392 -0.0197687 -0.0176202  0.0158285  -0.018882 -0.0311342 0.00896496  0.00062073 0.000175646 -0.00136831  0.00229304 -0.00160761 0.000673518 1 0 0
               20.39  3.69404  11.3772 -2.64464  -0.0172235 -0.00807517   0.0111876 0.00372804  0.0323665 -0.0220918 0.000627569 0.000179705   -0.001365  0.00212644 -0.00205147 0.000868601 1 0 0
               20.39  3.71372  11.3935 -2.60453  -0.0219816 -0.00530136   0.0129701  -0.0507237   0.0634219 -0.00153663 0.000627571 0.000180587 -0.00137242  0.00251604 -0.00224526 0.000814937 1 0 0
             20.4903   3.7195  11.3972 -2.66314 -0.0207002 -0.0108601  0.0119071  -0.00985216 -0.000454117  -0.00692836 0.000627405 0.000183988 -0.00136712  0.00229262 -0.00183979 0.000776413 1 0 0
             20.4903 3.73552 11.4393 -2.5771  -0.0242817 -0.00695189   0.0163735 -0.0491372  0.0431063   0.045106 0.000630904 0.000178022 -0.00138289  0.00263383 -0.00213608 0.000495171 1 0 0
             20.5902  3.70222  11.5352 -2.69944 -0.0219677 -0.0150473  0.0182301 -0.00880706  -0.0240319   0.0325546 0.000626108 0.000174595 -0.00137879  0.00235024 -0.00171175 0.000511434 1 0 0
             20.5902  3.68444  11.5605 -2.65463 -0.0272735 -0.0131448  0.0183244  -0.0687926 -0.00491576   0.0320886 0.000632942 0.000174532 -0.00138738  0.00274538 -0.00181287 0.000600614 1 0 0
               20.69  3.74035  11.5671 -2.66752 -0.0314783 -0.0050238  0.0182234 -0.0511112  0.0376255  0.0174723 0.000633415 0.000180393 -0.00138337  0.00265409 -0.00211159 0.000733618 1 0 0
               20.69  3.73683  11.5739 -2.63641  -0.0313357 -0.00383898   0.0181539 -0.048978 0.0511195 0.0168025 0.000636395 0.000178485  -0.0013892   0.0026438 -0.00220151 0.000742109 1 0 0
             20.7904 3.71668 11.4212 -2.6988  -0.0309633 -0.00159059   0.0188443 -0.0180249  0.0354842 0.00978041  0.00063537 0.000180339 -0.00138574  0.00244107 -0.00210971 0.000735553 1 0 0
             20.7904  3.72552  11.4187 -2.62817  -0.0314618 -0.00271415   0.0182677  -0.024374  0.0223844 0.00264035 0.000635251  0.00018045 -0.00139988  0.00246858 -0.00201711 0.000786041 1 0 0
              20.891  3.64427  11.4196 -2.66376 -0.0255833 -0.0224353  0.0206448  0.0229329 -0.0938052  0.0159248 0.000633387 0.000175528 -0.00140353  0.00217313 -0.00126488 0.000592165 1 0 0
              20.891  3.64379  11.4134 -2.61783 -0.0275781 -0.0186605  0.0189923 -9.08378e-05   -0.0506883  -0.00392525 0.000640518 0.000179388 -0.00141169   0.0023088 -0.00153203 0.000777326 1 0 0
             20.9903  3.59866  11.4014 -2.64333 -0.0246344 -0.0133345  0.0159595  0.0163089 0.00317383 -0.0161787 0.000649011 0.000180329 -0.00141255  0.00220781 -0.00190629 0.000883186 1 0 0
             20.9903  3.60687  11.4097 -2.62583  -0.0275244 -0.00986078   0.0172258  -0.0173853   0.0439448 -0.00118314 0.000653068 0.000183209 -0.00141519  0.00245507 -0.00216451 0.000845073 1 0 0
             21.0905  3.60308  11.3893 -2.70054 -0.0297908 -0.0147848     0.0197 -0.0173336 -0.0135912 0.00711137 0.000650374 0.000185505 -0.00141654  0.00248291 -0.00186144 0.000719749 1 0 0
             21.0905  3.61747  11.4059 -2.63399 -0.0321208 -0.0116528  0.0182186 -0.0447221  0.0223321  -0.010942 0.000653154 0.000183928 -0.00142892  0.00264971 -0.00208293 0.000896054 1 0 0
             21.1923  3.66956  11.4823 -2.88025 -0.0249829 -0.0257247  0.0173482  0.0244828 -0.0678758 -0.0133678 0.000649692 0.000178513 -0.00142667  0.00222274 -0.00154092  0.00075528 1 0 0
             21.1923   3.6739  11.4798 -2.85893 -0.0288349 -0.0196585  0.0155914  -0.0194388 -0.00275785  -0.0344992 0.000658915 0.000185985 -0.00142926   0.0025001 -0.00194593 0.000986445 1 0 0
             21.2902   3.6858  11.7576 -3.02964 -0.0327703 -0.0135549  0.0220778 -0.0165311  0.0297009  0.0158859 0.000665606 0.000186079 -0.00142753  0.00268616 -0.00219132 0.000652144 1 0 0
             21.2902  3.71524  11.7542 -2.94641 -0.0337296 -0.0102964  0.0190814  -0.027751  0.0653077 -0.0184963 0.000669384 0.000187913 -0.00144303   0.0027219 -0.00239943 0.000905568 1 0 0
             21.3904  3.68711  12.1429 -3.11526 -0.0249381 0.00456849  0.0245353 0.0444747  0.103441 0.0258421 0.000679444 0.000170576 -0.00142834   0.0024193 -0.00273763  0.00059348 1 0 0
             21.3904  3.69427   12.101 -3.02861  -0.0250732 -0.00173575   0.0190392  0.0392693  0.0310763 -0.0371773 0.000675775  0.00017733 -0.00144684  0.00233889 -0.00222079 0.000997948 1 0 0
             21.4904  3.71015   12.112 -3.22068 -0.0212831  0.0010818  0.0161619  0.0415966  0.0231971 -0.0198046 0.000675775  0.00017733 -0.00144684  0.00233889 -0.00222079 0.000997948 1 0 0
             21.4904  3.70092  12.0807 -3.18058  -0.0237197 -0.00678725    0.015773  0.0170681 -0.0679108 -0.0260919 0.000670031 0.000185181 -0.00145706  0.00245588 -0.00159785  0.00102706 1 0 0
               21.59  3.62149  11.8623 -3.58865 -0.0284507 -0.0188774  0.0157843 -0.0154691 -0.0986398 -0.0054332 0.000666232 0.000196582 -0.00144488  0.00269164 -0.00140889 0.000987134 1 0 0
               21.59  3.63128  11.8477 -3.52475 -0.0275283 -0.0197241  0.0152003 -0.00506447   -0.108422  -0.0122484 0.000666101 0.000197715 -0.00145792  0.00260891 -0.00134597  0.00101438 1 0 0
             21.6904  3.09779  11.5305 -4.05357  -0.013067 -0.0312046  0.0196917 0.0813292 -0.132386 0.0214397 0.000685421 0.000198157 -0.00144355  0.00214362 -0.00141528 0.000700967 1 0 0
             21.6904  3.14573  11.5369 -3.98145 -0.0159034 -0.0281767  0.0183044  0.0477293  -0.097723 0.00441865 0.000681652 0.000199245 -0.00145738  0.00235712 -0.00162651 0.000881708 1 0 0
             21.7902  3.35235  11.5019 -4.06982 -0.0186337 -0.0234656   0.023305 -0.00237746  -0.0347577   0.0253989 0.000683243 0.000196966 -0.00145489  0.00268548 -0.00218835  0.00080417 1 0 0
             21.7902  3.37006   11.492 -3.99334 -0.0172997 -0.0255648  0.0234432  0.0140189 -0.0600722   0.027044 0.000680281 0.000196222  -0.0014707  0.00256749 -0.00202949 0.000759485 1 0 0
             21.8903  3.44103  11.3159 -4.28755  -0.018579 -0.0459656  0.0339387 -0.0160621  -0.154395  0.0751925 0.000680357 0.000193827 -0.00145658  0.00262802 -0.00154455 0.000450818 1 0 0
             21.8903   3.4518  11.3079 -4.20055 -0.0188149 -0.0438356   0.030319 -0.0211099  -0.133202  0.0328168 0.000683648 0.000195168 -0.00147369  0.00261223 -0.00166838 0.000760935 1 0 0
             21.9904   3.5984  11.0718 -4.61084 -0.0222863 -0.0391169  0.0276387 -0.0315235 -0.0868955 0.00123379 0.000689975 0.000196411 -0.00146575  0.00267619 -0.00237295   0.0010377 1 0 0
             21.9904  3.60973  11.0569 -4.55246 -0.0208842 -0.0452585  0.0271757  -0.0175512   -0.153978 -0.00484524 0.000683611 0.000196944 -0.00147909  0.00254019 -0.00192622  0.00102679 1 0 0
             22.0901  3.61119  10.8826 -5.13211 -0.0362048 -0.0533327   0.033434 -0.0847759  -0.164699  0.0181812 0.000697152 0.000207691 -0.00145783  0.00310952 -0.00227866 0.000885677 1 0 0
             22.0901  3.67027  10.9192 -4.98075 -0.0289918 -0.0616772   0.034604 -0.00501163   -0.256853   0.0325766  0.00068273 0.000190215 -0.00148986  0.00255284   -0.001719 0.000636914 1 0 0
               22.19   3.6343  11.3447 -6.07743 -0.0599035 -0.0599506  0.0461008 -0.170626 -0.122016 0.0577864 0.000697488 0.000187697 -0.00144125  0.00374075 -0.00264216 0.000565025 1 0 0
               22.19  3.64517  11.3014 -5.87255 -0.0405689 -0.0752547  0.0412181 0.0255217 -0.272908 0.0116284  0.00069536 0.000183513 -0.00148534   0.0022602 -0.00173404 0.000557511 1 0 0
             22.2903 3.78397  11.789 -7.6589 -0.0299953  -0.124845  0.0344259  0.0702718  -0.389229 -0.0386262  0.00068902 0.000177845 -0.00144926   0.00187855 -0.000993125  0.000701433 1 0 0
             22.2903  3.79188  11.7158 -7.48956 -0.0242572  -0.127248  0.0305507   0.133524  -0.419764 -0.0831732    0.000693 0.000188408 -0.00148471   0.00135915 -0.000817257  0.000916396 1 0 0
             22.3905  3.50891  12.5157 -9.76975  -0.01091 -0.166515 0.0195905   0.141611  -0.400237 -0.0726436 0.000692875 0.000180831  -0.0014607   0.00136237 -0.000891111   0.00107579 1 0 0
             22.3905  3.48978  12.4404 -9.67658 -0.0157267  -0.159092  0.0197875  0.0902739  -0.326358 -0.0697261  0.00070611 0.000197705 -0.00148013  0.00177466 -0.00134044  0.00116969 1 0 0
               22.49  3.49078  12.6119 -11.2229 -0.0311604  -0.161642  0.0225002 -0.0203801  -0.174831 0.00704521 0.000717451 0.000208552 -0.00147507  0.00284408 -0.00224451  0.00115705 1 0 0
               22.49  3.56589  12.5824 -11.0595 -0.0311834  -0.163481  0.0263279 -0.0188968  -0.193001  0.0513255 0.000707966 0.000213031 -0.00150899  0.00288006 -0.00214738 0.000831985 1 0 0
             22.5904  4.24424  12.3592 -12.0167 -0.052779 -0.185541 0.0387799 -0.112526 -0.174921 0.0952572 0.000695774 0.000226622  -0.0015011  0.00359041 -0.00187968 0.000737712 1 0 0
             22.5904  4.29041  12.3269 -11.8719 -0.0406929  -0.188556  0.0387951 0.0104508 -0.203802  0.101668 0.000690999 0.000225193 -0.00153109  0.00274317 -0.00187285 0.000500232 1 0 0
             22.6902  4.01018  11.8612 -12.7577 -0.0396781  -0.195321  0.0426849  0.032642 -0.112615 0.0467393 0.000715776  0.00022854  -0.0015184    0.002835 -0.00223844  0.00074203 1 0 0
             22.6902  3.99792  11.8501 -12.6471 -0.0325833   -0.19889  0.0418155  0.113956 -0.153065 0.0382705 0.000721395 0.000224269  -0.0015412  0.00222364 -0.00209361 0.000661094 1 0 0
               22.79  3.95118  11.8501 -13.4274 -0.0125141  -0.198795  0.0361813   0.175805 -0.0720632 -0.0185429 0.000728117 0.000223632 -0.00153646  0.00202897 -0.00266188 0.000985479 1 0 0
               22.79  3.99046  11.8394 -13.3608 -0.0125025  -0.206459  0.0351387    0.17619  -0.151516 -0.0316976 0.000719048 0.000224605 -0.00155104  0.00188117 -0.00212076  0.00101431 1 0 0
             22.8903  4.00593  11.8369 -14.7029 -0.0203296   -0.23969  0.0297757  0.0517751  -0.226351 -0.0575287 0.000721801 0.000221599  -0.0015467  0.00263833 -0.00123594  0.00121729 1 0 0
             22.8903  4.05739  11.8236 -14.6906  -0.01809 -0.235969 0.0319045  0.0772654  -0.188646 -0.0316186 0.000713309 0.000223136 -0.00154905  0.00256909 -0.00155252  0.00103122 1 0 0
             22.9902   3.7929  11.5883 -16.0232 -0.0138156  -0.247441  0.0335126  0.0838705  -0.131908 -0.0247494 0.000724825 0.000238539  -0.0015406  0.00280814 -0.00171984 0.000867144 1 0 0
             22.9902  3.85406   11.621 -15.9123 -0.00918227   -0.244408    0.035906   0.133563  -0.101537 0.00674371 0.000718197 0.000227769 -0.00156233  0.00258221 -0.00203979 0.000607628 1 0 0
               23.09  3.66344    11.72 -17.5323 -0.00691215   -0.253011    0.029899    0.11127 -0.0777939 -0.0346512 0.000731086 0.000228155 -0.00154273  0.00298094 -0.00189369 0.000942461 1 0 0
               23.09  3.69403  11.7441 -17.4192 -0.00147304   -0.252212    0.032428     0.16835  -0.0693453 -0.00268715 0.000729812 0.000219129 -0.00156537  0.00266927 -0.00208743 0.000652591 1 0 0
             23.1902  3.61157  12.1505 -19.0213 0.0167914 -0.258247  0.014883   0.212532 -0.0639852 -0.0840745 0.000726515 0.000234902  -0.0015641    0.002598 -0.00202372  0.00131154 1 0 0
             23.1902  3.63344  12.2339 -18.9604 0.0209364 -0.257123  0.023223   0.262363 -0.0513352  0.0149077  0.00072447 0.000215253 -0.00157552  0.00244843 -0.00227095 0.000552221 1 0 0
             23.2911  3.80193  12.6535 -21.3129 0.0330071 -0.283809 0.0226593  0.221594 -0.121458 0.0269502 0.000715075 0.000214022 -0.00156389  0.00272087 -0.00129812 0.000746905 1 0 0
             23.2911  3.83132  12.5708 -21.2983 0.0389832 -0.272397 0.0257038    0.287713 -0.00688616   0.0689559 0.000716555 0.000227431 -0.00156722  0.00262338 -0.00223795 0.000468461 1 0 0
             23.3906  2.65927  12.3039 -25.2685 0.0664554  -0.26425 0.0279759   0.32557 0.0270748 0.0280382 0.000751965 0.000248567  -0.0015639  0.00284876 -0.00246056 0.000678289 1 0 0
             23.3906  2.71068   12.366 -25.3326  0.068652 -0.262124 0.0312455  0.351025 0.0491231 0.0679798 0.000739737 0.000234636 -0.00154956  0.00281228 -0.00269342 0.000387451 1 0 0
             23.4901  2.42043  12.2458 -28.8072 0.0942097 -0.296485 0.0161158   0.353252  -0.149275 -0.0751523 0.000740664 0.000248139 -0.00152985  0.00253097 -0.00118211  0.00108982 1 0 0
             23.4901  2.63643  12.2628 -28.5834 0.0997692 -0.283455 0.0205068   0.413494 -0.0209038 -0.0165581 0.000713334 0.000239202 -0.00157468  0.00263782 -0.00221404 0.000722217 1 0 0
               23.59  3.07101   13.026 -29.4059  0.147122 -0.255493 0.0172071    0.50159   0.140568 -0.0264591 0.000721859 0.000234212 -0.00159928  0.00302063 -0.00315918 0.000859547 1 0 0
               23.59   3.1155  13.1303 -29.2176  0.148563 -0.257247 0.0234161  0.520605  0.122034 0.0400142 0.000720295 0.000209803 -0.00163739  0.00294983 -0.00313905 0.000339526 1 0 0
             23.6905  3.33965  14.0449 -28.8989    0.19204  -0.263442 0.00476731    0.46848  0.0884535 -0.0468823 0.000727246 0.000196632  -0.0016475  0.00268663 -0.00217928  0.00119023 1 0 0
             23.6905   3.3854  13.9035 -28.8026   0.192328  -0.263122 0.00969114   0.473812  0.0930276 0.00814081 0.000722357  0.00022538 -0.00166903  0.00275533 -0.00225207 0.000791302 1 0 0
             23.7901  4.31823  12.5656 -27.3064  0.264751 -0.257973 0.0150683  0.581683 0.0716533  0.017491 0.000720059 0.000245239 -0.00169576   0.0018567 -0.00262872  0.00037739 1 0 0
             23.7901  4.33176  12.4654 -27.2859  0.249865 -0.256473 0.0163617  0.425765 0.0853514 0.0262845 0.000713587 0.000272088 -0.00170275  0.00284621 -0.00214229  0.00052265 1 0 0
               23.89  4.88877  12.3068 -24.7183  0.272106 -0.271376 0.0230085   0.30839 -0.127436 0.0208326 0.000722221 0.000262786 -0.00176377  0.00315067 -0.00119598  0.00031284 1 0 0
               23.89  4.80054  12.5019 -24.8483  0.270901 -0.264504 0.0222094  0.298155 -0.050034  0.011593 0.000736737 0.000226498  -0.0017321  0.00346521 -0.00163275 0.000489595 1 0 0
             23.9904  5.10834  14.0757 -23.7798    0.296847   -0.299835 -0.00466849  0.249888 -0.314633 -0.125351 0.000732241 0.000220057 -0.00175626   0.00293096 -0.000707854   0.00146604 1 0 0
             23.9904  5.02953  14.1818 -23.9651     0.304441      -0.2857 -0.000876564   0.336838  -0.163901 -0.0743802 0.000745787 0.000204055 -0.00171722 0.00292964 -0.0019734 0.00119478 1 0 0
             24.0902  5.93727  14.9089 -25.4294   0.338115  -0.314694 -0.0225882  0.285629 -0.270501 -0.108193 0.000732446  0.00021043 -0.00170968   0.0025376 -0.00169647  0.00178988 1 0 0
             24.0902  5.95025  14.8071 -25.5862    0.344174   -0.301536 -0.00842402  0.361161 -0.120616 0.0615913 0.000731332 0.000234073 -0.00167973  0.00280958 -0.00298957 0.000681638 1 0 0
             24.1901 6.64138 14.2507 -26.581   0.372864  -0.321669 -0.0110043  0.342189 -0.205707 0.0120935 0.000757369 0.000267738 -0.00168632  0.00289344 -0.00262677  0.00105142 1 0 0
             24.1901  6.75054  14.3625 -26.5629   0.375028  -0.315016 0.00257633  0.376581 -0.132213  0.165936 0.000737842  0.00024237 -0.00168646  0.00321095 -0.00332798 1.54739e-05 1 0 0
             24.2905  7.56225  14.9167 -26.6545  0.394344 -0.340905  0.019719   0.32854 -0.231606  0.143707 0.000729991 0.000240695 -0.00169203  0.00370322 -0.00259281 2.38491e-05 1 0 0
             24.2905 7.51727  14.982  -26.56  0.405745 -0.339546  0.014015  0.448221  -0.21458 0.0883141 0.000746926 0.000220042 -0.00170975  0.00292013 -0.00307198 0.000304602 1 0 0
             24.3903  7.08586  15.9366 -26.4203  0.439763 -0.372791 0.0383572  0.404522 -0.299817  0.182268 0.000756129 0.000204082 -0.00171732   0.00327166  -0.00259606 -0.000279502 1 0 0
             24.3903  6.99085  15.9216 -26.4134   0.44744 -0.373201 0.0215153     0.474545    -0.303329 -0.000369295 0.000778362 0.000203476 -0.00171898  0.00247816  -0.0026452 0.000930875 1 0 0
             24.4902  6.71428  15.3638 -24.7783   0.500564  -0.413835 -0.0115503  0.511583 -0.361116 -0.136141 0.000826164 0.000216832 -0.00173753  0.00180389 -0.00221827  0.00215185 1 0 0
             24.4902  6.98714  15.1928 -24.6304    0.501487   -0.409736 -0.00539893   0.523226  -0.315286 -0.0637671 0.000777033  0.00024992 -0.00177262  0.00201951 -0.00262513  0.00169676 1 0 0
             24.5913   7.1438  14.1264 -22.1901    0.557271   -0.467339 -0.00425464  0.577316 -0.485573 0.0147545 0.000796485 0.000259237 -0.00181948  0.00168711 -0.00187986  0.00129678 1 0 0
             24.5913  7.16813  14.1384 -22.3133   0.547862  -0.460955 0.00466051 0.494743 -0.41864 0.110892 0.000784122 0.000265946 -0.00179472  0.00259368 -0.00211254 0.000825923 1 0 0
             24.6905  6.38378  13.2449 -20.2633  0.602633 -0.519673 0.0151096  0.486824 -0.512512  0.145435 0.000802352 0.000266562 -0.00181693  0.00210248 -0.00166366  0.00078579 1 0 0
             24.6905  6.33304  13.2988 -20.3445   0.59238 -0.507908 0.0218541  0.391748 -0.383297  0.217825 0.000814312 0.000272626 -0.00179855  0.00318412 -0.00225973 0.000586576 1 0 0
             24.7905  5.12444  11.5125 -19.2785  0.618429 -0.538134 0.0333198  0.289506 -0.339609  0.126178 0.000844945 0.000299887 -0.00182631  0.00352279 -0.00230718  0.00104156 1 0 0
             24.7905  5.19944  11.5682 -19.4717  0.620324 -0.532618 0.0387434  0.317121 -0.277447  0.188265 0.000823461 0.000293046 -0.00178255  0.00360745 -0.00284844 0.000641319 1 0 0
               24.89  5.35653  11.5241 -19.7678  0.628999 -0.556446 0.0695875  0.219766 -0.245441  0.198471 0.000818135 0.000278241 -0.00178959  0.00452084 -0.00267136  0.00023102 1 0 0
               24.89  5.49061  11.6315 -19.8964  0.648298 -0.556651 0.0594857  0.424567 -0.238453  0.104775 0.000787043 0.000250488 -0.00175674  0.00302693 -0.00319808 0.000692082 1 0 0
             24.9905 4.91084 11.6323 -21.127  0.708641 -0.610983 0.0328063   0.53087 -0.346167 -0.127583 0.000798242 0.000257399 -0.00175204  0.00181894 -0.00211249   0.0016488 1 0 0
             24.9905  4.90525  11.6522 -21.1086  0.710642 -0.604097  0.041999   0.558223   -0.26688 -0.0240531 0.000802109 0.000252344 -0.00175537  0.00199263 -0.00279939 0.000943317 1 0 0
             25.0912   4.1662  11.8067 -21.6545  0.766357 -0.637628 0.0224946  0.627904 -0.258177 -0.164019   0.0008219 0.000274775   -0.001769  0.00194462 -0.00234316  0.00144697 1 0 0
             25.0912   4.2354  11.9268 -21.6315  0.759811 -0.629558 0.0354822   0.576604  -0.176465 -0.0217698 0.000811447 0.000253058  -0.0017725  0.00272612 -0.00284599 0.000548962 1 0 0
               25.19  3.96405  13.5966 -20.8042  0.826983 -0.637481 0.0247798   0.700469  -0.107361 -0.0770984 0.000812524 0.000239607 -0.00179598  0.00262471 -0.00319132 0.000848753 1 0 0
               25.19  3.96567  13.6627 -20.8053  0.820918 -0.640808 0.0298684   0.642383  -0.145905 -0.0253043 0.000807396 0.000228411 -0.00179551  0.00298344 -0.00279963 0.000500191 1 0 0
             25.2903  3.87451  14.9344 -20.1133  0.912446 -0.645594 0.0533827   0.817892 -0.0787616   0.166253 0.000807695 0.000196272 -0.00179706   0.00249466  -0.00353288 -0.000505259 1 0 0
             25.2903  3.83357  14.7512 -20.0909  0.897357 -0.653342 0.0404477   0.64715 -0.165163 0.0144468 0.000812758 0.000237967 -0.00180397  0.00310984 -0.00238889 0.000763185 1 0 0
             25.3902  3.74994  13.6578 -20.3956  0.973542 -0.660036  0.031733  0.750207 -0.137357 0.0396646 0.000807835 0.000254303 -0.00179832  0.00282067 -0.00285948  0.00136531 1 0 0
             25.3902  3.75564  13.4944 -20.3842  0.960703 -0.673894  0.030839   0.60115 -0.293767 0.0320439 0.000800517 0.000291793 -0.00180461  0.00337507 -0.00140621  0.00147776 1 0 0
               25.49  3.59597  12.4631 -19.8181   1.01745 -0.701939 0.0382681  0.592352 -0.251276 0.0894501 0.000801834 0.000306557 -0.00180396  0.00358367 -0.00133706  0.00144554 1 0 0
               25.49  3.55879  12.5658 -19.6616   1.01709 -0.710373  0.039533   0.59272 -0.335269  0.100758 0.000815676 0.000280962 -0.00183702   0.00339297 -0.000776487   0.00127367 1 0 0
             25.5903  3.17385  11.8337 -17.7528   1.08264 -0.717316 0.0735305  0.564257 -0.134216  0.200357 0.000839618 0.000246992 -0.00183247  0.00353108 -0.00170369 0.000322249 1 0 0
             25.5903 3.21654 11.6834 -17.592   1.08902 -0.722597 0.0638101  0.635906 -0.188772 0.0828451 0.000837874 0.000275313 -0.00186834  0.00271006 -0.00146967   0.0010465 1 0 0
             25.6902  2.93398  12.3933 -15.5493   1.17455 -0.696507 0.0658195    0.747209   0.0233648 -0.00259616 0.000838726 0.000278055 -0.00186852 0.00242606 -0.0034165 0.00123269 1 0 0
             25.6902  2.93463  12.5581 -15.5936   1.16803 -0.709386 0.0575434  0.675625 -0.119566 -0.100341 0.000830762 0.000239921 -0.00185917  0.00244585 -0.00221283  0.00193078 1 0 0
               25.79  3.07889  15.0313 -15.3233   1.24642 -0.750318  0.026524  0.734566 -0.240386 -0.248664 0.000797903 0.000202463 -0.00182892  0.00156946 -0.00122366  0.00248194 1 0 0
               25.79  2.97517  14.9761 -15.1582   1.23619  -0.75023 0.0392635  0.623252 -0.229265 -0.105388 0.000827297 0.000216037 -0.00186564  0.00259582 -0.00111067  0.00158247 1 0 0
             25.8904  2.60007  16.3581 -13.0046   1.29667 -0.749803 0.0473509   0.609094 -0.0841707 0.00667362  0.00087193 0.000209765 -0.00187475  0.00310023 -0.00191244 0.000961962 1 0 0
             25.8904  2.68571  16.2384 -12.9779   1.29342 -0.751442 0.0511157   0.576693 -0.0996352  0.0428285 0.000853267 0.000235844  -0.0018815  0.00335723 -0.00175457 0.000735863 1 0 0
             25.9901  2.38131  15.9805 -9.90891   1.36263 -0.749788 0.0490713   0.652761 -0.0381287  0.0564478 0.000852916 0.000248278  -0.0018961  0.00299913 -0.00222837   0.0010167 1 0 0
             25.9901  2.33848  15.9683 -9.86165   1.35852 -0.750734 0.0494167   0.613539 -0.0472506  0.0588064 0.000863619 0.000251545 -0.00190671  0.00325694 -0.00209067   0.0010671 1 0 0
               26.09  2.13491  15.2051 -7.22036   1.42847 -0.753874 0.0598687   0.673644 -0.0512089   0.138698 0.000856916 0.000248904 -0.00191332  0.00302687 -0.00221067 0.000937712 1 0 0
               26.09  2.10724  15.1467 -7.20421   1.42785 -0.755724 0.0600593   0.666861 -0.0710543   0.140482 0.000862727 0.000261138 -0.00191765  0.00304942  -0.0020568 0.000924087 1 0 0
             26.1903  2.72416  14.8392 -5.88091   1.48358 -0.772127 0.0818377   0.570116 -0.0975505   0.245303 0.000880982 0.000253283 -0.00192691  0.00340465 -0.00164676  0.00090767 1 0 0
             26.1903  2.79743   14.866 -6.09679   1.48747 -0.769067 0.0783663  0.606926 -0.071974  0.211013 0.000856102  0.00024716 -0.00188028   0.0031049 -0.00186474  0.00110582 1 0 0
             26.2901  1.94572  12.8449 -6.19826   1.55218 -0.775608  0.110996   0.556866 0.00477671   0.201519 0.000858232 0.000237046 -0.00187659  0.00285308 -0.00177918 0.000431865 1 0 0
             26.2901  1.78689  12.6154 -6.25342   1.55533 -0.765647  0.100858   0.57964 0.0995826 0.0998589 0.000899875 0.000288487 -0.00186166 0.00255427 -0.0024402 0.00117346 1 0 0
               26.39 0.488965  12.4074 -6.45056   1.59996 -0.763308  0.121497 0.492685  0.10797 0.093088 0.000908955 0.000265783 -0.00188059  0.00309134 -0.00206646 0.000681083 1 0 0
               26.39 0.508317  12.5502 -6.52807    1.6011 -0.751328  0.105435    0.50018   0.221387 -0.0801399 0.000910089 0.000236289 -0.00185895  0.00283282 -0.00285704   0.0019974 1 0 0
             26.4903 -0.0055214    13.5527   -3.51831   1.64933 -0.692676 0.0739369  0.467376   0.44755 -0.215913 0.000931541 0.000222753 -0.00187235  0.00277076 -0.00398568  0.00291843 1 0 0
             26.4903 0.185797  13.5241 -3.22565   1.64903 -0.702367 0.0828672  0.466885  0.348087 -0.112865 0.000896394 0.000225144 -0.00193621  0.00286588 -0.00326998  0.00212727 1 0 0
             26.5903   0.199973     14.896 -0.0247828   1.68187 -0.670548 0.0641377  0.372164  0.377141 -0.181534 0.000891631 0.000232082 -0.00194827  0.00326191 -0.00301153  0.00243997 1 0 0
             26.5903  0.0863776    14.9911 -0.0650497   1.69011 -0.685422 0.0813011   0.466894   0.258106 -0.0336058 0.000907696  0.00019828 -0.00193996  0.00279158 -0.00217009   0.0011664 1 0 0
               26.69 -0.383049   14.9771   3.65574   1.74569 -0.647958 0.0788383    0.49371   0.380338 -0.0520025 0.000907638 0.000197515 -0.00193649  0.00242334 -0.00245956  0.00095972 1 0 0
               26.69 -0.40202  14.8629  3.76346   1.74669  -0.65472 0.0875678  0.510423   0.32004 0.0239917  0.00091196 0.000218624 -0.00196034  0.00244331 -0.00201151 0.000365396 1 0 0
             26.7903 -0.670191   14.0569   7.04851   1.79431 -0.603316 0.0917158  0.508301  0.443726 0.0368049 0.000925493 0.000231301 -0.00197378  0.00260125 -0.00260558 0.000321064 1 0 0
             26.7903 -0.701609   14.0874   6.95911   1.79092  -0.61381 0.0924029  0.47877 0.336376  0.04299 0.000917747 0.000223637 -0.00195821  0.00288164  -0.0018244 0.000356774 1 0 0
             26.8902 0.293127  12.3978  8.20091   1.82111 -0.566684 0.0957072  0.465618  0.430828 0.0850873 0.000874474 0.000249811 -0.00195556  0.00352826 -0.00232199  0.00069552 1 0 0
             26.8902 0.173848   12.419  8.10549   1.82679  -0.57337 0.0894196   0.52056  0.358654 0.0149383 0.000888905 0.000238123 -0.00193696   0.0030817 -0.00174153   0.0011448 1 0 0
             26.9901 1.54937 12.3684 8.35015   1.89175 -0.551262 0.0749508   0.614858   0.311741 -0.0026386 0.000873803  0.00024622 -0.00194361  0.00266966 -0.00114052  0.00193689 1 0 0
             26.9901 1.51108 12.5294 8.29443   1.88843 -0.548583 0.0793095 0.584862 0.340317 0.047148 0.000882603 0.000214486  -0.0019301  0.00293946 -0.00138068  0.00160711 1 0 0
             27.0903  2.2555 11.1047 7.88476   1.94976  -0.51213 0.0763989    0.537742    0.329073 -0.00070515 0.000860635 0.000223694 -0.00194405  0.00258785 -0.00143895  0.00187603 1 0 0
             27.0903 2.05051 10.9547 7.76064   1.94296 -0.504305 0.0838036  0.470751  0.411842 0.0825176 0.000908252 0.000261339 -0.00191481  0.00309744 -0.00212597  0.00134235 1 0 0
             27.1902 2.52792 9.99677 7.57938   2.00179 -0.470277 0.0994548  0.557808  0.325998 0.0738456 0.000899638 0.000266522 -0.00192612  0.00279198 -0.00193517 0.000800269 1 0 0
             27.1902 2.39514 10.1441 7.59294   1.99015 -0.462554 0.0999291  0.443394  0.397578 0.0736309 0.000939624 0.000247216 -0.00192296  0.00353654 -0.00257096 0.000968801 1 0 0
               27.29 1.77394 12.1888 6.66281   2.05109 -0.434194  0.107601 0.521164   0.3273 0.047109 0.000936196  0.00024306 -0.00193584  0.00304843 -0.00215038 0.000751265 1 0 0
               27.29 1.66851 12.5568 6.59191    2.0396 -0.424624  0.103354   0.411391   0.419191 0.00172337 0.000969284  0.00017472  -0.0019157  0.00370093 -0.00291593  0.00125491 1 0 0
             27.3903 1.12116 13.5048 7.37444   2.08958 -0.390691 0.0944484   0.440608   0.386329 -0.0452869 0.000954236  0.00016724    -0.00193  0.00332768 -0.00252944  0.00147331 1 0 0
             27.3903 1.12483 13.3712 7.48999   2.08175 -0.382447 0.0939522   0.364645   0.471707 -0.0516317 0.000971481 0.000204248 -0.00195456  0.00377173 -0.00322473  0.00163639 1 0 0
             27.4902 0.804257  13.8893   8.8682   2.12447 -0.324641 0.0823677   0.433567   0.526931 -0.0725453 0.000981936 0.000221909 -0.00197921  0.00349081 -0.00360547  0.00186827 1 0 0
             27.4902 0.852435  13.9404   8.8523   2.12602 -0.323758  0.086475    0.44991   0.536382 -0.0252874 0.000971881 0.000208567  -0.0019752  0.00345279 -0.00366555  0.00148918 1 0 0
             27.5901 0.128432  14.8163  9.96078    2.1935 -0.263762 0.0852141  0.567879  0.567741 0.0197218 0.000975823  0.00020411 -0.00196789  0.00267805 -0.00380056  0.00133203 1 0 0
             27.5901 0.0920672   14.8494   10.0724   2.19113 -0.271011 0.0878201  0.546188  0.490025 0.0478266 0.000979928 0.000200496 -0.00199325  0.00297861 -0.00326225  0.00117922 1 0 0
             27.6905 0.902161  13.5927   14.166   2.23918 -0.238845  0.087017  0.505418  0.392021 0.0813414 0.000976378 0.000237406 -0.00200223  0.00319036 -0.00266932  0.00167659 1 0 0
             27.6905 1.02462 13.6241 14.3165   2.23577 -0.245751 0.0943612 0.470663 0.317304 0.167575 0.000947096  0.00023433 -0.00203739  0.00370882 -0.00218611  0.00112452 1 0 0
             27.7902 1.28247 13.1931 15.3573   2.28509 -0.228322 0.0959587  0.455249  0.219229 0.0555368 0.000931589 0.000257622 -0.00204526  0.00353744 -0.00170678  0.00172202 1 0 0
             27.7902 1.17528 13.3359 15.1167   2.28503 -0.225988  0.105396 0.460707 0.246006 0.157987 0.000947139 0.000226527 -0.00199198  0.00364441 -0.00188704 0.000944686 1 0 0
               27.89 0.0864625   13.6546   14.7802   2.32599 -0.199332  0.106092  0.407883  0.251185 0.0551405 0.000952322 0.000252932 -0.00198735  0.00358892 -0.00199359  0.00146981 1 0 0
               27.89 -0.0420031    13.9303    14.7217   2.32715 -0.195114   0.11672 0.428716 0.298389 0.169071 0.000982407 0.000187092 -0.00197256  0.00356246 -0.00229457 0.000569898 1 0 0
             27.9903 -1.75813  14.4574   12.814   2.38505 -0.177385 0.0997767   0.499232    0.27625 -0.0706625 0.000967893 0.000192212 -0.00199518  0.00290635 -0.00161753  0.00163539 1 0 0
             27.9903 -1.81883  14.4044  12.5608   2.37878 -0.164411   0.11151  0.444908  0.417871 0.0503935 0.000985477 0.000203118 -0.00193715  0.00322352 -0.00274907 0.000743811 1 0 0
             28.0902 -2.5836 14.3511 12.0081   2.42042 -0.119485  0.112185    0.379298    0.467619 -0.00952495 0.000985477 0.000203118 -0.00193715  0.00322352 -0.00274907 0.000743811 1 0 0
             28.0902  -2.435 14.4511 12.3978   2.41333 -0.114119  0.119629  0.303393    0.5266 0.0776712 0.000982567  0.00019043 -0.00202129  0.00382141 -0.00330011  0.00019171 1 0 0
             28.1901 1.96176 14.4454 13.1396  2.46376 -0.05539 0.092349 0.363765 0.603061 -0.11462 0.000946301  0.00021236 -0.00203856  0.00263135 -0.00336889  0.00135709 1 0 0
             28.1901 2.26825 14.4822 13.1293   2.45616 -0.059029 0.0973992   0.286942   0.561425 -0.0642706 0.000875613  0.00020638  -0.0020351  0.00335166 -0.00320315  0.00114513 1 0 0
             28.2904 4.19047 12.8817 14.4888    2.46674 0.00978038  0.0797885  0.161633  0.681482 -0.133594 0.000865398 0.000217015 -0.00204559  0.00368971 -0.00362192  0.00165411 1 0 0
             28.2904 3.95826 12.7208 14.5486   2.46784 0.0018529 0.0863548   0.171219   0.600508 -0.0678114 0.000919153 0.000252963 -0.00206187  0.00389308 -0.00300054  0.00115041 1 0 0
             28.3902 4.20919 13.7056 12.7342   2.49593 0.0104793 0.0941983  0.263721  0.412629 0.0641442 0.000919266 0.000221493 -0.00202806   0.00430742 -0.000758327  0.000695724 1 0 0
             28.3902 3.98675 13.8785 12.5559   2.49537 0.0190886 0.0923266   0.26039  0.506011 0.0416411 0.000963489 0.000183026 -0.00198531  0.00411937 -0.00142723   0.0008798 1 0 0
             28.4901 5.98918  13.665 11.9532    2.5348 0.0919889 0.0607602   0.307865    0.58893 -0.0227603 0.000959012 0.000209983 -0.00200131  0.00290336 -0.00205067  0.00259178 1 0 0
             28.4901 6.15126 13.5893 12.0691   2.53162  0.100005 0.0715667  0.279519  0.676705 0.0956662 0.000931611 0.000223952 -0.00202831  0.00316522 -0.00282971  0.00174019 1 0 0
             28.5903 7.77242 12.5024 10.7439  2.54519 0.174836 0.089348 0.206485  0.67558 0.164563 0.000923602 0.000221373 -0.00201315  0.00360137 -0.00333442  0.00166878 1 0 0
             28.5903 7.76046 12.3666 10.7661   2.54763  0.178411 0.0984645 0.237573 0.718606 0.260601 0.000928432 0.000249165 -0.00202212  0.00348132 -0.00368539 0.000887255 1 0 0
             28.6902 7.32928 11.4761 11.3017  2.56327 0.251731 0.123932 0.179888 0.673778  0.21727 0.000937077 0.000249132 -0.00202787  0.00370568   -0.003925 0.000933181 1 0 0
             28.6902 7.12732 11.5539 11.4424  2.57161 0.242385 0.124495 0.262267 0.578673 0.231086  0.00098584 0.000225631 -0.00205915  0.00327833 -0.00310504 0.000607976 1 0 0
             28.7901 4.06988 9.93121 9.86256  2.59825 0.296905 0.144273 0.279967 0.519878 0.168163  0.00098584 0.000225631 -0.00205915  0.00327833 -0.00310504 0.000607976 1 0 0
             28.7901 3.86175 9.82046 9.74602  2.60155 0.287828 0.137016  0.308025  0.423608 0.0858888  0.00102605 0.000252442 -0.00203679  0.00308916 -0.00224253  0.00113167 1 0 0
             28.8904 2.05387 10.3946 10.4461  2.63631 0.326838 0.142998  0.376094  0.346717 0.0288791  0.00102605 0.000252442 -0.00203679  0.00308916 -0.00224253  0.00113167 1 0 0
             28.8904 2.11339 10.6627 10.7249  2.63358 0.323387  0.13928   0.346655   0.309202 -0.0130551  0.00102292  0.00018937 -0.00209765  0.00332628 -0.00197886  0.00149469 1 0 0
             28.9902  1.0726 10.8489 10.6487  2.66793 0.354504 0.134717   0.357134   0.331118 -0.0819935  0.00102292  0.00018937 -0.00209765  0.00332628 -0.00197886  0.00149469 1 0 0
             28.9902 1.16441 10.8034 10.5168  2.66498 0.357443 0.131555  0.328211  0.360621 -0.117655 0.000997304 0.000201578 -0.00206848  0.00344644 -0.00224365  0.00181681 1 0 0
               29.09 0.970589   10.618  11.2324  2.70292 0.394929  0.11697  0.433324  0.389931 -0.151096 0.000997304 0.000201578 -0.00206848  0.00344644 -0.00224365  0.00181681 1 0 0
               29.09 1.08332  10.553 11.4281  2.69899  0.39768 0.118081  0.397796  0.415344 -0.139958 0.000981187 0.000217035 -0.00211295  0.00368695 -0.00250055  0.00177612 1 0 0
             29.1902 0.818668  11.8178  11.1673   2.7473 0.440508 0.111949  0.560359  0.432738 0.0680047 0.000981187 0.000217035 -0.00211295  0.00368695 -0.00250055  0.00177612 1 0 0
             29.1902 0.785934  11.9898  11.1056  2.75189 0.445302 0.120101 0.616091 0.488584 0.153949 0.000991434 0.000171912  -0.0020987    0.003324 -0.00283321  0.00101046 1 0 0
               29.29 1.22392 17.2106 11.3079  2.81278 0.495201  0.15907 0.588112 0.438364 0.512238   0.0010053 0.000157373 -0.00210832  0.00340342 -0.00301582  0.00074294 1 0 0
               29.29 1.32038 17.5108 11.3344  2.81611 0.494932  0.15628 0.621628 0.436757 0.483254 0.000983526 8.42014e-05 -0.00211206  0.00314376 -0.00295723 0.000921956 1 0 0
             29.3903 1.62742 16.9839 11.0961  2.87134 0.535283 0.210373 0.517082 0.363928 0.570265 0.000983526 8.42014e-05 -0.00211206  0.00314376 -0.00295723 0.000921956 1 0 0
             29.3903  1.6542 16.4177 11.0719  2.86708 0.532561 0.205643 0.465574 0.331441 0.515168 0.000972489 0.000221309 -0.00211062  0.00338579 -0.00279311  0.00144651 1 0 0
             29.4901  1.5493 15.4312 10.6992  2.91464 0.563284 0.251565 0.490719 0.307037 0.359114 0.000972489 0.000221309 -0.00211062  0.00338579 -0.00279311  0.00144651 1 0 0
             29.4901 1.49965  15.414 10.7573  2.91032 0.561061 0.250244 0.446308 0.279873 0.343075 0.000985568 0.000230768 -0.00212427  0.00370547 -0.00265239  0.00167294 1 0 0
               29.59 1.71202 14.8046 8.49704  2.96025 0.581695 0.268461  0.486349   0.28509 0.0904202 0.000974176 0.000226613 -0.00212027  0.00359726 -0.00224305  0.00180534 1 0 0
               29.59 1.72118 14.8058 8.33444  2.95371 0.579582 0.269098  0.418303  0.261365 0.0922313 0.000962482 0.000233398 -0.00208475  0.00413928 -0.00216428   0.0019426 1 0 0
             29.6904  3.8799 14.3796 10.4359  2.98678 0.631568 0.271533    0.386243     0.40368 -0.00729326 0.000976324 0.000249236 -0.00210555 0.00429857 -0.0032249 0.00209502 1 0 0
             29.6904 4.02422 14.4413 10.7422  2.99103 0.626584 0.274631  0.427081  0.356958 0.0255434 0.000956237  0.00022892 -0.00217351  0.00412758 -0.00282887  0.00176604 1 0 0
             29.7901 6.75096 15.0139 10.1203  3.04177  0.65943 0.257776  0.481841  0.389728 -0.157818 0.000921753 0.000229695   -0.002182  0.00375465 -0.00258554  0.00228037 1 0 0
             29.7901 6.61239 15.0437 9.85506  3.04705 0.654188 0.267875   0.535922   0.344766 -0.0600717 0.000932188 0.000223087  -0.0021252  0.00361828 -0.00221464  0.00141708 1 0 0
               29.89 6.86968 15.5898 8.57233  3.10304 0.681423 0.248526  0.519046  0.426357 -0.159833  0.00092499 0.000201592 -0.00210481  0.00351466 -0.00160306  0.00173428 1 0 0
               29.89 6.68144  15.431 8.66602  3.10198 0.686591 0.259953   0.512544   0.484195 -0.0436995 0.000977699 0.000234221 -0.00212846  0.00371131 -0.00214961 0.000879769 1 0 0
             29.9903 2.81281 14.6932    8.62  3.15067 0.748383 0.259574  0.521369   0.64906 0.0579623  0.00102114 0.000230528 -0.00215375  0.00377112 -0.00237237 0.000897971 1 0 0
             29.9903  2.4762  14.562 8.65815  3.14772 0.759492 0.261287  0.502199  0.759598 0.0746998  0.00111177 0.000259394  -0.0021602  0.00380272 -0.00322725 0.000860006 1 0 0
             30.0901 0.000574661     16.5998     8.82775  3.19993 0.834875 0.282513 0.520127  0.71554 0.385367  0.00111177 0.000259394  -0.0021602  0.00380272 -0.00322725 0.000860006 1 0 0
             30.0901 0.0907857   17.0411   8.97961    3.198 0.839194 0.280893 0.505042 0.760541 0.368155  0.00110766 0.000160054 -0.00219167  0.00385646 -0.00357629  0.00103603 1 0 0
               30.19 0.402012  17.6411   7.7369  3.24271 0.884863 0.355445  0.38548 0.525705 0.672565  0.00108539 0.000132824 -0.00218254   0.00423276  -0.00269677 -1.31429e-06 1 0 0
               30.19 0.721223    17.31  7.67799    3.238 0.893518 0.337812 0.331831 0.613607 0.466431  0.00101878 0.000217361 -0.00216864  0.00399098 -0.00345403  0.00165751 1 0 0
             30.2914 -0.790285   15.1392   8.93095  3.26389 0.976107 0.394788 0.296491 0.706506 0.424631  0.00104402 0.000240786 -0.00213231  0.00426013 -0.00425334   0.0010657 1 0 0
             30.2914 -0.864505   15.0792   9.42956  3.26547 0.973959 0.377934 0.312006 0.677864 0.230882  0.00108742 0.000255778 -0.00224236  0.00369326 -0.00400773  0.00253078 1 0 0
             30.3902  -2.253 14.9514 9.49546  3.32696  1.01221 0.385958      0.51081     0.500775 -0.000520778  0.00109017 0.000240084 -0.00227066  0.00273727 -0.00282568  0.00248041 1 0 0
             30.3902 -2.19259  15.0216  9.25951  3.32081  1.01124 0.379839   0.439804   0.489957 -0.0729053   0.0010602 0.000230825 -0.00221892 0.00312489 -0.0028557 0.00317747 1 0 0
             30.4904 -3.28827  15.0551  8.71838  3.36657  1.06069 0.363494  0.476417  0.511391 -0.244683   0.0010602 0.000230825 -0.00221892 0.00312489 -0.0028557 0.00317747 1 0 0
             30.4904 -3.21995  15.0438  8.71705 3.35921 1.06019 0.37556  0.399819  0.506019 -0.116568   0.0010455 0.000239904 -0.00221853  0.00397834 -0.00288667  0.00232988 1 0 0
             30.5904 -4.11343  15.5619  8.42689 3.38277 1.10863 0.35828  0.381425  0.537028 -0.165366  0.00106393 0.000238496 -0.00223312  0.00482554 -0.00284532   0.0026885 1 0 0
             30.5904 -4.01893  15.5634  8.40723 3.39241 1.11047 0.37313    0.496667    0.553649 -0.00784361  0.00103955 0.000228138 -0.00222809  0.00427755 -0.00273397  0.00121976 1 0 0
             30.6901 -2.9175 16.5081 8.47223   3.4534  1.17694 0.390013 0.626017 0.611931 0.237297   0.0010295 0.000210157  -0.0022352  0.00404458 -0.00310803 0.000704198 1 0 0
             30.6901 -2.8543 16.5316 8.54863  3.45962  1.17564 0.392208 0.686796 0.600686 0.259065  0.00101731 0.000199694 -0.00225315  0.00366007 -0.00292801 0.000421912 1 0 0
               30.79 -2.96445  17.7926   8.1476   3.5407  1.21623 0.458309 0.790625  0.46447  0.71681  0.00106609 0.000151397 -0.00226728   0.00373391   -0.0021548 -0.000459803 1 0 0
               30.79 -2.8709 17.6165 8.05995  3.53783  1.21623 0.437323 0.753091 0.456766 0.508358  0.00103764 0.000193976 -0.00224494 0.00351128 -0.0022682 0.00124398 1 0 0
             30.8903 -1.38074  17.2749   7.7423  3.60483  1.25891 0.497175 0.569558 0.411637 0.625638  0.00103764 0.000193976 -0.00224494 0.00351128 -0.0022682 0.00124398 1 0 0
             30.8903 -1.15173  17.0414  7.84207  3.59631  1.26278 0.484558 0.472812 0.446506  0.49711 0.000997231 0.000259858 -0.00226151  0.00382489 -0.00273055  0.00242378 1 0 0
             30.9904 0.718482  15.0047  9.63646  3.63165  1.31567 0.537238 0.377934 0.478487 0.432292  0.00101298 0.000299086 -0.00228785  0.00411885 -0.00311311  0.00224704 1 0 0
             30.9904 0.720036  15.0342  9.68038 3.62859 1.31359 0.53211 0.347435 0.457643 0.384054  0.00101371 0.000296744 -0.00229775  0.00424896 -0.00300437  0.00270072 1 0 0
               31.09 0.314116   12.583   8.6261  3.68907  1.35662 0.565737 0.497961 0.533036 0.159895   0.0010103 0.000318132  -0.0022509   0.0034559 -0.00243828  0.00210479 1 0 0
               31.09 0.124501  12.6779  8.69653  3.67884  1.36241 0.568835 0.399893 0.588472 0.194571  0.00106301 0.000303019 -0.00226262  0.00420192 -0.00300065  0.00201491 1 0 0
             31.1901 -0.86861  12.5168  9.47702  3.68606  1.44082 0.592446  0.218113  0.720245 0.0605117  0.00110476 0.000298741  -0.0022636  0.00550066 -0.00384725  0.00168485 1 0 0
             31.1901 -0.770284   12.7052   9.53292  3.69855  1.43366 0.583522   0.338828   0.641071 -0.0260325  0.00107951 0.000247645 -0.00227681  0.00452031 -0.00305385  0.00218422 1 0 0
             31.2904 0.892533  12.1032  12.0706  3.72926  1.49857 0.568955  0.281139  0.730712 -0.192499  0.00107375  0.00024905 -0.00228628  0.00449234 -0.00285383  0.00236397 1 0 0
             31.2904  1.0991 11.9786 12.2668  3.7424 1.49386 0.56736  0.406886  0.688524 -0.202589  0.00103147 0.000267328 -0.00233144  0.00355429 -0.00234685   0.0022517 1 0 0
             31.3927 1.39805  11.407 14.4299  3.83607  1.57238 0.522868  0.704949  0.831607 -0.314841  0.00103745   0.0002723 -0.00237436   0.0014633 -0.00210176  0.00254921 1 0 0
             31.3927 1.16224 11.4992 14.2018  3.81697  1.57589 0.538713  0.531279  0.865507 -0.171442  0.00108379 0.000277431 -0.00232545  0.00297003 -0.00266258   0.0016703 1 0 0
             31.4901 -1.70063  12.9492  15.0215  3.87368  1.64873 0.531519  0.653937  0.844645 0.0666668  0.00110513 0.000274782 -0.00234297  0.00316842 -0.00206233  0.00173312 1 0 0
             31.4901 -1.81297  13.1439  14.8942 3.85527 1.65909 0.54341  0.47868 0.958768 0.177925   0.0011531 0.000263937 -0.00231873  0.00436184 -0.00321291  0.00111187 1 0 0
             31.5904 -1.23709  17.2552  15.1842  3.90327  1.75454 0.570525 0.425089 0.868783 0.470724  0.00116821 0.000227283 -0.00233752  0.00425576 -0.00336847  0.00143419 1 0 0
             31.5904 -0.773571   17.2628   15.1182  3.89987   1.7606 0.573178 0.393689  0.92935 0.498268  0.00106562 0.000227817 -0.00232116  0.00440155 -0.00390611  0.00122225 1 0 0
             31.6902 -1.36089  16.1236  13.6348  3.94096  1.85462 0.630551 0.383962 0.886743 0.565506  0.00106205 0.000220844 -0.00231971  0.00415323 -0.00409747  0.00102059 1 0 0
             31.6902 -1.64778  15.6054   13.475 3.94378 1.84646  0.6261 0.402336 0.798464 0.521356  0.00110808 0.000343175 -0.00228276  0.00407088 -0.00339551  0.00139307 1 0 0
             31.7901 -4.46762  16.2056  13.3306  3.98438  1.93326 0.667832 0.462303 0.800278 0.395407  0.00113783 0.000318177 -0.00228863   0.0040243 -0.00371768  0.00165247 1 0 0
             31.7901 -4.55107  16.3661  13.4641  3.98533  1.92256 0.662539 0.473806 0.684027 0.337105  0.00115608  0.00028466 -0.00232518  0.00404433 -0.00281125  0.00218555 1 0 0
             31.8905 -5.62414  16.8303  12.2956  4.03055  1.96586 0.685738  0.465749  0.540668 0.0968225  0.00112882  0.00026424 -0.00233011  0.00440689 -0.00187439  0.00231697 1 0 0
             31.8905 -5.45257     16.7   12.377  4.03413  1.97028 0.684638  0.499726  0.584754 0.0866723  0.00109668 0.000292801 -0.00234463  0.00403679 -0.00215697  0.00227147 1 0 0
             31.9902 -5.55315  16.2681  12.9265   4.0838  2.02908 0.680473  0.501264  0.593288 -0.130224  0.00109668 0.000292801 -0.00234463  0.00403679 -0.00215697  0.00227147 1 0 0
             31.9902 -5.52566  16.2136  13.0803  4.08638  2.03323 0.682333  0.528734  0.638716 -0.109359   0.0011032 0.000305898 -0.00237738  0.00379527 -0.00243538  0.00198627 1 0 0
             32.0901 -4.40865   14.664  14.4946  4.15771  2.07811 0.666237    0.6382  0.587449 -0.113333  0.00112674 0.000320903 -0.00239886  0.00320351 -0.00138219  0.00212271 1 0 0
             32.0901 -4.17685  14.6206  14.5559  4.14362  2.09352 0.670139   0.505693   0.749886 -0.0674516   0.0010885 0.000339355 -0.00240581  0.00399654 -0.00290043  0.00180228 1 0 0
             32.1904 -2.80272   16.115  15.7591  4.19867  2.22037 0.686237 0.644839  1.08607 0.235934  0.00107187  0.00029714 -0.00240343  0.00381633 -0.00480154 0.000993776 1 0 0
             32.1904 -2.97906  16.2973  15.7225  4.19509   2.2114 0.679492 0.613083 0.988236 0.165062  0.00110184 0.000258372 -0.00239889  0.00411563 -0.00416985  0.00174223 1 0 0
             32.2903 -4.25842  21.0056  16.3757  4.27213  2.29826 0.719574 0.588659 0.870298 0.581522  0.00116602 0.000190807 -0.00242518  0.00364868 -0.00354639  0.00151027 1 0 0
             32.2903 -4.12911  20.8866  16.2771  4.27049  2.29176 0.717852 0.569779 0.799372 0.561434  0.00111793 0.000221622 -0.00239953  0.00387778 -0.00309291  0.00178013 1 0 0
             32.3901 -3.01499  18.0803  17.4899  4.30601  2.35184 0.787289  0.31193  0.67955 0.692443  0.00112272 0.000212439 -0.00240001  0.00441913 -0.00257026   0.0017774 1 0 0
             32.3901 -2.79306  17.3519  17.6267 4.30445 2.35011 0.78411 0.293117 0.657065  0.66088  0.00107713 0.000389142 -0.00242314    0.004464 -0.00248552  0.00207108 1 0 0
             32.4904 -2.39149  15.0004  18.5258  4.32463  2.41987 0.837505 0.254714 0.738064 0.359708  0.00108096  0.00040081 -0.00242682  0.00477705 -0.00259742  0.00219681 1 0 0
             32.4904 -2.44279  15.3062  18.4437  4.32035  2.42069 0.834401 0.213425 0.744488  0.32929  0.00108916 0.000331683 -0.00240979  0.00498922 -0.00277163  0.00252339 1 0 0
             32.5903 -1.9363 16.2444 21.8288  4.34731  2.49364 0.846485  0.191232  0.790631 -0.078068  0.00110004 0.000302577 -0.00241497  0.00475072 -0.00243038  0.00243776 1 0 0
             32.5903 -1.98228  16.3926  22.1334  4.35167  2.49586 0.845698   0.232951   0.814844 -0.0876275  0.00113264 0.000267799 -0.00248519  0.00435497 -0.00249711  0.00240405 1 0 0
             32.6901 -1.91515  16.5369  25.2244 4.39749  2.5847 0.80086  0.307815  0.882051 -0.405149  0.00111959 0.000274966 -0.00252143   0.0030651 -0.00242322  0.00315719 1 0 0
             32.6901 -2.02312  16.4521  25.0082  4.38785  2.59407 0.821675  0.210298  0.983269 -0.203965   0.0011357  0.00029833 -0.00247008  0.00392587 -0.00344921  0.00161179 1 0 0
             32.7904 -1.38263  14.2774   26.669  4.40353  2.70372 0.811833  0.161343   1.14357 -0.141497  0.00112587 0.000293594  -0.0024627  0.00401376 -0.00368297  0.00111596 1 0 0
             32.7904 -1.45811  14.0623  26.5608  4.39786  2.70564 0.805699  0.101273   1.16513 -0.201208  0.00113971 0.000349028 -0.00243486   0.0042022 -0.00407783  0.00167902 1 0 0
             32.8903 -5.11092  16.1424  23.0034  4.42668  2.80508 0.777001   0.296132    1.16927 -0.0191603  0.00112951 0.000355889 -0.00245173  0.00412014 -0.00291135  0.00255445 1 0 0
             32.8903 -5.50172  16.5705  22.4423  4.41914  2.81235 0.785163  0.229133   1.24997 0.0666505  0.00119576  0.00024707 -0.00233242  0.00450385 -0.00368602  0.00188209 1 0 0
             32.9901 -3.40111  17.9139  21.7615  4.45402  2.89368 0.793161  0.29318 0.907101 0.208432  0.00118201 0.000224669 -0.00234464  0.00466041 -0.00209571  0.00255293 1 0 0
             32.9901 -2.84547  17.7503  22.0726  4.44939   2.9093 0.811259 0.240371  1.07611 0.396516  0.00109651 0.000260413 -0.00241242  0.00490107 -0.00335796 0.000863724 1 0 0
             33.0906 1.94141 16.2261 22.0164  4.48598   3.0086 0.826619 0.313093  1.00048 0.123701  0.00104037 0.000292346 -0.00242562  0.00438191 -0.00308728  0.00152335 1 0 0
             33.0906 1.95744 16.0616 22.0409  4.47938  3.01747 0.835759 0.249728  1.09792 0.216472  0.00104962 0.000330688 -0.00242707  0.00476377  -0.0039669 0.000778661 1 0 0
             33.1903 0.966813   15.714  20.0498  4.52021  3.13779 0.848125   0.381327     1.2364 -0.0289102  0.00104292 0.000309457 -0.00244087  0.00429418 -0.00399919 0.000337955 1 0 0
             33.1903 0.438256  15.7611  19.9089  4.50978  3.13637 0.833684  0.283475   1.21802 -0.170174  0.00116166 0.000303548 -0.00240506  0.00472474 -0.00413482  0.00169401 1 0 0
             33.2901 -1.96282  17.4797  18.4957  4.56279  3.25768 0.801731 0.443399  1.26227 -0.21009  0.00117936  0.00027745 -0.00240335  0.00382853 -0.00360147  0.00207039 1 0 0
             33.2901 -1.93099   17.515  18.5913  4.55431  3.25374 0.802623  0.360343   1.22138 -0.201437  0.00117913 0.000278022 -0.00242727     0.00458 -0.00354459   0.0022163 1 0 0
             33.3905 -1.88293  18.1317  19.6746  4.59199  3.36501 0.782432   0.371302    1.17488 -0.0843518  0.00118572 0.000289783  -0.0024321  0.00463076 -0.00299233  0.00254878 1 0 0
             33.3905 -1.58381  18.0809  19.9349  4.58938  3.36369 0.791361  0.345288   1.15995 0.0075647  0.00113299 0.000306467 -0.00249088   0.0050867 -0.00295116  0.00188196 1 0 0
             33.4903 -0.426923   18.5137   21.1121  4.63128  3.48357 0.799414 0.342239  1.13804 0.179112  0.00114736 0.000304238 -0.00248301  0.00471789 -0.00303794   0.0018531 1 0 0
             33.4903 -0.325451   18.5405   21.2311  4.63032  3.48085 0.804128 0.334384  1.10776 0.225079  0.00112893 0.000299817  -0.0025107  0.00498029 -0.00282996   0.0015404 1 0 0
             33.5901 -0.76063  17.3376  21.7223  4.67277   3.5583 0.814892 0.255406 0.889071 0.190819  0.00111359 0.000300332 -0.00254361  0.00455853 -0.00151026  0.00208401 1 0 0
             33.5901 -0.917928    17.105   21.5141  4.66249  3.56449 0.818483 0.141329 0.962352 0.225976  0.00114403 0.000363616 -0.00248834  0.00523123 -0.00239148  0.00198595 1 0 0
             33.6899 -2.95928  14.2721  25.1138  4.64951  3.66325 0.832833 -0.00527993    0.972551   0.0974099  0.00114965 0.000416808 -0.00247855  0.00603627 -0.00287198  0.00244258 1 0 0
             33.6899 -3.14066  14.3987  25.4591  4.65598  3.67367 0.842367 0.0604282   1.09074  0.194117  0.00122246 0.000383042 -0.00255186  0.00545002 -0.00351767  0.00139341 1 0 0
             33.7903 -3.51156   12.036  26.1188  4.66439  3.78204 0.853921 0.0826564   1.08435 0.0330934  0.00122246 0.000383042 -0.00255186  0.00545002 -0.00351767  0.00139341 1 0 0
             33.7903 -3.40089   12.157  25.8909  4.67678  3.78817 0.855647  0.206763   1.15183 0.0529987  0.00118708 0.000342643 -0.00249892  0.00435276 -0.00354293 0.000925303 1 0 0
             33.8901 -0.479143   12.0001   28.6385  4.70317  3.91021 0.841372  0.262949   1.21418 -0.113325  0.00113927 0.000339582 -0.00252975  0.00393272 -0.00374265   0.0013647 1 0 0
             33.8901 -0.481406   12.1885   28.6829  4.70769  3.90859 0.840789  0.310846   1.19557 -0.121299   0.0011403 0.000291566 -0.00254299  0.00365862 -0.00341792  0.00139269 1 0 0
               33.99 -1.51133  13.3605  29.9511  4.74274  3.99744 0.836997  0.311875   1.09253 0.0283617  0.00112193 0.000283867 -0.00255591  0.00429981 -0.00191636  0.00149679 1 0 0
               33.99 -1.84805  13.4482  29.7814  4.73457  4.00615 0.828618   0.234755     1.1836 -0.0493208  0.00120482 0.000267021 -0.00251548   0.0043392 -0.00287665  0.00215199 1 0 0
             34.0903 -3.21148  13.5526  29.6038   4.7557  4.15653 0.836294 0.238098  1.37596 0.196148  0.00121725 0.000268462 -0.00254597  0.00389469 -0.00401124  0.00202885 1 0 0
             34.0903 -3.26303  13.4349    29.43  4.75568  4.15153 0.828911 0.235289  1.32147 0.124768  0.00121582 0.000296885 -0.00250508   0.0039927 -0.00366199  0.00268587 1 0 0
             34.1915 -2.1682 13.0795 29.6094   4.7817  4.29399 0.835559 0.202076   1.3084 0.101583  0.00118524 0.000304387 -0.00251505  0.00347263 -0.00402319  0.00290741 1 0 0
             34.1915 -2.09507  13.0674  29.6521   4.7751   4.2813 0.837691 0.141265  1.18032 0.121716   0.0011658 0.000316799 -0.00252648  0.00445814 -0.00340608  0.00300605 1 0 0
             34.2906 -3.06905  12.5662  29.9667   4.7823  4.38106 0.844513   0.12924   1.04234 0.0422686  0.00114272 0.000337273 -0.00254315  0.00498786 -0.00311262  0.00324799 1 0 0
             34.2906 -3.33472  12.6046  29.9233  4.78264  4.37186 0.857595 0.126444 0.951855  0.16831  0.00119946 0.000331801  -0.0025348  0.00564312 -0.00242301  0.00233389 1 0 0
             34.3904 -2.76785  11.5138  30.7262  4.79373  4.47503 0.871289  0.195149  0.964277 0.0488937  0.00119644 0.000359595  -0.0025346    0.005608 -0.00288507  0.00215014 1 0 0
             34.3904 -2.66972   11.636  30.7636  4.80041  4.47005 0.879446  0.25823  0.92001 0.124313  0.00117122 0.000328362  -0.0025469  0.00551028 -0.00224988  0.00149563 1 0 0
             34.4903 -1.36526  11.0566  30.1811  4.83408  4.55985 0.886236  0.399892  0.876718 0.0348732  0.00117122 0.000328362  -0.0025469  0.00551028 -0.00224988  0.00149563 1 0 0
             34.4903 -1.33485  11.1064  30.0583  4.83761   4.5614 0.882569    0.440023    0.893539 -0.00229314  0.00115731 0.000313653 -0.00251897  0.00509396 -0.00220251  0.00173669 1 0 0
               34.59 -1.24489  10.8695  26.3855  4.88479  4.64753 0.884337  0.49268 0.834603 0.075357  0.00115731 0.000313653 -0.00251897  0.00509396 -0.00220251  0.00173669 1 0 0
               34.59 -1.42748  10.8754  26.1556 4.88212 4.65224 0.88031  0.460436    0.8887 0.0323575  0.00119279 0.000307338 -0.00246343  0.00501213 -0.00273303  0.00208521 1 0 0
             34.6903 0.519763  11.3585   24.858  4.94899  4.70394 0.882508 0.505062  0.65975 0.144325  0.00116503 0.000330044  -0.0024183   0.00484517 -0.000703014   0.00263448 1 0 0
             34.6903 0.680508   11.447  25.2366  4.93694  4.72202 0.883455 0.380092 0.859007 0.148406  0.00115019   0.0003006 -0.00250796  0.00498676 -0.00266674  0.00258163 1 0 0
             34.7901 1.71723 10.8425 22.6331  4.97319   4.7989 0.908891 0.313596 0.819927 0.171664  0.00115285 0.000298525 -0.00252233  0.00511266 -0.00232109  0.00213884 1 0 0
             34.7901 1.68041  10.664 22.5178 4.95844 4.81839 0.90435 0.149174  1.04932 0.123561  0.00116768 0.000338409 -0.00249132  0.00540904 -0.00463386  0.00262982 1 0 0
             34.8899 -0.223968   10.1829   21.4386  4.95749  4.94886 0.931398 0.0463043   1.21342  0.103414   0.0012215 0.000332661 -0.00248204   0.0056798 -0.00584059   0.0017663 1 0 0
             34.8899 -0.297068   10.2752   21.6169  4.96001  4.95162 0.922502 0.0749518   1.24182 0.0174672  0.00124698 0.000308486 -0.00252474   0.0052291 -0.00594056   0.0024416 1 0 0
             34.9911 -1.12137  10.3286  20.0158  4.98709  5.09566 0.903011  0.179817   1.34443 -0.218255  0.00121155 0.000313544 -0.00252932   0.0040778 -0.00634301  0.00275678 1 0 0
             34.9911 -1.13524  10.3512  20.0671  4.99257  5.08013 0.902085 0.229983  1.17937 -0.23022  0.00121324 0.000310571 -0.00254271  0.00421705 -0.00487669  0.00289185 1 0 0
             35.0901 -2.0456 10.5627  17.621  5.01138  5.19134 0.870351 0.173665  1.20311 -0.29926  0.00122307 0.000309659 -0.00254076  0.00446199 -0.00457958  0.00307654 1 0 0
             35.0901 -1.99221  10.6239  17.5666  5.01704  5.16917 0.873377  0.219409  0.969076 -0.275587  0.00119176 0.000303176 -0.00253031  0.00486264 -0.00259756  0.00299108 1 0 0
             35.1902 -2.06747  10.9299  16.9131  5.0327 5.24908 0.86421   0.201659   0.918101 -0.0609767  0.00119478 0.000302504 -0.00254944  0.00552756 -0.00187926  0.00263534 1 0 0
             35.1902 -1.96383  10.8654  17.0166  5.03433  5.23999 0.865169   0.217263   0.813464 -0.0519199  0.00116322 0.000323492 -0.00257561  0.00569315 -0.00101956  0.00262523 1 0 0
             35.2901 -1.81367  11.6475  14.4253  5.07417   5.3085 0.856064 0.340597 0.712582 0.062209  0.00114227 0.000325565 -0.00259999   0.00516993 -0.000359596   0.00318183 1 0 0
             35.2901 -1.89291  11.6733  14.1719  5.06787  5.31793 0.863858 0.277762 0.818669 0.141952  0.00116465 0.000317805 -0.00253841  0.00551626 -0.00131053  0.00251032 1 0 0
             35.3903 -0.971936   12.7161   10.7497  5.09023    5.403 0.870386  0.267639  0.775039 0.0480153  0.00117124  0.00032332 -0.00255641  0.00562663 -0.00172832  0.00280173 1 0 0
             35.3903 -0.92423  12.7321  10.6752  5.08263  5.41697 0.874802  0.189377  0.929263 0.0989282  0.00117552 0.000316077 -0.00253627   0.0059929 -0.00312132  0.00238244 1 0 0
             35.4901 -1.13773  13.0187  8.26137  5.10355   5.5072 0.861246  0.189202  0.884664 -0.110653  0.00114174 0.000331247 -0.00254189  0.00569108 -0.00306315  0.00316913 1 0 0
             35.4901  -1.398 13.0248 8.31219  5.10071  5.52073 0.875032  0.170816   1.04082 0.0226238  0.00122297 0.000322515 -0.00255226  0.00583442 -0.00433934  0.00199705 1 0 0
               35.59 -0.523534    13.358   5.41985  5.14413  5.62444 0.872081   0.336655    1.05297 -0.0514129  0.00121151 0.000323131 -0.00256873  0.00481923 -0.00414746  0.00176632 1 0 0
               35.59 -0.364994   13.3988   5.38408  5.13507   5.6289 0.875084   0.243035    1.10097 -0.0242789  0.00117746 0.000319306 -0.00255818  0.00557522 -0.00467363  0.00169004 1 0 0
             35.6903 0.385185  13.8755  5.02954  5.14123  5.73929 0.862949   0.181478    1.13557 -0.0776317  0.00116348 0.000328473 -0.00255102   0.0063217 -0.00468719  0.00229992 1 0 0
             35.6903 0.349617  13.9226  5.33539  5.15082  5.73632 0.863311   0.286087    1.10112 -0.0713355  0.00118416 0.000309655 -0.00262528  0.00551405 -0.00430304  0.00205322 1 0 0
             35.7901 1.67867 14.1082 4.29401  5.19621  5.83529 0.866499  0.394831    1.0905 0.0658512  0.00119336  0.00030718 -0.00262866  0.00508364 -0.00365897   0.0016426 1 0 0
             35.7901 1.81632 14.0772 4.28104  5.19559  5.83052 0.861348  0.383581   1.03439 0.0145892  0.00115357 0.000316836 -0.00262618  0.00510502 -0.00320997  0.00210529 1 0 0
               35.89  2.2429  12.835 4.75607 5.21492 5.94498 0.87197 0.272266  1.11785  0.16954  0.00118404 0.000338482 -0.00263124  0.00582186 -0.00364359  0.00226027 1 0 0
               35.89 2.24693 12.7045 4.96039  5.22079  5.93724 0.863635  0.329604   1.02998 0.0867042  0.00118521 0.000363822 -0.00268446  0.00524005 -0.00286681  0.00283538 1 0 0
             35.9903 -0.00597191     13.0389     8.49851  5.26375   6.0287 0.885024 0.380896 0.964695 0.116977  0.00118831 0.000336452 -0.00269298  0.00489464 -0.00221895  0.00215598 1 0 0
             35.9903 -0.262913    13.072   8.72559  5.26049  6.02612 0.877887  0.342498  0.936688 0.0456222  0.00126034 0.000332761 -0.00274905  0.00508775 -0.00197793  0.00282925 1 0 0
              36.091 -2.78609  14.0116  8.70755  5.30031  6.12634 0.863937   0.346732   0.901869 -0.0459787  0.00129748 0.000313011  -0.0027595   0.0047892 -0.00241347  0.00348673 1 0 0
              36.091 -2.62423  14.0079  8.38101  5.29641  6.13005 0.870164  0.308999  0.943053 0.0154857  0.00124465 0.000317073 -0.00268207   0.0051611 -0.00280806  0.00302405 1 0 0
             36.1922 -3.76783  13.8387  8.46464  5.31017  6.22533 0.862151  0.254022  0.846069 -0.123169  0.00124458 0.000329026 -0.00269488  0.00580729 -0.00320937  0.00347074 1 0 0
             36.1922 -3.72407   13.776  8.53259  5.31585  6.22705 0.873825    0.318653    0.869304 -0.00735327    0.001243 0.000331859 -0.00270884  0.00550342 -0.00325038  0.00236319 1 0 0
             36.2903 -2.12536  13.7017  7.49622  5.34459  6.30645 0.861861  0.273896  0.855112 -0.175001   0.0012201 0.000340752 -0.00270102  0.00556654 -0.00302912  0.00253609 1 0 0
             36.2903 -1.92601  13.7676  7.45075  5.34932  6.30948 0.869515    0.33088   0.891837 -0.0943766  0.00117482 0.000315281 -0.00269218 0.00524494  -0.003201 0.00175063 1 0 0
             36.3901 -1.31803   12.873  7.29595  5.36117  6.42194 0.843343  0.161123   1.10511 -0.179843  0.00115147 0.000335264 -0.00269667  0.00566444 -0.00415414  0.00240482 1 0 0
             36.3901 -1.60293   12.784  7.39191  5.36734  6.41551 0.849716  0.230579   1.04079 -0.112905  0.00122005 0.000353427 -0.00272127  0.00530403 -0.00348869  0.00174805 1 0 0
             36.4903 -3.33846  11.8316  9.32811 5.41397 6.52874   0.874 0.393996  1.15179 0.259514  0.00124945 0.000345216 -0.00273416  0.00450062 -0.00344337 0.000425448 1 0 0
             36.4903 -3.50485  11.8569  9.52888  5.40545    6.521 0.859968 0.292307  1.06034 0.102664  0.00129424 0.000353935 -0.00278759 0.00511256 -0.0028384 0.00199653 1 0 0
             36.5903 -3.87051  11.2675  8.01525 5.44285 6.62605 0.87707 0.466345  1.01539 0.175004  0.00129424 0.000353935 -0.00278759 0.00511256 -0.0028384 0.00199653 1 0 0
             36.5903 -3.73911  11.2942   7.6679  5.43281   6.6201 0.870039  0.351988  0.944566 0.0929887 0.00123689 0.00035644 -0.0027066  0.00597867 -0.00249712  0.00293826 1 0 0
             36.6901 -3.91831  12.6946  3.64939  5.51003  6.72115 0.854774    0.64976   0.887375 -0.0746165  0.00123471 0.000321283 -0.00268076  0.00425026 -0.00288791  0.00352563 1 0 0
             36.6901 -3.91832  12.7767   3.5298   5.4929  6.71974 0.856815   0.455079    0.86708 -0.0639581  0.00123479  0.00031886 -0.00264666 0.00588716 -0.0029711 0.00376484 1 0 0
               36.79 -4.11587  14.1979 0.106473  5.53232   6.8002 0.874886    0.45535   0.785768 -0.0698411  0.00127101 0.000297004 -0.00264329  0.00648013 -0.00284974  0.00245399 1 0 0
               36.79 -3.92417   14.139 0.303773  5.52222  6.79902 0.871249  0.341156   0.76926 -0.112668  0.00123864 0.000324876 -0.00268587  0.00735111 -0.00282911  0.00304359 1 0 0
             36.8904 -2.51128  13.6859 -4.17699  5.58227  6.87447 0.857904  0.479731   0.81969 -0.151306  0.00123148 0.000319698 -0.00267419  0.00628051 -0.00254797  0.00276518 1 0 0
             36.8904 -2.30631  13.5544 -4.16928  5.57818   6.8794 0.856237 0.436025 0.873733 -0.17003  0.00118836 0.000354616 -0.00267263  0.00659737 -0.00304054  0.00297878 1 0 0
             36.9902 -2.21291  13.5079 -4.07883  5.62731   6.9938 0.855818   0.530565    1.07545 -0.0956833  0.00120397 0.000348619 -0.00267045  0.00669911 -0.00398207  0.00205673 1 0 0
             36.9902 -2.27428  13.5187 -3.68872  5.63027  6.98852 0.845413 0.558791  1.01456 -0.20852  0.00123634 0.000347686  -0.0027662  0.00619103 -0.00352027  0.00297427 1 0 0
             37.0902 -3.34869  15.3019 -1.78192  5.72224  7.08295 0.809616   0.759405    1.01398 -0.0721958  0.00124469 0.000322519 -0.00275805  0.00435755 -0.00313553   0.0037674 1 0 0
             37.0902 -3.41131  15.4118  -1.4098  5.70847  7.08547 0.817883  0.615009   1.04146 0.0106799  0.00128308 0.000317239 -0.00285025   0.0057293 -0.00324433  0.00334533 1 0 0
             37.1906 -2.21264  16.4454    2.707 5.78333 7.21471  0.8667 0.624725  1.06662 0.339422  0.00133031 0.000323443 -0.00284927  0.00549237 -0.00459014  0.00139997 1 0 0
             37.1906 -1.85169  16.3707  2.77136  5.77264   7.2044 0.860182 0.508341  0.94554 0.264628  0.00121766 0.000353251 -0.00286652 0.00620757 -0.0036522 0.00233047 1 0 0
             37.2926 -0.699854   14.0206    2.5565  5.83641  7.27786 0.892284 0.501032 0.757613 0.220071  0.00120211 0.000383665 -0.00281673  0.00558192 -0.00292612  0.00174836 1 0 0
             37.2926 -0.746567   13.8802   2.34703  5.82079  7.26987 0.882967 0.340862 0.671455 0.117667  0.00117636 0.000446724 -0.00276855 0.00663209 -0.0023158 0.00299338 1 0 0
               37.39 -0.3551 12.6264 3.80287  5.85403  7.33562 0.888323    0.358907    0.680541 -0.00545887  0.00117636 0.000446724 -0.00276855 0.00663209 -0.0023158 0.00299338 1 0 0
               37.39 -0.3914 12.7725  4.0301 5.84868 7.34034 0.88477   0.298725    0.73597 -0.0463409  0.00120791 0.000423396   -0.002817  0.00700053 -0.00278585  0.00342468 1 0 0
             37.4903 -0.35704  13.5778  4.69413  5.87624  7.41701 0.875723  0.222557  0.814017 -0.142065  0.00120791 0.000423396   -0.002817  0.00700053 -0.00278585  0.00342468 1 0 0
             37.4903 -0.418154   13.7486   4.67682  5.88116  7.42212 0.872098  0.277759  0.875729 -0.181645  0.00122685 0.000377758 -0.00281219  0.00643421 -0.00328549  0.00364998 1 0 0
             37.5901 -0.459721   13.2497    5.9399  5.93671  7.58959 0.865677  0.353836   1.39384 -0.151949  0.00122134 0.000350644 -0.00279039  0.00487386 -0.00672511  0.00243019 1 0 0
             37.5901 -0.580193   13.0316   6.09547  5.93579  7.57257 0.861645   0.34167   1.18873 -0.202029  0.00123875 0.000407285 -0.00283609  0.00499759 -0.00499626  0.00293285 1 0 0
             37.6901 -2.94916  11.4999  6.11643 5.97032 7.69362  0.8476   0.382497     1.2005 -0.0572994  0.00123875 0.000407285 -0.00283609  0.00499759 -0.00499626  0.00293285 1 0 0
             37.6901 -3.09389  11.5038  6.00779  5.96403   7.6726 0.845469   0.310865   0.962374 -0.0838722  0.00124407 0.000413936 -0.00282224 0.00575069 -0.0030567 0.00338615 1 0 0
             37.7905 -3.46337  11.0822  2.75628  6.02389  7.75043 0.855448 0.522094 0.832833 0.113557  0.00123392 0.000416648 -0.00281058  0.00489119 -0.00216886  0.00280485 1 0 0
             37.7905 -3.36088  11.2094  2.59635  6.00613   7.7449 0.864012 0.332422 0.766007 0.196407  0.00119765  0.00041332 -0.00277569  0.00664768 -0.00177212   0.0024411 1 0 0
             37.8902 -2.34277   12.332   1.0065  6.04334  7.81433 0.878826 0.398561 0.632032 0.093752  0.00119765  0.00041332 -0.00277569  0.00664768 -0.00177212   0.0024411 1 0 0
             37.8902 -2.2676 12.4488 1.14368  6.03452  7.81743 0.880334 0.301542 0.668718 0.108086  0.00119451 0.000397701 -0.00280627  0.00746677 -0.00212818    0.002451 1 0 0
               37.99 -2.30318  14.1815  1.01545  6.07164  7.88664 0.884626   0.353659   0.632954 -0.0153866   0.0011998 0.000385313 -0.00280535  0.00717403 -0.00238033  0.00240754 1 0 0
               37.99 -2.41275  14.2134  1.20207  6.07598  7.89455 0.879295   0.398772   0.723036 -0.0678755  0.00124583 0.000373368 -0.00285271  0.00668806 -0.00316213  0.00274278 1 0 0
             38.0903  -2.22477   15.5878 0.0614228  6.14118  7.98271 0.881511  0.569836  0.827088 -0.111762  0.00127366 0.000360635 -0.00284898   0.0057939 -0.00379439  0.00176871 1 0 0
             38.0903   -2.11274    15.5158 -0.0268769   6.1408  7.99033 0.869333  0.560443  0.913802 -0.238263  0.00125035 0.000377854 -0.00282645  0.00558332 -0.00460667  0.00284445 1 0 0
             38.1901 -3.11637  16.6689  -1.7873  6.22065  8.09569 0.836263  0.742082   1.00993 -0.281802  0.00126423  0.00037261 -0.00280921  0.00465162 -0.00518453  0.00295262 1 0 0
             38.1901 -3.21203  16.7878 -1.74014  6.20555  8.09135 0.840126  0.574986  0.961646 -0.248592  0.00128389 0.000376121  -0.0028229   0.0060839 -0.00477433  0.00308021 1 0 0
               38.29 -3.99831  17.9423  -2.8909  6.28995  8.19328 0.831137   0.714856     1.0003 -0.0417448  0.00127618 0.000377622 -0.00279709  0.00505679 -0.00494853  0.00230299 1 0 0
               38.29 -3.88953  18.0078 -2.60327  6.26965  8.18233 0.830428   0.499094   0.872068 -0.0544023  0.00124857 0.000409375 -0.00286975  0.00669995 -0.00387177  0.00299136 1 0 0
             38.3903 -3.24718  18.0752 -2.86356  6.33953  8.26414 0.818833  0.572846  0.852081 0.0746518  0.00122694 0.000412029 -0.00286002  0.00558046 -0.00363298  0.00345238 1 0 0
             38.3903 -3.06968  18.0643 -2.58027   6.3182  8.26054 0.830279 0.342332 0.815278 0.199298  0.00119651 0.000470707 -0.00292458  0.00770393 -0.00319985  0.00302878 1 0 0
             38.4922 -2.09045  17.0343  -1.7532  6.35137  8.33959 0.852267 0.269997 0.734307 0.213378  0.00119494 0.000490655 -0.00292158  0.00756288 -0.00318263  0.00304073 1 0 0
             38.4922 -2.17492  16.9467 -1.74826  6.35225  8.34215 0.859379 0.279859 0.764705 0.294474  0.00122177 0.000511152 -0.00291978  0.00771751 -0.00338716  0.00233902 1 0 0
               38.59 -1.92016  15.1886 -1.68898  6.39603  8.39567 0.869383 0.358273 0.628534  0.14204   0.0011984 0.000517805 -0.00291789  0.00670142 -0.00260852  0.00282396 1 0 0
               38.59  -1.9935  15.3318 -1.66333 6.39408 8.40077 0.87528 0.338456 0.691615 0.211468  0.00121776 0.000483594 -0.00292353  0.00708489 -0.00313203  0.00225733 1 0 0
             38.6904 -0.235276    15.171  -1.15342  6.47367  8.50963 0.879951  0.613236  0.921589 0.0197809  0.00118137 0.000486454 -0.00291614  0.00513467 -0.00510641  0.00203999 1 0 0
             38.6904 -0.330705   15.2443  -1.15599 6.46254 8.50301 0.88185  0.489768  0.847004 0.0386858  0.00119144 0.000487483 -0.00291797 0.00617971 -0.0044354 0.00217855 1 0 0
             38.7902 0.041386  15.7813 -2.78651  6.53305  8.57282 0.874426  0.592879  0.796189 -0.106116  0.00117623 0.000479815 -0.00291185   0.0051762 -0.00367777  0.00215305 1 0 0
             38.7902 -0.0503519    15.8844   -2.87112  6.51516  8.57482 0.873498  0.396455  0.820227 -0.117488  0.00119759 0.000488865 -0.00289063  0.00675535 -0.00383553  0.00268789 1 0 0
               38.89 0.474147  14.7001 -6.44807 6.55849 8.65535 0.84781  0.341551  0.840514 -0.180345  0.00117577 0.000493514 -0.00288293  0.00620622 -0.00372786  0.00313294 1 0 0
               38.89 0.459953  14.4335 -6.50692  6.54434  8.65655 0.853393  0.185729  0.855564 -0.122184  0.00118192  0.00058292 -0.00286739  0.00760428 -0.00377515  0.00299555 1 0 0
             38.9903 -0.678231   11.9134  -10.0632  6.56614  8.74755 0.847708  0.196588  0.918804 0.0343227  0.00121388 0.000603478 -0.00284738  0.00739412 -0.00385942  0.00298063 1 0 0
             38.9903 -0.67495  12.0413 -9.97979 6.56228 8.75188 0.85422 0.155929  0.96765 0.102681  0.00122604 0.000578672 -0.00286414  0.00793697 -0.00422498  0.00250031 1 0 0
             39.0926 -1.34408  10.9593 -13.5436  6.54758  8.84118 0.873033 -0.0119496   0.955944    0.25493  0.00120516 0.000627125 -0.00287291  0.00915025 -0.00346236  0.00288246 1 0 0
             39.0926 -1.37996  11.3279 -13.4256  6.56809  8.84904 0.870195 0.220435  1.04127 0.232357  0.00123642 0.000484625  -0.0028906  0.00745238 -0.00451491  0.00271535 1 0 0
               39.19 -0.701201   11.1367  -13.2825  6.60344  8.98062 0.893638 0.225007  1.16911 0.216055  0.00128644 0.000454697 -0.00288578  0.00693598 -0.00607035  0.00251117 1 0 0
               39.19 -0.445239   11.0432  -12.7627  6.61664  8.96956 0.889581 0.377357  1.04351 0.173641  0.00123139 0.000457482 -0.00302103   0.0054167 -0.00541175  0.00260882 1 0 0
             39.2903 -1.04579  10.5923 -9.62251  6.67446  9.07828 0.913717  0.479276   1.03438 0.0991228  0.00125135 0.000459326 -0.00301188  0.00471415 -0.00585562  0.00187616 1 0 0
             39.2903 -1.18762  10.6838 -9.32826 6.67247  9.0631 0.90475    0.458712    0.859534 -0.00106767  0.00130077 0.000434143 -0.00308728  0.00434801 -0.00429617  0.00276185 1 0 0
             39.3902 -2.41833   10.448 -7.64528  6.71182  9.12555 0.882243  0.434756  0.706084 -0.215867  0.00131779 0.000437277  -0.0030866  0.00427063 -0.00324763  0.00348526 1 0 0
             39.3902 -2.37261  10.4491  -7.7297  6.70239  9.12142 0.878777  0.329754  0.659883 -0.256457   0.0012975 0.000436199 -0.00306676  0.00503977 -0.00268638  0.00401495 1 0 0
               39.49 -2.37682  10.3255   -6.359  6.74735  9.19156 0.869042  0.438696  0.673559 -0.166597  0.00126727 0.000430832 -0.00308884   0.0048191 -0.00298831  0.00311018 1 0 0
               39.49 -2.49182   10.309 -6.52245  6.73431  9.19735 0.870205  0.287159  0.745008 -0.155008  0.00128754 0.000437638 -0.00304851   0.0062328 -0.00342583  0.00324015 1 0 0
             39.5907 -1.87834  9.96801  -4.8273  6.79856   9.2857 0.912415 0.513555 0.853875 0.273027  0.00133006 0.000453881 -0.00303562  0.00518734 -0.00400209 0.000548615 1 0 0
             39.5907 -1.75894  10.0266 -4.77907  6.77445  9.28737 0.896033  0.243419  0.873458 0.0982218  0.00129633 0.000446472 -0.00304754  0.00725032 -0.00399273  0.00254651 1 0 0
             39.6902 -1.67752  9.65889 -3.57321 6.82468 9.39573 0.94575 0.354625 0.978962 0.396602  0.00127747 0.000449213 -0.00303692  0.00643894 -0.00501548 0.000860905 1 0 0
             39.6902 -1.92487  9.58827  -3.5591  6.8051 9.39221   0.922 0.136417  0.93846 0.143658   0.0013331 0.000480494 -0.00304045  0.00786339 -0.00456573  0.00346072 1 0 0
               39.79  0.323384    10.224 -0.425093  6.80914  9.48035 0.938299 -0.0015984   0.843897   0.107523  0.00133898 0.000457683 -0.00304047  0.00805995 -0.00452737  0.00326367 1 0 0
               39.79  0.527507   10.2543 -0.171629  6.80766  9.47551 0.919883 -0.0162205    0.78553 -0.0901964  0.00129511 0.000448447 -0.00310461  0.00785565 -0.00407899  0.00508127 1 0 0
             39.8906 0.347339  9.21603  2.91909  6.85605  9.57085 0.938404   0.205145   0.852344 -0.0273846    0.001302 0.000447343 -0.00313877  0.00570212 -0.00507594  0.00316458 1 0 0
             39.8906 0.0686248   9.08195   2.72448  6.84707  9.56245 0.923927  0.101786  0.752124 -0.183481  0.00135633 0.000482989 -0.00308907  0.00635537 -0.00416043  0.00472394 1 0 0
             39.9904 -1.29955  7.71535     3.68 6.84722 9.64524 0.90964 0.0637767  0.842785 -0.239704  0.00135655 0.000479536 -0.00307633  0.00694925 -0.00440572  0.00437022 1 0 0
             39.9904 -1.30808  7.77291  3.61957  6.85054  9.64066 0.902095 0.0996353   0.78712 -0.320958  0.00135459  0.00046173 -0.00306201  0.00655027 -0.00389359  0.00506019 1 0 0
             40.0901 -1.54619  8.69922   4.5682  6.85852  9.72198 0.865402 0.0451226  0.845533 -0.412125  0.00135459  0.00046173 -0.00306201  0.00655027 -0.00389359  0.00506019 1 0 0
             40.0901 -1.47493  8.92215  4.61967  6.86341  9.72269 0.869374  0.102871  0.853697 -0.366788  0.00133901 0.000401859 -0.00307553  0.00609993 -0.00392374  0.00458014 1 0 0
             40.1902 -1.6741 8.49192 4.65436  6.86133  9.81312 0.848908 0.0177786  0.952529 -0.262555  0.00133597  0.00041531 -0.00306947  0.00666545 -0.00399116  0.00380675 1 0 0
             40.1902 -1.70178  8.41976  4.57843  6.87059  9.81567 0.854203  0.123722    0.9834 -0.205192  0.00134196 0.000422816 -0.00304881   0.0057892 -0.00416416  0.00314329 1 0 0
               40.29 -3.38271   8.7761  3.73247  6.92038  9.93003 0.881965 0.396018  1.07848 0.213147   0.0014082 0.000423143 -0.00306036  0.00443375 -0.00467958  0.00107324 1 0 0
               40.29 -3.30559  8.87873  3.65054  6.91043   9.9276 0.876573 0.284435  1.04912 0.151764  0.00138411 0.000409778 -0.00304257  0.00533777 -0.00454528  0.00177593 1 0 0
             40.3905 -1.69254  10.5983  2.25491  6.94351  10.0306 0.903302 0.349702 0.966761 0.324113  0.00138411 0.000409778 -0.00304257  0.00533777 -0.00454528  0.00177593 1 0 0
             40.3905 -1.42236  10.7056  2.17257  6.93177   10.023 0.890172 0.222729 0.877912  0.18837  0.00130327 0.000399504 -0.00301928  0.00629563 -0.00397083  0.00321369 1 0 0
             40.4901  1.74199  10.7828 0.959991 6.95144 10.1043  0.9054  0.185117  0.774673 0.0917541  0.00130327 0.000399504 -0.00301928  0.00629563 -0.00397083  0.00321369 1 0 0
             40.4901 1.86509 10.6423 1.05738  6.93967  10.1028 0.900572 0.0526847  0.754591 0.0386822  0.00127583 0.000452184 -0.00303646  0.00734038 -0.00387218  0.00389381 1 0 0
               40.59  1.06435  10.2207 -1.09589  6.95938  10.1974 0.936817  0.164543  0.834803 0.0552513   0.0012917 0.000482617 -0.00300958  0.00708468 -0.00481142  0.00183887 1 0 0
               40.59 0.767147  10.2348 -1.08229  6.95673  10.1902 0.924775   0.131653   0.749835 -0.0771767  0.00136211 0.000481568 -0.00301393  0.00716435 -0.00400661  0.00305657 1 0 0
             40.6906 -0.807948   10.7798  -3.21753  6.99498  10.2699 0.886743 0.341554 0.803896  -0.3273  0.00135613 0.000464867 -0.00299834  0.00603142 -0.00407735  0.00388362 1 0 0
             40.6906 -0.874672   10.8856  -3.11819  6.98943  10.2666 0.883593   0.27989   0.76504 -0.363343  0.00137545 0.000442553 -0.00302432  0.00651827 -0.00370241  0.00430028 1 0 0
             40.7901 -1.94043  13.1106 -5.42284  7.02164  10.3362 0.856242  0.327904  0.757093 -0.272313  0.00138547 0.000442775 -0.00302397  0.00653724 -0.00335029   0.0039455 1 0 0
             40.7901 -1.80104  13.3482 -5.42196  7.02024  10.3383 0.851119  0.312047  0.780926 -0.329763  0.00135212 0.000383213 -0.00302603  0.00660841 -0.00356995   0.0044872 1 0 0
               40.89 -2.02086  12.8701 -6.31572  7.07639  10.4284 0.874582  0.479521  0.922645 0.0830464  0.00138596 0.000422221 -0.00302636 0.00592642 -0.0039539 0.00187802 1 0 0
               40.89 -1.80918  12.6985 -6.11399  7.06998  10.4324 0.869137  0.406292  0.970281 0.0228866  0.00134987 0.000474883 -0.00307544  0.00645272 -0.00434335  0.00255164 1 0 0
             40.9903 -2.38655  14.0342 -5.62544  7.11345   10.528 0.881547 0.423378 0.991431 0.236189  0.00134463 0.000473445 -0.00308024  0.00636856 -0.00409694  0.00258907 1 0 0
             40.9903 -2.4796 14.2381 -5.6134 7.10947 10.5318 0.86921  0.37724  1.03867 0.101124  0.00137598 0.000427379  -0.0030853  0.00654271 -0.00449433  0.00388589 1 0 0
             41.0901 -0.874487   15.1107  -4.07794  7.13964  10.6628 0.879418  0.274064   1.09502 0.0927016  0.00139186 0.000437455  -0.0031189   0.0068888 -0.00608393  0.00394256 1 0 0
             41.0901 -0.644772   15.2536  -3.84876  7.13459  10.6528 0.877449 0.221859 0.974387 0.070329   0.0013322 0.000405577  -0.0031785   0.0071824 -0.00502045   0.0042712 1 0 0
               41.19  1.2868 13.7732 -1.8055  7.16133  10.7313 0.885446   0.221741   0.790963 0.00827477  0.00128619 0.000499392  -0.0031805 0.00684466 -0.0044282 0.00402043 1 0 0
               41.19  1.18844  13.8332 -1.72427  7.16367  10.7232 0.890405  0.248533  0.694539 0.0623578  0.00131232  0.00048015 -0.00320428 0.00669609 -0.0035648 0.00347008 1 0 0
             41.2904  1.44467  11.0239 -2.42778  7.23706  10.7705 0.937202 0.547791 0.586644  0.16201  0.00134576 0.000489071 -0.00317084  0.00513275 -0.00256986 0.000624812 1 0 0
             41.2904  1.38411  10.9374 -2.58944  7.22254  10.7703 0.928907  0.395268  0.581684 0.0716258  0.00134927 0.000522094 -0.00312867  0.00626818 -0.00244701   0.0017598 1 0 0
             41.3902  1.07824  10.9455 -4.38616  7.26648  10.8226 0.918071   0.437498   0.564393 -0.0711143  0.00134231 0.000530452 -0.00313713 0.00601052 -0.0020762 0.00239552 1 0 0
             41.3902 0.870904  11.1682 -4.55256  7.25692  10.8317 0.912486  0.32567 0.677615 -0.13335  0.00139861 0.000481296 -0.00309248  0.00695392 -0.00300661  0.00318501 1 0 0
               41.49  1.03313  10.7678 -7.78693  7.32062  10.9125 0.904748  0.497386  0.813357 -0.108789  0.00142276 0.000468465 -0.00307507 0.00554843 -0.0035331 0.00256601 1 0 0
               41.49  1.21949    10.78 -7.81364  7.30091   10.924 0.897915  0.280395  0.953459 -0.186487  0.00139023 0.000482152 -0.00306683   0.0074354 -0.00459675  0.00366968 1 0 0
             41.5905 -0.388758    11.343   -11.206  7.32423  11.0186 0.873698  0.269078  0.962345 -0.139167  0.00138553 0.000482759 -0.00307198  0.00763016 -0.00436159  0.00415007 1 0 0
             41.5905 -0.528919    11.378  -11.1483  7.31247  11.0278 0.872068  0.146151   1.07389 -0.157305  0.00143822 0.000481621 -0.00308676  0.00882004 -0.00516373  0.00455675 1 0 0
             41.6905 -0.0908605    12.1127   -13.3031  7.32409  11.1215 0.874848   0.13275  0.981579 0.0467747  0.00144649 0.000485231 -0.00308253  0.00892762 -0.00447216  0.00413145 1 0 0
             41.6905 0.244173  12.2012 -13.1716  7.32968  11.1283 0.879544  0.197122   1.06287 0.0976588   0.0013783 0.000454051 -0.00311369  0.00863779 -0.00531105   0.0035882 1 0 0
             41.7901 -0.0967705    12.7172   -15.9897  7.37416  11.2285 0.900539 0.299486 0.953133 0.121724  0.00139072 0.000448535 -0.00313568  0.00758484 -0.00561017  0.00274711 1 0 0
             41.7901 -0.107648   12.7702  -16.0064  7.37854  11.2281 0.897758  0.347486  0.946043 0.0929838  0.00139138 0.000429425 -0.00313254  0.00711501 -0.00565953  0.00291703 1 0 0
             41.8903 -0.92542  12.5912 -17.7259  7.41912  11.3044 0.899046   0.398113   0.798851 -0.0296798  0.00140252 0.000439781 -0.00313733  0.00666456 -0.00501111  0.00298692 1 0 0
             41.8903 -0.847762    12.507  -17.6441  7.42074  11.2972 0.899228   0.417202   0.717129 -0.0277378  0.00138094 0.000460537 -0.00315905  0.00628822 -0.00436001  0.00288325 1 0 0
             41.9901 -1.44784  12.7094 -19.8235  7.46484  11.3693 0.888931 0.480949 0.734283 -0.16804  0.00138094 0.000460537 -0.00315905  0.00628822 -0.00436001  0.00288325 1 0 0
             41.9901 -1.46488  12.7458  -19.877  7.46549  11.3635 0.887876  0.489409  0.667632 -0.180876  0.00137695 0.000449294 -0.00314635  0.00599627 -0.00381603  0.00294984 1 0 0
               42.09 -2.03947  13.6508 -21.6422  7.51622  11.4312 0.867375  0.511695   0.70451 -0.210531  0.00137695 0.000449294 -0.00314635  0.00599627 -0.00381603  0.00294984 1 0 0
               42.09 -2.01591  13.7955 -21.5643  7.51626  11.4331 0.864991  0.510592  0.726531 -0.235596  0.00137869 0.000416857 -0.00316504  0.00603438 -0.00400488  0.00319047 1 0 0
             42.1904 -2.88537  13.2685 -23.0739  7.58259   11.505 0.852708   0.621052   0.784027 -0.0516281  0.00137114 0.000409824 -0.00317453  0.00538803 -0.00397365  0.00275237 1 0 0
             42.1904 -2.92964  13.0652 -22.9886  7.57692  11.5087 0.855656   0.555647   0.830534 -0.0212054  0.00139432   0.0004812 -0.00319375  0.00605672 -0.00409817  0.00263835 1 0 0
             42.2902  -3.9422   12.783 -23.9013  7.64471  11.5935 0.886913 0.627025 0.913613  0.30964  0.00140339 0.000482922 -0.00318184  0.00578372 -0.00413276  0.00160451 1 0 0
             42.2902  -3.9425  12.8529 -23.8581  7.63168  11.5984 0.879957 0.475047 0.972665  0.23387  0.00140809 0.000465534 -0.00319635 0.00706457 -0.0040857  0.0026373 1 0 0
               42.39 -2.96591  14.9544 -20.8956  7.71124   11.713 0.908319 0.551548 0.999768 0.237483  0.00141479 0.000461624 -0.00319923  0.00596743 -0.00569432  0.00201405 1 0 0
               42.39 -2.77423    15.25 -20.4755  7.68869  11.7115 0.900366 0.293442 0.984452  0.14616  0.00137651 0.000422376 -0.00329808  0.00778787 -0.00466289  0.00338589 1 0 0
             42.4943   -3.537  14.4826 -17.2305 7.73522  11.805 0.93807  0.34944 0.868549 0.188874  0.00140836 0.000420485 -0.00329554  0.00711134 -0.00474109  0.00191574 1 0 0
             42.4943 -3.63249  14.2287   -17.21  7.70797  11.7945 0.916039  0.0647154   0.771061 -0.0358982  0.00135601 0.000549016  -0.0033034  0.00841291 -0.00322878  0.00435031 1 0 0
             42.5926 -3.86426  13.1774 -15.2181 7.71566 11.8675 0.90782 0.0966361  0.734673  -0.13054  0.00135601 0.000549016  -0.0033034  0.00841291 -0.00322878  0.00435031 1 0 0
             42.5926 -3.82289   13.196 -15.3183  7.71025   11.866 0.901907 0.0396001  0.719117 -0.194034  0.00132849   0.0005519 -0.00328096  0.00867304 -0.00299963  0.00499558 1 0 0
               42.69 -3.09815  13.3893 -14.1723   7.7083  11.9389 0.909764 -0.0284892   0.785985  -0.130906   0.0013729 0.000592648  -0.0032773  0.00923797 -0.00289007  0.00368613 1 0 0
               42.69 -2.83163  13.6948  -14.222  7.72423  11.9401 0.899653   0.13395  0.788022 -0.231917  0.00131844 0.000490321 -0.00326826 0.00771806 -0.0033685 0.00423175 1 0 0
              42.791 -2.55445  12.9244 -13.4189  7.73213  12.0257 0.872342  0.045308   0.89972 -0.280873  0.00131844 0.000490321 -0.00326826 0.00771806 -0.0033685 0.00423175 1 0 0
              42.791 -2.58137  12.7587 -13.4161 7.75321 12.0281 0.87075   0.24572  0.918787 -0.289799  0.00133961 0.000494382 -0.00326192  0.00613257 -0.00396162  0.00390541 1 0 0
             42.8901 -3.25585  12.0601 -14.5121  7.79335   12.121 0.853838   0.379117   0.950632 -0.0780568   0.0013586 0.000497904 -0.00327035  0.00563875 -0.00403247  0.00359234 1 0 0
             42.8901 -3.34593  12.1523 -14.7377  7.80107  12.1255 0.859345    0.45514     1.0023 -0.0225466  0.00137263 0.000464612 -0.00321115  0.00523947 -0.00461969  0.00293594 1 0 0
               42.99 -1.51757  11.8624 -17.3729  7.86372  12.2186 0.874386 0.588773  0.95568 0.194558  0.00136923  0.00049733 -0.00322621  0.00466517 -0.00444768  0.00252352 1 0 0
               42.99 -1.29088  11.9276 -17.5849  7.85354  12.2214 0.881264 0.492304 0.988084 0.262284  0.00130772  0.00049336 -0.00317512   0.0056985 -0.00448375  0.00208236 1 0 0
             43.0903 0.935516   13.209 -17.4251  7.90073  12.3353 0.918086 0.427055 0.994255 0.273207  0.00133419 0.000509554 -0.00321099   0.0060297 -0.00534502  0.00153815 1 0 0
             43.0903 0.951989  13.4419 -17.2921  7.88536  12.3289 0.909091 0.266642 0.923999 0.181857  0.00130467 0.000494988 -0.00324134  0.00692015 -0.00443484  0.00254558 1 0 0
             43.1902  1.12617  12.7323 -16.3779  7.90976  12.4185 0.922026  0.250864  0.863832 0.0657212  0.00130467 0.000494988 -0.00324134  0.00692015 -0.00443484  0.00254558 1 0 0
             43.1902 0.878749  12.4776 -16.1476 7.89544 12.4054 0.91513   0.130141     0.7328 0.00153887  0.00136578 0.000574207  -0.0033022  0.00737514 -0.00299935  0.00320919 1 0 0
               43.29 0.162592  12.1769 -16.0189  7.93125  12.4745 0.907803  0.286692  0.712369 -0.148649  0.00137324 0.000573167 -0.00330284 0.00655961 -0.0031064 0.00299378 1 0 0
               43.29 0.0712639   12.2484  -16.1808  7.92465  12.4741 0.908806  0.223362  0.709168 -0.139159  0.00138644 0.000557525 -0.00326097  0.00711979 -0.00288789  0.00302446 1 0 0
             43.3903 -1.05709  13.3228 -15.1866 7.94625 12.5509  0.8876  0.267622  0.742066 -0.217283  0.00138967 0.000552745 -0.00327176  0.00737941 -0.00306751  0.00325654 1 0 0
             43.3903 -1.10735  13.5057 -15.1535  7.95418  12.5545 0.888491  0.339955  0.782723 -0.207036  0.00140942 0.000501997 -0.00327988  0.00689216 -0.00363111  0.00304701 1 0 0
             43.4903 -1.93142   14.016 -15.4313 7.98879 12.6412 0.89401   0.376842   0.842571 -0.0216961  0.00144992 0.000495433 -0.00330675  0.00730771 -0.00400275  0.00190928 1 0 0
             43.4903 -1.77044  13.9144 -15.5622  7.99728  12.6442 0.885182  0.468924  0.876105 -0.120943  0.00140522 0.000514162 -0.00327063  0.00637902 -0.00457174   0.0026483 1 0 0
               43.59  -2.6148  14.5795 -16.1396  8.0537 12.7344 0.88717 0.528977 0.913631 0.141727  0.00140215 0.000508348 -0.00327294  0.00608922 -0.00478004  0.00245902 1 0 0
               43.59 -2.60187  14.6055 -16.1608  8.05387   12.733 0.883575 0.531368 0.897117 0.101063  0.00139571 0.000500454 -0.00326795  0.00593525 -0.00465889  0.00282458 1 0 0
             43.6904 0.267407  15.7072 -13.0951  8.09905  12.8683 0.890579 0.472972  1.11581 0.111116  0.00143117 0.000522191 -0.00332525  0.00676103 -0.00666738  0.00341672 1 0 0
             43.6904 0.732016  15.7353  -12.814   8.1071   12.847 0.891665 0.537366 0.870236 0.115593  0.00130704 0.000497413 -0.00340046  0.00560713 -0.00472911  0.00315645 1 0 0
             43.7902  1.54208  15.3618 -11.5026  8.15679  12.9208 0.883436   0.482114   0.746941 -0.0379998  0.00128195 0.000515506  -0.0033566  0.00538206 -0.00429232  0.00388706 1 0 0
             43.7902  1.25823  15.2861 -11.4692  8.15334  12.9076 0.894385 0.450799 0.600842 0.085189  0.00134797  0.00053206 -0.00336841  0.00564279 -0.00289255   0.0027339 1 0 0
               43.89 0.341703   13.527 -10.8616 8.18673 13.0019  0.9018   0.382785   0.735012 0.00402044  0.00137242 0.000557455 -0.00339061   0.0066129 -0.00459154  0.00285946 1 0 0
               43.89 0.184723  13.3659   -11.15   8.1895  12.9875 0.909482  0.401534  0.569197 0.0817342   0.0013856 0.000594582 -0.00332188  0.00632228 -0.00313251  0.00196959 1 0 0
             43.9904 -0.258152   12.0323  -12.4476  8.22396  13.0678 0.939154 0.391894  0.69066 0.117953  0.00141824  0.00065648 -0.00329238  0.00721755 -0.00424437 0.000888243 1 0 0
             43.9904 -0.201182   12.4978  -12.3679  8.22297  13.0526 0.927648   0.379201   0.523753 0.00560987  0.00139526 0.000532303 -0.00331869  0.00679105 -0.00269429  0.00188247 1 0 0
             44.0902 0.721831  12.7828 -13.1665  8.26976  13.1309 0.891652 0.367795 0.739596 -0.23251  0.00137287 0.000531419 -0.00333003  0.00613916 -0.00386665  0.00330397 1 0 0
             44.0902 0.741343  12.7295 -13.1945 8.26615 13.1213  0.8956  0.330312  0.637453 -0.194061  0.00135927 0.000548344  -0.0033247  0.00633075 -0.00285695  0.00297364 1 0 0
             44.1903 0.266886  12.1153 -13.5102  8.29299  13.1877 0.871338  0.281629  0.783688 -0.184998  0.00140028 0.000560318 -0.00334801  0.00639944 -0.00252259  0.00322828 1 0 0
             44.1903 0.287151  12.1639 -13.5497  8.28663  13.1966 0.877484  0.232355   0.87831 -0.121071   0.0013947 0.000549241 -0.00333683  0.00719665 -0.00328045  0.00277078 1 0 0
             44.2902 -1.24511  11.7387 -14.5904  8.31691  13.3926 0.849709   0.315284    1.48326 -0.0111108  0.00140051 0.000535552 -0.00338892  0.00775248 -0.00845559  0.00410254 1 0 0
             44.2902 -1.23247  11.6889 -14.8254  8.3261 13.3619 0.86187 0.404825  1.14577 0.111518  0.00137523 0.000546734 -0.00332848  0.00644772 -0.00569008  0.00263085 1 0 0
               44.39 -1.46675  11.4094 -15.0234  8.37394  13.4754 0.894143 0.448953  1.05937 0.283528  0.00140135 0.000569861 -0.00332562  0.00632064 -0.00586879  0.00196933 1 0 0
               44.39 -1.3833 11.6095 -14.921 8.36967 13.4469 0.89796 0.412619 0.727237 0.316684  0.00133954 0.000516869  -0.0033604   0.0059143 -0.00287958  0.00162477 1 0 0
             44.4904 -0.586638   11.1979  -15.4606  8.40689  13.5131 0.921087 0.389579 0.609285 0.176112  0.00132838 0.000515413 -0.00335978  0.00605639 -0.00286303  0.00178942 1 0 0
             44.4904 -0.568221   11.0695  -15.3715  8.39907  13.5041 0.921854 0.312354 0.512904 0.181727   0.0013017 0.000561473 -0.00338476 0.00645347 -0.0018962 0.00183654 1 0 0
             44.5902 -1.02942   10.976 -14.5509   8.4168  13.5802 0.925459   0.307251   0.562447 0.00126282  0.00131063  0.00058738 -0.00339246  0.00735801 -0.00294526  0.00230595 1 0 0
             44.5902 -1.33937  11.1413 -14.8053  8.41334  13.5762 0.916171   0.272056   0.512898 -0.0900928  0.00137988 0.000542957 -0.00332604  0.00737972 -0.00239718   0.0031987 1 0 0
               44.69 -2.98048  11.0884 -17.6014  8.44452   13.626 0.903547 0.354992 0.496422 -0.15262  0.00137988 0.000542957 -0.00332604  0.00737972 -0.00239718   0.0031987 1 0 0
               44.69 -3.08036  11.0637 -17.8362  8.44988  13.6347 0.907405  0.411809  0.592769 -0.113141  0.00140531  0.00054329 -0.00326839  0.00719515 -0.00340034  0.00275219 1 0 0
             44.7903 -3.29105  11.7208 -20.2896  8.52294   13.729 0.900703   0.593926   0.803521 -0.0906202  0.00146127 0.000507809 -0.00330498  0.00641547 -0.00537474  0.00226725 1 0 0
             44.7903 -2.98506  11.5996 -20.4189 8.52113 13.7285 0.89494  0.572617  0.794334 -0.149063  0.00137084 0.000542178 -0.00326904  0.00645309 -0.00529426  0.00281201 1 0 0
             44.8902 -3.35172  11.1667 -21.9952  8.58317  13.8228 0.884996  0.591724  0.935916 0.0128705  0.00137962 0.000556977 -0.00327012 0.00635237 -0.0058239 0.00284478 1 0 0
             44.8902 -3.45393  11.1434 -21.8203   8.5771  13.8158 0.881598   0.527778   0.852566 -0.0273454  0.00141778 0.000568759 -0.00331529  0.00652026 -0.00489601  0.00333635 1 0 0
             44.9899 -1.71838  11.6678 -20.3524  8.63721  13.9221 0.900806  0.56772  1.01107 0.222156  0.00141671 0.000587498 -0.00332469  0.00664751 -0.00580724  0.00268207 1 0 0
             44.9899 -1.47923  11.9187 -19.9973  8.62816  13.9084 0.900998 0.477468 0.854207 0.221537  0.00135272  0.00053079 -0.00341759  0.00684127 -0.00418606  0.00283121 1 0 0
             45.0904 -0.661665   12.7004  -18.6487   8.6446  14.0091 0.901683  0.231577     0.867 0.0804217  0.00135422 0.000532736 -0.00347575  0.00815166 -0.00466117  0.00407624 1 0 0
             45.0904 -0.814076    12.485  -19.0273  8.65757  13.9911 0.909549 0.340121 0.684786 0.152206  0.00133845 0.000543608  -0.0033869 0.00683886 -0.0035399 0.00319177 1 0 0
             45.1902 -1.31081  11.0188 -17.5857  8.64207  14.0446 0.948975 0.0790221  0.550905  0.161004  0.00143425 0.000611392 -0.00339113   0.0086659 -0.00223937  0.00228753 1 0 0
             45.1902 -0.949968    10.991  -17.5993  8.66986  14.0423 0.943189 0.337215 0.538036 0.107179  0.00134827  0.00058643 -0.00339089 0.00633925 -0.0029985 0.00229297 1 0 0
               45.29 -0.855681   9.70942  -16.7365 8.73541  14.138 0.94497    0.55363    0.76624 -0.0465981  0.00136664 0.000570515  -0.0034062    0.005784 -0.00536268  0.00214079 1 0 0
               45.29 -0.930722   9.81366  -16.8262  8.73625  14.1341 0.932046   0.55629  0.724175 -0.174961  0.00137974 0.000540089 -0.00338408  0.00540552 -0.00501708  0.00333304 1 0 0
             45.3903 -2.27385  10.5339 -17.2011  8.78861  14.2196 0.903124  0.488101   0.84203 -0.272202  0.00139181 0.000512517 -0.00339997   0.0055981 -0.00549583  0.00374717 1 0 0
             45.3903 -2.32055  10.4784 -17.3468  8.7851 14.2157 0.90971   0.45247  0.798875 -0.210056  0.00139299 0.000527517 -0.00336256  0.00588531 -0.00499042  0.00320009 1 0 0
             45.4912 -3.30588  9.52419 -17.5988  8.78533  14.3277 0.897875  0.193351   1.04828 -0.137883  0.00140265 0.000537717 -0.00339749 0.00810478 -0.0055762 0.00310665 1 0 0
             45.4912 -3.22667  9.39649 -17.6502  8.79645  14.3133 0.899574  0.300005  0.886877 -0.124454  0.00136503 0.000554041 -0.00338468  0.00672164 -0.00446817  0.00279391 1 0 0
               45.59 -3.42865  9.36868 -17.2069 8.84249 14.4341 0.88855  0.460816   1.08099 0.0292955  0.00136738 0.000547423 -0.00340414  0.00654516 -0.00608891  0.00300803 1 0 0
               45.59 -3.52758  9.42072 -17.2832  8.84775  14.4152 0.892335  0.498992  0.865334 0.0609265  0.00135902 0.000516185 -0.00339043  0.00565077 -0.00433078   0.0026747 1 0 0
             45.6903 -3.87416  11.5904 -17.9886  8.91611  14.4945 0.904444 0.620129 0.755947 0.201013  0.00136952  0.00050372 -0.00338183  0.00496555 -0.00436443  0.00275742 1 0 0
             45.6903 -3.79422  11.7748 -17.9513  8.90641  14.4919 0.908682 0.521637 0.721116 0.241711  0.00134286 0.000465953 -0.00339329  0.00577855 -0.00376036  0.00253437 1 0 0
             45.7901 -2.12582  11.9037 -19.4042  8.95822  14.5585 0.927001 0.509413 0.593263 0.130763  0.00135028 0.000470179  -0.0033946  0.00572946 -0.00391432  0.00261813 1 0 0
             45.7901 -1.9526 11.7304 -19.481  8.94187  14.5612 0.927012 0.339606 0.620905 0.128904  0.00129932 0.000530156 -0.00336719  0.00725627 -0.00366184  0.00295411 1 0 0
               45.89 -0.656186   11.8115  -20.0515  8.98947   14.663 0.942426   0.51936  0.755949 0.0329323  0.00131259 0.000557187 -0.00338349 0.00777322 -0.0058922 0.00239007 1 0 0
               45.89 -0.653767   11.8633  -20.0569   8.9817   14.651 0.934053   0.435581   0.609964 -0.0556191  0.00130002 0.000546621 -0.00338245  0.00784661 -0.00436258  0.00332619 1 0 0
             45.9903 -1.38956  13.3662 -22.7663  9.03037  14.7093 0.922901  0.517477  0.563416 -0.140428  0.00130002 0.000546621 -0.00338245  0.00784661 -0.00436258  0.00332619 1 0 0
             45.9903 -1.62002  13.5143 -22.8746 9.02855 14.6992 0.92029 0.494143 0.445832 -0.16772   0.0013451  0.00050507 -0.00335432  0.00759368 -0.00323312  0.00355459 1 0 0
             46.0905 -2.23393  14.2205 -24.8785   9.0938  14.7644 0.916481   0.590455   0.552674 -0.0972354   0.0013953 0.000502501 -0.00334605  0.00744832 -0.00447092  0.00284281 1 0 0
             46.0905 -2.01967  14.2026 -24.7871  9.09475   14.755 0.906194  0.589977  0.449859 -0.202238  0.00133371 0.000507053 -0.00336964  0.00682539 -0.00362967  0.00376345 1 0 0
               46.19 -1.34655  13.6035  -26.071  9.15415  14.8014 0.889642  0.616915  0.473998 -0.110188  0.00133371 0.000507053 -0.00336964  0.00682539 -0.00362967  0.00376345 1 0 0
               46.19 -1.19934  13.4926 -26.0367  9.15616  14.8046 0.888064  0.636526  0.508779 -0.125935  0.00130082  0.00053605 -0.00337697  0.00676421 -0.00401781  0.00388888 1 0 0
             46.2906 -0.211668   12.7694  -26.3962  9.22738  14.8588 0.886652 0.701894 0.551598 0.104289  0.00130394 0.000543427 -0.00337741  0.00664158 -0.00422427   0.0038556 1 0 0
             46.2906 -0.252769   12.8215  -26.2077  9.22622  14.8633 0.894808  0.69272 0.603305 0.187355  0.00133099 0.000533858  -0.0034247  0.00713283 -0.00458331  0.00313444 1 0 0
             46.3901  1.21977  13.1456 -24.4954  9.29367  14.9335 0.935221 0.627049 0.617123 0.268706  0.00134888 0.000569502 -0.00343164  0.00761303 -0.00514895  0.00217953 1 0 0
             46.3901  1.34555  13.2661 -24.3965  9.29494   14.931 0.932697  0.63766 0.587497 0.243561  0.00131894 0.000533765 -0.00345789  0.00735683 -0.00496464  0.00236966 1 0 0
             46.4918  3.26793  13.6331 -21.8086  9.37349  15.0225 0.956587  0.64672 0.727185 0.154616   0.0013558 0.000533757 -0.00346806  0.00739412 -0.00683305  0.00207281 1 0 0
             46.4918  3.34676  13.6351 -21.7908  9.36747  15.0075 0.942234  0.573247  0.556092 0.0122098  0.00131592 0.000529363 -0.00347787  0.00699347 -0.00504456  0.00334123 1 0 0
             46.5904  3.15309  12.8619 -21.7423  9.42396  15.0624 0.937802   0.579742   0.568937 -0.0881979  0.00131592 0.000529363 -0.00347787  0.00699347 -0.00504456  0.00334123 1 0 0
             46.5904   2.9052  12.7776 -21.9337 9.41959 15.0526 0.93245  0.525727  0.452781 -0.143614   0.0013505  0.00055313 -0.00343512  0.00689144 -0.00383005  0.00377787 1 0 0
             46.6902  2.21285  12.7227 -22.2274  9.45299  15.1074 0.909199 0.402848 0.537607 -0.22216  0.00135879 0.000573358 -0.00345648   0.0077307 -0.00377599  0.00429212 1 0 0
             46.6902  2.14652  12.7873 -22.3763  9.46225  15.1028 0.912128  0.494116  0.490808 -0.190387  0.00136661 0.000547274 -0.00341553  0.00686606 -0.00373715  0.00377492 1 0 0
             46.7899  1.82505  11.7276 -23.0722  9.51291  15.1886 0.914307   0.493214   0.754241 -0.0963992   0.0013817 0.000568624 -0.00342705  0.00753855 -0.00536977  0.00293891 1 0 0
             46.7899 1.86582  11.711 -23.096  9.51491  15.1803 0.911993  0.507932  0.660029 -0.119001  0.00136312  0.00056963 -0.00342258  0.00700666 -0.00460775  0.00301822 1 0 0
             46.8903  1.44222  10.8762 -23.4485   9.5557  15.2606 0.906111   0.479477   0.782824 -0.0446809   0.0013674 0.000587202  -0.0034326  0.00772162 -0.00482375  0.00299041 1 0 0
             46.8903  1.43567  10.9302 -23.5007  9.56349  15.2547 0.905677   0.556548   0.717923 -0.0442058  0.00136337 0.000565259 -0.00341773  0.00682182 -0.00457969  0.00279317 1 0 0
             46.9902  1.19787  10.4757 -26.1496  9.64205  15.3536 0.915227 0.705998 0.868009  0.12822  0.00138872 0.000571225 -0.00342214  0.00654253 -0.00632568  0.00237902 1 0 0
             46.9902  1.27354   10.572 -26.2795  9.63686  15.3433 0.912015  0.646352  0.750265 0.0951117  0.00134851 0.000549403 -0.00339067  0.00651205 -0.00508919  0.00267085 1 0 0
               47.09  0.91539  11.1781 -27.9271  9.69379  15.4121 0.921481  0.54977 0.664753 0.122728  0.00135439 0.000556071 -0.00339542  0.00662749 -0.00479039  0.00289311 1 0 0
               47.09 0.932971  11.2712 -27.8779  9.68414  15.4063 0.917187    0.4514  0.598357 0.0752681  0.00134345 0.000539558  -0.0034094  0.00706253 -0.00379961  0.00342042 1 0 0
             47.1903 1.07755 9.97466 -29.237  9.72839  15.4624 0.921261    0.453871    0.513705 -0.00461015  0.00134345 0.000539558  -0.0034094  0.00706253 -0.00379961  0.00342042 1 0 0
             47.1903  1.07025  9.69963 -29.2368  9.72728  15.4661 0.923599   0.44242  0.555191 0.0190704  0.00134879 0.000615462 -0.00340974  0.00737663 -0.00408851  0.00325252 1 0 0
             47.2901 0.868042  10.5446 -29.3652  9.77054  15.5181 0.919919   0.414795   0.506124 -0.0882626  0.00134879 0.000615462 -0.00340974  0.00737663 -0.00408851  0.00325252 1 0 0
             47.2901 0.850898  10.8627 -29.1204  9.77123  15.5262 0.923692   0.422481   0.599001 -0.0485161  0.00137298 0.000532349 -0.00347189  0.00786599 -0.00488806  0.00296355 1 0 0
               47.39 0.0614701   10.2011  -30.4249  9.82347  15.6165 0.924682   0.493424   0.742389 -0.0784394  0.00137615 0.000553295 -0.00346977  0.00840905 -0.00652924   0.0025867 1 0 0
               47.39 -0.0366426     10.041   -30.5076  9.82534  15.6071 0.923647   0.514611   0.636655 -0.0877735  0.00139259 0.000591017 -0.00344853  0.00768414 -0.00576532  0.00253384 1 0 0
             47.4903 -0.135521   9.55302    -32.43  9.87577  15.6611 0.913173   0.535478   0.607477 -0.0944072  0.00140005 0.000599137  -0.0034567  0.00750864 -0.00524052  0.00251284 1 0 0
             47.4903 -0.0570947    9.60534    -32.546  9.87369  15.6536 0.906905   0.50965  0.521152 -0.159714  0.00136616 0.000584611 -0.00342747  0.00716344 -0.00441687  0.00310007 1 0 0
             47.5903 -0.214835   9.52589  -33.1849  9.93265  15.7435 0.898514    0.622168    0.758287 -0.00927282  0.00135101 0.000590762 -0.00343556   0.0079857 -0.00600935  0.00315331 1 0 0
             47.5903 -0.301305   9.62241  -33.0436  9.93251  15.7293 0.895579   0.620474   0.594997 -0.0378366  0.00136397 0.000556676 -0.00347467  0.00708168 -0.00472518  0.00329275 1 0 0
             47.6902 0.976163  10.9711 -30.8926  9.99838  15.7917 0.900069  0.67838 0.618455 0.103321  0.00136397 0.000556676 -0.00347467  0.00708168 -0.00472518  0.00329275 1 0 0
             47.6902  1.07278  11.0285 -30.5812  9.99786  15.7835 0.899795 0.674787 0.527869 0.100591  0.00134532  0.00053388 -0.00355662 0.00662029 -0.0040189 0.00324524 1 0 0
             47.7903 0.553385  11.6581 -30.4819  10.0488  15.8598 0.901468  0.504937  0.583566 0.0351826  0.00136847 0.000524245 -0.00359566  0.00783855 -0.00481395  0.00384575 1 0 0
             47.7903  0.39395  11.5658 -30.7569  10.0596  15.8522 0.910445 0.613447  0.50716 0.125415  0.00139944 0.000537389 -0.00352448  0.00675014 -0.00478299   0.0027405 1 0 0
             47.8901 0.852877  10.5394 -30.3135  10.1142  15.9109 0.910122  0.579086  0.492102 -0.013477  0.00138918 0.000549769 -0.00353901 0.00716269 -0.0051451  0.0032724 1 0 0
             47.8901 0.882475  10.4018 -30.3476  10.1207  15.9054 0.920969  0.646642   0.43721 0.0926326   0.0013805 0.000578819 -0.00353127  0.00654532 -0.00506429  0.00208665 1 0 0
             47.9899 0.528103  10.4933 -32.2161  10.1715  15.9375 0.912324   0.635158    0.38839 -0.0538916  0.00138988 0.000565965 -0.00352679   0.0068839 -0.00409826  0.00278151 1 0 0
             47.9899 0.524915  10.5053 -32.4058  10.1759   15.941 0.918984  0.680302  0.426787 0.0146766  0.00138587 0.000562279 -0.00347537  0.00684608 -0.00465622  0.00209791 1 0 0
             48.0903 0.372422  11.7461 -33.5107  10.2546    16.01 0.907888   0.693546   0.647722 -0.0695894  0.00135976 0.000561364 -0.00349602  0.00683228 -0.00591515  0.00270391 1 0 0
             48.0903  0.25991  11.7786 -33.5006  10.2498  16.0106 0.912644   0.649281   0.652895 -0.0234197  0.00138954 0.000555487 -0.00349925  0.00729256 -0.00571096  0.00232368 1 0 0
             48.1902 -0.560254   11.1919  -33.8822 10.3153 16.0829 0.90685   0.674955   0.785434 -0.0811161  0.00138954 0.000555487 -0.00349925  0.00729256 -0.00571096  0.00232368 1 0 0
             48.1902 -0.617879   11.0503  -33.7544  10.309 16.0862 0.90536    0.61474   0.818819 -0.0964001  0.00141252 0.000599456 -0.00353418  0.00789913 -0.00562444  0.00259363 1 0 0
             48.2901 -1.40784  10.9325  -32.763  10.3707   16.173 0.896683   0.610891    0.89762 -0.0553211  0.00141252 0.000599456 -0.00353418  0.00789913 -0.00562444  0.00259363 1 0 0
             48.2901 -1.43443  10.9996  -32.493  10.3646  16.1706 0.893619   0.546693    0.87024 -0.0876732  0.00142928 0.000585449 -0.00360875   0.0081749 -0.00504481  0.00297953 1 0 0
             48.3904 -1.21158  9.74692 -34.0397  10.4191  16.2571 0.895062 0.550238 0.869803 0.131742  0.00142928 0.000585449 -0.00360875   0.0081749 -0.00504481  0.00297953 1 0 0
             48.3904 -1.08335  9.63881 -34.4108  10.4213  16.2559 0.890831  0.568888  0.856446 0.0912669  0.00137721 0.000609884  -0.0035096   0.0078761 -0.00506733  0.00332956 1 0 0
             48.4901 0.413106  9.89894 -32.6495  10.4956  16.3508 0.897544 0.611486  0.83422 0.081666  0.00135294 0.000610068 -0.00351274  0.00745867 -0.00618701  0.00349271 1 0 0
             48.4901 0.379598  10.0866 -32.2402    10.49  16.3405 0.902233 0.552389 0.716485 0.126674  0.00136576  0.00055828 -0.00362652  0.00734222 -0.00494569  0.00304591 1 0 0
               48.59 0.146018  10.3373 -31.5741  10.5401   16.401 0.915416   0.43062  0.581066 0.0575638  0.00135618 0.000572855 -0.00362546  0.00718501 -0.00472365  0.00279255 1 0 0
               48.59 -0.0650971    10.4112   -31.6353  10.5375  16.3992 0.913028    0.4038  0.560615 0.0334169  0.00140781 0.000553401 -0.00360923  0.00724544 -0.00439672  0.00304283 1 0 0
             48.6903  0.15471  9.98284 -32.4028  10.5636  16.4616 0.916651   0.307075   0.579081 -0.0451631  0.00139593 0.000561392 -0.00361874  0.00795074 -0.00451012  0.00286474 1 0 0
             48.6903 0.129498    9.849 -32.6513  10.5658  16.4571 0.914543   0.324761   0.530576 -0.0666775  0.00138914 0.000594965 -0.00355341  0.00750147 -0.00421649   0.0029993 1 0 0
             48.7904 0.338454  10.3036 -31.8605  10.6087  16.5297 0.910083   0.45793  0.655624 -0.112549  0.00139199 0.000602307 -0.00356317 0.00787796 -0.0051578 0.00273127 1 0 0
             48.7904 0.303347  10.4782 -31.6699  10.6113  16.5251 0.905714  0.486547  0.603493 -0.160383  0.00140841 0.000550479 -0.00361384  0.00729735 -0.00489505  0.00310871 1 0 0
               48.89 -0.147292   11.3446  -30.3311  10.6811  16.5805 0.883965  0.653671  0.643525 -0.186218  0.00137221 0.000545318 -0.00362917  0.00623702 -0.00496567  0.00318658 1 0 0
               48.89 -0.358517   11.3497  -30.2975  10.6779  16.5882 0.880757  0.615766  0.739526 -0.223719   0.0014367 0.000553211 -0.00364055  0.00698254 -0.00550756   0.0036975 1 0 0
             48.9902 -2.06137  11.7125 -30.1458  10.7414   16.665 0.865029   0.631919   0.779114 -0.0719479   0.0014367 0.000553211 -0.00364055  0.00698254 -0.00550756   0.0036975 1 0 0
             48.9902 -2.14512  11.7104 -30.2699   10.732  16.6715 0.870757    0.53349    0.85166 -0.0152471  0.00145096 0.000562685 -0.00361086  0.00824221 -0.00557322  0.00337063 1 0 0
             49.0901 -1.00438  13.6368 -28.9859  10.7977  16.7606 0.887109 0.532321 0.861955 0.188087   0.0014404 0.000572159 -0.00361331  0.00777721 -0.00620039  0.00283293 1 0 0
             49.0901 -0.716471   13.8406  -28.7395  10.7939  16.7598 0.885792 0.492164  0.85033 0.173122  0.00137402 0.000520842 -0.00367888  0.00802366 -0.00593318  0.00304439 1 0 0
             49.2904 0.859452  12.8603 -25.8597  10.8651  16.9179 0.912977  0.372409  0.721897 0.0438376  0.00136243 0.000533236 -0.00367542  0.00843605 -0.00582351  0.00314064 1 0 0
             49.2904 0.723829  12.5506 -25.9134  10.8707  16.9049 0.903825   0.404987     0.6375 -0.0109696  0.00138948 0.000604259 -0.00366715  0.00765472 -0.00532807  0.00350951 1 0 0
             49.3901 0.209146   11.939 -26.1849  10.9154  16.9619 0.899842   0.47356  0.638293 -0.114662  0.00138867 0.000611175 -0.00367352  0.00755026 -0.00509476   0.0033414 1 0 0
             49.3901 0.0272174    12.045  -26.2809 10.9171 16.9566 0.89691  0.490963  0.580601 -0.145507  0.00142765 0.000573831 -0.00365058  0.00712778 -0.00470194  0.00354083 1 0 0
               49.49 -0.809268   11.8512  -26.4333  10.9602  17.0202 0.883552 0.423999 0.682827 -0.16807  0.00142803 0.000566132 -0.00365038   0.0073469 -0.00466738  0.00339726 1 0 0
               49.49 -0.809106   11.7782  -26.3877  10.9629  17.0282 0.884049  0.452697  0.767298 -0.160874  0.00144234 0.000587478 -0.00365939  0.00749361 -0.00551294  0.00335431 1 0 0
             49.5903 -1.88832  10.4635 -27.0838  11.0103  17.1133 0.868311  0.480869  0.861424 -0.120885  0.00144656 0.000596679 -0.00367604  0.00747803 -0.00573574   0.0033738 1 0 0
             49.5903 -1.96343  10.4589 -27.2389 11.0093 17.1183 0.87355   0.472381   0.917099 -0.0663119  0.00146472 0.000600864 -0.00363359  0.0079086 -0.0061531 0.00290622 1 0 0
             49.6901 -3.21107  10.1532 -30.1491  11.0489  17.2189 0.868434  0.465981  0.915988 0.0640894  0.00146734  0.00060644 -0.00363878  0.00852808 -0.00645512  0.00330193 1 0 0
             49.6901 -3.24519  10.2563 -30.4179  11.0526  17.2113 0.875383 0.510792 0.835295 0.136783  0.00145163  0.00056265 -0.00357027  0.00793819 -0.00596669  0.00248931 1 0 0
               49.79 -1.14746  12.1788  -31.363 11.1044 17.2939 0.89913 0.499322 0.786282  0.23819  0.00144835 0.000561811 -0.00357169   0.008016 -0.0060204  0.0023136 1 0 0
               49.79 -0.85047   12.362 -31.0273  11.1057  17.2859 0.896817 0.515112 0.695566 0.212643  0.00137164 0.000508128 -0.00366306  0.00741542 -0.00540989  0.00249157 1 0 0
             49.8903  1.13469  12.1964 -31.6721  11.1459  17.3615 0.913527  0.44148 0.700406 0.119657   0.0013532 0.000505835 -0.00366601 0.00797367 -0.0055514 0.00261662 1 0 0
             49.8903  1.02533   11.878 -31.6341  11.1472  17.3531 0.903993 0.455752 0.606273 0.014454  0.00137286 0.000583677 -0.00368056  0.00713068 -0.00489433  0.00350849 1 0 0
             49.9904 -0.046072   12.2608  -31.4194 11.1992 17.4099 0.89491  0.523787  0.544427 -0.133225  0.00137533 0.000583893 -0.00371378  0.00693894 -0.00495117  0.00368183 1 0 0
             49.9904 -0.365599    12.481  -31.6233  11.1962  17.4109 0.892547   0.48904  0.555685 -0.159877  0.00144741  0.00052991 -0.00366049  0.00722887 -0.00482749   0.0040097 1 0 0
             50.0901 -1.32967  12.1271 -32.0957  11.2465  17.4884 0.865778  0.537239  0.664732 -0.270597  0.00144895 0.000567356 -0.00366966  0.00779778 -0.00574987  0.00449495 1 0 0
             50.0901 -1.31216  12.1501 -31.9819  11.2481  17.4881 0.876139   0.55783  0.660813 -0.154728  0.00145198  0.00056015 -0.00369955  0.00785196 -0.00582608  0.00335479 1 0 0
             50.1905 -1.95217  12.1733 -32.8966 11.3144 17.5922  0.8389  0.653737  0.859109 -0.263847  0.00142141 0.000572958 -0.00370614 0.00843517 -0.0076245 0.00457204 1 0 0
             50.1905 -2.08473  12.1637 -33.0332  11.3136  17.5714 0.853425 0.659322 0.619964 -0.10435  0.00143196 0.000565823 -0.00367064  0.00741882 -0.00568238  0.00278157 1 0 0
             50.2902 -2.06537  11.8316  -33.276  11.3829  17.6339 0.846749    0.727744    0.630561 -0.00203685  0.00143196 0.000565823 -0.00367064  0.00741882 -0.00568238  0.00278157 1 0 0
             50.2902 -2.03137  11.8047 -33.1229  11.3774  17.6205 0.853909  0.669232  0.480766 0.0721334   0.0014143 0.000572344 -0.00371415  0.00719927 -0.00414481  0.00203905 1 0 0
               50.39 -1.29164  12.4259 -31.8756  11.4647  17.6826 0.863618  0.81319  0.55628 0.221229  0.00139342  0.00057908 -0.00370078  0.00678882 -0.00523143  0.00227528 1 0 0
               50.39 -1.34905   12.628 -31.6245  11.4532  17.6793 0.867052 0.687906 0.522216 0.258455  0.00141412 0.000533108 -0.00377105  0.00765181 -0.00424345  0.00211178 1 0 0
             50.4904 0.0440658   14.2383  -29.7212  11.5386  17.7426 0.885859 0.704644 0.526029 0.231441  0.00140299 0.000514082 -0.00377515  0.00720515 -0.00544536  0.00247796 1 0 0
             50.4904 0.0125198   14.1343  -29.6505  11.5311   17.743 0.889012 0.620453 0.533941 0.268891  0.00141067 0.000548136 -0.00379263  0.00798073 -0.00504194  0.00227516 1 0 0
             50.5904   1.1088  13.2207 -28.4932  11.5939  17.7858 0.907059 0.594643 0.414427 0.149209  0.00140133 0.000557912 -0.00380522  0.00754979 -0.00492523  0.00247931 1 0 0
             50.5904 0.990579  13.1169 -28.7159  11.5829  17.7888 0.901144  0.463679  0.453932 0.0790584  0.00141194 0.000598858 -0.00374318  0.00862247 -0.00457695  0.00347357 1 0 0
               50.69  1.24755  12.0835 -29.0903  11.6199  17.8418 0.890773 0.464873 0.478241 -0.10765  0.00138749 0.000614628 -0.00374214 0.00930865 -0.0046505 0.00428077 1 0 0
               50.69  1.07998  12.1531 -29.1426  11.6233  17.8426 0.892712   0.506271   0.487431 -0.0846787  0.00143271 0.000593648 -0.00372705  0.00906739 -0.00493157  0.00399411 1 0 0
             50.7903   1.3393  12.6837 -28.5627  11.7014  17.9147 0.872453  0.627766  0.653398 -0.178996  0.00137763 0.000558203 -0.00374235  0.00822684 -0.00666817   0.0043553 1 0 0
             50.7903  1.09624   12.671 -28.5378  11.7037  17.9059 0.880965   0.654599   0.554184 -0.0811747  0.00144083 0.000556903 -0.00374989  0.00771253 -0.00597948  0.00322102 1 0 0
             50.8902 -0.557342   11.5861  -30.5951   11.768  17.9649 0.871271   0.638172   0.627227 -0.0960217  0.00144083 0.000556903 -0.00374989  0.00771253 -0.00597948  0.00322102 1 0 0
             50.8902 -0.709326   11.4414  -30.8176  11.7671  17.9611 0.876586   0.628111   0.583383 -0.0387463  0.00146658 0.000594594 -0.00369068  0.00769531 -0.00556049  0.00262051 1 0 0
               50.99 -1.53209  10.6784  -32.808  11.8248  18.0216 0.871209  0.598014  0.607976 0.0264773  0.00146056 0.000592543 -0.00369498 0.00786228  -0.005398  0.0029339 1 0 0
               50.99 -1.48071  10.7178 -32.8516  11.8258  18.0239 0.876215 0.610556  0.63715 0.081623  0.00144611 0.000581115 -0.00368257  0.00802957 -0.00570284  0.00239723 1 0 0
             51.0903 -0.426607   9.85315  -35.3739   11.888  18.0869 0.893706 0.638421 0.599186 0.246549  0.00144611 0.000581115 -0.00368257  0.00802957 -0.00570284  0.00239723 1 0 0
             51.0903 -0.308233   9.84973   -35.341  11.8818  18.0852 0.886885 0.566944 0.579049 0.173237  0.00141261 0.000587627  -0.0036922  0.00833838 -0.00517292  0.00321493 1 0 0
             51.1902 -0.259533   10.7056  -37.3675  11.9362  18.1375 0.903135  0.50925 0.490302 0.139899  0.00141261 0.000587627  -0.0036922  0.00833838 -0.00517292  0.00321493 1 0 0
             51.1902 -0.342254    10.785  -37.2583  11.9427  18.1404 0.903458 0.584388  0.52246 0.144576  0.00144049 0.000563082 -0.00372345  0.00797633 -0.00587375  0.00310137 1 0 0
             51.2904 0.236708  11.1677 -36.5494 12.0324 18.2187  0.9118 0.685526  0.62349 0.054052  0.00143536 0.000543896 -0.00372618  0.00742742 -0.00819614  0.00311062 1 0 0
             51.2904 0.286075  11.0748  -36.324  12.0198  18.2082 0.906579    0.546528    0.508018 -0.00298601  0.00143203 0.000570417 -0.00378587 0.00763837 -0.0064133 0.00373661 1 0 0
             51.3903 -0.204718   10.3146  -37.6712  12.0649  18.2478 0.906995   0.514067   0.432413 -0.0546339  0.00141895 0.000568269 -0.00378727  0.00771469 -0.00571986  0.00348395 1 0 0
             51.3903 -0.317293   10.2888  -37.7913  12.0566  18.2446 0.903787   0.422236   0.395267 -0.0927556   0.0014421 0.000575866 -0.00375459 0.00810446 -0.0048335 0.00394686 1 0 0
             51.4901 -0.943845   10.5289   -37.734  12.1298  18.3183 0.892605  0.634079  0.591065 -0.149496  0.00146709 0.000564267 -0.00373458  0.00818865 -0.00719299  0.00386051 1 0 0
             51.4901 -0.912392   10.4829  -37.5548  12.1173  18.3035 0.891738  0.491737  0.419179 -0.161836  0.00144123 0.000577467 -0.00378354   0.0081255 -0.00495307  0.00399119 1 0 0
             51.5904  -2.5065  10.0421 -37.8318  12.1688  18.3454 0.874162  0.541437  0.411834 -0.168553  0.00144123 0.000577467 -0.00378354   0.0081255 -0.00495307  0.00399119 1 0 0
             51.5904 -2.60979  10.0266 -37.8112  12.1671  18.3386 0.879147  0.522673  0.331812 -0.110885  0.00145258 0.000573815 -0.00379044 0.00787993 -0.0042716 0.00341951 1 0 0
             51.6903 -3.47396  9.43166 -38.6132  12.2221  18.3707 0.873052    0.57276   0.313172 0.00237144  0.00145258 0.000573815 -0.00379044 0.00787993 -0.0042716 0.00341951 1 0 0
             51.6903 -3.35873  9.47261 -38.6785  12.2263  18.3763 0.877776  0.620638  0.379349 0.0562148  0.00141665 0.000560617 -0.00377294  0.00804962 -0.00507546  0.00284688 1 0 0
             51.7902 -1.39254  10.1457 -37.8175  12.2895  18.4142 0.889611 0.643109 0.379659 0.175764  0.00141665 0.000560617 -0.00377294  0.00804962 -0.00507546  0.00284688 1 0 0
             51.7902 -1.30655  10.1985  -37.647  12.2942  18.4167 0.891277 0.693484 0.409282 0.196032   0.0014016 0.000547703 -0.00382052  0.00790833 -0.00561883  0.00258057 1 0 0
             51.8905 -0.0689265    11.4869   -36.6533 12.3577 18.4613  0.9003 0.614337 0.388789 0.155534  0.00136491 0.000510032 -0.00383192  0.00816389 -0.00575664  0.00335945 1 0 0
             51.8905 -0.273471   11.2893  -36.7075 12.3663 18.4662 0.90154 0.713422 0.447902 0.171797  0.00142148 0.000566443 -0.00381956 0.00781567  -0.006829 0.00310682 1 0 0
             51.9902 0.553102  10.5603 -36.1175  12.4352  18.5091 0.915351  0.687726  0.413832 0.0974635  0.00142148 0.000566443 -0.00381956 0.00781567  -0.006829 0.00310682 1 0 0
             51.9902 0.564616   10.421 -36.1016  12.4339  18.5079 0.912497  0.670955  0.399391 0.0644838  0.00141799 0.000605288 -0.00382419  0.00777832 -0.00661255  0.00344214 1 0 0
             52.0902 0.322161   9.9405 -35.7212 12.5095 18.5462 0.91679   0.769839   0.397469 -0.0134922  0.00139673 0.000597102 -0.00383019  0.00750103 -0.00669615  0.00324455 1 0 0
             52.0902 0.0913907   9.94224  -35.7437   12.505  18.5496 0.915854   0.724096   0.433987 -0.0248726  0.00145938  0.00059804 -0.00382376  0.00806586 -0.00667365  0.00346615 1 0 0
             52.1902 -2.04927  10.7547  -37.452  12.5775  18.5828 0.907193   0.715638   0.387384 -0.0924163  0.00146862 0.000571463 -0.00382412  0.00775507 -0.00621119  0.00357509 1 0 0
             52.1902 -2.17139  10.8354 -37.5632  12.5736  18.5834 0.906259  0.671515  0.394536 -0.104721  0.00149513 0.000550782 -0.00379544  0.00812685 -0.00598007  0.00376732 1 0 0
               52.29 -3.57202   11.538 -38.4062   12.641  18.6364 0.875603  0.642421  0.528344 -0.255664  0.00147373 0.000548528 -0.00380402  0.00822709 -0.00649249  0.00471073 1 0 0
               52.29 -3.57821  11.5424 -38.3627  12.6382  18.6334 0.878789  0.611624  0.492671 -0.220705  0.00147393 0.000548385 -0.00381652  0.00829702 -0.00600832  0.00438173 1 0 0
             52.3904 -3.62521  12.0653 -38.5107  12.6983  18.6879 0.856408  0.606428  0.588287 -0.202174  0.00147393 0.000548385 -0.00381652  0.00829702 -0.00600832  0.00438173 1 0 0
             52.3904 -3.53214  12.0544 -38.4782  12.6951  18.6866 0.868225   0.576649   0.572884 -0.0836456  0.00144695 0.000551985 -0.00382578  0.00866036 -0.00562768  0.00324405 1 0 0
             52.4901 -2.87885  12.3868 -39.9759  12.7547  18.7445 0.866887  0.623592  0.571954 0.0780057  0.00144695 0.000551985 -0.00382578  0.00866036 -0.00562768  0.00324405 1 0 0
             52.4901 -2.80244  12.3842 -40.0361  12.7566  18.7427 0.871529 0.646078 0.551923 0.125045  0.00142151   0.0005486 -0.00380977  0.00847103 -0.00559841  0.00271826 1 0 0
               52.59 -1.50874  12.7788 -41.9552 12.8202 18.7931 0.88982 0.610499 0.443138 0.200467  0.00142151   0.0005486 -0.00380977  0.00847103 -0.00559841  0.00271826 1 0 0
               52.59 -1.45606  12.6923 -41.9579  12.8222  18.7918 0.888896 0.633217  0.42723 0.191576  0.00140674  0.00057018 -0.00380879  0.00817985 -0.00564354  0.00274387 1 0 0
             52.6903 -0.0810423    12.5341   -42.4151  12.8912  18.8478 0.914643 0.623547 0.438374  0.19076  0.00140685 0.000570188 -0.00381019  0.00854629 -0.00652619  0.00234005 1 0 0
             52.6903 -0.0818852    12.4586   -42.2749  12.8929  18.8449 0.906466 0.636221 0.407095 0.105204 0.00141341 0.00058942 -0.0038493  0.00804482 -0.00642012  0.00312491 1 0 0
             52.7902 -0.207225   12.3124  -43.6785  12.9522  18.8669 0.903053 0.591295  0.28851 -0.05544  0.00140667 0.000577816 -0.00384462  0.00747501 -0.00571546  0.00346184 1 0 0
             52.7902 -0.387213   12.3103  -43.6683  12.9471  18.8695 0.899953   0.532748   0.321557 -0.0904033  0.00145539 0.000582838 -0.00384646  0.00803508 -0.00551094  0.00395097 1 0 0
               52.89 -0.798292   12.4589  -44.3006   13.047  18.8818 0.884436  0.796697   0.23416 -0.178956  0.00147035 0.000578008 -0.00385952  0.00556194 -0.00648921  0.00341052 1 0 0
               52.89 -0.778285   12.4869  -44.2303  13.027 18.8984 0.88279   0.56264  0.428218 -0.201501  0.00147006 0.000592399 -0.00388021  0.00851467 -0.00610369  0.00428603 1 0 0
             52.9903 -0.709181   12.3507  -44.2484  13.0823  18.9413 0.863305  0.612019  0.448698 -0.183882  0.00146765 0.000604209 -0.00388398  0.00859964 -0.00587968  0.00424803 1 0 0
             52.9903 -0.715555   12.4133  -44.1399   13.069  18.9526 0.867182  0.466348  0.568856 -0.148116  0.00147473 0.000602051 -0.00391545   0.0105358 -0.00561064  0.00430083 1 0 0
             53.0902 -1.09612  12.0688  -43.418  13.1209  19.0089 0.857457   0.560151   0.548736 -0.0298681  0.00147473 0.000602051 -0.00391545   0.0105358 -0.00561064  0.00430083 1 0 0
             53.0902 -1.09518  12.0377 -43.2687  13.1247  19.0091 0.862608  0.605384  0.551589 0.0258424  0.00148647 0.000608994 -0.00395522  0.0103748 -0.0059533 0.00367826 1 0 0
               53.19 0.355182   12.746 -41.5873 13.1859 19.0651 0.87277 0.605873 0.571409 0.167184  0.00148647 0.000608994 -0.00395522  0.0103748 -0.0059533 0.00367826 1 0 0
               53.19 0.470067  12.8826 -41.5468   13.196  19.0522 0.874848 0.726453 0.417816 0.193018  0.00145926 0.000552391 -0.00396669 0.00854728 -0.0057669 0.00302053 1 0 0
             53.2903  1.9439 13.6662 -39.428  13.2642  19.0938 0.896395 0.621005 0.409753 0.208725  0.00145926 0.000552391 -0.00396669 0.00854728 -0.0057669 0.00302053 1 0 0
             53.2903  1.96027  13.6236 -39.3035  13.2758  19.0898 0.894448  0.75062 0.366562 0.195281   0.0014717 0.000553788 -0.00400252  0.00731516 -0.00637942  0.00288885 1 0 0
             53.3904  1.67356  11.7899 -37.9449  13.3465  19.1261 0.908722  0.685261  0.348215 0.0760974   0.0014717 0.000553788 -0.00400252  0.00731516 -0.00637942  0.00288885 1 0 0
             53.3904  1.45993  11.5388 -38.0439 13.3502 19.1255 0.90612  0.724829  0.343195 0.0525812  0.00152665  0.00062262 -0.00397677  0.00691899 -0.00659509   0.0030507 1 0 0
             53.4935 -0.0965386    11.0723   -37.9411  13.4262  19.1593 0.906168   0.742527   0.322968 -0.0339712  0.00152665  0.00062262 -0.00397677  0.00691899 -0.00659509   0.0030507 1 0 0
             53.4935 -0.190187   11.2403  -37.9783  13.4209  19.1659 0.900584   0.689481   0.393434 -0.0908874  0.00155065 0.000580145 -0.00396666  0.00766566 -0.00675307  0.00380412 1 0 0
             53.5904 -1.46419  11.1333 -38.1304  13.4654  19.2015 0.879224  0.575081  0.433716 -0.202555  0.00155819 0.000562528 -0.00397203   0.0082154 -0.00574134  0.00444524 1 0 0
             53.5904 -1.38256  11.1245 -38.1213  13.464 19.2088  0.8845  0.563975  0.518775 -0.146457  0.00153417 0.000564278 -0.00397602  0.00896916 -0.00633568  0.00399519 1 0 0
             53.6901 -2.45807  11.3469 -37.4772  13.5075  19.2652 0.866801  0.504132  0.633039 -0.196448  0.00154748 0.000567504 -0.00398579  0.00945421 -0.00579349  0.00410047 1 0 0
             53.6901 -2.43484  11.4281 -37.4846  13.5141  19.2664 0.872401  0.580579  0.646303 -0.135625  0.00154385  0.00054214 -0.00398242  0.00909327 -0.00638159  0.00337964 1 0 0
               53.79 -3.17696  11.3641 -36.3346  13.5719  19.3356 0.861137   0.582089   0.731001 -0.0680931  0.00154385  0.00054214 -0.00398242  0.00909327 -0.00638159  0.00337964 1 0 0
               53.79 -3.12769  11.3539 -36.2499  13.5806  19.3337 0.864632   0.679323   0.712534 -0.0289058  0.00153891 0.000540323 -0.00400298  0.00831966 -0.00684942  0.00279596 1 0 0
             53.8903 -3.01294  10.6352 -38.0867  13.6143   19.451 0.870487 0.529666 0.916293 0.159674  0.00151242 0.000550088 -0.00397499    0.011346 -0.00761308  0.00333704 1 0 0
             53.8903 -3.10754  10.5719 -38.2709  13.6342  19.4202 0.868463 0.732475 0.593391 0.135398  0.00151719 0.000531787 -0.00392549  0.00776097 -0.00636884  0.00296409 1 0 0
             53.9901 -0.278042   11.3511  -37.9684  13.7116  19.4629 0.898148 0.755132 0.444304  0.22903    0.001474 0.000549628 -0.00390387  0.00732802 -0.00585206  0.00229971 1 0 0
             53.9901 -0.0210903    11.4684   -37.5694  13.7213  19.4528 0.891532 0.854034 0.340985 0.161069  0.00141936 0.000503365 -0.00401761  0.00582932 -0.00574983  0.00273082 1 0 0
             54.0901 0.616883  12.2289 -38.0629  13.8031  19.4831 0.903293  0.791582  0.261736 0.0831138  0.00141936 0.000503365 -0.00401761  0.00582932 -0.00574983  0.00273082 1 0 0
             54.0901  0.36667  12.1993 -38.2087  13.7954  19.4901 0.896084   0.708464   0.333744 0.00710639  0.00148001  0.00051971 -0.00397403  0.00676696 -0.00574236  0.00371183 1 0 0
             54.1903 -0.0180168    13.2193   -37.6899   13.864  19.5196 0.893322 0.663302 0.265166 -0.07062  0.00148001  0.00051971 -0.00397403  0.00676696 -0.00574236  0.00371183 1 0 0
             54.1903 -0.121333   13.2128  -37.5039  13.8499  19.5336 0.889935  0.517928  0.409412 -0.105845  0.00151989 0.000536953 -0.00402213  0.00872549 -0.00587062  0.00451081 1 0 0
             54.2901 -0.0934312    13.4615   -38.1627  13.8969  19.5702 0.877072  0.503426  0.398999 -0.167433  0.00151352 0.000532162  -0.0040223  0.00875254 -0.00550777   0.0044524 1 0 0
             54.2901 -0.0592132    13.4199   -38.2876  13.8912   19.581 0.881069  0.441494  0.517871 -0.124826   0.0015007 0.000555483 -0.00398748   0.0100757 -0.00601799  0.00431405 1 0 0
               54.39 -0.339344    13.198  -39.2872   13.958  19.6391 0.871174  0.619612  0.580149 -0.130337  0.00151233 0.000539602 -0.00398697  0.00950752 -0.00690239  0.00392523 1 0 0
               54.39 -0.344939   13.0895  -39.3244  13.9535  19.6403 0.872245 0.569746 0.593321 -0.12046  0.00151031 0.000574023 -0.00397732  0.00997992 -0.00667006  0.00393616 1 0 0
             54.4904 -1.18739  13.2926 -39.1365  14.0216  19.6935 0.852516   0.71085   0.55631 -0.126402  0.00151016 0.000566702 -0.00397452  0.00946105 -0.00653784  0.00425968 1 0 0
             54.4904 -1.19932  13.4018 -39.0129  14.0196  19.6925 0.856498   0.690274   0.544338 -0.0867244  0.00151901 0.000537822 -0.00400904  0.00963513 -0.00630419  0.00388184 1 0 0
             54.5903 -1.46601  14.1663 -39.4267  14.0904  19.7457 0.856702  0.704797  0.530455 0.0927338  0.00151901 0.000537822 -0.00400904  0.00963513 -0.00630419  0.00388184 1 0 0
             54.5903 -1.44507  14.1996 -39.5025  14.0933  19.7359 0.859916  0.73449 0.422201 0.124883  0.00150005 0.000516683 -0.00398826  0.00879655 -0.00569374   0.0033568 1 0 0
             54.6901 0.740219  15.0432 -38.0653  14.1925    19.79 0.887684  0.80959 0.487766 0.224534  0.00148205  0.00052657 -0.00398685  0.00825483 -0.00718994   0.0025137 1 0 0
             54.6901 0.854831  15.0959 -37.7638 14.1855 19.7833 0.88404  0.72829 0.413529 0.182214  0.00145907  0.00051291 -0.00407031  0.00825338 -0.00611723  0.00298831 1 0 0
             54.7903  1.14874  14.4389 -36.4445  14.2541  19.8227 0.904238 0.594447 0.416057 0.142149  0.00146573 0.000499081 -0.00407557  0.00807954 -0.00613196  0.00269951 1 0 0
             54.7903 0.919185  14.1737 -36.5151  14.2403  19.8175 0.896693  0.437008  0.354963 0.0585872 0.00150981 0.00057955 -0.0040609   0.0086114 -0.00458882  0.00371069 1 0 0
             54.8902 0.187201  13.2329 -35.4806   14.283  19.8585 0.905888  0.440136  0.365811 -0.006398  0.00153113 0.000587214 -0.00407204  0.00894382 -0.00487302  0.00328816 1 0 0
             54.8902 0.0792919   13.2738  -35.5987  14.2779  19.8615 0.894515  0.384383   0.39366 -0.124489  0.00155022 0.000583119 -0.00404072  0.00923586 -0.00470523   0.0046162 1 0 0
               54.99 -0.698172   14.1719  -34.9769  14.3186  19.9151 0.865964 0.401983 0.474175 -0.23311  0.00152882 0.000576785 -0.00403204  0.00947244 -0.00528487    0.005416 1 0 0
               54.99 -0.773704   14.3322  -34.9057 14.3218 19.9124 0.86838  0.438013  0.445556 -0.206678  0.00155539 0.000527997 -0.00405125  0.00909155 -0.00527612  0.00504388 1 0 0
             55.0903 -0.981758   13.9737  -34.6807   14.374   19.963 0.854184  0.467927  0.544255 -0.198768  0.00157324 0.000536199 -0.00404188    0.008818 -0.00570581   0.0045754 1 0 0
             55.0903 -0.864836   13.8712   -34.675   14.381   19.965 0.864264   0.551489   0.572029 -0.0890405  0.00154632  0.00056094 -0.00404118  0.00860676 -0.00643359  0.00334284 1 0 0
             55.1902 -0.985698   13.0959   -34.553  14.4355  20.0369 0.870368   0.592224   0.715518 -0.0129344  0.00157073 0.000575355 -0.00402703   0.0092509 -0.00679765  0.00257773 1 0 0
             55.1902 -0.909114   13.1095  -34.5007  14.4377  20.0306 0.866878   0.612711   0.642979 -0.0513898  0.00155255 0.000570462 -0.00404215  0.00855793 -0.00634591   0.0028298 1 0 0
               55.29 -1.55445  13.7436 -34.8914  14.5229   20.094 0.844681   0.757764   0.627114 -0.0052523  0.00156771 0.000559322 -0.00407303  0.00731483 -0.00707938  0.00379194 1 0 0
               55.29 -1.59341  13.8542 -35.0197   14.514  20.0941 0.847522  0.657652  0.628712 0.0230356   0.0015618 0.000541001 -0.00404331  0.00819138 -0.00647734  0.00370865 1 0 0
             55.3904 0.0306203   13.5303  -36.1313  14.5876  20.1589 0.863685 0.700844 0.600314 0.169125  0.00157488 0.000552491 -0.00402996  0.00811126 -0.00681457  0.00337228 1 0 0
             55.3904 0.317158  13.4508 -36.0575   14.574   20.158 0.863897 0.547765 0.585591 0.166903  0.00147045 0.000612831 -0.00405398 0.00910328 -0.0058927  0.0036535 1 0 0
             55.4902  2.44402  13.2888 -36.2129  14.6242  20.2199 0.886288 0.499977 0.589334 0.131279  0.00147186 0.000610246 -0.00405208  0.00938285 -0.00602748  0.00324489 1 0 0
             55.4902   2.4607  13.2086 -36.0898  14.6206  20.2167 0.881693  0.455737  0.550479 0.0817793  0.00147708 0.000632247  -0.0040864  0.00935841 -0.00542258  0.00376841 1 0 0
               55.59  1.67279  14.3496 -35.0495   14.663  20.3025 0.871666   0.414479   0.682546 -0.0791865  0.00146594  0.00060136 -0.00408755   0.0103696 -0.00674131  0.00474224 1 0 0
               55.59  1.25633  14.3923 -35.1023 14.6676 20.2812 0.87216    0.45352   0.447833 -0.0750866  0.00155674 0.000575387 -0.00408018  0.00859165 -0.00508248  0.00419295 1 0 0
             55.6903 -0.512561   14.0273   -36.045  14.7123  20.3244 0.861565  0.456661  0.408453 -0.134559  0.00155674 0.000575387 -0.00408018  0.00859165 -0.00508248  0.00419295 1 0 0
             55.6903 -0.551678   13.9161  -36.1494  14.7189  20.3185 0.868552    0.52998   0.343674 -0.0591452  0.00156102 0.000584978 -0.00405019  0.00786938 -0.00504472  0.00325591 1 0 0
             55.7902 -0.942422   14.2706  -36.0544  14.7939  20.3887 0.870912   0.695751   0.509876 -0.0438764  0.00162738 0.000590867 -0.00405814  0.00841035 -0.00717816  0.00286813 1 0 0
             55.7902 -0.799602    14.327  -36.0728  14.7928  20.3783 0.866277  0.679411  0.389714 -0.094232  0.00158816 0.000574419 -0.00405172  0.00766176 -0.00610086  0.00323872 1 0 0
               55.89 -0.926816   14.5637  -36.2204  14.8789  20.4048 0.852952   0.847766   0.319303 -0.0783736  0.00157611 0.000575647 -0.00407034  0.00663741 -0.00603327  0.00324361 1 0 0
               55.89 -0.962683   14.5314  -36.2114  14.8642  20.4091 0.851173  0.678229  0.365102 -0.102247  0.00157748 0.000602343 -0.00407463   0.0081767 -0.00532476  0.00391724 1 0 0
             55.9903 -0.649025   14.8671  -37.0915  14.9379  20.4509 0.847775  0.739582  0.369926 0.0314598  0.00157307 0.000598253 -0.00407769  0.00831247 -0.00573874   0.0039063 1 0 0
             55.9903 -0.636761   14.8551   -37.156   14.929  20.4563 0.850261  0.647556  0.426936 0.0549179  0.00156359 0.000629354  -0.0040612  0.00933765 -0.00561486  0.00394359 1 0 0
             56.0902  2.07391  15.9808 -35.9244   14.984  20.4922 0.860321 0.584035 0.378045 0.107996    0.001547 0.000628642 -0.00406619  0.00952254 -0.00509945   0.0039608 1 0 0
             56.0902  2.27789  16.0303 -35.7002  14.9865  20.4925 0.860286 0.611121  0.38135 0.108515  0.00150669 0.000612086   -0.004127  0.00934479 -0.00531899  0.00390279 1 0 0
             56.1901  2.74863  16.1827 -35.3183  15.0403  20.5359 0.867669  0.475421  0.388736 0.0981553  0.00151108 0.000600612 -0.00414288  0.00954876 -0.00557126  0.00418078 1 0 0
             56.1901   2.4787  16.0062 -35.5337 15.0501 20.5353 0.87012 0.582142  0.38572 0.127135  0.00157814 0.000644578 -0.00408712  0.00877633 -0.00622592  0.00366671 1 0 0
               56.29  2.30781  14.4031 -37.3056  15.1003  20.5716 0.880767  0.540677  0.347876 0.0820003   0.0015781 0.000649978 -0.00409031 0.00900333 -0.0060439 0.00373769 1 0 0
               56.29 2.31485 14.3048 -37.428  15.1102  20.5736 0.880511  0.652927  0.373359 0.0825288  0.00157554  0.00067049 -0.00405407  0.00828378 -0.00696516  0.00357108 1 0 0
             56.3903  1.43722  13.9921 -38.7324  15.1766   20.609 0.885634  0.644671  0.343637 0.0256307  0.00157554  0.00067049 -0.00405407  0.00828378 -0.00696516  0.00357108 1 0 0
             56.3903  1.34409  14.1175 -38.7177  15.1785  20.6094 0.884448  0.667562  0.347682 0.0135571  0.00160328 0.000633308 -0.00405641  0.00811224 -0.00713683  0.00366348 1 0 0
             56.4901 0.436368  13.1246 -39.9764   15.237  20.6447 0.875456   0.619747   0.375198 -0.0986701  0.00160668 0.000652736 -0.00406832  0.00826975 -0.00682637  0.00409005 1 0 0
             56.4901 0.472215  13.1097 -39.9064  15.2357  20.6464 0.874958   0.60496  0.393838 -0.104196  0.00160202 0.000658978 -0.00408769  0.00848767 -0.00686881  0.00420442 1 0 0
             56.5901  -0.5508  13.0812 -40.8001  15.2828  20.6915 0.868332  0.533409  0.462217 -0.109466  0.00162356 0.000652703  -0.0040962  0.00920579 -0.00654853  0.00401819 1 0 0
             56.5901 -0.425174   13.1514  -40.7917  15.2849  20.6858 0.865674  0.555736  0.398851 -0.137856  0.00158534 0.000628285 -0.00409873  0.00854609 -0.00623478  0.00416781 1 0 0
             56.6904 -0.195508    13.541  -40.6937  15.3388  20.7359 0.843479  0.581915  0.483731 -0.134687  0.00157721 0.000635157 -0.00409516  0.00881878 -0.00639254  0.00478922 1 0 0
             56.6904 -0.102442   13.6729  -40.5231   15.344  20.7318 0.848575   0.641117     0.4382 -0.0804599  0.00156211 0.000590163 -0.00414102  0.00821703 -0.00647634   0.0040674 1 0 0
             56.7902  1.11027  13.0654 -41.0416 15.4191 20.7595 0.86828 0.742349 0.364652 0.148008  0.00156645 0.000597732  -0.0041569  0.00754175 -0.00612626  0.00273495 1 0 0
             56.7902   1.2014  12.9062 -41.1216  15.4172  20.7638 0.868754 0.721347 0.413654  0.15362   0.0015391 0.000649509 -0.00413464  0.00802367 -0.00634724  0.00279092 1 0 0
               56.89  1.68136  13.0584 -41.2179  15.4784  20.8132 0.885984 0.618958 0.437694 0.160709  0.00153117 0.000658274  -0.0041323  0.00875209 -0.00630681  0.00292081 1 0 0
               56.89  1.53273  13.1715 -41.2011  15.4755  20.8144 0.879054  0.587863   0.44958 0.0847943  0.00157342 0.000629381 -0.00413615  0.00888377 -0.00614498  0.00376242 1 0 0
             56.9903  2.05742  13.0619 -40.7405  15.5278  20.8475 0.891404  0.509225  0.354436 0.0762061  0.00158076 0.000610777 -0.00414689  0.00865284 -0.00568074  0.00339885 1 0 0
             56.9903   2.0932  12.9712 -40.6837 15.5256 20.8518 0.88237   0.484057   0.402063 -0.0214903  0.00157419 0.000640801 -0.00416247  0.00892898 -0.00582352  0.00451935 1 0 0
             57.0901  1.86651  13.9401 -40.3163  15.5611  20.9033 0.871298  0.430317  0.448131 -0.131649  0.00158433 0.000619962 -0.00417006  0.00989337 -0.00582434  0.00500605 1 0 0
             57.0901 1.80057 13.9058 -40.385  15.5706  20.8961 0.870897  0.536116   0.36821 -0.136749   0.0016009 0.000617459 -0.00415182  0.00855867 -0.00598687  0.00475092 1 0 0
               57.19 0.691357  14.3539 -40.7554  15.6362   20.933 0.863588  0.638554  0.365815 -0.155041  0.00160487 0.000602717 -0.00416518  0.00831152 -0.00638717  0.00411779 1 0 0
               57.19 0.637512  14.3139 -40.8495  15.6417  20.9309 0.861231  0.700141  0.342485 -0.181166  0.00161531 0.000610875 -0.00413839  0.00762832 -0.00663997  0.00423651 1 0 0
              57.291 0.420977  14.8442 -41.1002  15.7183  20.9656 0.848806  0.797093  0.345348 -0.148896  0.00164242 0.000617399  -0.0041311  0.00764649 -0.00673415   0.0038861 1 0 0
              57.291 0.651573  14.8488 -40.9522  15.7173  20.9672 0.849868  0.785049   0.36338 -0.137233  0.00158894 0.000617682 -0.00417118  0.00789123 -0.00680211  0.00382437 1 0 0
             57.3903 0.905615  15.5378 -40.3989 15.7896 20.9952 0.86589  0.812116  0.299094 0.0849038  0.00158711 0.000603462 -0.00419621  0.00839657 -0.00614207  0.00247499 1 0 0
             57.3903 0.833124  15.4845 -40.5559   15.788   20.999 0.851342   0.793674   0.344175 -0.0729114  0.00160063 0.000623633 -0.00415333  0.00840274 -0.00631769  0.00417488 1 0 0
               57.49  1.10907  15.4835 -41.2414 15.8593 21.0285 0.85777 0.767439 0.322803 0.104873  0.00158153 0.000613164   -0.004164  0.00867891 -0.00577622  0.00388665 1 0 0
               57.49  1.18639  15.4336 -41.2777  15.8601  21.0379 0.848235   0.773472   0.428928 0.00229123  0.00156548  0.00063361 -0.00415268  0.00906064 -0.00659084  0.00512597 1 0 0
             57.5903  2.27738  16.3445 -39.7853  15.9331  21.1041 0.855633  0.664216  0.558355 0.0812073  0.00157508 0.000632158 -0.00416745  0.00992058 -0.00743568  0.00522491 1 0 0
             57.5903  2.30565  16.2581 -39.6706  15.9363  21.0958 0.858648 0.700194 0.467254 0.114252  0.00157279   0.0006475 -0.00420135  0.00912919 -0.00703709  0.00462991 1 0 0
             57.6902  2.80692  14.1933 -38.4555  15.9999  21.1286 0.872584  0.597756  0.393887 0.0557735  0.00156686 0.000666759 -0.00422313  0.00868923 -0.00652567  0.00412312 1 0 0
             57.6902  2.72198  14.0524 -38.4846 15.9993 21.1241 0.87198  0.590695   0.34376 0.0492627  0.00158611 0.000704496 -0.00421876  0.00837241 -0.00609045   0.0040841 1 0 0
               57.79  2.22652  13.8415 -37.6769 16.0613 21.1642 0.86826   0.603239   0.365817 -0.0594178  0.00159343 0.000702995 -0.00423918  0.00845729 -0.00650056   0.0043172 1 0 0
               57.79  2.09601  13.9727 -37.7779 16.0612 21.1623 0.86841   0.602516   0.343198 -0.0580671  0.00162309 0.000665763 -0.00421019  0.00832513 -0.00630929  0.00425864 1 0 0
             57.8903  1.70365  13.9097 -37.1064  16.1145  21.1979 0.853578  0.555876  0.376983 -0.143809  0.00161016  0.00067105 -0.00421599  0.00849851 -0.00600957  0.00465457 1 0 0
             57.8903  1.64711  13.9777 -37.1108  16.1171  21.1989 0.861549   0.589101   0.389622 -0.0567393  0.00162804 0.000650853 -0.00421336  0.00855051 -0.00636844  0.00373204 1 0 0
             57.9902  1.39178  13.7608 -36.9094  16.1645  21.2486 0.849832   0.52304  0.502177 -0.117164  0.00160609 0.000650641 -0.00420855  0.00918106 -0.00627387  0.00412107 1 0 0
             57.9902  1.34494  13.7596 -36.8985  16.1714  21.2495 0.856405   0.603019   0.513692 -0.0453796  0.00162503  0.00064624 -0.00420899  0.00882105 -0.00692009  0.00326825 1 0 0
               58.09 1.28068 13.5228   -36.3  16.2237  21.3062 0.854109   0.607215   0.603615 -0.0321819  0.00160252 0.000641051 -0.00422636  0.00932971 -0.00658425   0.0032145 1 0 0
               58.09   1.1699  13.4613 -36.2686  16.2308  21.3049 0.851783   0.689341   0.589351 -0.0559086  0.00163953 0.000653697 -0.00423334  0.00853176 -0.00699897  0.00328507 1 0 0
             58.1901 0.349351  13.9289 -37.2156  16.3126  21.3619 0.843281  0.770762  0.576679 0.0425248  0.00164242 0.000636087 -0.00424336  0.00785184 -0.00729873  0.00362528 1 0 0
             58.1901 0.367098   13.927 -37.3538  16.3126  21.3622 0.841223   0.76958  0.580083 0.0204483  0.00162823 0.000637321 -0.00420507   0.0078268 -0.00731496  0.00386093 1 0 0
             58.2905  1.30623  13.7162 -38.2765  16.3832  21.3968 0.860527 0.763403 0.429204 0.186095  0.00161396 0.000661245 -0.00420307  0.00758033 -0.00602216  0.00322325 1 0 0
             58.2905  1.41734  13.7322 -38.2059  16.3754  21.4044 0.857582 0.674782 0.516188 0.152865  0.00159059 0.000669185 -0.00422189 0.00872421 -0.0061307 0.00387141 1 0 0
             58.3902  2.28536  13.9845 -38.8452  16.4355  21.4669 0.860367 0.548241  0.54954 0.045495 0.00157442 0.00065683 -0.0042252  0.00905725 -0.00663801  0.00457829 1 0 0
             58.3902  2.15813  13.9681 -38.7693  16.4315  21.4699 0.857692  0.500482  0.585443 0.0153435  0.00161586 0.000667168 -0.00424507  0.00957689 -0.00657523  0.00503431 1 0 0
             58.4905   2.6262  14.2185 -38.0072  16.4803  21.5262 0.875285  0.502587    0.5194 0.0298483  0.00160791 0.000683447 -0.00424771  0.00995389 -0.00657383  0.00392513 1 0 0
             58.4905   2.5917  14.2297 -37.8896   16.485  21.5231 0.875264  0.556688   0.48366 0.0303513  0.00162658 0.000673704 -0.00428074  0.00930332 -0.00667006  0.00375987 1 0 0
             58.5905  1.58686  14.8044 -38.7636  16.5388  21.5909 0.872624   0.546085   0.550297 -0.0443203  0.00160647 0.000642676 -0.00425232   0.0101247 -0.00753027  0.00415322 1 0 0
             58.5905  1.36374  14.7662 -38.8165   16.543   21.575 0.867022  0.599836  0.362181 -0.105711  0.00165687 0.000638309 -0.00423825  0.00831329 -0.00638703  0.00429714 1 0 0
             58.6902  1.59825  15.3024 -38.9119  16.6009    21.61 0.846803  0.601615  0.363408 -0.189176  0.00163172 0.000628772 -0.00424417  0.00828001 -0.00624195  0.00470857 1 0 0
             58.6902  1.59563  15.2783 -38.8253  16.6066  21.6041 0.848815  0.668034  0.291846 -0.165506  0.00163765 0.000627892  -0.0042677  0.00736468 -0.00615377  0.00419794 1 0 0
             58.7901  2.60612  15.2629 -37.7768  16.6664  21.6381 0.825588  0.717208   0.35246 -0.202631  0.00159717 0.000651402 -0.00427561  0.00784076 -0.00581882  0.00463773 1 0 0
             58.7901  2.57709  15.2203 -37.6855  16.6672  21.6355 0.830609   0.72699  0.321828 -0.145951  0.00161076 0.000660714 -0.00430157  0.00771862 -0.00566665  0.00397337 1 0 0
             58.8904  1.10704  15.6581 -37.7013   16.733  21.6876 0.830176  0.734351  0.405933 0.0497615   0.0016532 0.000668837 -0.00431564  0.00909269 -0.00612242  0.00389874 1 0 0
             58.8904 0.993855  15.7547 -37.8247  16.7374  21.6836 0.834046  0.788058  0.358469 0.0939144  0.00167545 0.000635533 -0.00427958 0.00851418 -0.0061272 0.00324565 1 0 0
             58.9903  2.04859  16.7551 -37.2121  16.8302  21.7115 0.853303 0.808073   0.2853 0.248148  0.00171261 0.000655872 -0.00426291  0.00769515 -0.00644147  0.00292923 1 0 0
             58.9903  2.37276  16.8244 -37.1007  16.8238  21.7153 0.853871  0.73406 0.328852 0.253574  0.00162753 0.000644903 -0.00429247  0.00854806 -0.00631992  0.00311104 1 0 0
             59.0901 4.07942 15.9854 -35.945  16.8873  21.7513 0.882709 0.595979 0.328064 0.225497  0.00161255  0.00063826 -0.00430134  0.00887939 -0.00639262   0.0029607 1 0 0
             59.0901  4.09541  15.8102 -35.8763  16.8829  21.7548 0.876139  0.54369 0.370936  0.15097  0.00161048 0.000697602 -0.00431951  0.00929968 -0.00635628   0.0039075 1 0 0
             59.1902  3.73495  15.1478 -36.0854  16.9324  21.7875 0.876501  0.517578  0.328127 -0.021687  0.00160542 0.000701072 -0.00432425 0.00919769 -0.0060813 0.00433799 1 0 0
             59.1902  3.43528  15.1864 -36.2842  16.9344  21.7934 0.872408   0.540082   0.396806 -0.0675203  0.00168874 0.000702921 -0.00426525 0.00929906 -0.0066735  0.0048793 1 0 0
             59.2903  2.70789  15.7466 -36.6191  16.9956  21.8281 0.863978   0.58032   0.37263 -0.120739  0.00168562 0.000680679 -0.00427111 0.00898895 -0.0066609 0.00466302 1 0 0
             59.2903   2.6871  15.8443 -36.6278  16.9972  21.8308 0.864458   0.59885   0.40351 -0.115178  0.00169801 0.000653589 -0.00426588  0.00905506 -0.00700695  0.00464743 1 0 0
             59.3901  2.15496   15.975 -37.2972  17.0594  21.8724 0.843706  0.581305  0.479503 -0.178158   0.0016733 0.000641786 -0.00428056  0.00864713 -0.00708989  0.00499984 1 0 0
             59.3901  2.07171  15.9434 -37.3879  17.0554  21.8704 0.849279  0.535255  0.456741 -0.113812  0.00168392 0.000651915  -0.0042602  0.00905877 -0.00661882   0.0043668 1 0 0
             59.4899  1.33742  15.1204 -37.6234  17.1129  21.9366 0.847773 0.574608 0.656326 -0.10367  0.00169213 0.000670273 -0.00425225  0.00966008 -0.00742508  0.00378323 1 0 0
             59.4899  1.36072  15.1175 -37.5322  17.1113  21.9329 0.848427   0.556648   0.613471 -0.0959803  0.00167756 0.000665585 -0.00428091  0.00955612 -0.00700719  0.00366292 1 0 0
             59.5903  1.21479  15.0034 -36.1734  17.1738   22.014 0.844353   0.634558   0.774377 -0.0195408  0.00170137 0.000686432 -0.00426797  0.00990617 -0.00771001  0.00357293 1 0 0
             59.5903  1.27685  15.1359 -35.9481  17.1753  22.0046 0.841262   0.653648    0.66505 -0.0525299  0.00168732 0.000629286 -0.00433188  0.00902883 -0.00701389  0.00366019 1 0 0
             59.6902  1.72999  15.1089 -36.5403  17.2492  22.0651 0.846254 0.728105 0.639972 0.150307  0.00167296 0.000595706  -0.0043103 0.00859856 -0.0069987 0.00353156 1 0 0
             59.6902 1.70941 14.9727 -36.637 17.2442 22.0541 0.83784  0.671361  0.513239 0.0543682  0.00165535 0.000626947 -0.00429033  0.00795612 -0.00556945  0.00441258 1 0 0
             59.7902  2.11403  15.1006 -36.7028  17.2909  22.1189 0.848196 0.497387 0.565292  0.06077   0.0016401 0.000659097 -0.00430541  0.00928758 -0.00559241  0.00453194 1 0 0
             59.7902  2.03064  15.2247 -36.6733  17.2933  22.1156 0.848615  0.527208  0.526594 0.0657364  0.00165819 0.000606649 -0.00431324  0.00888076 -0.00548584  0.00436843 1 0 0
             59.8904  1.93063  14.5533 -35.5429  17.3425  22.1727 0.857848 0.502157  0.51359 0.012101  0.00167604 0.000630243 -0.00431128 0.00922211 -0.0056992 0.00407274 1 0 0
             59.8904  1.92857  14.4635 -35.4627   17.351  22.1725 0.856361     0.59897    0.510632 -0.00375215  0.00169417 0.000639704 -0.00433182  0.00845141 -0.00626954  0.00404963 1 0 0
             59.9903 -0.141957   15.2632  -35.0591   17.417  22.2365 0.844533  0.630334  0.539994 -0.124214  0.00170307 0.000606933 -0.00435551  0.00866544 -0.00710008  0.00452569 1 0 0
             59.9903 -0.362694   15.2703  -35.1746  17.4216  22.2343 0.843198  0.684195  0.514148 -0.138183   0.0017595 0.000606734 -0.00432216  0.00801777 -0.00721761  0.00451345 1 0 0
             60.0899 -0.765297   15.5878  -34.7036  17.4886   22.279 0.818179  0.724776  0.458845 -0.238084   0.0017702 0.000637702 -0.00432499  0.00781935 -0.00685688  0.00497897 1 0 0
             60.0899 -0.520689   15.6395  -34.6379  17.4886  22.2792 0.825132  0.724503  0.460176 -0.157794  0.00170535 0.000622819 -0.00434311  0.00806908 -0.00688064   0.0041357 1 0 0
             60.1901 0.0547092   16.3679  -34.3635   17.562  22.3214 0.820083   0.810171   0.428164 -0.0990374  0.00168849 0.000629499 -0.00434732  0.00838494 -0.00658453  0.00348118 1 0 0
             60.1901 0.0044379    16.464  -34.3804 17.5605 22.3285 0.82355   0.792921   0.513197 -0.0600735  0.00171143 0.000615489   -0.004342  0.00914811 -0.00717101  0.00326086 1 0 0
               60.29 0.463388  16.5776 -34.1248   17.639  22.3754 0.820472  0.838286  0.482128 0.0500755  0.00169037 0.000623021  -0.0043428  0.00920089 -0.00682815  0.00340819 1 0 0
               60.29 0.447472  16.5546 -34.0629  17.6369  22.3794 0.821654  0.813238   0.53024 0.0637017  0.00170465 0.000639587 -0.00435917  0.00971093 -0.00706732  0.00341405 1 0 0
             60.3903  1.37937  17.8733 -33.5347  17.7249  22.4355 0.838413 0.833701 0.553083  0.22394  0.00172202 0.000652241 -0.00434316  0.00957903 -0.00737298  0.00323467 1 0 0
             60.3903  1.52311  18.1047 -33.4728  17.7225   22.434 0.832575 0.804229 0.533919  0.15686  0.00168048 0.000590131 -0.00435954  0.00951246 -0.00704555  0.00395006 1 0 0
             60.4902  2.70351   18.828 -31.8648 17.7926 22.4802 0.83848 0.622591  0.47541  0.12704  0.00165303 0.000564369  -0.0043827  0.00920111 -0.00668711   0.0046304 1 0 0
             60.4902  2.54864  18.6403 -31.7551  17.7898  22.4784 0.839855 0.589971 0.455504 0.142043  0.00169813   0.0006187 -0.00441632  0.00938223 -0.00632844  0.00451466 1 0 0
               60.59  2.76905  16.4596 -30.7063  17.8396  22.5276 0.865747  0.540014   0.47145 0.0899943  0.00167656 0.000681909 -0.00437377   0.0100702 -0.00634256  0.00369585 1 0 0
               60.59  2.66847  16.3579 -30.6123  17.8421  22.5222 0.859578  0.568697  0.407356 0.0205358  0.00170693 0.000700725 -0.00440495  0.00924629 -0.00593038  0.00416022 1 0 0
             60.6904  1.51137  16.8041 -30.1577  17.9078  22.5637 0.841613  0.640707  0.413766 -0.155601  0.00170971 0.000707784  -0.0043929  0.00884208 -0.00610083  0.00478543 1 0 0
             60.6904  1.38377   17.083 -30.2243  17.9081  22.5615 0.840324   0.64635  0.387152 -0.170356  0.00173811 0.000627929 -0.00437275  0.00862749 -0.00588456  0.00487267 1 0 0
             60.7904  1.00769   17.388 -30.0323  17.9614  22.6115 0.818729  0.532938  0.492526 -0.213959  0.00172518 0.000641527 -0.00438738  0.00919606 -0.00608807  0.00525918 1 0 0
             60.7904  1.03171  17.4503 -30.0594  17.9663  22.6126 0.826989  0.589146  0.503851 -0.122789  0.00172298 0.000615525 -0.00437676  0.0090808 -0.0065193 0.00423612 1 0 0
             60.8901 0.691158  16.3844  -30.532  18.0408  22.6711 0.860367  0.69471 0.605265 0.109988  0.00175334 0.000624603 -0.00437051  0.00927944 -0.00725311  0.00161126 1 0 0
             60.8901  0.68214  16.3009 -30.5454  18.0438   22.672 0.844301   0.725369   0.617148 -0.0620197  0.00176163  0.00064758 -0.00436402  0.00852451 -0.00748789  0.00325646 1 0 0
             60.9903 0.578091  16.1186 -30.9822  18.1184  22.7516 0.831918    0.774192    0.733249 -0.00849546   0.0017616 0.000663111 -0.00434632  0.00883228 -0.00815033  0.00395793 1 0 0
             60.9903 0.596473  16.2359  -30.937  18.1113  22.7452 0.820549  0.689856  0.657198 -0.135988  0.00174346 0.000636745 -0.00436466  0.00875233 -0.00701803  0.00532634 1 0 0
             61.0902  1.58615  15.9999 -31.8846   18.175  22.7817 0.827123  0.705884  0.486748 0.0880668  0.00169931 0.000633196 -0.00434545  0.00851807 -0.00541237   0.0045973 1 0 0
             61.0902  1.66427  15.9769 -31.7866  18.1733  22.7897 0.825514  0.684633   0.58176 0.0696926  0.00169987 0.000652252 -0.00436861  0.00912487 -0.00608949  0.00498249 1 0 0
             61.1901  1.79789  15.9189 -32.5013  18.1684  22.9015 0.826256  0.181652  0.813245 0.0193399  0.00172623 0.000730092 -0.00439009   0.0135976 -0.00674925  0.00671233 1 0 0
             61.1901  1.69864  15.9285 -32.5692 18.2026 22.8787 0.82787  0.579507  0.542885 0.0523855  0.00174647 0.000694192 -0.00437944  0.00892323 -0.00675079   0.0049653 1 0 0
             61.2904  3.01779  15.4964 -31.4554  18.2717  22.9315 0.861946 0.602007 0.485397 0.145408  0.00175233 0.000728039 -0.00435818  0.00879417 -0.00728738  0.00307332 1 0 0
             61.2904  3.16725  15.5751 -31.0585  18.2866  22.9139 0.856878  0.778145  0.271686 0.0922012  0.00173638 0.000683029  -0.0044747  0.00591935 -0.00648092  0.00281676 1 0 0
             61.3903  2.90164  15.4329 -32.2266  18.3513  22.9654 0.867499  0.684669  0.378227 0.0434011  0.00173119   0.0006569 -0.00439592  0.00734476 -0.00743053  0.00292484 1 0 0
             61.3903  2.68779  15.2397 -32.2245  18.3546  22.9532 0.862009   0.722943   0.232912 -0.0173513  0.00178504  0.00070115 -0.00440325  0.00601498 -0.00634635  0.00316558 1 0 0
             61.4903  2.50168  15.3945 -32.1745  18.422 22.9756 0.85147  0.692675   0.23268 -0.112525  0.00176335  0.00068614 -0.00441407  0.00613527 -0.00616892  0.00352404 1 0 0
             61.4903  2.44274  15.3686 -32.0822  18.4098  22.9793 0.847552  0.547091   0.27896 -0.159402  0.00178562 0.000704464 -0.00444233  0.00749109 -0.00566362  0.00440693 1 0 0
             61.5903  2.50372  14.6122 -32.3505  18.4367  23.0573 0.818122  0.460142   0.56986 -0.263016   0.0017601 0.000743645 -0.00445225   0.0102688 -0.00691927  0.00591242 1 0 0
             61.5903  2.45287  14.6465 -32.3917  18.4399  23.0521 0.825893  0.498568  0.507712 -0.172636  0.00176921 0.000729801 -0.00444037  0.00985156 -0.00665445   0.0047682 1 0 0
             61.6903 1.29387 14.6115 -32.776  18.4765  23.1043 0.818839   0.525894   0.506015 -0.0464414  0.00175918 0.000748954 -0.00443671  0.0109571 -0.0060709 0.00463837 1 0 0
             61.6903  1.08426  14.7266 -32.7816 18.4947  23.097 0.82241     0.74019    0.417771 -0.00381104  0.00182053   0.0006985 -0.00442865     0.00878 -0.00660376  0.00359049 1 0 0
               61.79  1.04888  15.3683 -33.7222  18.5893  23.1391 0.837627 0.860546 0.420249  0.18104  0.00181827 0.000690967 -0.00441143  0.00808219 -0.00727144  0.00291685 1 0 0
               61.79  1.19589  15.3979 -33.6237  18.5923  23.1368 0.834458 0.896389 0.391464  0.14309  0.00178239 0.000677406 -0.00443784  0.00752054 -0.00724571  0.00319043 1 0 0
             61.8904  2.9488 16.1514 -32.457  18.6769  23.1824 0.877808 0.801351 0.389459 0.319963  0.00173442 0.000655409  -0.0044529 0.00825149 -0.0075588 0.00183461 1 0 0
             61.8904  2.79531  16.0085 -32.3142  18.6707  23.1781 0.859743 0.724869 0.342932 0.112416  0.00178165 0.000699675 -0.00449532   0.0079792 -0.00663675  0.00407858 1 0 0
             61.9901  3.42565  15.4316 -31.2637   18.716  23.2156 0.868291  0.526736  0.355982 0.0519162  0.00176733 0.000706788 -0.00444726  0.00907287 -0.00605405  0.00442111 1 0 0
             61.9901  3.35733  15.3044 -31.0856  18.7151  23.2161 0.858533 0.513777 0.366464 -0.05511  0.00179914 0.000743163   -0.004499  0.00890302 -0.00600759  0.00557702 1 0 0
             62.0901  2.60322  15.1466 -31.1752   18.769  23.2637 0.838581  0.538219  0.444189 -0.207367  0.00180302 0.000757749 -0.00448146  0.00898762 -0.00649319  0.00618512 1 0 0
             62.0901  2.44607  15.2294 -31.3457  18.7738  23.2679 0.844855 0.594067 0.492447 -0.13669  0.00183933 0.000735809  -0.0044305   0.0089928 -0.00728801  0.00543671 1 0 0
             62.1901 1.83156  15.433 -31.097   18.845  23.3194 0.856104  0.635211    0.5593 -0.062912   0.0018548 0.000735311 -0.00442869   0.0088058 -0.00771837  0.00367628 1 0 0
             62.1901   1.929 15.4878 -30.971  18.8412  23.3191 0.850534 0.590321 0.555345  -0.1239  0.00183525 0.000720006 -0.00446444 0.00899881  -0.007393 0.00440532 1 0 0
             62.2904  1.08726  15.3743 -30.7672  18.9015    23.38 0.837583  0.584651   0.66227 -0.148513  0.00182788 0.000731642 -0.00446057  0.00891501 -0.00747431  0.00427665 1 0 0
             62.2904  1.03072  15.3891 -30.7394 18.8995 23.3821 0.83416  0.560014  0.687737 -0.186291  0.00184714 0.000730303 -0.00446865  0.00915795 -0.00753832  0.00477252 1 0 0
             62.3903 0.378867  15.0632 -29.6191  18.9644  23.4444 0.839719    0.637324    0.729494 -0.00546035  0.00183758   0.0007268 -0.00447963  0.00875954 -0.00722512   0.0033818 1 0 0
             62.3903 0.324914  15.0533 -29.5623  18.9562  23.4467 0.828509 0.541973 0.759591 -0.13375  0.00185661 0.000740071 -0.00449895  0.00935601 -0.00691415  0.00497729 1 0 0
             62.4901 0.541116  15.0175 -29.4381  19.0175  23.5222 0.822197 0.624225 0.739912  0.02832  0.00184657 0.000737841 -0.00450207  0.00913234 -0.00707525  0.00495305 1 0 0
             62.4901 0.701083  15.0861 -29.5277  19.0128   23.527 0.821711  0.567797  0.797766 0.0222123  0.00179454 0.000724821 -0.00447737  0.00991016 -0.00730016  0.00523464 1 0 0
             62.5904  2.35275  15.9276 -28.1263  19.0824  23.5958 0.864217 0.583792 0.617516 0.267321  0.00176907 0.000710205 -0.00451767  0.00971337 -0.00751695  0.00303048 1 0 0
             62.5904  2.19872  15.9736 -28.2015  19.0752  23.5896 0.849269 0.503078 0.550716 0.101117  0.00179804 0.000698817 -0.00449693  0.00959558 -0.00645563  0.00486222 1 0 0
             62.6903  4.24502  15.2835 -28.1841 19.1398 23.6202 0.88131 0.558149 0.354484 0.154902  0.00177306 0.000666814  -0.0044812  0.00852732 -0.00606007  0.00306083 1 0 0
             62.6903   4.2273  15.0492 -28.1593  19.1304  23.6276 0.862935   0.450994   0.443065 -0.0450686  0.00177526 0.000745841 -0.00448704  0.00929988 -0.00621457  0.00556092 1 0 0
             62.7901  4.57678  16.1224 -29.0346  19.1669   23.688 0.849894  0.422868  0.509391 -0.180057  0.00179851  0.00074161 -0.00447259    0.010252 -0.00689086  0.00600225 1 0 0
             62.7901  4.50729  16.1647 -29.1309 19.1725 23.6853 0.84337   0.48499    0.4757 -0.249655  0.00181058 0.000726552 -0.00444613 0.00931963  -0.006864 0.00652558 1 0 0
             62.8904   3.6104  16.6594 -30.1656  19.2369  23.7299 0.829949  0.601425  0.466356 -0.245741  0.00181408 0.000746886 -0.00443736  0.00883947 -0.00709022  0.00544703 1 0 0
             62.8904  3.50918   16.734 -30.0545   19.237  23.7296 0.832495  0.603588  0.462382 -0.217735  0.00185201 0.000722696 -0.00446696  0.00889084 -0.00708454  0.00514138 1 0 0
             62.9907  2.88566  17.0189 -31.0765  19.3048  23.7842 0.810601  0.678512  0.539733 -0.210761  0.00185388 0.000723967 -0.00445938  0.00879519 -0.00755892  0.00514734 1 0 0
             62.9907  3.11982  16.9496 -30.9407  19.3073  23.7846 0.816104  0.704989  0.543714 -0.149739  0.00179872 0.000740328 -0.00449719  0.00877781 -0.00781198  0.00446218 1 0 0
             63.0903  3.08458  16.7992 -30.6761   19.369  23.8589 0.819752    0.724792    0.660742 5.94419e-05  0.00176998 0.000751724 -0.00448552   0.0102227 -0.00841433  0.00399556 1 0 0
             63.0903  2.84548  16.7713 -30.5529  19.3695  23.8444 0.816036   0.730765   0.485542 -0.0398127  0.00183462 0.000747497 -0.00452204 0.00909175 -0.0068759 0.00401084 1 0 0
             63.1899  2.40206  16.8142 -31.2637  19.4472  23.8663 0.813519 0.778452 0.332483 0.082496  0.00184344 0.000760668 -0.00451874  0.00813439 -0.00571029  0.00399325 1 0 0
             63.1899  2.60035   16.951 -31.2412  19.4511  23.8776 0.817858 0.818034 0.458484 0.128014  0.00179638 0.000723235 -0.00452138  0.00863889 -0.00708961  0.00369807 1 0 0
             63.2903  4.49709    18.02 -29.6611  19.5287  23.9228 0.834916 0.699308 0.439789 0.179988  0.00179638 0.000723235 -0.00452138  0.00863889 -0.00708961  0.00369807 1 0 0
             63.2903  4.57537  18.0067 -29.4729 19.5271 23.9295 0.83301  0.68148 0.519296 0.158723  0.00179392 0.000727663 -0.00457199  0.00915412 -0.00768134  0.00413254 1 0 0
             63.3901   4.4379  16.6001 -28.2461  19.5987  23.9735 0.861416 0.641571 0.465312 0.178312  0.00182128 0.000725743 -0.00456808   0.0087762 -0.00762937  0.00312107 1 0 0
             63.3901 4.26951 16.4329 -28.274  19.5878   23.981 0.850781   0.51804  0.559387 0.0598655  0.00186347 0.000790516 -0.00456169  0.00990705 -0.00765462  0.00486254 1 0 0
               63.49  2.61994   15.456 -29.0573 19.6385 24.0339 0.84525    0.53087   0.540001 -0.0714642  0.00188478 0.000802733 -0.00455862  0.00979751 -0.00745523  0.00519388 1 0 0
               63.49  2.68599  15.5352 -29.1676 19.6351  24.037 0.84418   0.491768   0.577945 -0.0838756   0.0018567 0.000784514 -0.00452701   0.0103069 -0.00758091  0.00549955 1 0 0
             63.5903  2.29645  15.3568 -29.1232  19.6816   24.098 0.836548 0.450397 0.618622 -0.14044  0.00186116 0.000784998 -0.00451796   0.0105326 -0.00767065  0.00529639 1 0 0
             63.5903   2.3873  15.4265 -28.9952  19.6896  24.0936 0.838299  0.543111  0.564044 -0.120485  0.00184394 0.000758497 -0.00455135  0.00947967 -0.00770498  0.00477406 1 0 0
             63.6901  1.78515  15.2149 -29.0002  19.7522  24.1655 0.820353  0.586156  0.723732 -0.185634  0.00184649  0.00077272 -0.00453647  0.00933103 -0.00851322  0.00494931 1 0 0
             63.6901  1.82845  15.3008 -28.9488  19.7511  24.1524 0.822564  0.576738  0.565148 -0.161287  0.00182938 0.000741263 -0.00455271   0.0086588 -0.00702507  0.00443031 1 0 0
               63.79  1.25285  15.2133 -28.7108  19.8146  24.1923 0.837681  0.633019  0.549054 0.0532159  0.00187742 0.000747477 -0.00454266   0.0082136 -0.00613547  0.00252654 1 0 0
               63.79  1.33592  15.2507 -28.6677  19.8122  24.1959 0.828721   0.604639   0.592613 -0.0483095  0.00185915 0.000740184 -0.00455485  0.00839639 -0.00634506  0.00373673 1 0 0
             63.8902  1.09919    15.19 -30.1988  19.8823  24.2674 0.839166 0.667435 0.661967 0.140745  0.00187722 0.000738333 -0.00455615  0.00848383 -0.00719113  0.00327381 1 0 0
             63.8902  1.34444  15.1693 -30.3528  19.8723  24.2715 0.828879  0.551598  0.712598 0.0277634  0.00179509 0.000755337 -0.00451417  0.0094303 -0.0070217 0.00482415 1 0 0
             63.9901   2.4004  16.0305 -31.2144  19.9268  24.3415 0.833031 0.511963 0.679526 0.026458  0.00179509 0.000755337 -0.00451417  0.0094303 -0.0070217 0.00482415 1 0 0
             63.9901  2.44985  16.1386 -31.1853  19.9225  24.3463 0.826667   0.462144   0.735162 -0.0441539  0.00178641 0.000729573 -0.00451988  0.00996261 -0.00722639  0.00578083 1 0 0
               64.09  3.28065  16.4848 -30.6742  19.9752  24.4115 0.820403   0.465104   0.668542 -0.0928803  0.00179307 0.000718282 -0.00452729  0.00926489 -0.00721912  0.00550634 1 0 0
               64.09  3.25625  16.4052 -30.5566  19.9737  24.4136 0.821944   0.447355   0.695109 -0.0755923  0.00181049 0.000741412 -0.00456086  0.00961612 -0.00735707  0.00541819 1 0 0
             64.1903  1.73722  17.2513 -29.6919  20.0204  24.4798 0.812605  0.471953  0.626902 -0.115129  0.00181049 0.000741412 -0.00456086  0.00961612 -0.00735707  0.00541819 1 0 0
             64.1903   1.5608   17.309 -29.6523  20.0249  24.4785 0.818712   0.522265   0.610613 -0.0481648  0.00186675 0.000721627 -0.00457094  0.00930897 -0.00753178  0.00456033 1 0 0
             64.2901 0.305239  17.8261 -29.5847  20.0851  24.5341 0.832129  0.602468  0.538983 0.0160457   0.0018702 0.000732974 -0.00455574  0.00930347 -0.00765212  0.00332635 1 0 0
             64.2901 0.324293  17.8679 -29.5436  20.0821  24.5306 0.824229    0.56803   0.498868 -0.0704137   0.0018638 0.000720203  -0.0045677  0.00910797 -0.00706662  0.00424169 1 0 0
               64.39 0.488526  18.3284 -29.6742  20.1426  24.5796 0.826539   0.626039    0.47554 -0.0320519  0.00185003 0.000705611  -0.0045754  0.00927764 -0.00721826  0.00367298 1 0 0
               64.39 0.503367  18.2511 -29.6704  20.1387  24.5755 0.816464  0.581069  0.427237 -0.142581  0.00184109 0.000728321 -0.00457732  0.00902587 -0.00652322     0.00487 1 0 0
             64.4903  1.51768  17.6929 -29.3958  20.2127  24.6113 0.802298  0.752549  0.389487 -0.127554  0.00180856 0.000737691 -0.00460365  0.00833019 -0.00644828  0.00464182 1 0 0
             64.4903  1.47411  17.6788 -29.4154  20.2118  24.6219 0.800525  0.742881  0.518108 -0.146478  0.00182678 0.000746688  -0.0045958     0.00902 -0.00756487  0.00510542 1 0 0
             64.5903  1.35981   18.051 -30.3867 20.2827 24.6692 0.79848  0.762932  0.480631 0.0354051   0.0018348 0.000740113 -0.00460364  0.00934932 -0.00720024  0.00480298 1 0 0
             64.5903  1.30424   18.077 -30.4872  20.2814   24.675 0.796588  0.748417  0.550473 0.0151506  0.00184683 0.000736501 -0.00457444  0.00977041 -0.00773876  0.00518961 1 0 0
             64.6904  3.33064  19.0281 -29.7049  20.3482  24.7388 0.805622 0.614084 0.597825 0.127315  0.00184022 0.000748446 -0.00458681   0.0102435 -0.00805208  0.00535732 1 0 0
             64.6904  3.48156  19.0821 -29.5797  20.3542  24.7354 0.808263 0.680462 0.556559 0.157638  0.0018079 0.00072422 -0.0046215   0.0095751 -0.00808205  0.00478007 1 0 0
             64.7905  4.24045  17.0024 -28.3578    20.41  24.7918 0.838744 0.557025  0.55809 0.197373   0.0017791 0.000732166 -0.00463731   0.0101592 -0.00793374  0.00398916 1 0 0
             64.7905  4.08173  16.7666 -28.3504  20.4152  24.7869 0.837566 0.616982 0.499464 0.185689  0.00182553 0.000794125 -0.00464649 0.00927546 -0.0077307 0.00380405 1 0 0
             64.8905  2.71881  15.1716 -28.1313  20.4723  24.8332 0.843394  0.596806  0.466258 0.0641904  0.00182673 0.000776192 -0.00464996  0.00920724 -0.00741875  0.00433284 1 0 0
             64.8905   2.381 15.1523  -28.26  20.4746  24.8278 0.841097  0.623328  0.400884 0.0393866  0.00191192 0.000778531  -0.0046146  0.00855255 -0.00691941  0.00437744 1 0 0
               64.99  1.23619  14.0708 -28.5703  20.5295  24.8634 0.846036    0.568612    0.354325 -0.00324473  0.00187788 0.000768963 -0.00462912  0.00889871 -0.00661911  0.00421576 1 0 0
               64.99  1.06815  14.0867 -28.6596  20.5298  24.8648 0.843187   0.572885   0.372471 -0.0355604  0.00192214 0.000765258 -0.00460268  0.00885985 -0.00678036  0.00458046 1 0 0
             65.0903 0.654641  13.6845 -28.7526  20.5981  24.8924 0.847568    0.62047   0.346796 -0.0525046  0.00191909 0.000753477 -0.00462923  0.00811603 -0.00662725  0.00364809 1 0 0
             65.0903  0.68638  13.7435 -28.8207  20.5922  24.9043 0.844865   0.553423   0.488324 -0.0817674  0.00190929 0.000743396  -0.0046085  0.00939887 -0.00758257  0.00432097 1 0 0
             65.1901 -0.199696   14.2516  -29.0295  20.6601  24.9661 0.837225   0.637309   0.601102 -0.0834335  0.00191562 0.000738584 -0.00461205  0.00918852 -0.00845351  0.00408993 1 0 0
             65.1901 -0.223306    14.306  -29.0514  20.6496  24.9685 0.831621  0.514615  0.627229 -0.148855  0.00191907  0.00073108 -0.00460822    0.010267 -0.00801882  0.00509215 1 0 0
               65.29 -0.671953   14.4351  -29.7465  20.7014  25.0343 0.819483   0.516127   0.635715 -0.0702466  0.00191703 0.000712849 -0.00460983   0.0102751 -0.00814438  0.00516064 1 0 0
               65.29 -0.646116   14.3821  -29.8058  20.6988  25.0314 0.817325    0.48416   0.598951 -0.0960244  0.00190187 0.000729213 -0.00459362   0.0102913 -0.00763558  0.00546357 1 0 0
             65.3903 0.253693  13.3099 -31.8055  20.7574  25.0594 0.821858 0.550817 0.379047 0.061958  0.00189832  0.00074761 -0.00456751  0.00915053 -0.00641685   0.0047246 1 0 0
             65.3903 0.336809  13.3009 -31.7895 20.7562 25.0639 0.82253  0.538297  0.431296 0.0704706  0.00187909 0.000752904 -0.00457064  0.00956567 -0.00682815  0.00472838 1 0 0
             65.4902  1.51541  13.4955 -32.4644  20.8046  25.1193 0.833415  0.440348  0.470821 0.0819136   0.0018644 0.000755592 -0.00457599   0.0101562 -0.00754307  0.00463169 1 0 0
             65.4902   1.5571  13.5908 -32.3324   20.807  25.1204 0.837002 0.467993 0.482721 0.121932  0.00186337 0.000724895 -0.00461299   0.0100968 -0.00781676   0.0041658 1 0 0
             65.5901  1.17091  13.0733 -32.5388   20.856  25.1514 0.836726   0.431671   0.378603 0.00667587  0.00188228 0.000763085 -0.00462177  0.00912942 -0.00717694  0.00450783 1 0 0
             65.5901  1.11179  13.1115 -32.4808  20.8593   25.157 0.840806  0.472628  0.448472 0.0521758   0.0019083    0.000751 -0.00463615 0.00930654 -0.0080571 0.00406244 1 0 0
             65.6903 0.354398  13.2908 -32.8085  20.8998   25.199 0.831626   0.433936   0.437656 -0.0712659  0.00192926 0.000753601 -0.00463373  0.00931525 -0.00767479  0.00469993 1 0 0
             65.6903 0.363552   13.395 -32.7989  20.8992  25.2005 0.836333    0.42774   0.454916 -0.0193209  0.00192772 0.000723584 -0.00463604  0.00961295 -0.00780253  0.00417921 1 0 0
             65.7903 -0.572907   14.1105  -32.5109  20.9432  25.2453 0.831655   0.450477    0.44507 -0.0658715  0.00192772 0.000723584 -0.00463604  0.00961295 -0.00780253  0.00417921 1 0 0
             65.7903 -0.57511  14.2167  -32.405  20.9436  25.2467 0.834678   0.456425   0.462321 -0.0306798   0.0019371 0.000693043 -0.00466617  0.00976347 -0.00799359  0.00381437 1 0 0
               65.89 -0.785895   13.7998  -32.3531  20.9892  25.2974 0.830975   0.494884   0.491596 -0.0342192  0.00191867 0.000701955 -0.00467264  0.00996998 -0.00817401  0.00390906 1 0 0
               65.89 -0.828075   13.6937  -32.3971  20.9907  25.2941 0.828765   0.510689   0.451842 -0.0593888  0.00192606 0.000729948 -0.00465958  0.00952195 -0.00791347  0.00408689 1 0 0
             65.9903 -0.822022   13.6244  -32.3292  21.0474  25.3218 0.813973   0.608614   0.358858 -0.0771506  0.00194135  0.00075367 -0.00467547  0.00878456 -0.00703535  0.00452511 1 0 0
             65.9903 -0.709492   13.7456  -32.3284  21.0467  25.3213 0.813918   0.599779   0.351364 -0.0779414  0.00190765  0.00071845 -0.00467629  0.00882631 -0.00692468  0.00454665 1 0 0
             66.0901 0.134576  14.1868 -33.0644  21.1055  25.3594 0.818998  0.642067  0.367008 0.0534627  0.00191111 0.000702231 -0.00467252  0.00926642 -0.00692695  0.00410772 1 0 0
             66.0901 0.200021   14.157 -33.1381   21.106  25.3609 0.816018  0.647171  0.385113 0.0192568  0.00188857 0.000711064 -0.00465108  0.00923738 -0.00712961  0.00448705 1 0 0
             66.1899  1.37726  15.9105 -32.4995   21.171  25.4094 0.829987 0.641415 0.436452 0.136807   0.0018715 0.000699032 -0.00465537   0.0097231 -0.00753275  0.00415365 1 0 0
             66.1899  1.38676  15.9368 -32.3578  21.1767   25.412 0.825885  0.706877  0.467157 0.0903825  0.00188397 0.000687638 -0.00469618  0.00922225 -0.00820282  0.00455855 1 0 0
             66.2903  1.67546  15.2212 -31.4827  21.2353  25.4587 0.831376   0.55536  0.472818 0.0641667  0.00189992  0.00069194 -0.00469696  0.00935187 -0.00799585  0.00483866 1 0 0
             66.2903  1.63398  15.0473 -31.4639  21.2342  25.4524 0.831174  0.539881  0.397731 0.0612119   0.0019095 0.000740389 -0.00470523  0.00902104 -0.00723029  0.00475713 1 0 0
             66.3901 0.952898  14.1591 -31.3939  21.2834  25.5034 0.847433   0.51779  0.409914 0.0704168  0.00189198 0.000751731 -0.00471246 0.00988599 -0.0078511 0.00418081 1 0 0
             66.3901 0.797939  14.1847  -31.453  21.2832   25.497 0.843611  0.516662   0.33637 0.0299403  0.00192898 0.000741125 -0.00469781  0.00935571 -0.00715909  0.00447989 1 0 0
               66.49 0.201765  13.7914 -32.6821  21.3305  25.5284 0.847577  0.472692   0.28095 0.0370405   0.0019158 0.000734037 -0.00469457  0.00961943 -0.00712047  0.00449421 1 0 0
               66.49 0.145819  13.8249 -32.7604  21.3311  25.5242 0.843531    0.478187    0.230045 -0.00800169  0.00192341 0.000722041  -0.0046727   0.0091582 -0.00667983  0.00488559 1 0 0
             66.5903 0.437916  12.8221 -33.6001  21.3741  25.5515 0.847472  0.447022  0.297132 -0.046924  0.00190936 0.000722513  -0.0046813  0.00950863 -0.00669205  0.00450626 1 0 0
             66.5903 0.490723  12.7529 -33.5533 21.3758 25.5505 0.84609   0.466379   0.285074 -0.0619019  0.00189683 0.000741346 -0.00469497  0.00922233 -0.00670816  0.00460881 1 0 0
             66.6901 0.233901  12.6145 -33.3876 21.4314 25.5909 0.83529  0.522582  0.422274 -0.131147  0.00187345 0.000746001  -0.0047127   0.0090481 -0.00735245  0.00458194 1 0 0
             66.6901 0.0422504   12.7329  -33.3294  21.4297  25.5933 0.835179  0.501882  0.451963 -0.133178  0.00193469  0.00071325 -0.00472923  0.00941455 -0.00746859  0.00468615 1 0 0
             66.7976 -0.27731  13.2457  -33.257  21.4879  25.6855 0.834913   0.52666  0.692111 0.0112591  0.00190319 0.000693311   -0.004737   0.0107245 -0.00943532  0.00441067 1 0 0
             66.7976 -0.463471   13.2934  -33.2756  21.4842  25.6706 0.830783   0.490721   0.529305 -0.0311135  0.00193589 0.000670787  -0.0047354  0.00994534 -0.00775583  0.00471996 1 0 0
             66.8905 0.556223  12.3299 -34.5709  21.5357  25.7174 0.835983  0.585759  0.491701 0.0611632  0.00193204  0.00067361 -0.00473453  0.00987371 -0.00780214  0.00446837 1 0 0
             66.8905 0.765174  12.1421 -34.7612  21.5357  25.7062 0.832082   0.59009  0.358436 0.0203201  0.00183134 0.000709446  -0.0046854 0.00895554  -0.006725 0.00471599 1 0 0
             66.9903  1.88282  13.0346 -35.2299  21.5846  25.7349 0.835061  0.525438  0.286826 0.0113191  0.00181958 0.000729316 -0.00471161  0.00934111 -0.00614145  0.00469656 1 0 0
             66.9903  1.82325   13.241 -35.1375  21.5866  25.7339 0.836221   0.54945   0.27427 0.0246098  0.00184282 0.000665615 -0.00473727  0.00910408 -0.00618437  0.00449443 1 0 0
             67.0903  2.05158  13.0509 -36.1078   21.636  25.7435 0.835595   0.504082   0.145368 -0.0217749  0.00186129  0.00065896 -0.00475518 0.00858704 -0.0053022 0.00446477 1 0 0
             67.0903   2.0665  12.8354 -36.1619  21.6408  25.7571 0.837794   0.563389   0.309767 0.00401423  0.00186833 0.000725688 -0.00473823   0.0091965 -0.00712638   0.0043815 1 0 0
             67.1903 0.421648  13.8419 -37.7462  21.6854  25.8217 0.826722   0.492361   0.448773 -0.0746692  0.00189548 0.000709159 -0.00473527   0.0109609 -0.00841611  0.00543574 1 0 0
             67.1903 0.280595  13.9264 -37.8464 21.6933 25.8197 0.83004   0.580196   0.422974 -0.0376412  0.00193221 0.000674741 -0.00470575  0.0101627 -0.0087999 0.00483831 1 0 0
             67.2902 0.0959188   14.0028  -38.9925  21.7495  25.8604 0.836822   0.589254   0.394719 0.00170685  0.00196396 0.000716081 -0.00469696   0.0103938 -0.00874252  0.00421993 1 0 0
             67.2902 0.402085   14.082  -38.917  21.7547  25.8551 0.837533   0.64937  0.329501 0.0104743  0.00187674 0.000683533 -0.00471804  0.00949699 -0.00864936  0.00389821 1 0 0
               67.39 0.997389  14.1117 -39.5429   21.827  25.8903 0.823076   0.723668   0.344092 -0.0864893  0.00187865 0.000686882 -0.00469679 0.00916805 -0.0089608 0.00465872 1 0 0
               67.39  1.10479  14.1015 -39.4152  21.8223  25.8812 0.824617   0.666198   0.235224 -0.0704998  0.00184278 0.000687737 -0.00473589   0.0088989 -0.00766984  0.00440731 1 0 0
             67.4913 0.919463  13.6047 -39.5994  21.8892  25.9105 0.818835   0.713121   0.248411 -0.0290417  0.00184973 0.000700059 -0.00471861  0.00927907 -0.00777806  0.00448952 1 0 0
             67.4913 0.796098  13.5979 -39.4874  21.8847  25.9066 0.822366   0.662344   0.201298 0.00704907  0.00188356 0.000702818 -0.00475179  0.0094401 -0.0070229 0.00410376 1 0 0
             67.5902  1.39415  13.2448 -39.5526  21.9485  25.9279 0.824277  0.672664  0.181541 0.0990046  0.00187452 0.000713983 -0.00474615  0.00969048 -0.00703019  0.00445955 1 0 0
             67.5902  1.52256  13.2293 -39.5003  21.9456  25.9253 0.823561  0.639624  0.150015 0.0903408  0.00183218 0.000718972 -0.00476285  0.00970243 -0.00656343  0.00455157 1 0 0
               67.69  3.03474  14.1496 -38.7447    22.01  25.9433 0.824787  0.566502   0.14365 0.0697686  0.00183552 0.000723442 -0.00478298  0.00960001 -0.00690726  0.00513812 1 0 0
               67.69  3.02767  14.3338 -38.7486  22.0085  25.9425 0.829051 0.552033  0.13462 0.116534  0.00183577 0.000670099 -0.00477985  0.00978475 -0.00674207  0.00464531 1 0 0
             67.7904  3.49648  13.0432 -39.1799  22.0559  25.9553 0.852551 0.444476 0.122571 0.127501  0.00183039 0.000688927 -0.00477769  0.0100138 -0.0066773 0.00381948 1 0 0
             67.7904  3.36768  12.8292 -39.2533  22.0586  25.9608 0.849851  0.474108  0.186262 0.0989062  0.00186915 0.000754797 -0.00475699   0.0101266 -0.00738471  0.00421973 1 0 0
             67.8902  3.10099  12.6839 -40.2601 22.1082  25.991 0.83951   0.518889   0.224715 -0.0588288  0.00185744 0.000760324 -0.00474546  0.0103542 -0.0079121  0.0053032 1 0 0
             67.8902  2.98315  12.8297 -40.2847  22.1133  25.9904 0.841779    0.57563   0.217134 -0.0332729  0.00189318 0.000712027 -0.00473476  0.00992617 -0.00827802  0.00493562 1 0 0
               67.99  1.85798  13.5788 -42.4253  22.1733  26.0049 0.830848   0.539942   0.194921 -0.0981316  0.00186561 0.000710661 -0.00473379  0.00941993 -0.00814404  0.00512922 1 0 0
               67.99 1.68729 13.7031  -42.52  22.1709   26.006 0.839114    0.516127    0.206544 -0.00907807  0.00190829  0.00067772 -0.00470607  0.00991806 -0.00809753  0.00422582 1 0 0
             68.0903  1.11126  13.9212 -43.5713  22.2338  26.0295 0.836339   0.559392   0.311692 -0.0255045  0.00190707 0.000688425  -0.0046942  0.00926416 -0.00847973  0.00416891 1 0 0
             68.0903  1.25479   13.895 -43.3609  22.2234  26.0308 0.837499  0.443848  0.322224 -0.015267  0.00187503 0.000704345 -0.00475775   0.0102329 -0.00767491  0.00425733 1 0 0
             68.1902 0.930714  13.9453 -42.7671  22.2656  26.0696 0.832749   0.422071   0.462127 -0.0417261  0.00187417 0.000696422 -0.00476902   0.0102241 -0.00759276   0.0043903 1 0 0
             68.1902 0.853373  13.8839 -42.6972  22.2634  26.0695 0.830795   0.395959    0.46139 -0.0639191  0.00190085 0.000715846 -0.00479029  0.0103427 -0.0073675 0.00466938 1 0 0
             68.2901 -0.364994   13.2533   -41.796  22.3029  26.1341 0.824111   0.402678   0.618661 -0.0313045  0.00187852 0.000706536 -0.00479561   0.0108807 -0.00791862   0.0048963 1 0 0
             68.2901 -0.557033   13.1726  -41.7983  22.3031  26.1258 0.820706   0.407292   0.523343 -0.0686087  0.00193206 0.000724935 -0.00479504   0.0100065 -0.00719784  0.00510563 1 0 0
             68.3903 -0.362693   12.5555    -41.03  22.3435  26.1819 0.828609  0.440785  0.548085 0.0820838  0.00194816 0.000725309 -0.00477777   0.0103684 -0.00720644  0.00461424 1 0 0
             68.3903 -0.0503955    12.5913    -40.913  22.3527  26.1797 0.824093  0.543244  0.522231 0.0357454   0.0018689 0.000707806 -0.00480884   0.0092795 -0.00782091  0.00489113 1 0 0
             68.4915 0.24116 13.2456 -39.482  22.4024  26.2414 0.820894   0.478397    0.54248 0.00153671  0.00186656  0.00071687 -0.00481179  0.00976456 -0.00803865  0.00549197 1 0 0
             68.4915 0.0829298   13.4106  -39.4727  22.4065  26.2355 0.822738  0.526905   0.47293 0.0219655  0.00191277 0.000659868 -0.00481537  0.00894385 -0.00783562  0.00507843 1 0 0
               68.59 0.290328  12.5653 -39.3324 22.4581  26.269 0.83244   0.498325   0.352033 0.00756052  0.00189944 0.000661885  -0.0048077  0.00851262 -0.00755301  0.00432153 1 0 0
               68.59 0.342148  12.4003 -39.3179  22.4531  26.2703 0.831879    0.440763    0.366655 0.000322947   0.0018805  0.00071739 -0.00481226  0.00903399 -0.00725797  0.00452159 1 0 0
             68.6903 0.00402294    13.7582   -37.6417  22.4995  26.3039 0.823229   0.454655   0.270048 -0.0579887  0.00188213 0.000727123 -0.00483588   0.0090048 -0.00737736  0.00492521 1 0 0
             68.6903 -0.177528   14.0435  -37.7257  22.4972  26.3091 0.820306    0.42789    0.33289 -0.0913065  0.00193102 0.000646446  -0.0048118  0.00961566 -0.00768756  0.00545213 1 0 0
             68.7902 -0.171223   14.1412  -37.5978  22.5377  26.3262 0.822435   0.416724   0.234399 -0.0609579  0.00193175 0.000660908 -0.00481791  0.00919991 -0.00697416  0.00460626 1 0 0
             68.7902 0.0208139   14.0705  -37.6034  22.5367  26.3391 0.821514   0.406935   0.387178 -0.0694804  0.00188191 0.000691714 -0.00481598   0.0102954 -0.00820623  0.00497464 1 0 0
               68.89 -0.00361612     14.7104    -37.1249  22.5678  26.3964 0.819606   0.413194   0.487507 -0.0794657  0.00188468 0.000702774 -0.00482992    0.011684 -0.00858156  0.00480191 1 0 0
               68.89 -0.132766    14.777  -37.2354  22.5742  26.3898 0.812567  0.486414  0.410589 -0.155367  0.00191475 0.000675846 -0.00479814   0.0103523 -0.00843755  0.00534009 1 0 0
             68.9928 -0.27229  14.9417 -36.5362   22.627  26.4372 0.805154    0.58082   0.422627 -0.0543508  0.00189631 0.000680885 -0.00480726    0.010764 -0.00858732  0.00511823 1 0 0
             68.9928 -0.283202   14.9591  -36.4508  22.6315  26.4237 0.798173  0.629496  0.263653 -0.130408  0.00189321 0.000654968 -0.00482987  0.00908274 -0.00757213  0.00556087 1 0 0
             69.0902 -0.414106   14.5653  -36.9903  22.6931  26.4434 0.799658  0.656013  0.195751 0.0231932  0.00185916 0.000660398 -0.00483788   0.0091732 -0.00737638  0.00502018 1 0 0
             69.0902 -0.512443    14.528  -37.1587  22.6998  26.4406 0.800158   0.73742  0.159953 0.0313744   0.0018805 0.000649393 -0.00478764  0.00835078 -0.00760118  0.00470522 1 0 0
             69.1901 2.26841 15.0356 -36.108  22.7667  26.4604 0.825629 0.706173 0.178353 0.197248  0.00186711 0.000665184 -0.00479721   0.0090685 -0.00754265  0.00386846 1 0 0
             69.1901  2.38685  15.0355 -35.9661  22.7657  26.4605 0.819409 0.691946 0.178869 0.128006  0.00184272  0.00066399 -0.00483736  0.00899371 -0.00746118  0.00465609 1 0 0
             69.2907   2.908 15.4426 -35.644  22.8235  26.4816 0.832473 0.551329 0.180851 0.109555  0.00183587 0.000648546 -0.00486983  0.00950046 -0.00735685  0.00477366 1 0 0
             69.2907  2.55938  15.2993 -35.9416  22.8264  26.4827 0.828092   0.58373  0.194815 0.0626493  0.00191757 0.000693402 -0.00478713   0.0091652 -0.00765147  0.00524588 1 0 0
             69.3903  2.37651  13.8682 -36.3986  22.8753  26.4993 0.840727  0.515276  0.168312 0.0276574   0.0019086 0.000724206 -0.00479246  0.00952058 -0.00729892  0.00467434 1 0 0
             69.3903 2.37451 13.9235 -36.431  22.8716  26.5096 0.835074   0.471384   0.289986 -0.0345077  0.00191242   0.0007191 -0.00477952   0.0104947 -0.00800967  0.00570349 1 0 0
             69.4901   1.5728  14.5496 -37.1008  22.9082  26.5493 0.819699   0.38203  0.380273 -0.137129  0.00193786 0.000701233 -0.00479476  0.0110787  -0.008126 0.00641025 1 0 0
             69.4901 1.59024 14.6545 -37.157  22.9149  26.5501 0.821581  0.461934  0.387644 -0.114058  0.00193126 0.000666883 -0.00477588   0.0105282 -0.00876094  0.00603083 1 0 0
             69.5905   1.1575  14.7575 -37.9675  22.9632  26.6001 0.823985   0.457704   0.509575 -0.0875658  0.00192741 0.000677207  -0.0047691   0.0108896 -0.00931581  0.00508382 1 0 0
             69.5905  1.18368  14.7468 -37.9222  22.9672  26.5897 0.821365  0.503388  0.382811 -0.116358   0.0019181 0.000674485 -0.00478206   0.0095625 -0.00855179  0.00505421 1 0 0
             69.6905 0.891344   14.942 -37.8532  23.0289  26.6294 0.816195   0.59899  0.469373 -0.103402  0.00190873 0.000677303 -0.00477649  0.00912543 -0.00876601  0.00442265 1 0 0
             69.6905 0.837473  14.9755  -37.753 23.0247 26.6214 0.81213  0.549887  0.373866 -0.150274  0.00192482 0.000665653 -0.00480731  0.00872954 -0.00759375  0.00484621 1 0 0
             69.7902 0.460235  15.0019 -36.8657   23.072   26.666 0.802681   0.515196   0.489571 -0.0616737  0.00193645 0.000674729 -0.00481669   0.0092198 -0.00735527   0.0048039 1 0 0
             69.7902 0.530223  14.9972 -36.8014 23.0723 26.6686 0.79924  0.516618  0.520483 -0.100181  0.00192295  0.00067776 -0.00483488  0.00930436 -0.00762363  0.00527791 1 0 0
             69.8904  1.26503  13.8674 -36.7048  23.1168  26.7267 0.814902 0.515004 0.546019 0.117048  0.00191619 0.000690627 -0.00486401   0.0101746 -0.00756864  0.00426979 1 0 0
             69.8904  1.28757  13.8178 -36.8676  23.1193   26.731 0.809324  0.542926  0.598394 0.0554636  0.00190212 0.000707625  -0.0048156   0.0101061 -0.00820158  0.00497677 1 0 0
             69.9903  1.28307   14.165 -36.9525  23.1811  26.7838 0.824463 0.587959 0.511294 0.141542  0.00192177 0.000720228 -0.00481726  0.00985382 -0.00818771  0.00451867 1 0 0
             69.9903  1.25313  14.3503 -36.9589  23.1794  26.7843 0.812843  0.567094  0.516589 0.0118039  0.00192961 0.000666008  -0.0048141  0.00972799 -0.00805471  0.00599163 1 0 0
             70.0905   2.6825  14.6194 -37.8465  23.2267  26.8352 0.806934  0.391757  0.483791 -0.060327  0.00188914 0.000643358 -0.00482119  0.00974063 -0.00817713  0.00634795 1 0 0
             70.0905  2.7372 14.3985 -37.892  23.2293  26.8348 0.810846   0.420618   0.479307 -0.0165213  0.00187175 0.000706681 -0.00481042   0.0095778 -0.00835729   0.0057992 1 0 0
               70.19 3.77539 13.7744 -37.085  23.2603  26.8592 0.824739   0.410223   0.314354 0.00517541  0.00186873 0.000710218 -0.00483397  0.00965217 -0.00699006  0.00454042 1 0 0
               70.19  3.75148  13.7958 -36.9925  23.2618  26.8665 0.824797   0.428872   0.401222 0.00550112  0.00188703 0.000704089 -0.00485714   0.0100974 -0.00785129   0.0046999 1 0 0
             70.2903  1.52242  14.4683 -36.9749 23.3054 26.9143 0.79915  0.44241 0.448129 -0.16752  0.00188945 0.000700387 -0.00486976   0.0100729 -0.00810726  0.00614808 1 0 0
             70.2903  1.12624   14.587 -37.1039  23.3119  26.9192 0.802997  0.519656  0.506671 -0.123454  0.00200187 0.000667266 -0.00483104  0.00995568 -0.00916388  0.00567008 1 0 0
             70.3901 0.185847  14.7318 -37.2132  23.3561  26.9654 0.792687  0.477408  0.464944 -0.129389  0.00197957 0.000685565 -0.00484937   0.0101913 -0.00876543  0.00547269 1 0 0
             70.3901 0.236382  14.8516 -37.2737  23.3601  26.9631 0.799059   0.526665   0.437702 -0.0586711  0.00196041 0.000645856 -0.00482981  0.00981068 -0.00890474  0.00454642 1 0 0
             70.4899 0.465196  14.4939 -37.4365  23.4117  26.9824 0.804689  0.586487  0.292661 0.0134555  0.00193312 0.000662598 -0.00484439  0.00930209 -0.00764506  0.00372746 1 0 0
             70.4899 0.450968  14.4775 -37.5037  23.4155   26.993 0.804275   0.626824   0.414403 0.00864797  0.00193983 0.000670333 -0.00482346    0.009781 -0.00897205  0.00391362 1 0 0
             70.5903 0.491146   14.189 -37.7883  23.4618  27.0383 0.805687 0.592306 0.411085  0.05555   0.0019086 0.000683538 -0.00485688   0.0108604 -0.00846507  0.00431813 1 0 0
             70.5903 0.394477  14.2264 -37.8418  23.4713  27.0422 0.800079    0.696151    0.455574 -0.00593632   0.0019388 0.000668833 -0.00484022   0.0101386 -0.00956508  0.00485427 1 0 0
             70.6901  2.14266  14.7006 -37.7895  23.5194  27.0649 0.795549  0.602993  0.339149 0.0518916  0.00194119 0.000675771 -0.00487066   0.0101614 -0.00770626  0.00543973 1 0 0
             70.6901  2.20479  14.8028 -37.8586  23.5319  27.0692 0.793359  0.736617   0.38482 0.0268651   0.0019262 0.000639003 -0.00484921 0.00932534 -0.0090352 0.00552686 1 0 0
             70.7899  3.25747  15.6535 -37.0061  23.5936   27.131 0.810076 0.647699 0.489332 0.112111  0.00186248 0.000660966 -0.00485299   0.0109115 -0.00966761  0.00520499 1 0 0
             70.7899  3.15355  15.6776 -36.8939   23.602  27.1194 0.809144 0.742799 0.353978 0.104962   0.0019011 0.000643003 -0.00488769  0.00918969 -0.00920258  0.00480687 1 0 0
             70.8903 2.89862 14.3111 -36.726  23.6732  27.1208 0.828365 0.693328  0.13855  0.12123  0.00189529 0.000653567  -0.0048908  0.00808146 -0.00780132  0.00382218 1 0 0
             70.8903 2.66047 14.1928 -36.848  23.6698  27.1289 0.822023  0.656693  0.233743 0.0526742  0.00195772 0.000696275 -0.00485585  0.00880634 -0.00828629  0.00487169 1 0 0
             70.9901  1.95307    14.08 -37.8207  23.7261  27.1318 0.823341   0.635147  0.0710017 0.00180368  0.00198285 0.000704631 -0.00488203  0.00866998 -0.00705829  0.00484247 1 0 0
             70.9901  2.05973  14.2094 -37.9404  23.7248   27.152 0.824313  0.619414  0.305796 0.0117076   0.0019541  0.00067928 -0.00484203   0.0104284 -0.00896429  0.00527895 1 0 0
               71.09 1.21955 14.0986 -39.828  23.7687  27.1569 0.834805 0.482439 0.172254 0.031223  0.00198136 0.000654849  -0.0048773   0.0103557 -0.00727783  0.00455138 1 0 0
               71.09  1.19787  13.9771 -39.9951   23.773  27.1751 0.832313   0.534833   0.392237 0.00562921  0.00201059 0.000701878 -0.00482474   0.0113678 -0.00948724  0.00518546 1 0 0
             71.1902  0.87658  14.1468 -40.7249  23.8256  27.2182 0.828709   0.514659   0.477167 -0.0659671  0.00201059 0.000701878 -0.00482474   0.0113678 -0.00948724  0.00518546 1 0 0
             71.1902  1.02612   14.222 -40.5683   23.829  27.2238 0.824653  0.554698  0.541967 -0.109429  0.00200416 0.000684449 -0.00485797  0.0113994 -0.0102497    0.00568 1 0 0
             71.2901 0.334265   14.016 -40.4338  23.8842  27.2838 0.812799  0.564073  0.655709 -0.119867  0.00200416 0.000684449 -0.00485797  0.0113994 -0.0102497    0.00568 1 0 0
             71.2901 0.327676  14.0155 -40.2995  23.8871  27.2734 0.807333   0.59579  0.535989 -0.179478  0.00199442  0.00065195 -0.00489705   0.0101902 -0.00956452   0.0060185 1 0 0
             71.3899 0.786758   14.391 -38.5481  23.9481  27.3229 0.797682 0.621043 0.569487 -0.10374  0.00198638  0.00065432 -0.00490523  0.00998517 -0.00918932  0.00558887 1 0 0
             71.3899 0.923069  14.5057 -38.4007  23.9474  27.3132 0.795808  0.614161   0.45708 -0.123707  0.00193107 0.000597494 -0.00494969  0.00923131 -0.00829979  0.00561995 1 0 0
             71.4903  1.95015  12.5567 -38.8625  23.9935  27.3467 0.811593  0.567819  0.382871 0.0844557  0.00189726 0.000639145 -0.00497045  0.00971566 -0.00722829  0.00438731 1 0 0
             71.4903  2.04201  12.4329 -39.0767  23.9911  27.3456 0.804921  0.539993    0.3696 0.0138915  0.00184959 0.000679519 -0.00491676  0.00964359 -0.00693525  0.00513963 1 0 0
             71.5901  1.66464    12.33 -38.6993  24.0634  27.3704 0.831301 0.612828 0.277419 0.158446  0.00187595 0.000648306 -0.00495892  0.00895896 -0.00712283  0.00366164 1 0 0
             71.5901  1.47478  12.4225 -38.8097  24.0632  27.3849 0.821992  0.610499  0.444932 0.0602689  0.00196972 0.000660632 -0.00491943  0.00984376 -0.00833265  0.00496612 1 0 0
               71.69  1.58912  12.0882 -38.3947  24.1071  27.4527 0.826513  0.460051  0.534548 0.0518556  0.00202563  0.00067215 -0.00488803   0.0111761 -0.00893819  0.00534861 1 0 0
               71.69   1.8412  11.9734 -38.2605  24.1097  27.4536 0.817775   0.488046    0.54343 -0.0449861  0.00196841 0.000698839 -0.00492473   0.0108005 -0.00919061  0.00632452 1 0 0
             71.7903  1.71996  12.3133 -38.3564   24.151  27.5276 0.807204   0.401758    0.63221 -0.0948817   0.0019751 0.000704559 -0.00490062   0.0116888 -0.00995594  0.00680166 1 0 0
             71.7903 1.61543 12.3311 -38.355  24.1576  27.5093 0.807485   0.471767   0.422233 -0.0939817  0.00196803 0.000637591 -0.00491402  0.00976531 -0.00878569  0.00634195 1 0 0
             71.8901  1.63193  11.6242 -37.5404  24.2175   27.526 0.833665  0.584265  0.287279 0.0269564  0.00199424 0.000613352 -0.00492934  0.00889337 -0.00818216  0.00391556 1 0 0
             71.8901  1.77131  11.5545 -37.5018  24.2138   27.524 0.829588   0.541065   0.262647 -0.0181727  0.00194305 0.000638063 -0.00494428  0.00896034 -0.00769593  0.00440214 1 0 0
               71.99 0.756248  11.7537 -36.8874  24.2625  27.5765 0.806256 0.540345 0.400408 -0.16888  0.00200472 0.000693037 -0.00492536   0.0100084 -0.00849602  0.00565854 1 0 0
               71.99 0.807535  11.9478 -36.8499  24.2633  27.5718 0.805968  0.549378  0.345562 -0.172165  0.00198208 0.000626288 -0.00493448  0.00958847 -0.00812181  0.00559799 1 0 0
             72.0903 0.306415  11.9345 -36.2332  24.3013  27.6215 0.803739    0.46471   0.423319 -0.0547943  0.00200794 0.000664919 -0.00495379   0.0109659 -0.00820899  0.00514776 1 0 0
             72.0903 0.401353  11.9164 -36.2462  24.3112   27.613 0.801282   0.576777   0.328358 -0.0799207    0.001978 0.000635919  -0.0049472  0.00941123 -0.00817891   0.0051007 1 0 0
             72.1901  1.02877  11.9294 -36.0107  24.3791  27.6462 0.807761  0.696299   0.33141 0.0432589  0.00199026 0.000628646 -0.00495309  0.00927941 -0.00846498  0.00444332 1 0 0
             72.1901  1.12001  11.9464 -36.0668  24.3819  27.6436 0.805423  0.726322  0.301256 0.0179098  0.00195957 0.000621063 -0.00493643  0.00875867 -0.00841411  0.00463296 1 0 0
             72.2901  2.57944  13.5297 -34.7087  24.4555  27.6816 0.803154 0.751046 0.360535 0.052291  0.00195078  0.00061569 -0.00493886 0.00896397 -0.0086613 0.00511931 1 0 0
             72.2901  2.71992  13.6244 -34.5447  24.4528  27.6841 0.802954  0.719134  0.389489 0.0501852  0.00191974 0.000587216 -0.00498484  0.00943578 -0.00870768   0.0052465 1 0 0
             72.3903  1.99391  13.7895 -33.7907  24.5286  27.7239 0.813634  0.642072  0.369298 0.0976358  0.00196738 0.000596456 -0.00499804  0.00914321 -0.00920174  0.00500455 1 0 0
             72.3903    1.819  13.6912 -33.8707  24.5189  27.7263 0.814621 0.528075 0.398484 0.106921  0.00200905 0.000633081 -0.00497546   0.0103377 -0.00868977  0.00516024 1 0 0
             72.4902 2.49537 12.6984 -32.098  24.5538  27.7482 0.863567  0.44298 0.244864 0.243318  0.00200116 0.000651261 -0.00500021    0.011198 -0.00748594  0.00270082 1 0 0
             72.4902  2.60973  12.6187 -32.0439  24.5529  27.7518 0.846335  0.429056  0.284684 0.0536193  0.00196935 0.000677838 -0.00501712  0.0110439 -0.0076938 0.00490455 1 0 0
               72.59  1.64836  13.2981 -32.1421 24.6063 27.7779 0.80907   0.45479  0.253842 -0.205338  0.00198409 0.000663566 -0.00500247  0.00989898 -0.00796161   0.0070878 1 0 0
               72.59  1.57359  13.4773 -32.3144  24.6035  27.7813 0.811833  0.423919  0.294116 -0.174478  0.00199477 0.000614427 -0.00495022   0.0105167 -0.00814877  0.00687413 1 0 0
             72.6903 0.753058   13.458 -33.1113  24.6429  27.8121 0.791877  0.365684  0.325741 -0.222788  0.00199477 0.000614427 -0.00495022   0.0105167 -0.00814877  0.00687413 1 0 0
             72.6903 0.763174  13.3657 -33.1826   24.645  27.8149 0.799711  0.390132  0.358515 -0.138449  0.00198894 0.000641829 -0.00492922    0.010711 -0.00863447  0.00593973 1 0 0
             72.7901 0.719839  13.4553 -33.6931  24.6761   27.871 0.813418    0.342508    0.527011 -0.00761539  0.00199572 0.000659713 -0.00491945   0.0119255 -0.00930616  0.00448989 1 0 0
             72.7901 0.756577  13.5248 -33.5804  24.6875  27.8686 0.813654    0.471217    0.500225 -0.00675234  0.00199386 0.000631815 -0.00495024   0.0106139 -0.00988907  0.00417799 1 0 0
               72.89 0.745864  13.6973 -33.9702  24.7389  27.9126 0.807492   0.529541   0.528555 -0.0182283  0.00199764 0.000653494 -0.00493492   0.0100873 -0.00946502   0.0044229 1 0 0
               72.89 0.845016  13.7796 -33.9103  24.7398  27.9058 0.799452  0.538261  0.446637 -0.109776  0.00196919 0.000626128 -0.00495224  0.00925157 -0.00876752  0.00530219 1 0 0
             72.9903 0.804576  13.3352 -35.4664  24.7956  27.9255 0.801237  0.594441  0.323436 0.0244789  0.00200088 0.000655274  -0.0049782 0.00852825 -0.0074417 0.00459822 1 0 0
             72.9903 0.814762  13.3473  -35.659 24.7937 27.9361 0.80016  0.575967  0.446858 0.0148453  0.00199093 0.000656113 -0.00492131  0.00944843 -0.00843674  0.00494529 1 0 0
             73.0902 1.94602 13.1349 -36.665  24.8411  27.9561 0.818668 0.543143 0.315669 0.148398  0.00200398 0.000682332 -0.00496257 0.00941513 -0.0067551 0.00410736 1 0 0
             73.0902  2.16243  13.2721 -36.7438  24.8347  27.9744 0.814281 0.470594 0.528985 0.100883  0.00194902 0.000654487 -0.00493415   0.0113264 -0.00815321  0.00514532 1 0 0
               73.19  2.06514  13.6825 -37.8502  24.8607  28.0767 0.814491  0.256505  0.792825 0.0396442  0.00201664 0.000648461 -0.00496813   0.0136493 -0.00999676  0.00635763 1 0 0
               73.19  2.08188  13.6462 -37.9908  24.8711  28.0672 0.812258  0.376091  0.683219 0.0140863  0.00199819 0.000645941 -0.00493029   0.0118182 -0.00988386  0.00622356 1 0 0
             73.2904  2.23203  12.5253 -37.8834  24.9192  28.1332 0.826203  0.434652  0.630455 0.0332176  0.00200797 0.000693414 -0.00488616  0.0114827 -0.0103063 0.00517358 1 0 0
             73.2904  2.29804  12.5366 -37.5468  24.9275  28.1169 0.821554   0.525474   0.440401 -0.0193785  0.00200204 0.000670731 -0.00498856 0.00924448 -0.0093284  0.0052208 1 0 0
             73.3901  1.05488  13.3469 -37.5881  24.9608  28.1343 0.774772   0.38897  0.301124 -0.279662  0.00206341 0.000693517 -0.00497988  0.00843024 -0.00730963  0.00766555 1 0 0
             73.3901  1.28554   13.624 -37.5373  24.9607  28.1306 0.785727  0.390531  0.256917 -0.155877  0.00199529 0.000607753 -0.00499225 0.00843518 -0.0070128 0.00620734 1 0 0
               73.49  1.31267  13.3049 -36.2474 24.9621 28.1832 0.80678   0.225592   0.415004 -0.0107481  0.00197766 0.000651223 -0.00503218  0.0116815 -0.0067939 0.00447011 1 0 0
               73.49  1.19149  13.3029 -36.2966  24.9825  28.1815 0.811572  0.457861  0.391774 0.0428836  0.00202212 0.000637239 -0.00501276  0.00969554 -0.00826461  0.00339695 1 0 0
             73.5903 0.400315  13.4029 -35.0422  25.0232  28.2402 0.814124  0.502397  0.485232 0.0286587    0.002046 0.000641969 -0.00503276   0.0108925 -0.00877248  0.00371026 1 0 0
             73.5903 0.381363  13.4713 -35.0822  25.0396  28.2342 0.809924   0.689758   0.417826 -0.0187481  0.00205744 0.000606388 -0.00501644  0.00870293 -0.00947206  0.00375554 1 0 0
             73.6901 -0.259973   13.5587  -34.0826  25.1251  28.2656 0.814312  0.838033  0.325246 0.0554653  0.00208278 0.000583626 -0.00506736  0.00788291 -0.00954005  0.00332209 1 0 0
             73.6901 -0.244161    13.438   -34.285  25.1228  28.2694 0.802883   0.808202   0.369859 -0.0772542  0.00206575 0.000623362 -0.00500899  0.00806964 -0.00973371    0.004924 1 0 0
               73.79 0.937587   14.118 -34.3765  25.2053  28.3045 0.799899  0.832221  0.352748 0.0194371  0.00206575 0.000623362 -0.00500899  0.00806964 -0.00973371    0.004924 1 0 0
               73.79 1.11528 14.1833 -34.402   25.192  28.3099 0.795882   0.674314   0.413072 -0.0269303  0.00200611 0.000617481 -0.00500055  0.00971345 -0.00927143   0.0058784 1 0 0
             73.8903  3.49901  15.6759 -33.2162  25.2583  28.3531 0.798645 0.636854 0.452253 0.079592  0.00200611 0.000617481 -0.00500055  0.00971345 -0.00927143   0.0058784 1 0 0
             73.8903  3.62908  15.7287 -33.0587  25.2445   28.354 0.795426   0.47319  0.460686 0.0415425  0.00196959 0.000614162 -0.00504208   0.0110834 -0.00827756  0.00665732 1 0 0
             73.9902  3.54508  14.9554 -32.3985  25.2638  28.4059 0.815784  0.251784  0.479269 0.0804754  0.00200966 0.000632279 -0.00507233   0.0126193 -0.00784777  0.00590002 1 0 0
             73.9902  3.39465  14.7256 -32.6621   25.269  28.3995 0.811971 0.310719 0.405411  0.03825  0.00203173 0.000696426  -0.0050022   0.0114964 -0.00752112  0.00606506 1 0 0
             74.0905  2.98915  15.0483 -31.5388 25.2847 28.4635 0.81141   0.214533   0.473241 -0.0421951  0.00202632 0.000701583 -0.00502574   0.0131211 -0.00834279   0.0065385 1 0 0
             74.0905  2.80883  15.2671 -31.5695  25.3045  28.4454 0.816897  0.447369  0.262607 0.0230634  0.00207878 0.000616098 -0.00501288  0.00998219 -0.00791281  0.00488082 1 0 0
             74.1903  2.25725  15.3536 -32.1409  25.3602  28.4791 0.818013    0.468766    0.285417 -0.00781727  0.00209438 0.000618916 -0.00497626  0.00962486 -0.00879039  0.00482012 1 0 0
             74.1903  2.38649  15.3078 -32.1638  25.3718  28.4688 0.818774   0.601831   0.165517 0.00102801  0.00205496 0.000611861 -0.00497066  0.00773294 -0.00851654  0.00418329 1 0 0
              74.294  2.37476  15.2824 -33.0766 25.4354 28.4744 0.83649  0.553268  0.175743 0.0651984    0.002047  0.00061336 -0.00496218  0.00729411 -0.00799642  0.00283106 1 0 0
              74.294  2.39342  15.2674 -32.9758  25.4231  28.4832 0.827108   0.416724   0.273906 -0.0365965  0.00205287 0.000674884 -0.00499008  0.00866019 -0.00799611   0.0043271 1 0 0
               74.39  1.27594  14.9172 -33.0793  25.4229  28.5397 0.820948   0.149148   0.545929 -0.0666421  0.00206838 0.000740203 -0.00506271   0.0109669 -0.00793131   0.0050574 1 0 0
               74.39  1.11117  14.8439 -33.3207  25.4278  28.5442 0.812308  0.205545  0.598892 -0.164467  0.00211851 0.000761684 -0.00498793   0.0105071 -0.00866657  0.00605533 1 0 0
             74.4904 0.783187   13.984 -31.9185  25.447 28.6237 0.79058 0.177646 0.805642 -0.19324  0.00213658 0.000773258 -0.00504561   0.0107519 -0.00923209  0.00638231 1 0 0
             74.4904 0.830921  13.9485  -31.973   25.457  28.6193 0.791826  0.287498   0.75433 -0.178259  0.00212058  0.00075899 -0.00502253  0.00957622 -0.00945587   0.0059144 1 0 0
             74.5904  1.53963  13.6089 -31.5019  25.5034  28.7143 0.789435   0.410548   0.912554 -0.0484704  0.00211847 0.000753024 -0.00500942 0.00951735 -0.0107018 0.00519079 1 0 0
             74.5904  1.57049  13.6617 -31.5607  25.5029  28.7068 0.791697   0.404537   0.825948 -0.0233445   0.0020989 0.000733141 -0.00499551  0.00912157 -0.00985174  0.00478385 1 0 0
               74.69  2.56724   14.191 -30.5847 25.5016 28.7646 0.81526 0.186976 0.712637  0.18215  0.00206029 0.000719086 -0.00504173   0.0107599 -0.00705846  0.00382425 1 0 0
               74.69  2.45804  14.1976 -30.6716  25.5065  28.7609 0.806733  0.242777  0.669169 0.0890172  0.00208397 0.000690012 -0.00501627  0.00983451 -0.00695926  0.00461574 1 0 0
             74.7903  3.37683  14.2575 -29.4969  25.5259  28.8596 0.783411   0.135661   0.803897 -0.0897119  0.00213916 0.000723629  -0.0050673     0.01031 -0.00845636  0.00665142 1 0 0
             74.7903  3.31833  14.1772 -29.7881  25.5393  28.8582 0.792667   0.284244   0.784936 0.00782182  0.00215842 0.000700862 -0.00498467  0.00918967 -0.00915642  0.00531763 1 0 0
             74.8901  3.22694  12.5099 -28.8224  25.5613  28.9539 0.832279   0.3049 0.815686 0.171711  0.00216183 0.000751885 -0.00496001   0.0107401 -0.00999024  0.00340353 1 0 0
             74.8901  2.94252  12.4388 -28.6631  25.5584   28.935 0.824905  0.269427  0.594979 0.0925952  0.00218404 0.000741399  -0.0050247  0.00970962 -0.00777766  0.00386811 1 0 0
               74.99 0.999054  12.8789 -28.2943  25.6007  28.9617 0.788057  0.317754   0.35641 -0.138314  0.00220584 0.000678413 -0.00509384   0.0076323 -0.00675629  0.00585941 1 0 0
               74.99  1.12716  13.0166 -28.6125  25.5973  28.9757 0.798524   0.280984   0.515897 -0.0259349  0.00219092 0.000684507 -0.00500147  0.00902614 -0.00806344  0.00501094 1 0 0
             75.0903  1.67508  12.4162 -27.3277  25.6236  29.0251 0.812726    0.284123    0.482198 -0.00754525  0.00220984 0.000709994 -0.00506358 0.00931703 -0.0080625 0.00393743 1 0 0
             75.0903  1.82383  12.4209 -27.4192  25.6113  29.0362 0.813041    0.143854    0.610029 -0.00561716  0.00216673 0.000752914 -0.00503299   0.0112208 -0.00853281  0.00435633 1 0 0
             75.1901  1.41068  12.1593 -26.9486  25.6174   29.112 0.777495  0.156522  0.720175 -0.239928  0.00217116  0.00076256 -0.00504894   0.0117358 -0.00884431  0.00620548 1 0 0
             75.1901  1.31939  12.1246 -27.0673  25.6207  29.1098 0.785167  0.198175  0.696023 -0.159218  0.00219108 0.000773683 -0.00501397  0.0113892 -0.0088486 0.00516427 1 0 0
             75.2915 -0.146969   11.9443   -26.512  25.6696  29.1889 0.748757  0.447455  0.746578 -0.225138   0.0022146 0.000799333 -0.00504073   0.0102097 -0.00983719  0.00619845 1 0 0
             75.2915 -0.164142   12.0892  -26.5591  25.6689   29.181 0.765725   0.446039    0.65669 -0.0505157  0.00220794 0.000754352 -0.00502642   0.0101935 -0.00898351   0.0040899 1 0 0
             75.3903 0.398493  13.4196 -26.4812  25.7102  29.2514 0.769584  0.462543  0.672983 0.0755328  0.00221991 0.000761867 -0.00502623   0.0107084 -0.00922351  0.00394653 1 0 0
             75.3903 0.637138  13.5605 -26.4799  25.7157  29.2445 0.779017   0.5306 0.589193 0.181905   0.0021404 0.000705023 -0.00502475 0.00991378 -0.0087707 0.00254136 1 0 0
             75.4916  2.83759  16.6104 -24.7284  25.7775  29.2982 0.796736 0.555358 0.540032 0.231832 0.00211032 0.00068578 -0.0050312  0.00929045 -0.00867601  0.00276975 1 0 0
             75.4916  2.80583  16.7098 -24.5799 25.7687 29.2899  0.7852   0.44927  0.439191 0.0997534  0.00211313  0.00066053 -0.00507052  0.00946653 -0.00711442  0.00437247 1 0 0
             75.5901  2.94035  17.4389 -23.4414 25.8084 29.3294 0.79866 0.366556 0.360554  0.13813  0.00210932 0.000651756 -0.00507432     0.00953 -0.00711775  0.00422316 1 0 0
             75.5901  2.77894  17.2167 -23.5127 25.8021 29.3323 0.79203  0.295192  0.397505 0.0676629  0.00214851 0.000732806 -0.00505607   0.0101122 -0.00708839  0.00523492 1 0 0
             75.6904 2.64889 15.6991 -24.356  25.8273  29.3798 0.801409  0.340275  0.390974 0.0325785  0.00215024 0.000770357   -0.005083    0.010839 -0.00753327  0.00517754 1 0 0
             75.6904  2.51006  15.6236 -24.6488  25.8285  29.3842 0.796765   0.352266   0.442121 -0.0145795  0.00216934 0.000797036 -0.00499772   0.0107719 -0.00808086  0.00576493 1 0 0
             75.7902  2.01843  15.0828 -26.0281  25.8633  29.4287 0.792157    0.36154   0.435247 -0.0758611  0.00218613 0.000813537 -0.00500804   0.0109451 -0.00811912  0.00581528 1 0 0
             75.7902  2.06248  15.2406 -26.1105  25.8671   29.429 0.792388   0.404779   0.438777 -0.0715601  0.00216595 0.000764578 -0.00498169   0.0105589 -0.00837338  0.00566267 1 0 0
               75.89 0.339386  14.6766 -27.9662  25.9069  29.4674 0.796931   0.394431   0.426015 -0.0449142  0.00220213 0.000761337 -0.00498234   0.0106457 -0.00806232   0.0048117 1 0 0
               75.89 0.356113  14.6901 -27.9464 25.9159  29.471  0.7961   0.497467   0.470342 -0.0499703  0.00220024 0.000752479 -0.00498561 0.00984203 -0.0090489 0.00468526 1 0 0
             75.9904 0.395846  14.2526 -28.9495 25.9619 29.5221 0.78653   0.466896   0.535587 -0.0884129  0.00218748 0.000750821 -0.00499074  0.00992013 -0.00902569  0.00492531 1 0 0
             75.9904 0.528345  14.2167 -28.9096  25.9658  29.5261 0.787094  0.507302  0.579613 -0.081236   0.0021529 0.000760119 -0.00500098  0.00978308 -0.00969833  0.00480662 1 0 0
             76.0902 0.609794  13.8095 -29.6626  26.0225  29.5622 0.781827   0.625867   0.472252 -0.0189731  0.00214733 0.000773792 -0.00504749  0.00904359 -0.00850107  0.00454355 1 0 0
             76.0902 0.563835  13.9249 -29.7527  26.0166  29.5719 0.783128    0.558412    0.588028 -0.00659147  0.00216067 0.000747173 -0.00501938   0.0103622 -0.00924458   0.0047305 1 0 0
               76.19  1.3163 13.7145 -31.075  26.0764  29.6403 0.788893 0.636521 0.629561 0.118767  0.00212634 0.000757046 -0.00501055   0.0107136 -0.00975716  0.00485589 1 0 0
               76.19    1.291  13.7141 -31.0476  26.0762  29.6419 0.786841 0.633909 0.649029 0.096699  0.00213734 0.000757213 -0.00501843   0.0107865 -0.00992207  0.00514064 1 0 0
             76.2903  1.67168  14.3468 -32.1653  26.1228  29.7049 0.815204 0.471659 0.583135 0.206169  0.00213405 0.000739096 -0.00503457   0.0117331 -0.00952977  0.00438696 1 0 0
             76.2903  1.65009   14.312 -32.2346 26.1315 29.6987  0.8063 0.570087 0.508062 0.113416  0.00213291 0.000742748 -0.00501664     0.01012 -0.00939371  0.00509818 1 0 0
             76.3902  2.50229  12.9904 -33.6666  26.1615  29.6912 0.806452   0.408449   0.134763 -0.0366009  0.00211782  0.00074997 -0.00502993 0.00941515 -0.0057267 0.00523799 1 0 0
             76.3902  2.46088  12.8526 -33.7218  26.1651  29.7029 0.806029   0.447102   0.273477 -0.0396607  0.00213664 0.000793089 -0.00500993  0.00988926 -0.00727547  0.00545419 1 0 0
               76.49  1.22844  13.6285 -35.1026  26.2121  29.7257 0.797928 0.478581 0.188764 -0.10575  0.00213664 0.000793089 -0.00500993  0.00988926 -0.00727547  0.00545419 1 0 0
               76.49  1.10833  13.7842 -35.1152  26.2189  29.7427 0.801035   0.558699    0.38914 -0.0699773  0.00218319 0.000745461 -0.00500349   0.0105691 -0.00967727  0.00529316 1 0 0
             76.5903 0.353815  14.1791 -36.9748  26.2757  29.7804 0.792016 0.589658 0.362063 -0.12566  0.00218319 0.000745461 -0.00500349   0.0105691 -0.00967727  0.00529316 1 0 0
             76.5903 0.39959 14.1271 -36.977  26.2795   29.786 0.793212  0.633163  0.427646 -0.111567  0.00217367 0.000760265 -0.00500317  0.0106572  -0.010584 0.00516564 1 0 0
             76.6902 0.239875  14.8638 -38.3218  26.3408  29.8388 0.778668 0.674341 0.495581  -0.1572  0.00215057 0.000745987 -0.00500406  0.0112605 -0.0109005 0.00533398 1 0 0
             76.6902 0.250884  14.8148 -38.1856  26.3498  29.8338 0.776632  0.778217  0.435392 -0.174842  0.00215653 0.000752598 -0.00504361 0.00989535 -0.0111191 0.00519551 1 0 0
             76.7901 -0.587557    15.137  -38.9055  26.4327   29.876 0.762395  0.871752  0.415759 -0.082528  0.00215653 0.000752598 -0.00504361 0.00989535 -0.0111191 0.00519551 1 0 0
             76.7901 -0.621237   15.0928  -38.8377    26.43  29.8634 0.764784   0.841223   0.269068 -0.0601472  0.00216314 0.000763629 -0.00506296 0.00916554 -0.0096223 0.00473194 1 0 0
             76.8903 0.281597  14.8771 -38.5709  26.5166  29.8894 0.768233 0.873504 0.263646 0.124106  0.00216314 0.000763629 -0.00506296 0.00916554 -0.0096223 0.00473194 1 0 0
             76.8903 0.391215   14.847 -38.4506  26.4998  29.8765 0.765023  0.681156  0.113962 0.0841438    0.002123 0.000777206 -0.00510119  0.00954655 -0.00695295  0.00536279 1 0 0
             76.9901  2.7731 15.5999 -36.397  26.5659   29.888 0.776991 0.620404 0.117335 0.134844    0.002123 0.000777206 -0.00510119  0.00954655 -0.00695295  0.00536279 1 0 0
             76.9901  3.03247  15.6304 -36.1826  26.5618  29.8918 0.783444 0.575312 0.160989 0.201173  0.00206092 0.000770021 -0.00516136   0.0104353 -0.00702255  0.00479995 1 0 0
               77.09  3.34732  14.4684 -35.2575  26.6112  29.8928 0.811028  0.447666 0.0931025  0.167744  0.00209076 0.000754986 -0.00519647   0.0100363 -0.00626489  0.00400987 1 0 0
               77.09  3.12644   14.303 -35.5435  26.6038  29.9041 0.810432 0.360627  0.22833 0.157453  0.00213385 0.000819927 -0.00511027   0.0116635 -0.00681847  0.00461797 1 0 0
             77.1903  2.76996  13.6162 -34.7567  26.6499  29.9562 0.801894    0.43489   0.362172 -0.0456125  0.00215091 0.000860885 -0.00509579   0.0121188 -0.00855375  0.00595354 1 0 0
             77.1903  2.73072  13.7882 -34.7392  26.6599   29.955 0.805238     0.55261    0.346992 -0.00560695  0.00216705 0.000805598 -0.00509589   0.0110954 -0.00927434  0.00524731 1 0 0
             77.2901  0.79902  13.8133 -35.8327  26.7166  29.9906 0.802891   0.530712   0.344272 -0.0350042  0.00216877 0.000801237 -0.00509841   0.0110049 -0.00945544  0.00522584 1 0 0
             77.2901 0.621049    13.92 -36.0148 26.7259  29.987 0.80766  0.644038  0.302392 0.0198193  0.00221099 0.000763349   -0.005041  0.00987139 -0.00987271  0.00430983 1 0 0
               77.39  0.23188  13.7932 -36.9947  26.7854  30.0086 0.800738   0.590753   0.310038 -0.0287414  0.00222752 0.000761007 -0.00505752  0.00945566 -0.00917781  0.00477044 1 0 0
               77.39 0.442166  13.7832 -37.0602  26.7809  30.0049 0.801413   0.537501   0.264025 -0.0239559  0.00215583 0.000765955  -0.0050398  0.00962214 -0.00840745  0.00474689 1 0 0
             77.4903 0.230316  13.4598 -37.1685  26.8351  30.0373 0.796043   0.548043   0.390248 -0.0799908  0.00215583 0.000765955  -0.0050398  0.00962214 -0.00840745  0.00474689 1 0 0
             77.4903 0.288267  13.3973 -37.0518   26.833  30.0412 0.793688  0.522087  0.436196 -0.104996  0.00214775 0.000786575 -0.00507431   0.0100948 -0.00863329  0.00516344 1 0 0
             77.5901 -0.568862   13.5039  -36.6075  26.8893  30.0884 0.778973    0.54304   0.520575 -0.0781999   0.0021736 0.000783682 -0.00506742  0.00974846 -0.00870543  0.00540081 1 0 0
             77.5901 -0.589123   13.5185  -36.5647  26.8822  30.0905 0.775024  0.456244  0.547567 -0.122489  0.00218124  0.00078485 -0.00508251   0.0105636 -0.00831584  0.00612579 1 0 0
             77.6901 0.512743   12.633 -37.3055  26.9523  30.1239 0.785593  0.66303 0.408536 0.102316  0.00220351 0.000782804 -0.00511763 0.00904427 -0.0081731  0.0047648 1 0 0
             77.6901 0.734997  12.5911 -37.5208  26.9433  30.1379 0.781875  0.549985  0.577784 0.0588947  0.00212578 0.000806102 -0.00505218   0.0110568 -0.00891289  0.00575761 1 0 0
             77.7903   1.5399  13.1917 -36.7845  26.9798  30.2024 0.769784    0.40182   0.589594 -0.0136692  0.00214967 0.000841077 -0.00507734   0.0119373 -0.00856354  0.00734582 1 0 0
             77.7903  1.63235  13.4423 -36.6629  26.9897  30.2032 0.782781 0.523361 0.602749 0.124698  0.00213478 0.000759878 -0.00511228   0.0113597 -0.00957286  0.00556177 1 0 0
             77.8901  1.51346  12.0744 -37.6313  27.0445  30.2546 0.803198 0.463228 0.536744 0.108703  0.00218454 0.000762953 -0.00509217   0.0107557 -0.00960719  0.00473275 1 0 0
             77.8901  1.57947  11.8906 -37.7713  27.0436  30.2495 0.802097  0.451769  0.475466 0.0958976  0.00215213 0.000818225 -0.00505402   0.0103756 -0.00898297  0.00477761 1 0 0
             77.9902  1.21044  12.0862 -37.2279  27.1018  30.2867 0.801405   0.527597     0.3801 -0.0169888  0.00218699 0.000849387 -0.00509154  0.00944258 -0.00913097   0.0049115 1 0 0
             77.9902  1.26939  12.4086 -37.1101  27.0981  30.2859 0.804509  0.487491  0.369825 0.0132504  0.00217522 0.000751573 -0.00512438  0.00982314 -0.00875391  0.00461576 1 0 0
             78.0905 0.326483  13.0293 -37.0514  27.1469  30.3192 0.793796  0.502434  0.345242 -0.082775  0.00218923 0.000769302 -0.00512277  0.00964308 -0.00849065  0.00513712 1 0 0
             78.0905 0.331712  13.0972 -37.0825  27.1388   30.317 0.792021  0.409894  0.318756 -0.104622  0.00218036 0.000751685 -0.00511365    0.010219 -0.00757496   0.0055026 1 0 0
             78.1902 -0.127529   13.2317  -37.0416  27.1929  30.3489 0.782444  0.517905  0.341183 -0.112433  0.00218548 0.000754718 -0.00510583  0.00964681 -0.00797853  0.00527492 1 0 0
             78.1902 -0.12889  13.1907  -37.037  27.1879  30.3542 0.782757  0.461102  0.399976 -0.110678  0.00218678 0.000773133  -0.0051083   0.0105523 -0.00809181  0.00546348 1 0 0
             78.2901 -0.729552   13.2353  -36.3863  27.2412   30.383 0.769121   0.568902   0.343536 -0.0988377  0.00220871 0.000781854 -0.00513669  0.00997445 -0.00759295  0.00551196 1 0 0
             78.2901 -0.673929   13.3131  -36.4008  27.2407   30.392 0.774195   0.563957   0.444932 -0.0448054  0.00219383 0.000762045 -0.00513312   0.0108798 -0.00846862  0.00506437 1 0 0
             78.3903 -1.28587  13.4918  -36.711  27.2977   30.457 0.762836   0.598049   0.528006 0.00545745  0.00224021 0.000780485 -0.00513687  0.0116484 -0.0094102  0.0059807 1 0 0
             78.3903 -1.11668   13.613 -36.7775   27.308  30.4529 0.762583    0.71064    0.47854 0.00674176  0.00218624 0.000736517 -0.00511654   0.0103423 -0.00977429  0.00564803 1 0 0
             78.4902     1.53   15.467 -35.3603  27.3796  30.5002 0.767865  0.705233  0.472935 0.0901009  0.00218624 0.000736517 -0.00511654   0.0103423 -0.00977429  0.00564803 1 0 0
             78.4902  1.81047  15.5021 -35.1955   27.386  30.4912 0.774832  0.77785 0.371957 0.163551  0.00211143 0.000714126 -0.00516585  0.00923705 -0.00939216   0.0044973 1 0 0
               78.59  1.68605  15.4334 -34.7742  27.4618  30.5227 0.785573 0.672803 0.320027 0.127661  0.00210366 0.000722298 -0.00517543  0.00881529 -0.00935305  0.00476813 1 0 0
               78.59  1.37534   15.318 -34.8797   27.454  30.5198 0.787605 0.584695 0.286727 0.144972  0.00218434 0.000760324 -0.00514422 0.00941093  -0.008413 0.00469621 1 0 0
             78.6904  1.90414  14.2734 -34.0043  27.5092  30.5469 0.799406  0.544578  0.250823 0.0824972  0.00218434 0.000760324 -0.00514422 0.00941093  -0.008413 0.00469621 1 0 0
             78.6904  1.97042  14.1325 -33.9359  27.5016  30.5485 0.802229 0.462442 0.269556 0.107699  0.00216735 0.000805191 -0.00516622  0.0103426 -0.0080345 0.00463391 1 0 0
             78.7916  1.60118  14.0294 -34.7652  27.5504  30.5739 0.809388  0.485047  0.243358 0.0399622  0.00216735 0.000805191 -0.00516622  0.0103426 -0.0080345 0.00463391 1 0 0
             78.7916  1.49031   14.197 -34.9288  27.5444  30.5768 0.807006  0.420132   0.27573 0.0150768  0.00218674  0.00076296 -0.00511785   0.0110818 -0.00787701  0.00512037 1 0 0
               78.89 0.697822  14.1192 -36.3238  27.5727  30.6117 0.799984   0.332545    0.35135 -0.0621698  0.00219187 0.000748281 -0.00512172   0.0117489 -0.00777297  0.00567123 1 0 0
               78.89 0.639496  14.0173 -36.4439  27.5803  30.6093 0.795782  0.412851  0.323667 -0.102885  0.00220278 0.000768299 -0.00508497    0.01074 -0.0080477 0.00590887 1 0 0
             78.9904 0.413979    13.92 -37.1312  27.6217  30.6464 0.782023  0.413237  0.425293 -0.169426  0.00220278 0.000768299 -0.00508497    0.01074 -0.0080477 0.00590887 1 0 0
             78.9904 0.467889  13.9437 -37.0213  27.6332  30.6487 0.782072  0.541772  0.450664 -0.167088  0.00219778 0.000755431 -0.00511434  0.00979002 -0.00920619  0.00565316 1 0 0
             79.0903 0.143903  14.0189 -36.7632  27.6931     30.7 0.754529  0.598443  0.545382 -0.195222  0.00220367 0.000774959 -0.00511804  0.00947086 -0.00939497  0.00625299 1 0 0
             79.0903 0.188396  14.1264  -36.652  27.6962  30.7004 0.760568  0.634848  0.550545 -0.131527  0.00219923 0.000739912 -0.00514986  0.00938483 -0.00971547  0.00546056 1 0 0
               79.19 -0.054351    13.178  -38.1118  27.7611  30.7556 0.755921  0.683762   0.54673 0.0570787  0.00219923 0.000739912 -0.00514986  0.00938483 -0.00971547  0.00546056 1 0 0
               79.19 -0.0587067    13.0873    -38.249  27.7588  30.7579 0.761542 0.659858 0.575166 0.114546  0.00219136 0.000769599   -0.005109  0.00994258 -0.00979904  0.00490147 1 0 0
             79.2904 1.20051 13.1375  -38.94 27.8106 30.8159  0.7918 0.555281 0.559017 0.247445  0.00221774 0.000783833 -0.00511551   0.0108762 -0.00931322  0.00432823 1 0 0
             79.2904  1.40838  13.2157 -38.8653  27.8093  30.8112 0.793964 0.542038 0.505587  0.26836  0.00215608  0.00075983 -0.00513855    0.010673 -0.00877045  0.00402633 1 0 0
             79.3902  1.94013  11.9832 -40.4411  27.8553  30.8452 0.796843  0.436251  0.404344 0.0721884  0.00214894 0.000768022 -0.00513198  0.00992162 -0.00797006  0.00506644 1 0 0
             79.3902  1.94536  11.8533 -40.4006  27.8539  30.8475 0.794147  0.418764  0.430874 0.0433632  0.00215108 0.000809624 -0.00514417   0.0101798 -0.00805902  0.00547506 1 0 0
               79.49 0.983009  12.4296 -39.3976  27.8896  30.8955 0.785522  0.369188  0.429874 -0.101187  0.00217458  0.00081793 -0.00515928   0.0106056 -0.00812463  0.00602898 1 0 0
               79.49 0.823657  12.6762 -39.2296  27.8927  30.8962 0.788362  0.407861  0.437609 -0.070733 0.00223592 0.00074049 -0.0052072    0.010435 -0.00849508  0.00564002 1 0 0
             79.5903 -0.462339    13.174  -39.2207  27.9366  30.9463 0.775729  0.429841  0.466056 -0.125446  0.00225578 0.000740103 -0.00519967   0.0105082 -0.00896468  0.00587461 1 0 0
             79.5903 -0.366002   13.0743  -39.2554  27.9424  30.9433 0.776944  0.499568   0.43121 -0.109527  0.00222576 0.000767395 -0.00518811  0.00968453 -0.00921333  0.00550458 1 0 0
             79.6903 -0.932177   13.4718  -38.7504  28.0005  30.9798 0.756384 0.584584 0.408584 -0.17686   0.0022353 0.000795626 -0.00519201  0.00907396 -0.00912393  0.00586364 1 0 0
             79.6903 -0.801069   13.6894  -38.6948  28.0008  30.9875 0.762912  0.591469  0.496416 -0.106726  0.00220344 0.000733183 -0.00520966  0.00987492 -0.00994208  0.00518783 1 0 0
             79.7904 -1.14294  14.0123 -38.1778  28.0668  31.0425 0.781523  0.697326  0.540148 0.0555632  0.00221313 0.000744697 -0.00519917  0.0103184 -0.0102491 0.00345851 1 0 0
             79.7904  -1.1076  13.9828 -38.0947  28.0621  31.0397 0.773664  0.643292  0.507946 -0.023226 0.00220518 0.00075432 -0.0052239   0.0103194 -0.00958063   0.0044314 1 0 0
             79.8903 -1.47534  14.1053 -38.2181  28.1299   31.086 0.771502 0.690494  0.46304  0.06082  0.00221174 0.000759573 -0.00520706    0.010088 -0.00945711  0.00463285 1 0 0
             79.8903 -1.45887  14.1019 -38.2336  28.1233  31.0839 0.760663   0.612034   0.437595 -0.0507057  0.00220054 0.000762748 -0.00520336   0.0102525 -0.00869272  0.00605266 1 0 0
             79.9903  1.37775  15.5552 -36.5641  28.1963  31.1225 0.762651  0.685587  0.413957 0.0762544  0.00219556 0.000774079 -0.00519061  0.00958087 -0.00882403  0.00587854 1 0 0
             79.9903  1.75013  15.7009 -36.2466  28.1883   31.122 0.759994  0.595028  0.406993 0.0481169   0.0021009  0.00073303 -0.00528135  0.0102304 -0.0081496 0.00640529 1 0 0
             80.0902  2.43019  15.8405 -34.8035  28.2525  31.1596 0.763883 0.515821 0.394582 0.029505  0.00211135 0.000728693 -0.00527812  0.00955172 -0.00843637  0.00632452 1 0 0
             80.0902  2.22394  15.6823 -34.8638  28.2447  31.1626 0.764195  0.428926  0.428412 0.0304253   0.0021643  0.00078419 -0.00525994   0.0105243 -0.00810043   0.0065779 1 0 0
             80.1906  2.00454  14.2897 -33.0967  28.2874  31.2007 0.783605  0.408426  0.367509 0.0533105  0.00217927 0.000811682 -0.00526967   0.0105902 -0.00805641   0.0053806 1 0 0
             80.1906  1.92799  14.3244 -33.1213  28.2824  31.2067 0.780017  0.351933  0.434131 0.0173146  0.00219925  0.00080768 -0.00526134   0.0114198 -0.00825869  0.00607022 1 0 0
             80.2902  1.21064  14.1107 -33.3255 28.3295 31.2518 0.78601   0.431875   0.428936 -0.0133583  0.00218291 0.000815275 -0.00524287   0.0111662 -0.00882957  0.00553276 1 0 0
             80.2902  1.10384  14.2766 -33.3896  28.3296  31.2507 0.782778   0.431783   0.416058 -0.0452851  0.00220979 0.000764277 -0.00522278   0.0110032 -0.00868498  0.00587384 1 0 0
             80.3901 -0.126228   13.8828   -34.584  28.4071  31.2795 0.782911   0.602767   0.384294 -0.0716832  0.00220767 0.000770036 -0.00520664  0.00888409 -0.00920618  0.00475337 1 0 0
             80.3901 -0.184115   13.9053   -34.621   28.395  31.2854 0.776541  0.463499  0.453293 -0.143874  0.00222309 0.000771316 -0.00519808   0.0104108 -0.00890934  0.00601527 1 0 0
             80.4904 -0.968224   13.7427  -34.9892  28.4393  31.3316 0.769028  0.438446  0.531641 -0.100669  0.00223369 0.000784558 -0.00520454    0.010461 -0.00866972  0.00559366 1 0 0
             80.4904 -0.849096   13.8457  -34.8603  28.4322  31.3391 0.767327  0.354415  0.621069 -0.121251  0.00220981 0.000760014 -0.00524469   0.0117661 -0.00894746  0.00616262 1 0 0
             80.5902 -0.310817   13.4172  -33.8006  28.4774   31.381 0.775915  0.409796  0.569613 0.0215198   0.0022325 0.000784181 -0.00526834   0.0106225 -0.00803408  0.00473749 1 0 0
             80.5902 -0.142019   13.4868   -33.739  28.4739  31.3901 0.766469    0.36378   0.669222 -0.0734028  0.00218878 0.000770043 -0.00528599    0.011428 -0.00868015  0.00607204 1 0 0
               80.69 0.976801  13.0381 -34.4846  28.5348  31.4634 0.763086  0.540561  0.706687 0.0487287  0.00216409 0.000781378 -0.00526797   0.0105332 -0.00978754  0.00588574 1 0 0
               80.69  1.00033  13.1192 -34.5766  28.5314  31.4703 0.763788  0.503485  0.785426 0.0553639   0.0021522 0.000760839 -0.00523902  0.0114077 -0.0102798 0.00600701 1 0 0
             80.7904 2.54443 14.0587 -34.329  28.5826  31.5481 0.772935 0.477603 0.760609 0.104837   0.0021522 0.000760839 -0.00523902  0.0114077 -0.0102798 0.00600701 1 0 0
             80.7904  2.56779  14.1296 -34.2374  28.5821  31.5411 0.767098  0.469818  0.679162 0.0456939   0.0021476 0.000736584 -0.00526635   0.0107916 -0.00946462  0.00656909 1 0 0
             80.8902  2.94686   13.361 -35.6669  28.6236  31.6053 0.767409   0.395465   0.615151 -0.0494055   0.0021476 0.000736584 -0.00526635   0.0107916 -0.00946462  0.00656909 1 0 0
             80.8902  2.89853  13.2759 -35.7322  28.6231  31.5952 0.764387   0.395599   0.500291 -0.0791851  0.00215124  0.00075978 -0.00525138  0.00993836 -0.00838543  0.00666658 1 0 0
             80.9901  2.20632  14.0579 -35.2319  28.6763  31.6421 0.778842   0.488082   0.427113 -0.0239655   0.0021589 0.000828903 -0.00524029  0.00978385 -0.00891619  0.00498446 1 0 0
             80.9901  2.05872  14.4417 -35.0994  28.6702  31.6364 0.774561  0.424643  0.362103 -0.067662  0.00220974 0.000711024 -0.00527557  0.00982609 -0.00782279  0.00546437 1 0 0
             81.0906 0.879456  15.3125 -35.3081 28.7125 31.6724 0.76566  0.420782  0.362869 -0.110884  0.00220974 0.000711024 -0.00527557  0.00982609 -0.00782279  0.00546437 1 0 0
             81.0906 0.865887  15.2315 -35.2765  28.7143   31.674 0.766152  0.441496  0.382765 -0.105081  0.00221781 0.000735406 -0.00528566 0.00978338  -0.008155 0.00539549 1 0 0
             81.1902 0.106631   15.529 -35.2598  28.7548  31.7209 0.785225  0.473333  0.448466 0.0190077  0.00224537 0.000716198 -0.00527727   0.0108285 -0.00841263  0.00365184 1 0 0
             81.1902 0.204981  15.4568 -35.1844  28.7581  31.7234 0.773004  0.502408  0.479593 -0.106003  0.00222509 0.000737847 -0.00529886    0.010374 -0.00888666  0.00506868 1 0 0
             81.2902 -0.955963   15.6685  -35.1954  28.8116  31.7744 0.779061  0.587037  0.498989 0.0144035    0.002255 0.000706795 -0.00530218   0.0107516 -0.00895441  0.00419962 1 0 0
             81.2902 -0.951033   15.5827  -35.2507  28.8119   31.774 0.760431  0.580272  0.496022 -0.179492  0.00225001 0.000732087 -0.00528549   0.0101557 -0.00887815   0.0064245 1 0 0
             81.3904 -1.4456 14.7572 -36.134  28.8725  31.8224 0.748094   0.630505   0.470658 -0.0638436  0.00225001 0.000732087 -0.00528549   0.0101557 -0.00887815   0.0064245 1 0 0
             81.3904 -1.22279  14.7012 -36.1535  28.8787  31.8308 0.749119   0.690148   0.565902 -0.0510227  0.00218933 0.000749868 -0.00527748  0.0102937 -0.0101813 0.00627543 1 0 0
             81.4905 0.821166  15.9442  -35.035  28.9469  31.8923 0.746666  0.686099  0.604647 0.0505117  0.00216657 0.000771567 -0.00527431  0.0105186 -0.0103245 0.00655298 1 0 0
             81.4905 0.983787  16.2332 -34.7806  28.9454  31.8858 0.741241    0.673353     0.52909 -0.00371735  0.00213243 0.000679764 -0.00534987 0.00998191 -0.0095834 0.00709467 1 0 0
             81.5902 0.841596  15.5088 -33.6585  29.0047  31.9374 0.742263    0.512298     0.49586 -0.00607801  0.00213243 0.000679764 -0.00534987 0.00998191 -0.0095834 0.00709467 1 0 0
             81.5902  0.65267  15.1711 -33.7167 29.0103 31.9309 0.74852  0.575282  0.422756 0.0572067   0.0021859 0.000775084 -0.00533569  0.00912908 -0.00933044  0.00606381 1 0 0
             81.6904 0.307809  12.8607 -33.1104  29.0534   31.947 0.765265  0.470555  0.228335 0.0432276  0.00217172 0.000761911 -0.00533579  0.00905741 -0.00777937  0.00509444 1 0 0
             81.6904 0.196611  12.8112 -33.1491  29.0476   31.957 0.768835  0.410472  0.343916 0.0770146  0.00220252 0.000782871 -0.00532076   0.0104573 -0.00847441  0.00507748 1 0 0
             81.7902 0.344173  12.4603 -33.3016  29.0817   31.994 0.797979 0.387733 0.349009 0.127557   0.0021872 0.000787137 -0.00531923   0.0113316 -0.00845302  0.00380234 1 0 0
             81.7902  0.27112   12.669 -33.3338  29.0818  32.0008 0.791102  0.387942  0.425486 0.0592616  0.00220935   0.0007256 -0.00530801   0.0116542 -0.00918057  0.00471272 1 0 0
             81.8901 -0.581541   12.4937  -34.0483  29.1202  32.0461 0.792603   0.385958   0.501557 -0.0259879  0.00220935   0.0007256 -0.00530801   0.0116542 -0.00918057  0.00471272 1 0 0
             81.8901 -0.687326    12.518  -34.1054  29.122 32.0452 0.78223  0.402955  0.490537 -0.131499  0.00223801 0.000716808 -0.00529076   0.0111556 -0.00917636  0.00589076 1 0 0
             81.9904 -1.77487  12.7253  -33.964  29.1622   32.099 0.767686  0.389073  0.585275 -0.138737  0.00223801 0.000716808 -0.00529076   0.0111556 -0.00917636  0.00589076 1 0 0
             81.9904 -1.74483  12.7241 -33.8879  29.1717  32.1016 0.763334  0.493612  0.611351 -0.179443  0.00223815 0.000713894 -0.00531047  0.0102531 -0.0101346 0.00617411 1 0 0
             82.0904 -1.71256  12.4809 -33.2678  29.2254  32.1681 0.751328   0.508156   0.670563 -0.0888918  0.00223391 0.000712645  -0.0053113  0.0101085 -0.0104352 0.00599217 1 0 0
             82.0904 -1.57914  12.4579 -33.1616  29.2258   32.165 0.746178 0.510903 0.635131    -0.14  0.00219842 0.000718684 -0.00534323 0.00971555 -0.0101517 0.00653928 1 0 0
             82.1901 -0.214568   11.8388  -34.4892  29.2679  32.2201 0.757373  0.524063  0.569805 0.0734376 0.00216764 0.00073618 -0.0053239   0.0102791 -0.00940922  0.00552653 1 0 0
             82.1901 -0.202984   11.8573  -34.5721  29.2639  32.2185 0.754889  0.483991  0.550941 0.0464039  0.00215577 0.000732115 -0.00529971   0.0104611 -0.00898509   0.0059092 1 0 0
             82.2904 0.766684  12.9797 -34.8928  29.3185    32.26 0.775855 0.505338 0.448622 0.149516  0.00215695 0.000746388 -0.00530028   0.0100882 -0.00853871  0.00500484 1 0 0
             82.2904 0.700006  13.2091 -34.7889   29.319  32.2665 0.770555  0.510723   0.52275 0.0957287  0.00218873 0.000676716  -0.0053302   0.0104226 -0.00926757  0.00572838 1 0 0
             82.3903  1.26666  12.4415 -36.3485  29.3644  32.3154 0.776473  0.435203  0.458221 0.0108303  0.00218873 0.000676716  -0.0053302   0.0104226 -0.00926757  0.00572838 1 0 0
             82.3903  1.25999  12.1543 -36.4815  29.3557   32.317 0.768928   0.343445   0.480187 -0.0662834  0.00218054 0.000771881 -0.00529031   0.0111784 -0.00882599  0.00683357 1 0 0
             82.4901 0.68516 13.0462 -36.645  29.3905  32.3659 0.779452   0.362935   0.420934 -0.0136229  0.00220066 0.000771542 -0.00528374   0.0117335 -0.00904723  0.00570796 1 0 0
             82.4901 0.575616  13.2168 -36.5113  29.3951  32.3639 0.772701   0.411489   0.396008 -0.0818268  0.00224263 0.000715068 -0.00532383   0.0109595 -0.00914281  0.00637033 1 0 0
             82.5904 -0.170179   13.1671   -38.268    29.45  32.3835 0.755516  0.464163   0.25793 -0.139024  0.00220414 0.000715185 -0.00532347  0.00946084 -0.00887767  0.00653678 1 0 0
             82.5904 -0.216147   13.1448  -38.3533  29.4474  32.3942 0.758195  0.436576  0.384867 -0.111998  0.00221766 0.000726229 -0.00529857   0.0106794 -0.00983056  0.00649822 1 0 0
             82.6903 -0.129835   13.1225   -39.138  29.4957  32.4336 0.746456  0.506831  0.378892 -0.139449  0.00222034 0.000735425 -0.00529775  0.0106857 -0.0100396  0.0064244 1 0 0
             82.6903 -0.025803   13.1395  -39.0675  29.4893  32.4359 0.746684  0.436217  0.405609 -0.139166  0.00219319 0.000735398 -0.00531897  0.0114959 -0.0097559  0.0066122 1 0 0
             82.7901 -0.43272  12.8261 -39.9136  29.5375  32.4735 0.728733  0.527324  0.369138 -0.151996  0.00218056 0.000761626 -0.00531965   0.0113264 -0.00967235  0.00681241 1 0 0
             82.7901 -0.506604   12.9631  -39.8511  29.5403  32.4762 0.729304  0.561613  0.401127 -0.145038  0.00220941 0.000718917 -0.00533819  0.0113046 -0.0102079 0.00671742 1 0 0
             82.8904 -0.701965   12.7523  -40.8694  29.5982  32.4875 0.750862 0.616679 0.200759 0.107683  0.00221519 0.000771674 -0.00533244   0.0107754 -0.00887658  0.00456082 1 0 0
             82.8904 -0.682265   12.8691  -40.9124  29.5987  32.4913 0.751298  0.62212 0.246995 0.112349  0.00220868 0.000737201 -0.00532015   0.0111046 -0.00931857  0.00457272 1 0 0
             82.9902  1.78687  13.9911 -40.6063  29.6615  32.5172 0.776596 0.622693 0.253372  0.27715  0.00219638 0.000737206 -0.00532599   0.0112507 -0.00941507      0.0041 1 0 0
             82.9902  1.94074  14.0608 -40.5051  29.6595  32.5153 0.766841 0.594789 0.231708 0.177432  0.00215321 0.000715608 -0.00535511   0.0110581 -0.00904294  0.00527922 1 0 0
             83.0901  2.75902  14.2263 -40.2344  29.7068  32.5407 0.785795 0.450226 0.242973  0.16168  0.00217408 0.000697154 -0.00536286   0.0114475 -0.00877855  0.00542768 1 0 0
             83.0901  2.70744  14.1237 -40.2786  29.7075  32.5398 0.782059 0.456031 0.233553 0.124096  0.00218642 0.000728523 -0.00535127  0.0112092 -0.0087305 0.00582833 1 0 0
             83.1904  2.87346  12.7269 -39.6975  29.7509  32.5635 0.788162   0.422942   0.212198 0.00908288  0.00218642 0.000728523 -0.00535127  0.0112092 -0.0087305 0.00582833 1 0 0
             83.1904  2.77639  12.5092 -39.6964  29.7566  32.5622 0.781742    0.48353    0.19822 -0.0518751  0.00221692 0.000793656 -0.00535446   0.0103879 -0.00905625  0.00639462 1 0 0
             83.2902  2.14302   12.689 -40.4101  29.8131     32.6 0.771858   0.504956   0.278662 -0.0710535  0.00221771 0.000783467 -0.00534795  0.0107212  -0.010389 0.00683037 1 0 0
             83.2902   2.0271  12.8556 -40.5223   29.815  32.5995 0.767991  0.525561  0.271053 -0.109911  0.00224554 0.000732053 -0.00531202  0.0103983 -0.0104529 0.00723847 1 0 0
             83.3901  1.50255  12.1746 -41.8893  29.8735   32.609 0.790102  0.555827  0.208273 0.0159058  0.00225051 0.000755203 -0.00528939   0.0097516 -0.00998917  0.00492138 1 0 0
             83.3901 1.62526 12.1577 -41.847  29.8638  32.6109 0.785843    0.44913    0.23288 -0.0314309  0.00221404 0.000766344 -0.00530404   0.0107152 -0.00933303  0.00569027 1 0 0
             83.4904  0.75276  12.4482 -42.2175  29.9084  32.6469 0.779789   0.428444   0.371728 -0.0692634  0.00222404 0.000749562 -0.00531294    0.011039 -0.00972402  0.00583196 1 0 0
             83.4904 0.679421  12.4495  -42.145  29.9043  32.6469 0.776046  0.379082  0.372731 -0.110459  0.00225055 0.000750603  -0.0053357   0.0113488 -0.00930425  0.00639162 1 0 0
             83.5902 -0.059868   11.9845  -41.6326  29.9408    32.69 0.762914  0.35928 0.487362 -0.15329  0.00225055 0.000750603  -0.0053357   0.0113488 -0.00930425  0.00639162 1 0 0
             83.5902 -0.00423184     11.9826    -41.5172  29.9411  32.6899 0.758564  0.359467  0.486823 -0.199977  0.00224125 0.000751395 -0.00537043   0.0112215 -0.00929893  0.00693529 1 0 0
             83.6901 -0.278036    11.879   -40.518  29.9917  32.7539 0.752122   0.473546   0.587594 -0.0707191  0.00223482 0.000770168 -0.00536894  0.0113528 -0.0105031 0.00622927 1 0 0
             83.6901 -0.319506   12.0003  -40.4647   29.991  32.7513 0.750529   0.465088   0.556284 -0.0879848  0.00225007 0.000731821 -0.00538535  0.0111429 -0.0101648 0.00639842 1 0 0
             83.7904  0.24265  11.4894 -40.9747  30.0633   32.767 0.769436  0.66714 0.303336 0.147072  0.00225307 0.000747827 -0.00534944  0.00882756 -0.00937392  0.00463632 1 0 0
             83.7904 0.350647  11.4082 -41.0035  30.0482  32.7748 0.764959  0.493121  0.390413 0.0966353  0.00221457 0.000783243 -0.00534115   0.0108196 -0.00876218    0.005676 1 0 0
             83.8903 0.472135  12.3112 -41.5548  30.0859  32.8159 0.774144 0.369327 0.355045 0.089398  0.00221267 0.000771378 -0.00536809   0.011433 -0.0085749 0.00594672 1 0 0
             83.8903 0.386148  12.4449 -41.6337  30.083 32.8238 0.77261 0.337843 0.445371  0.07472  0.00223809 0.000736746   -0.005343  0.0123723 -0.0090816 0.00632221 1 0 0
             83.9901  1.35522   11.369 -43.0195  30.1214  32.8435 0.790505  0.330662  0.273506 0.0515974  0.00223822 0.000751451 -0.00533135   0.0111977 -0.00847307  0.00511079 1 0 0
             83.9901 1.43669 11.3133 -43.023  30.1179   32.853 0.786643 0.290692 0.383147 0.011608  0.00221621 0.000773611 -0.00532767   0.0123059 -0.00907607  0.00584171 1 0 0
             84.0904 0.904154  12.5997 -42.9034 30.1388 32.9183 0.77431   0.266234   0.464657 -0.0687801  0.00222755 0.000760938  -0.0053453  0.0139835 -0.0100283 0.00692506 1 0 0
             84.0904 0.748998  12.9416 -42.8205  30.1521  32.9093 0.767213   0.41693  0.356215 -0.134826  0.00228004 0.000645678 -0.00536969  0.0117251 -0.0103807 0.00728197 1 0 0
             84.1903 0.0644814   12.9262   -44.187  30.2059  32.9206 0.768008   0.478556   0.207688 -0.0703836   0.0022673 0.000674561 -0.00535912   0.0102629 -0.00998433  0.00606626 1 0 0
             84.1903 0.053019  12.7574 -44.3361  30.2124  32.9199 0.766136   0.552488   0.198304 -0.0862581  0.00226571 0.000718414 -0.00531435 0.00954402 -0.0105217 0.00611002 1 0 0
             84.2901 0.0421187   12.5774  -44.6898  30.2698  32.9392 0.770445   0.602767   0.188319 -0.0611888  0.00225842 0.000727159 -0.00532303 0.00974156 -0.0105715 0.00515006 1 0 0
             84.2901 0.144699  12.5616 -44.5291  30.2632  32.9404 0.766638  0.522417  0.204675 -0.105402  0.00223433 0.000738405 -0.00537187  0.0103856 -0.0100237 0.00583694 1 0 0
             84.3903 0.256734  12.4038 -44.5748  30.3232  32.9547 0.751897 0.639791  0.15443 -0.11583  0.00222116 0.000748732 -0.00536993  0.00990733 -0.00992124  0.00596978 1 0 0
             84.3903 0.188185  12.4368 -44.4879  30.3169  32.9635 0.752849  0.563307  0.264901 -0.109487  0.00225005  0.00075185 -0.00539646  0.0114507 -0.0101311 0.00623325 1 0 0
             84.4903 -0.406428   12.9156   -45.137  30.3799  32.9813 0.747088   0.635178   0.190034 -0.0122033  0.00224719 0.000762218 -0.00539268   0.0110809 -0.00997603  0.00610147 1 0 0
             84.4903 -0.460289   12.9886  -45.1888  30.3714   32.981 0.744309   0.536008     0.1911 -0.0475898  0.00225187 0.000748029 -0.00537861   0.0117693 -0.00913338  0.00668628 1 0 0
             84.5901   2.3284  13.3069 -44.0918   30.424  32.9942 0.757442 0.549886  0.19559 0.121685  0.00222916 0.000762856 -0.00539449    0.011574 -0.00876149   0.0058541 1 0 0
             84.5901  2.59278  13.3697 -43.9869  30.4235  32.9962 0.753243 0.540074 0.219308 0.076763  0.00215748 0.000745137 -0.00542431   0.0117334 -0.00888892  0.00643956 1 0 0
             84.6899   3.7217  13.6584 -42.2073  30.4731  33.0436 0.771768 0.514251 0.362021 0.139784  0.00216722 0.000757162 -0.00544023   0.0132368 -0.00964023  0.00623214 1 0 0
             84.6899  3.49162  13.7928 -42.2112  30.4814  33.0366 0.766409  0.611381  0.277361 0.0893797  0.00224229  0.00070391 -0.00543817   0.0116587 -0.00975669  0.00647713 1 0 0
             84.7902  2.80784  12.6225 -41.2527   30.537  33.0695 0.776593  0.485142  0.314628 0.0189212   0.0022447 0.000691962 -0.00543315  0.0118698 -0.0100277 0.00615628 1 0 0
             84.7902   2.6941  12.4134 -41.3678  30.5445  33.0574 0.773039    0.56632   0.175653 -0.0164444   0.0022709 0.000745074 -0.00540302  0.00997065 -0.00952886  0.00609573 1 0 0
             84.8901  2.73106  12.9119 -39.8548  30.5952   33.076 0.775198    0.527771    0.153181 -0.00854862  0.00227633 0.000738923 -0.00541754   0.0103903 -0.00951416  0.00582711 1 0 0
             84.8901  2.76014  12.9983 -39.7821  30.6029  33.0732 0.771841  0.613376  0.119288 -0.040985   0.0022766 0.000704299 -0.00543639  0.00933234 -0.00990744  0.00601063 1 0 0
               84.99  1.53255  12.8127 -40.5828  30.6574  33.0823 0.780484  0.562228  0.113135 0.0251612   0.0022998 0.000718904 -0.00544183  0.00964085 -0.00955487  0.00533995 1 0 0
               84.99   1.5188   12.739 -40.8045  30.6584  33.0899 0.779954 0.573121 0.202594 0.021441  0.00229649 0.000749456 -0.00537603  0.0102112 -0.0104047 0.00555674 1 0 0
             85.0903  1.58009  12.6501 -41.1641  30.7147  33.1053 0.774082   0.563195   0.227897 -0.0814195  0.00228853 0.000750681 -0.00539347 0.00982127 -0.0100036 0.00572153 1 0 0
             85.0903  1.69975  12.6797 -41.1247  30.7089  33.1177 0.770926  0.494569  0.370072 -0.113915  0.00226095 0.000752677 -0.00540494  0.0114167 -0.0106653 0.00649706 1 0 0
             85.1901 0.520074  12.7102 -41.3863  30.7504   33.165 0.762868  0.449293  0.495544 -0.128787  0.00227277 0.000754237  -0.0054231  0.0121146 -0.0105935 0.00623301 1 0 0
             85.1901 0.394064  12.7401 -41.4409  30.7485  33.1669 0.760156  0.426565  0.518294 -0.158027  0.00230827 0.000746764 -0.00540693  0.0124097 -0.0105798 0.00665559 1 0 0
             85.2899 0.277793  12.7277  -41.215  30.7895  33.2219 0.747731   0.395466   0.574296 -0.0706091  0.00230827 0.000746764 -0.00540693  0.0124097 -0.0105798 0.00665559 1 0 0
             85.2899 0.431691  12.7996 -41.1115  30.7907  33.2185 0.744552  0.408032  0.532989 -0.105039  0.00226711 0.000722903  -0.0054378  0.0118925 -0.0103414 0.00696659 1 0 0
             85.3903  2.32635   12.018 -41.9095  30.8355   33.252 0.787311 0.493938 0.431628 0.269436   0.0022678  0.00074538 -0.00542469   0.0115904 -0.00949325  0.00397116 1 0 0
             85.3903  2.46558  11.8877 -42.0239  30.8378  33.2508 0.780997 0.515841 0.416618 0.204779  0.00221815 0.000785124 -0.00539164   0.0111075 -0.00955333    0.004668 1 0 0
             85.4901  2.99837  12.4208 -42.3902 30.8843 33.2942 0.77301  0.443234  0.442278 0.0493829  0.00221067 0.000764915 -0.00540582   0.0109752 -0.00933788    0.006523 1 0 0
             85.4901  2.82675  12.5227 -42.3938   30.885  33.2974 0.770275  0.451721  0.479555 0.0213802  0.00226578 0.000734237  -0.0054027   0.0111417 -0.00968608     0.00692 1 0 0
               85.59  2.97006  11.3605 -42.6366  30.9173   33.338 0.783269    0.361029    0.407462 -0.00944006  0.00228173 0.000740115 -0.00541544   0.0114321 -0.00905325  0.00589895 1 0 0
               85.59  3.01224  11.2155 -42.6696  30.9206  33.3415 0.780512   0.396188   0.449805 -0.0372884  0.00226792 0.000785219 -0.00540713   0.0114074 -0.00968868   0.0062759 1 0 0
             85.6902  1.48186  12.6116 -41.7458   30.958  33.4061 0.768283   0.383313   0.475822 -0.0934897  0.00226319  0.00076961 -0.00541247   0.012655 -0.0106406 0.00702351 1 0 0
             85.6902  1.32351  12.7635 -41.6313  30.9686  33.3998 0.765046  0.506914  0.399728 -0.124703  0.00232153 0.000716582 -0.00544444  0.0109429 -0.0110208 0.00708126 1 0 0
             85.7903 0.943753  12.7654 -42.0787  31.0133  33.4286 0.758922  0.453793  0.314909 -0.102474  0.00230652 0.000736555 -0.00544255  0.0107374 -0.0104931 0.00663923 1 0 0
             85.7903 0.998537  12.7427 -42.1414  31.0209    33.43 0.757872   0.54034  0.330353 -0.111202  0.00228983 0.000741141 -0.00542366  0.0101207 -0.0113384 0.00663745 1 0 0
               85.89 0.649764  12.5002 -42.1981  31.0758   33.455 0.775314   0.61391  0.286572 -0.012093  0.00229345  0.00076711 -0.00542769  0.0103419 -0.0109851 0.00462643 1 0 0
               85.89 0.592664  12.5823 -42.2088  31.0694  33.4552 0.771443   0.538247   0.288602 -0.0543372  0.00230779 0.000744906 -0.00542484  0.0108767 -0.0103602 0.00525997 1 0 0
             85.9903 -0.211514   13.1728  -41.8399  31.1269  33.4856 0.766744   0.598855   0.318342 -0.0243502  0.00230779 0.000744906 -0.00542484  0.0108767 -0.0103602 0.00525997 1 0 0
             85.9903 -0.264596   13.2016  -41.8123  31.1212  33.4899 0.764808   0.531626   0.372626 -0.0488169  0.00232565 0.000739747 -0.00543471  0.0118103 -0.0102485 0.00577028 1 0 0
             86.0901 -1.02529  12.7583 -41.8875  31.1792   33.526 0.755878   0.601788   0.346092 -0.0323873  0.00232366 0.000733134 -0.00543081  0.0116395 -0.0103327 0.00617198 1 0 0
             86.0901 -1.03295  12.6165 -41.9185  31.1767  33.5284 0.754372    0.56964   0.377422 -0.0499681  0.00232436 0.000782055 -0.00542234  0.0120856 -0.0103366 0.00649383 1 0 0
             86.1902  1.19842  13.5579 -40.4494  31.2359  33.5664 0.753949  0.611125   0.38362 0.0463636  0.00232436 0.000782055 -0.00542234  0.0120856 -0.0103366 0.00649383 1 0 0
             86.1902  1.63826  13.7374 -40.2093 31.2342 33.5636 0.75212   0.59119  0.348462 0.0266319  0.00220143 0.000725143 -0.00548981    0.011951 -0.00996146  0.00669566 1 0 0
             86.2899  3.14076  15.4012 -37.9356  31.3031  33.5942 0.749818  0.58984 0.307035 0.047268  0.00218731 0.000717177 -0.00547172   0.011238 -0.0102333 0.00710415 1 0 0
             86.2899  2.93073  15.5428 -37.8164 31.2998 33.5922 0.74781  0.554092  0.284372 0.0252629  0.00224078 0.000679867 -0.00550586   0.0113061 -0.00977324  0.00736343 1 0 0
             86.3902  2.42049  13.6403 -38.2931  31.3713  33.6006 0.771578  0.554956  0.135373 0.0669368  0.00224467 0.000675693 -0.00548066   0.0100222 -0.00995242  0.00559273 1 0 0
             86.3902  2.24283  13.4198 -38.4416  31.357 33.6084 0.77311  0.389389   0.23085 0.0752061  0.00226972 0.000801763 -0.00543941   0.0120213 -0.00954893  0.00601928 1 0 0
             86.4901   2.7176  13.5752 -38.4762  31.3927  33.6293 0.770752   0.374452    0.17309 -0.0139048  0.00225791 0.000823199 -0.00544622   0.0121346 -0.00948836  0.00641282 1 0 0
             86.4901  2.73808  13.8761 -38.5256  31.3836  33.6327 0.772197  0.267506  0.214616 -0.001856  0.00223805  0.00077366 -0.00542934   0.0133394 -0.00907691  0.00654464 1 0 0
             86.5899   1.8455  13.2093 -40.7136  31.4372   33.649 0.773458     0.41407    0.213064 -0.00861928  0.00227382 0.000779281 -0.00538327  0.0119463 -0.0098423 0.00609755 1 0 0
             86.5899  1.74634  13.2973 -40.7181  31.4329  33.6561 0.775219   0.363697   0.297313 0.00823441  0.00231362 0.000784029 -0.00538003  0.0129864 -0.0101696   0.006171 1 0 0
             86.6902 0.721103  12.6045 -42.6932  31.4692   33.691 0.773191 0.366273 0.409513 -0.04603  0.00231362 0.000784029 -0.00538003  0.0129864 -0.0101696   0.006171 1 0 0
             86.6902 0.777057  12.6007 -42.6985  31.4704  33.6903 0.770479   0.379118   0.400939 -0.0747869  0.00229831 0.000780799 -0.00537767  0.0127473 -0.0101903 0.00644934 1 0 0
             86.7914 -0.0484561    11.9958   -43.0378  31.5086  33.7379 0.762339   0.372266   0.543239 -0.0732113  0.00229831 0.000780799 -0.00537767  0.0127473 -0.0101903 0.00644934 1 0 0
             86.7914 -0.0480956    11.9679   -42.8298  31.5157  33.7349 0.761295   0.451755   0.508637 -0.0829045  0.00231697 0.000769001  -0.0054335  0.0118582 -0.0105406  0.0063716 1 0 0
              86.892 0.147732  10.7306 -42.0895  31.5586  33.7942 0.756107   0.433646   0.622284 -0.0111956  0.00231243 0.000768895 -0.00543821  0.0119816 -0.0105513 0.00639297 1 0 0
              86.892 0.254464  10.6625 -42.0639   31.563  33.7889 0.749976   0.481916   0.560343 -0.0752349  0.00228197  0.00078407 -0.00544529  0.0109063 -0.0104475 0.00696572 1 0 0
             86.9903  1.00534  9.59401 -42.0237  31.6236  33.8478 0.755609   0.62368  0.573749 0.0781439  0.00227357 0.000809879 -0.00542711  0.0107588 -0.0110245 0.00646343 1 0 0
             86.9903 0.976808  9.78974 -41.9594  31.6252   33.853 0.756794  0.642883  0.635802 0.0918003  0.00229219 0.000752565 -0.00544386  0.0111446 -0.0116863 0.00636594 1 0 0
             87.0902 0.737092  10.8224 -41.5048  31.6884  33.9151 0.767235  0.582557  0.608304 0.0896799  0.00229219 0.000752565 -0.00544386  0.0111446 -0.0116863 0.00636594 1 0 0
             87.0902 0.697785  10.9514 -41.5233  31.6795  33.9086 0.764132  0.479212  0.533068 0.0526413  0.00230342 0.000711286 -0.00543634    0.01134 -0.0101708 0.00683165 1 0 0
             87.1902 0.916056  9.90637 -41.7497  31.7072  33.9333 0.775899  0.312591  0.324257 0.0018047  0.00233919 0.000755787 -0.00545184   0.0109184 -0.00838677  0.00595512 1 0 0
             87.1902 0.963485   9.9301 -41.8652 31.7058 33.9415 0.77749 0.294204 0.421265 0.018142  0.00231978 0.000752109 -0.00541568   0.0119008 -0.00907841  0.00594214 1 0 0
               87.29 0.256459  11.0777  -40.694  31.7304  33.9926 0.786701  0.283296  0.395139 0.0344972  0.00231298 0.000730951 -0.00543311   0.0129665 -0.00946431  0.00549826 1 0 0
               87.29 0.0238197   11.1668  -40.6549 31.7352 33.9921 0.78547  0.340302   0.38944 0.0229703  0.00238922 0.000702215 -0.00544589   0.0124179 -0.00986423  0.00555436 1 0 0
             87.3905 -0.83882  11.7263 -40.8126 31.7576 34.0407 0.77327   0.257827   0.426582 -0.0401336  0.00241534 0.000660168 -0.00544671   0.0131961 -0.00989057  0.00670858 1 0 0
             87.3905 -0.601329   11.5299  -40.8414  31.7748  34.0349 0.772379   0.455566   0.354895 -0.0428685  0.00234615 0.000712388 -0.00543638  0.0109123 -0.0108863 0.00630482 1 0 0
             87.4903 -1.01469  11.4083 -40.1673  31.8224  34.0695 0.765451   0.504315   0.340599 -0.0945333  0.00234615 0.000712388 -0.00543638  0.0109123 -0.0108863 0.00630482 1 0 0
             87.4903 -0.998341   11.4387    -40.11  31.8258  34.0675 0.761107  0.541382  0.315352 -0.139313  0.00234506 0.000699958 -0.00545361  0.0102942 -0.0109738 0.00673202 1 0 0
               87.59 -1.62199  11.7136 -39.1935 31.8826 34.0996 0.74658  0.612797  0.327722 -0.150404  0.00234506 0.000699958 -0.00545361  0.0102942 -0.0109738 0.00673202 1 0 0
               87.59 -1.63823  11.7579 -39.1797  31.8823  34.1036 0.749271  0.610433  0.375508 -0.120783   0.0023522 0.000688627 -0.00545861  0.0107616 -0.0113692 0.00644867 1 0 0
             87.6903  -2.6128  11.5756 -38.5158  31.9293    34.13 0.756786    0.627627    0.280971 -0.00268452  0.00237404 0.000713006 -0.00546891  0.0115435 -0.0100305 0.00543509 1 0 0
             87.6903 -2.60459  11.5158 -38.5916  31.9301   34.134 0.754835   0.635825   0.328325 -0.0233706  0.00236797 0.000731878  -0.0054457  0.0117793 -0.0105328 0.00572305 1 0 0
             87.7916 -1.52944   12.429 -38.3124 31.9979 34.1645 0.75568  0.689987  0.283052 0.0593216  0.00236797 0.000731878  -0.0054457  0.0117793 -0.0105328 0.00572305 1 0 0
             87.7916 -1.26347   12.532 -38.2722  31.9998  34.1697 0.756706  0.711805  0.341644 0.0708471  0.00229588 0.000703491 -0.00545802  0.0120627 -0.0112457  0.0056003 1 0 0
             87.8901   1.7456  14.0961 -37.3237  32.0583  34.1895 0.765699 0.664124 0.234375 0.168228  0.00228543 0.000673686 -0.00546312  0.0121762 -0.0101372 0.00599506 1 0 0
             87.8901   1.7356  14.0979 -37.2449  32.0602  34.1894 0.764878 0.685073 0.233237 0.159708  0.00229628 0.000670078 -0.00548759  0.0119682 -0.0102817 0.00604866 1 0 0
             87.9903  2.40313  13.9758 -38.0788  32.1294  34.1961 0.771891  0.602889 0.0977827 0.0922003  0.00229061 0.000658143 -0.00548532   0.0110883 -0.00992743  0.00635938 1 0 0
             87.9903   2.3274  13.6696 -38.2636  32.126 34.2015  0.7717  0.563987  0.163271 0.0896317  0.00230142 0.000757102 -0.00543064  0.0118724 -0.0102249 0.00660053 1 0 0
             88.0902  3.25081  13.1203 -38.8706  32.172 34.2215 0.77533  0.481237  0.145115 0.0197805  0.00231227  0.00075511 -0.00542502  0.0124351 -0.0102559 0.00691259 1 0 0
             88.0902  3.29067  13.0873 -38.8413  32.1713  34.2238 0.774936   0.47214  0.172679 0.0151177  0.00230291 0.000765778  -0.0054336  0.0127032 -0.0104364 0.00704689 1 0 0
               88.19 3.21667 12.9377 -41.289 32.2044 34.2166 0.79814  0.404209 0.0278373  0.104709  0.00236491 0.000702026 -0.00540582   0.0128066 -0.00876178  0.00546675 1 0 0
               88.19   3.3204  12.7284 -41.3884   32.209  34.2212 0.796442  0.455966 0.0854037 0.0871965  0.00232991  0.00076743 -0.00537833    0.012722 -0.00968095  0.00572298 1 0 0
             88.2903  2.53566  12.5611 -43.7513  32.2545  34.2357 0.799077    0.44247   0.168572 0.00376356  0.00234978 0.000764881 -0.00537588   0.0127881 -0.00984634  0.00592419 1 0 0
             88.2903   2.6166  12.5352 -43.7024 32.2626 34.2402 0.79667  0.530724  0.221462 -0.020657  0.00233089 0.000768307 -0.00538944  0.0123985 -0.0110255 0.00621297 1 0 0
             88.3901  1.97697  13.2327 -44.6835  32.2969  34.3063 0.761555  0.418716  0.546079 -0.198765  0.00239184 0.000682333 -0.00538487  0.0145241  -0.011897 0.00883287 1 0 0
             88.3901  2.21967  13.1547 -44.5211  32.3119   34.294 0.758395  0.590144    0.3964 -0.230294  0.00232404 0.000692537 -0.00543063  0.0117855 -0.0121741 0.00863272 1 0 0
             88.4907  2.43535  12.5799 -44.4217  32.3995  34.3241 0.757972  0.774216  0.422744 -0.111923 0.00228313 0.00072191 -0.0053932  0.0102283 -0.0128383 0.00682745 1 0 0
             88.4907  2.41637  12.5741 -44.1892  32.3944  34.3202 0.757736  0.715823  0.376013 -0.116252  0.00230065 0.000721084 -0.00546443  0.0102732  -0.011945 0.00685954 1 0 0
             88.5903  1.48965   11.832 -44.0333  32.4653  34.3283 0.752282   0.755892   0.274843 -0.0570253  0.00230742 0.000742194 -0.00545605  0.0088763 -0.0103136 0.00618222 1 0 0
             88.5903  1.41945  11.8544 -44.0134   32.448  34.3425 0.755229   0.551144   0.452491 -0.0302334  0.00232821 0.000760826  -0.0054706   0.0120577 -0.00996397  0.00653123 1 0 0
             88.6901  1.96087  10.9349 -43.1269  32.5065  34.3883 0.755816   0.61903  0.456411 0.0418889  0.00232821 0.000760826  -0.0054706   0.0120577 -0.00996397  0.00653123 1 0 0
             88.6901  2.05141  10.8756 -43.0463  32.4949  34.3998 0.760703  0.485312  0.598095 0.0930659  0.00230297 0.000790753  -0.0054988   0.0144462 -0.00999121  0.00638458 1 0 0
               88.79 0.351429  11.5843 -42.3113  32.5434  34.4749 0.767248  0.397283   0.64058 0.0841642 0.00232763 0.00078201 -0.0054938    0.01509 -0.0108868 0.00681685 1 0 0
               88.79 0.167029  11.7801 -42.3158  32.5477  34.4706 0.767001 0.447345 0.588533 0.081949  0.00238574 0.000718195 -0.00549072  0.0142591 -0.0108619 0.00668853 1 0 0
             88.8903 -0.382849   10.7999  -41.6151  32.5872  34.5079 0.778446   0.35938  0.415971 0.0566667  0.00240395 0.000735415 -0.00547848  0.0134085 -0.0100459 0.00614158 1 0 0
             88.8903 -0.218464   10.7666  -41.5296  32.5931  34.5009 0.774577  0.427992  0.328337 0.0138733  0.00235872 0.000741318 -0.00550425  0.0120084 -0.0098889 0.00639952 1 0 0
             88.9902 -0.303903   11.9907  -41.0542  32.6337  34.5294 0.773962   0.384445   0.275226 -0.0177227  0.00235872 0.000741318 -0.00550425  0.0120084 -0.0098889 0.00639952 1 0 0
             88.9902 -0.326927   12.1502  -41.0941  32.6405  34.5276 0.773668   0.464876   0.252108 -0.0202199  0.00236645 0.000688121 -0.00549294  0.0111479 -0.0103507 0.00626641 1 0 0
             89.0907 -0.039879   12.4461  -40.5008    32.69  34.5543 0.768972   0.535153   0.279385 -0.0677136  0.00236645 0.000688121 -0.00549294  0.0111479 -0.0103507 0.00626641 1 0 0
             89.0907 0.056218  12.3725  -40.464  32.6891  34.5555 0.767505   0.523382   0.293707 -0.0840802  0.00233926 0.000711575 -0.00550389  0.0113157 -0.0103909 0.00650662 1 0 0
             89.1904 -0.512266   13.0793  -40.1808  32.7433  34.5877 0.748169  0.574747  0.342279 -0.149026  0.00232303  0.00070302 -0.00549441  0.0112566 -0.0103794  0.0071832 1 0 0
             89.1904 -0.611938   13.0946  -40.1661 32.7403 34.5934 0.74907  0.539245  0.410495 -0.139266  0.00235644 0.000704491 -0.00549989  0.0121195 -0.0106819 0.00724988 1 0 0
             89.2904 -1.56552  12.4442 -40.3616  32.7931  34.6218 0.745404   0.575618   0.353057 -0.0912029  0.00239825 0.000712515 -0.00549328   0.0118484 -0.00988286  0.00646112 1 0 0
             89.2904 -1.51095  12.3731 -40.3714  32.7917  34.6303 0.746059    0.55828   0.455665 -0.0845391   0.0023852 0.000740334 -0.00549038  0.0128086 -0.0106577 0.00658474 1 0 0
               89.39 -0.888546   12.6677  -39.7207  32.8455  34.6951 0.742663     0.613466     0.551028 -3.72429e-05  0.00237768 0.000734938 -0.00549472  0.0140051 -0.0113681 0.00672189 1 0 0
               89.39 -0.78905  12.7688 -39.6268  32.8518  34.6902 0.738552   0.687332   0.491217 -0.0453455  0.00235388 0.000697737 -0.00552334   0.012796 -0.0114482 0.00701924 1 0 0
             89.4903 0.937738  14.8752 -37.8249   32.934  34.7263 0.737567 0.754473 0.425822 0.133754  0.00235035 0.000710131 -0.00550048  0.0115265 -0.0112624   0.007222 1 0 0
             89.4903   1.0689  14.9927 -37.6815  32.9358  34.7261 0.736685 0.776041 0.422057 0.124612  0.00232218 0.000672171  -0.0055429  0.0113023 -0.0114117 0.00728296 1 0 0
             89.5902  1.85742  14.5755 -36.8928  33.0038  34.7335 0.758174 0.616318 0.215432 0.136788  0.00233062 0.000675423 -0.00553195   0.0100687 -0.00971261   0.0065518 1 0 0
             89.5902  1.86713  14.3436 -36.8898  32.9918  34.7465 0.759274 0.478739 0.372531 0.150408  0.00232429 0.000761391 -0.00553003  0.0124217 -0.0101086  0.0070148 1 0 0
             89.6905  2.05674   12.748 -35.3425  33.0312  34.7689 0.783539 0.442205 0.229964 0.100354  0.00233668 0.000757496 -0.00553476   0.0125514 -0.00922848  0.00597956 1 0 0
             89.6905   1.9721  12.5559 -35.3536  33.0307  34.7802 0.785458 0.435538 0.362158 0.120955  0.00236359 0.000822276 -0.00552942   0.013611 -0.0104285 0.00604375 1 0 0
             89.7904  1.02213   12.806 -36.3657  33.0753  34.8109 0.762394   0.427719   0.321175 -0.0796213  0.00237482 0.000788279 -0.00553975  0.0128913 -0.0102395 0.00804974 1 0 0
             89.7904 0.874505  13.0475 -36.7077 33.0741 34.8187 0.76495   0.415154   0.411702 -0.0524426  0.00240009 0.000720729 -0.00543418  0.0137347 -0.0110039 0.00793103 1 0 0
             89.8904 0.0480486   12.7311  -37.8416   33.115  34.8807 0.780956   0.399364   0.584739 -0.0100504  0.00241093 0.000738025 -0.00541896  0.0147115 -0.0119977 0.00656316 1 0 0
             89.8904 0.138203  12.7771 -37.7697  33.1245  34.8733 0.777973     0.5081   0.497111 -0.0404457   0.0023854 0.000716539 -0.00543914   0.013006 -0.0119794  0.0065611 1 0 0
             89.9901 -1.01615   12.799 -37.9302  33.1745  34.9278 0.771093   0.491749   0.597994 -0.0803603   0.0023854 0.000716539 -0.00543914   0.013006 -0.0119794  0.0065611 1 0 0
             89.9901   -1.115  12.8263 -37.7661  33.1822  34.9172 0.767212  0.579427  0.472585 -0.122398  0.00242428 0.000701765 -0.00548692  0.0111699 -0.0114777 0.00668242 1 0 0
             90.0903 -1.09727  12.6826 -36.5717  33.2244  34.9513 0.748732  0.503784  0.459143 -0.106816  0.00241954 0.000701137 -0.00545638    0.011084 -0.00993685  0.00722378 1 0 0
             90.0903 -0.936227   12.5802  -36.3651 33.2275 34.9526 0.74845   0.53849  0.474666 -0.109309  0.00239231 0.000728105 -0.00551099  0.0108722 -0.0103533 0.00719776 1 0 0
             90.1901 -0.190132   11.8421   -36.723  33.2835  35.0002 0.744591  0.601798  0.478264 0.0426684  0.00239231 0.000728105 -0.00551099  0.0108722 -0.0103533 0.00719776 1 0 0
             90.1901 -0.178799   11.8493  -36.8626  33.2768  35.0035 0.746312  0.525695  0.516287 0.0598522  0.00237402 0.000759074 -0.00547403  0.0117823 -0.0101747 0.00720385 1 0 0
               90.29   1.6749  11.8865 -36.5233 33.3265 35.0673 0.77264 0.504463 0.585239 0.210467  0.00235978 0.000790781 -0.00547783  0.0126022 -0.0105561 0.00647097 1 0 0
               90.29  1.72741  11.9102 -36.4802   33.328  35.0698 0.772737 0.519917 0.613775   0.2118  0.00235946 0.000785214 -0.00548776  0.0126652 -0.0109087 0.00646739 1 0 0
             90.3903  2.31464  11.1579 -37.3898  33.3738  35.1289 0.789041    0.4143  0.557709 0.0965871  0.00235946 0.000785214 -0.00548776  0.0126652 -0.0109087 0.00646739 1 0 0
             90.3903  2.15113   11.076 -37.4575  33.3737  35.1266 0.786527   0.41271  0.531851 0.0698549  0.00239532 0.000804836 -0.00547162  0.0124358 -0.0106523 0.00672557 1 0 0
             90.4901 2.04272 11.1627 -36.262  33.4225  35.1772 0.792082   0.49623  0.433313 0.0143524  0.00236038 0.000797733 -0.00547173  0.0123305 -0.0109515 0.00652067 1 0 0
             90.4901  1.79912  11.2234 -36.0813  33.4273  35.1756 0.789707   0.551076   0.414767 -0.0109855  0.00244502 0.000762377 -0.00552318  0.0116884 -0.0111432 0.00669882 1 0 0
               90.59 0.303564   12.742 -36.7802  33.4647  35.1893 0.742575 0.416748  0.23533 -0.24971  0.00240961 0.000722659  -0.0055087   0.0109835 -0.00932936  0.00926397 1 0 0
               90.59  0.24638  12.9332 -36.9451  33.4642  35.2013 0.748022  0.411954  0.371823 -0.190902  0.00245107 0.000699547 -0.00545955  0.012076 -0.010497 0.0088413 1 0 0
             90.6903 0.315408  12.5753 -37.6583  33.5196  35.2298 0.770922    0.494643    0.309523 -0.00611145   0.0024609 0.000733512 -0.00545899  0.0116594 -0.0108046  0.0061169 1 0 0
             90.6903 0.531701   12.482  -37.564  33.5159  35.2381 0.772354   0.454164   0.404468 0.00916078   0.0024231 0.000790319 -0.00548133  0.0126754 -0.0113712 0.00616702 1 0 0
             90.7903  0.28497  12.1171 -38.1881  33.5654  35.2789 0.771812    0.541108    0.407297 -0.00722322   0.0024231 0.000790319 -0.00548133  0.0126754 -0.0113712 0.00616702 1 0 0
             90.7903 0.333954  12.0724 -38.1341 33.5644 35.2818 0.76817   0.529311   0.441441 -0.0463874  0.00241974 0.000812294 -0.00549573  0.0129071 -0.0115818 0.00667625 1 0 0
               90.89 -0.716629   12.4203   -38.625  33.6234  35.2934 0.755998   0.608761   0.255731 -0.0113379  0.00237594 0.000775305 -0.00547618  0.0115018 -0.0101445  0.0070292 1 0 0
               90.89 -0.896339   12.5328  -38.5512  33.6174  35.3021 0.755565  0.542585  0.358808 -0.016377  0.00244689 0.000782603 -0.00549975  0.0127551 -0.0105294 0.00735612 1 0 0
             90.9903  1.47711  12.7009 -37.8611  33.6716  35.3421 0.760903  0.557726  0.404896 0.0691928  0.00244252 0.000777021 -0.00549352  0.0128754  -0.010603 0.00723693 1 0 0
             90.9903  1.84176  12.5976 -37.6823  33.6742  35.3476 0.761645   0.58582  0.467801 0.0779025  0.00237404 0.000812078 -0.00553911  0.0130959 -0.0113612 0.00717309 1 0 0
             91.0902   3.5408  13.5165 -35.6595  33.7336   35.395 0.768641  0.591092  0.483329 0.0899038  0.00236052 0.000819292 -0.00553661  0.0130907 -0.0112671 0.00730284 1 0 0
             91.0902  3.46626  13.6203 -35.4682  33.7395   35.394 0.768938  0.659347  0.471265 0.0940681  0.00240746 0.000769134 -0.00559293  0.0124573 -0.0116424  0.0071225 1 0 0
             91.1901   3.1095  12.7921 -34.1323  33.8145  35.4215 0.773967  0.608879  0.345019 0.0448567  0.00239412 0.000755525 -0.00559361  0.0110049 -0.0114197 0.00697171 1 0 0
             91.1901  2.86293  12.6838 -34.1912  33.8086  35.4254 0.775945   0.54242  0.391315 0.0646572  0.00246382  0.00079223 -0.00557657  0.0120086 -0.0113622 0.00695589 1 0 0
               91.29  2.83781  12.0278 -33.3975  33.8464  35.4332 0.786902   0.45551  0.172791 0.0327971  0.00245475 0.000820801 -0.00556864   0.0118341 -0.00940229  0.00623891 1 0 0
               91.29  2.82631  12.1285 -33.4071  33.8424   35.442 0.787361  0.410083  0.272642 0.0378703  0.00245723 0.000792442 -0.00556329    0.01297 -0.0100569 0.00646955 1 0 0
             91.3903  1.61289  12.3914 -34.3577  33.8806  35.4689 0.776234   0.375499   0.258546 -0.0676092  0.00246217 0.000791764 -0.00557317   0.0129997 -0.00996983   0.0072904 1 0 0
             91.3903  1.51689  12.5552 -34.5617  33.8785  35.4749 0.776653   0.352976   0.327123 -0.0627994  0.00247916 0.000744378 -0.00550997  0.0137024 -0.0104846 0.00740725 1 0 0
             91.4912   1.1005  12.3147 -35.7632  33.9168  35.5082 0.777032   0.340439   0.397767 -0.0598249  0.00246576 0.000760964 -0.00551411  0.0134054 -0.0105271 0.00677331 1 0 0
             91.4912  1.17765  12.2721 -35.7593  33.9217  35.5132 0.776172   0.396236   0.455749 -0.0682576  0.00244819 0.000772184 -0.00551344  0.0132444  -0.011484 0.00687307 1 0 0
             91.5915  0.90019  12.1429 -35.5701  33.9606  35.5669 0.763767  0.399759  0.601149 -0.105322  0.00243044 0.000774076 -0.00550994  0.0132864 -0.0115038 0.00716324 1 0 0
             91.5915 0.847667  12.2122 -35.3877  33.9677  35.5679 0.762064  0.479769  0.613034 -0.122871  0.00246551  0.00074403 -0.00555977  0.0125918 -0.0121785 0.00724404 1 0 0
             91.6903  0.49088   11.949 -34.2469  34.0102  35.6286 0.754701   0.463236   0.684275 -0.0543041  0.00246427 0.000751227 -0.00556054  0.0126709  -0.011684 0.00709675 1 0 0
             91.6903 0.520418  11.9534  -34.061  34.0123  35.6257 0.752976    0.48775   0.650439 -0.0732116  0.00246648 0.000744089 -0.00561631  0.0121644 -0.0115378 0.00722261 1 0 0
             91.7902  1.08116  10.7224 -35.0436 34.0551  35.661  0.7623 0.514835 0.478181 0.115463  0.00244045 0.000775456  -0.0056067    0.011684 -0.00968732  0.00644558 1 0 0
             91.7902  1.08798  10.7407 -35.2462    34.06  35.6688 0.763695 0.573421 0.569634 0.132486  0.00243132 0.000770903 -0.00554261  0.0117904 -0.0109826 0.00625972 1 0 0
               91.89  1.95898  10.9633 -35.4577  34.1109  35.7228 0.775439 0.523691 0.529891 0.133342 0.00245666 0.00078173 -0.0055626  0.0120763  -0.010648 0.00657325 1 0 0
               91.89  2.07996  11.1409 -35.4289  34.1095   35.728 0.775958 0.508379 0.590075 0.139264  0.00242307 0.000727626 -0.00556849   0.012667 -0.0111286 0.00661859 1 0 0
              91.991  2.23398  11.1312 -36.6125  34.1524  35.7899 0.773719    0.40678   0.554061 -0.0341503  0.00244765 0.000712893 -0.00556071  0.0129176 -0.0112844 0.00735804 1 0 0
              91.991  2.25958  10.9885 -36.6557   34.156  35.7901 0.773988   0.448501   0.557331 -0.0304248  0.00243839 0.000755738 -0.00554955  0.0125413 -0.0116259 0.00725449 1 0 0
             92.0901 1.82597 12.4543 -35.832   34.193  35.8332 0.775968   0.425397   0.416979 -0.0250741  0.00245396 0.000746352 -0.00555203  0.0128486 -0.0108855 0.00676985 1 0 0
             92.0901  1.77752  12.6304 -35.6417  34.1973  35.8338 0.776733   0.476491   0.424707 -0.0158156  0.00248431 0.000686353 -0.00560868  0.0124689 -0.0113342 0.00659995 1 0 0
               92.19 0.690896   13.689 -36.7315  34.2171   35.836 0.758587    0.28391   0.186059 -0.0827773  0.00253346 0.000663128  -0.0056005   0.0119587 -0.00832836  0.00759647 1 0 0
               92.19 0.953331  13.5435 -36.9218   34.225  35.8468 0.760961   0.372009   0.315601 -0.0545236   0.0024441 0.000710932 -0.00554612  0.0121161 -0.0102449 0.00733599 1 0 0
             92.2903  1.42122  13.0389 -37.3462 34.2547 35.8979   0.773     0.370792     0.414554 -0.000956449  0.00247062 0.000731534 -0.00556784  0.0136046 -0.0109796 0.00639942 1 0 0
             92.2903  1.57042  13.0173 -37.3183   34.262   35.897 0.769886   0.454316   0.403522 -0.0335322  0.00242664 0.000735565 -0.00557628  0.0126577 -0.0115072 0.00659279 1 0 0
             92.3902 0.631198  13.3972  -37.741  34.3177  35.9292 0.761254   0.556424    0.35846 -0.0646507  0.00246311 0.000719348 -0.00558142  0.0119516 -0.0113283 0.00667656 1 0 0
             92.3902 0.582455  13.3962 -37.7395  34.3206  35.9318 0.760366   0.590968   0.390836 -0.0736584  0.00248056 0.000719038 -0.00558163  0.0118494 -0.0118866 0.00677898 1 0 0
               92.49 0.224253  13.1081 -37.9963  34.3622  35.9542 0.757059   0.538879   0.274329 0.00550302  0.00252648 0.000720733 -0.00560741  0.0122002 -0.0102344  0.0068366 1 0 0
               92.49 0.514931  13.0598 -38.0528  34.3618  35.9594 0.757562  0.532175  0.337202 0.0124378  0.00243382 0.000738167 -0.00559084  0.0127398 -0.0107969 0.00688156 1 0 0
             92.5903  2.50634  13.0576 -38.4469  34.4171  35.9921 0.762145  0.569087  0.321776 0.0766198  0.00243382 0.000738167 -0.00559084  0.0127398 -0.0107969 0.00688156 1 0 0
             92.5903  2.75175  13.0475 -38.4383  34.4202  35.9952 0.763215  0.606223  0.359424 0.0899374  0.00236018 0.000740821 -0.00559309   0.012724  -0.011453 0.00671368 1 0 0
             92.6901  4.32777  14.0701 -37.9979  34.4746  36.0119 0.760776  0.537247  0.254236 0.0685237  0.00236988 0.000730869  -0.0056056  0.0120102 -0.0101929 0.00755943 1 0 0
             92.6901  4.19496  14.1624 -37.9885  34.4735  36.0177 0.762302  0.525817  0.325706 0.0854116  0.00241433 0.000704795 -0.00560537  0.0127029 -0.0107458 0.00753958 1 0 0
               92.79  3.81466  12.2703 -38.8943  34.5208  36.0487 0.767326  0.448052   0.29632 0.0141538  0.00241433 0.000704795 -0.00560537  0.0127029 -0.0107458 0.00753958 1 0 0
               92.79  3.76117  11.9494 -38.9685 34.5222 36.0547 0.76996 0.465717 0.370068 0.044135  0.00242799 0.000806796  -0.0055876   0.013159 -0.0115787 0.00734057 1 0 0
             92.8903  3.43075  12.2828 -39.1316  34.5593  36.1105 0.780106  0.401764  0.452875 0.0511782  0.00243353 0.000801053 -0.00559326  0.0145429 -0.0122875 0.00721561 1 0 0
             92.8903   3.4455  12.5748 -39.1608  34.5648  36.1013 0.777263  0.465366  0.341555 0.0206655  0.00242451 0.000707514 -0.00557898  0.0130536 -0.0117605 0.00724031 1 0 0
             92.9902  2.27028  11.9396 -41.1769   34.601  36.0969 0.789087 0.378074 0.144637 0.025219  0.00243889 0.000730194 -0.00555777   0.0119813 -0.00952745  0.00603485 1 0 0
             92.9902  2.16928  11.7856 -41.1964  34.605 36.0977 0.78892  0.424419  0.154894 0.0239375  0.00247133 0.000775904   -0.005553   0.0116323 -0.00998197   0.0060047 1 0 0
             93.0901  1.77924  11.8355 -42.0468 34.6405 36.1212 0.78757   0.390947   0.258605 -0.0296846  0.00247166 0.000752599  -0.0055666   0.0121351 -0.00990767  0.00613572 1 0 0
             93.0901 1.92127 11.7974 -41.926  34.6415  36.1285 0.786434   0.403311   0.346626 -0.0417531  0.00244864  0.00076834 -0.00559861  0.0127063 -0.0107821 0.00644128 1 0 0
             93.1903  1.56182  12.1438 -41.7047 34.6857 36.1885  0.7593  0.417677  0.576841 -0.133146  0.00245589 0.000730699 -0.00559434  0.0130461  -0.011771 0.00816642 1 0 0
             93.1903  1.49512  12.0847 -41.6272  34.6887  36.1885 0.759395   0.45258  0.577632 -0.131738  0.00248769 0.000737972 -0.00561312  0.0127785 -0.0120432 0.00810341 1 0 0
             93.2901  1.05068  11.2469 -40.9334  34.7289  36.2296 0.765571    0.417394    0.530144 -0.00629112  0.00247583 0.000736399 -0.00562355  0.0123014 -0.0110018 0.00690867 1 0 0
             93.2901  1.19911   11.136 -40.9095  34.7265  36.2313 0.765295    0.389477    0.550269 -0.00938878  0.00243309 0.000780495 -0.00563318  0.0126537   -0.01096 0.00701615 1 0 0
               93.39  2.41361  10.1765 -41.2197 34.7571 36.2676 0.76555  0.389338  0.438657 0.0370882  0.00239135 0.000779287 -0.00563531   0.0123138 -0.00973118  0.00704119 1 0 0
               93.39  2.45603  10.2359 -41.3041  34.7567  36.2759 0.766902  0.386485  0.537671 0.0539188  0.00239809 0.000786161 -0.00560587  0.0131179 -0.0105228  0.0070144 1 0 0
             93.4903  2.13016  11.6834 -41.1326   34.789  36.3396 0.782361 0.341191 0.577547 0.143345  0.00242639 0.000779416 -0.00560144  0.0140682 -0.0106843 0.00670976 1 0 0
             93.4903   1.9636  11.9332 -41.0434  34.7926  36.3402 0.782977  0.38441 0.584671 0.150964  0.00249132 0.000697292 -0.00562327  0.0138115 -0.0110655 0.00659181 1 0 0
             93.5902  2.25586  11.9214 -40.8532  34.8316  36.3892 0.773351   0.328556   0.514915 -0.0633465  0.00248253 0.000670684 -0.00562372  0.0129659 -0.0108748 0.00767602 1 0 0
             93.5902  2.49806  11.5789 -40.8601  34.8362  36.3852 0.770745  0.379621  0.467848 -0.093065   0.0024116 0.000745828 -0.00562667  0.0121169  -0.010894 0.00785102 1 0 0
               93.69  1.70012  12.5062 -39.0896  34.8754  36.4297 0.767994   0.42166  0.383951 -0.079713   0.0024233 0.000733384 -0.00563298  0.0123949 -0.0109704 0.00729203 1 0 0
               93.69  1.44781  12.6729 -38.9798  34.8783  36.4309 0.769076   0.457836   0.399024 -0.0671001  0.00251371 0.000680914 -0.00566197  0.0122554 -0.0113561 0.00713161 1 0 0
             93.7903 0.145273  13.5076 -38.9996  34.9119  36.4585 0.763732   0.372433   0.306103 -0.0376248  0.00255807 0.000660888 -0.00566359   0.012328 -0.0104455 0.00717912 1 0 0
             93.7903 0.521308  13.3537 -39.0656  34.9164  36.4634 0.766039   0.424583   0.364009 -0.0106397  0.00247307 0.000706447 -0.00564264   0.012365 -0.0113577 0.00689017 1 0 0
             93.8901 0.408442  12.8866 -39.0388 34.9458 36.4947 0.76663  0.400605  0.317983 -0.044495  0.00244529 0.000729173 -0.00563813  0.0129531 -0.0106035 0.00676261 1 0 0
             93.8901 0.375511  12.8824 -39.0522  34.9484  36.4962 0.764929   0.431656   0.335751 -0.0630811  0.00246495 0.000725805 -0.00563174  0.0127737 -0.0109741 0.00693984 1 0 0
               93.99 -0.318418   13.1649  -38.9199  34.9957  36.5237 0.756417   0.526868   0.303986 -0.0900065   0.0024684 0.000715992  -0.0056349   0.012593 -0.0106698 0.00690092 1 0 0
               93.99 -0.327109   13.1305   -38.876  34.9994  36.5276 0.755942   0.570886   0.350386 -0.0941871  0.00249301 0.000724601 -0.00564498  0.0125448 -0.0113898 0.00694097 1 0 0
             94.0903 -1.4065 12.9934 -39.019   35.059  36.5534 0.745651   0.653142   0.274244 -0.0563279  0.00247374 0.000719016 -0.00566566  0.0123338 -0.0108902 0.00707804 1 0 0
             94.0903 -1.48536   12.944 -39.1414  35.0606  36.5598 0.745349   0.672405   0.351897 -0.0583334  0.00250637 0.000741581 -0.00562688  0.0127198 -0.0116951   0.007182 1 0 0
             94.1902 -1.08145  13.6421 -39.2625 35.1081 36.5646 0.73307   0.565465    0.19335 -0.0308337   0.0024645 0.000747133 -0.00565149  0.0123448 -0.0094701 0.00777358 1 0 0
             94.1902 -0.806137   13.7547  -39.2476 35.1099 36.5763 0.73824  0.590079  0.332783 0.0296715  0.00238256 0.000713792 -0.00565656  0.0133867 -0.0109676 0.00718581 1 0 0
               94.29 2.76723 15.1156 -36.741 35.1605 36.6045 0.74467 0.559837 0.335286 0.146985  0.00237432 0.000709472  -0.0056859  0.0134489 -0.0102218 0.00751283 1 0 0
               94.29  2.74462  15.2008 -36.6403  35.1645  36.6112 0.746447  0.60965 0.416227 0.168817  0.00239552 0.000683844 -0.00571564  0.0136982 -0.0113382 0.00727787 1 0 0
             94.3903  2.31679  14.7288 -35.9565 35.2144 36.6543 0.77864 0.478554  0.41769 0.209919  0.00242539 0.000681212 -0.00573301  0.0143918 -0.0110886 0.00641454 1 0 0
             94.3903  2.02177   14.453 -36.2754 35.2233 36.6522 0.77875 0.579506 0.397038 0.211768  0.00249598 0.000768506 -0.00564147  0.0132996 -0.0116314 0.00611494 1 0 0
             94.4902  1.58775  13.3654 -35.1684  35.2652  36.6574 0.794925 0.479841 0.172481 0.103144  0.00251431 0.000762623 -0.00562989   0.0127279 -0.00931136  0.00577455 1 0 0
             94.4902  1.60819  13.3631 -35.0855  35.2708  36.6658 0.792621  0.545805  0.271725 0.0798135  0.00251688 0.000764476 -0.00565193  0.0127338 -0.0107496 0.00614086 1 0 0
             94.5901 0.182912  13.4199  -35.846 35.3238 36.6918 0.79875  0.519009  0.247559 0.0482887  0.00251688 0.000764476 -0.00565193  0.0127338 -0.0107496 0.00614086 1 0 0
             94.5901 0.0632695   13.4762  -36.0077  35.3262  36.7006 0.797804  0.549468  0.351199 0.0398723  0.00254506  0.00074939 -0.00560174   0.013153 -0.0119689 0.00638167 1 0 0
             94.6903 -0.338731   13.5296  -37.6626  35.365 36.7451  0.7673  0.429695  0.447397 -0.180777   0.0024815 0.000704356 -0.00556884  0.0136859 -0.0117604 0.00866695 1 0 0
             94.6903 -0.285172   13.3672  -37.5142  35.3721  36.7428 0.764928 0.508644 0.421733  -0.2072  0.00247546 0.000752841 -0.00561255  0.0126684 -0.0120998 0.00876154 1 0 0
             94.7901 -0.542682    13.586  -37.5706  35.4094  36.7681 0.746072  0.455529  0.439769 -0.231983  0.00246342 0.000737576 -0.00558179  0.0125253 -0.0102842 0.00844427 1 0 0
             94.7901 -0.537979   13.6391  -37.3236  35.4127  36.7718 0.747023  0.493838  0.484729 -0.220363  0.00248136 0.000720655 -0.00565626   0.012547 -0.0110018 0.00829172 1 0 0
               94.89 -2.06986  13.4363 -36.1755 35.4427 36.8382 0.74516   0.376483   0.675864 -0.0653896  0.00250041 0.000710448  -0.0056554  0.0142214 -0.0107746 0.00746693 1 0 0
               94.89 -2.08048  13.3891 -36.0828  35.4497  36.8364 0.746238   0.456882   0.656437 -0.0527452  0.00251176 0.000724797 -0.00568093  0.0133722 -0.0111969  0.0070929 1 0 0
             94.9903 -1.34286  12.1284 -35.3305  35.4856  36.8936 0.749046  0.431643  0.618552 0.0879243  0.00253055 0.000724814 -0.00569538  0.0134768 -0.0102566 0.00703092 1 0 0
             94.9903 -1.15896  12.0805 -35.4315  35.4924  36.8918 0.746509  0.510669  0.596824 0.0595907  0.00246832 0.000736479 -0.00566325  0.0125003 -0.0106483 0.00714961 1 0 0
             95.0901 -0.185159   11.7916  -35.0624  35.5495  36.9371 0.767335 0.590989 0.485794 0.171492  0.00246593 0.000745699 -0.00565632  0.0121518  -0.010007 0.00635847 1 0 0
             95.0901 -0.187064   11.8142  -35.0976 35.5532 36.9435 0.76957  0.63499  0.56391 0.198708  0.00246925 0.000739696 -0.00564392  0.0123487 -0.0110631 0.00602662 1 0 0
               95.19 0.149234  12.5328 -35.6135 35.5923 36.9957 0.76193  0.408362  0.511528 0.0138445   0.0025111 0.000699408 -0.00566112  0.0128794 -0.0102873 0.00788505 1 0 0
               95.19 0.129284  12.5154 -35.7269  35.5953  37.0012 0.761871  0.444394  0.579356 0.0146803  0.00251196 0.000704522  -0.0056263  0.0130095 -0.0112092 0.00789976 1 0 0
             95.2904  1.28393  12.0159 -34.9871  35.6231  37.0498 0.791026  0.393208  0.466801 0.0918866   0.0025107 0.000722586 -0.00563239  0.0141353 -0.0102365 0.00591486 1 0 0
             95.2904  1.49263  11.8596 -34.8775  35.6325  37.0501 0.790484  0.495306    0.4712 0.0854922   0.0024534 0.000768638 -0.00566812  0.0131566 -0.0110454 0.00579135 1 0 0
             95.3901 -0.248123   13.4055  -35.5536  35.6766   37.093 0.745759  0.446065  0.399509 -0.198693  0.00248722 0.000717642 -0.00566534  0.0127121 -0.0108505 0.00917828 1 0 0
             95.3901  -0.4901  13.5963 -35.6704  35.6808  37.0963 0.747775 0.496526 0.439238 -0.17432   0.0025573 0.000657268 -0.00563063  0.0125862 -0.0115859 0.00885943 1 0 0
               95.49 -1.05232  13.6042 -36.4509   35.711  37.1162 0.770175  0.387037  0.288301 0.0115274  0.00259106 0.000682606 -0.00561797   0.0132142 -0.00978578   0.0062225 1 0 0
               95.49 -0.832654   13.4856  -36.4441  35.7169  37.1227 0.771038  0.451208   0.36412 0.0229802   0.0025265 0.000718973 -0.00561962   0.013165 -0.0110067 0.00605582 1 0 0
             95.5903 -0.723641   13.4666  -36.6964  35.7547  37.1445 0.761627   0.475283   0.309042 -0.0671037  0.00255088 0.000705413 -0.00563295   0.0129686 -0.00976243   0.0066581 1 0 0
             95.5903 -0.599945   13.3748  -36.6715  35.7605  37.1528 0.762447   0.543118   0.406714 -0.0561246  0.00251662 0.000733579  -0.0056395  0.0130679 -0.0112206 0.00650623 1 0 0
             95.6902 -1.55811  13.3691  -36.311  35.8155  37.2029 0.745924   0.613443   0.473502 -0.0573979  0.00253993 0.000698267 -0.00565349  0.0133687 -0.0114826 0.00749137 1 0 0
             95.6902 -1.50599  13.2788 -36.2731  35.8186  37.2059 0.746007   0.647566   0.509626 -0.0560629  0.00252856 0.000726697 -0.00566422  0.0133084 -0.0120871 0.00744693 1 0 0
               95.79 -1.04912  13.4136 -35.8611   35.878  37.2382 0.743939   0.65237  0.409172 0.0289045  0.00257105 0.000723626 -0.00566105  0.0129973  -0.010824 0.00746349 1 0 0
               95.79 -0.920165   13.4533  -35.8225  35.8808  37.2416 0.744741  0.686409  0.450089 0.0389204  0.00253557  0.00071144 -0.00567292   0.013007 -0.0114731 0.00731415 1 0 0
             95.8903  1.96687  14.3215 -33.6232  35.9316  37.2748 0.756739 0.608822 0.382802 0.115968  0.00250901 0.000703219 -0.00570563  0.0136154 -0.0100458 0.00717342 1 0 0
             95.8903  2.21558  14.2503 -33.5571  35.9379  37.2775 0.758176 0.681143 0.414679 0.133093  0.00243885 0.000723555  -0.0057267   0.013202  -0.010898 0.00683931 1 0 0
             95.9906  1.81651  14.4103 -33.3719      36 37.3005 0.76174  0.561585  0.297606 0.0600621  0.00250817  0.00070075 -0.00573783   0.0124936 -0.00997316  0.00729974 1 0 0
             95.9906   1.7086  14.2961 -33.5772      36 37.3085 0.76441  0.562676  0.394839 0.0900806  0.00253033 0.000742874 -0.00567481  0.0132076 -0.0109441 0.00713598 1 0 0
               96.09  2.19506  13.4881 -32.7498  36.0534  37.3463 0.770753  0.533455  0.360873 0.0284445  0.00253033 0.000742874 -0.00567481  0.0132076 -0.0109441 0.00713598 1 0 0
               96.09  2.27873  13.3959 -32.6235  36.0556  37.3522 0.774178  0.559109  0.432099 0.0683213  0.00251764 0.000771267  -0.0057119 0.0135422 -0.011856 0.0067456 1 0 0
             96.1903 0.518423  13.2296  -33.715  36.0771  37.3145 0.764835    0.36352 -0.0143097 -0.0580383  0.00257501  0.00075762 -0.00574275   0.0122273 -0.00610043  0.00713141 1 0 0
             96.1903 0.509413  13.1895  -34.085 36.0734 37.3368  0.7705    0.32396   0.257629 0.00522676  0.00255634 0.000777848 -0.00563002   0.0145899 -0.00861579  0.00697375 1 0 0
             96.2902  -0.3035  13.1306 -34.8782  36.1305  37.4125 0.770414    0.427437    0.587699 -0.00511529  0.00263921 0.000742473 -0.00567567  0.0148406 -0.0122379 0.00711665 1 0 0
             96.2902 -0.00434955     13.1757    -34.9881  36.1363  37.4219 0.771625  0.494586  0.697536 0.0122289  0.00254299 0.000727349 -0.00564003   0.014985 -0.0138239   0.006937 1 0 0
             96.3901 0.233668  12.7814 -34.6727  36.1817  37.4843 0.753001   0.47298  0.726278 -0.127566  0.00254381 0.000724738    -0.00565  0.0144432 -0.0130228 0.00803016 1 0 0
             96.3901 0.455196  12.7647 -34.4702 36.1858 37.4829 0.75444  0.519512  0.708225 -0.111007  0.00248885 0.000727433 -0.00571166  0.0139161  -0.013197 0.00769783 1 0 0
             96.4903 -0.059074   12.9158  -33.8734  36.2222  37.5178 0.736086  0.459628  0.570406 -0.147831  0.00250249 0.000726364 -0.00566978  0.0131881 -0.0103044  0.0079824 1 0 0
             96.4903 -0.0585197    12.9683   -33.7246  36.2263  37.5199 0.738592  0.507365  0.595446 -0.119422  0.00251489  0.00070897 -0.00571412  0.0129838 -0.0108952 0.00757212 1 0 0
             96.5903 0.0864501   13.0228  -34.4335  36.2768  37.5729 0.732516  0.540286  0.553067 0.0218131   0.0025139 0.000712079 -0.00571341  0.0128394 -0.0105198 0.00758882 1 0 0
             96.5903 0.106169  13.0377 -34.5359  36.2763  37.5751 0.733404  0.534781  0.580243 0.0318471  0.00250187 0.000708843 -0.00568209   0.013104  -0.010752 0.00751959 1 0 0
               96.69  1.22434  13.8034 -34.8669  36.3247  37.6224 0.736914   0.49257  0.492149 0.0781612  0.00248825 0.000715479 -0.00566824  0.0130793 -0.0100576 0.00777428 1 0 0
               96.69  1.3343  13.837 -34.718   36.329  37.6283 0.741896 0.538708 0.561794 0.133389  0.00246949 0.000703482 -0.00571309   0.013269 -0.0110683 0.00711225 1 0 0
             96.7908 3.03702 13.1537  -35.47  36.3543   37.636 0.744705  0.321947   0.27925 0.0271417  0.00248399 0.000726181 -0.00569217   0.0124434 -0.00773727  0.00748346 1 0 0
             96.7908    3.204   13.095 -35.5054  36.3515  37.6535 0.751295   0.28699  0.485858 0.0983495  0.00243644 0.000748442 -0.00567596    0.014427 -0.00954601  0.00709954 1 0 0
             96.8902   3.1717  12.7656 -35.6565  36.3657  37.7087 0.764782  0.255177  0.463824 0.0828676  0.00243916 0.000760743 -0.00571629   0.0158193 -0.00951619  0.00698271 1 0 0
             96.8902   2.9655  12.8417 -35.8285  36.3781  37.7124 0.764694  0.397548  0.509805 0.0827457  0.00249874 0.000733311 -0.00566132  0.0147998 -0.0109841 0.00683245 1 0 0
             96.9904  1.27357  13.2424 -37.1721  36.4169  37.7707 0.747812   0.379294   0.510205 -0.0773942   0.0025301 0.000727165  -0.0056516  0.0149172 -0.0114306 0.00843433 1 0 0
             96.9904  1.22414  13.3621 -37.2495  36.4298  37.7668 0.747767   0.532277   0.463234 -0.0776464  0.00254028 0.000683589 -0.00562505  0.0131364 -0.0121187 0.00806828 1 0 0
             97.0903  1.26038  13.2392 -38.4269   36.479  37.7995 0.745769   0.521611   0.378061 -0.0796992  0.00256036 0.000700824 -0.00561232   0.012964 -0.0113505 0.00745567 1 0 0
             97.0903  1.62415  13.2334 -38.2613  36.4863  37.7985 0.746802   0.607369   0.363709 -0.0676761   0.0024733  0.00068785 -0.00565681  0.0121078 -0.0118982  0.0071124 1 0 0
             97.1902  1.03434  13.2514 -39.4229  36.5106  37.8035 0.752164   0.465593   0.204142 -0.0113845  0.00246829 0.000707726   -0.005669   0.0130017 -0.00861446   0.0063648 1 0 0
             97.1902  1.03293   13.224 -39.4361   36.518  37.8107 0.753672   0.550527   0.288127 0.00647575  0.00250811 0.000709611  -0.0056573  0.0129234 -0.0099329 0.00616755 1 0 0
               97.29 0.136644  13.2208 -40.0139  36.5632  37.8438 0.722662  0.534426  0.323595 -0.109005  0.00250489  0.00071371 -0.00568836   0.0131324 -0.00953259   0.0083551 1 0 0
               97.29 0.108494  13.1861 -40.0487  36.5702    37.85 0.725817 0.616883 0.398745  -0.0725  0.00254671 0.000718002 -0.00567138   0.013088 -0.0107868 0.00792549 1 0 0
             97.3903  1.58497  13.8011 -39.7466  36.6248  37.8885 0.726923  0.608406  0.403259 0.0220374  0.00254433 0.000730103 -0.00569829  0.0134639 -0.0103239 0.00768711 1 0 0
             97.3903  1.86935  13.8733 -39.7156  36.6303  37.8941 0.730845  0.669574  0.466629 0.0651335  0.00249443 0.000706891 -0.00569981  0.0135501 -0.0113485 0.00718718 1 0 0
             97.4902  3.02082  14.9838 -38.7356  36.6977  37.9412 0.741822 0.652639 0.473565 0.144622  0.00249443 0.000706891 -0.00569981  0.0135501 -0.0113485 0.00718718 1 0 0
             97.4902  3.04017  15.0568 -38.5926  36.7003  37.9426 0.740478 0.683262  0.49049 0.130534  0.00251202 0.000679258 -0.00573655    0.01339 -0.0117136 0.00732753 1 0 0
               97.59  2.68146  13.2689 -38.2977  36.7392  37.9854 0.755192 0.466441 0.445573 0.100803  0.00251633 0.000763369 -0.00570006  0.0142633 -0.0104827 0.00732492 1 0 0
               97.59   2.6896  13.1219 -38.2757  36.7447  37.9826 0.755759 0.528876  0.41289  0.10775  0.00252116 0.000782154 -0.00570718  0.0135247 -0.0106753 0.00705568 1 0 0
             97.6903  2.08813  12.7966 -37.8869   36.795  38.0217 0.758027  0.498843  0.383824 0.0101895  0.00252883 0.000790173 -0.00570145  0.0134802   -0.01059 0.00731917 1 0 0
             97.6903  2.15711  13.0573 -37.7849  36.7951  38.0197 0.757861   0.501578   0.358927 0.00817787  0.00251072 0.000707921 -0.00572878  0.0132938 -0.0103962  0.0072895 1 0 0
             97.7902  0.69308  12.6192 -38.5747 36.8232 38.0218 0.76004   0.378493   0.176941 -0.0287341   0.0024814 0.000713848 -0.00572551   0.0130396 -0.00793672  0.00684849 1 0 0
             97.7902 0.591143  12.5771 -38.5999 36.8276 38.0308 0.76092   0.427619   0.281378 -0.0183682  0.00254491 0.000734875 -0.00571101   0.0133748 -0.00919756  0.00684818 1 0 0
             97.8907 -0.157373   12.4913   -39.107  36.8575  38.0829 0.760848   0.345925   0.454381 -0.0215301  0.00256105 0.000765146 -0.00571146   0.0147733 -0.00973464  0.00698225 1 0 0
             97.8907 -0.0176627    12.5269   -39.0884  36.8662  38.0846 0.761908    0.443627    0.474706 -0.00867374  0.00253369 0.000739675 -0.00571168  0.0141263 -0.0106426 0.00669542 1 0 0
             97.9903 0.320714  12.1388  -39.189   36.907  38.1424 0.754096   0.417237   0.597403 -0.0273995  0.00252744 0.000739379 -0.00571017  0.0143706 -0.0108494 0.00721599 1 0 0
             97.9903 0.397849  11.9995 -39.0892  36.9188  38.1404 0.753517   0.551909   0.573891 -0.0327744  0.00251667 0.000769028 -0.00573551  0.0129294 -0.0117218 0.00696811 1 0 0
             98.0903  1.14122  11.6004 -38.8362  36.9799  38.1984 0.754385 0.593337 0.619496 0.035591  0.00252683  0.00076041 -0.00571091  0.0125668 -0.0117521 0.00683053 1 0 0
             98.0903  1.22912  11.6214 -38.6353  36.9757  38.1944 0.753269  0.545329  0.571382 0.0231823  0.00249474  0.00075439 -0.00577868   0.012595 -0.0110021 0.00698159 1 0 0
             98.1901  2.03929  10.8967 -39.9775  37.0106  38.1865 0.753766  0.487179  0.205568 0.0298311  0.00240176 0.000741058 -0.00578569   0.0110128 -0.00715018  0.00687847 1 0 0
             98.1901  1.98825  10.8786 -40.1307  37.0047  38.2115 0.757647  0.410922  0.503635 0.0736571  0.00241286 0.000751804 -0.00573379   0.0141692 -0.00933162  0.00698703 1 0 0
               98.29  2.12477  12.8121 -40.1853  37.0173     38.3 0.742591   0.207824   0.690735 -0.0164754  0.00241055 0.000719587 -0.00576314   0.016942  -0.010097 0.00918762 1 0 0
               98.29  2.04111  13.0422 -40.2034  37.0249  38.2993 0.743709    0.297672    0.680703 -0.00220946   0.0024363  0.00064451 -0.00575641  0.0161116 -0.0107436 0.00887103 1 0 0
             98.3905  2.69922  12.2331 -40.7349  37.0523  38.3634 0.739338   0.247435   0.624383 -0.0717066  0.00244577 0.000660747 -0.00574353  0.0158189 -0.0107187 0.00893971 1 0 0
             98.3905 2.86868 12.0382 -40.686 37.0688 38.3569 0.74159   0.432946   0.544664 -0.0488057  0.00239902 0.000713341 -0.00576361  0.0135768 -0.0115698 0.00818186 1 0 0
             98.4903  1.75137   12.644 -40.4597  37.1304  38.3945 0.756499   0.56373  0.389546 0.0201418  0.00241951 0.000745106 -0.00576034  0.0126601 -0.0116612 0.00643128 1 0 0
             98.4903  1.59857   12.888 -40.3887 37.1362 38.3952  0.7572   0.63385   0.39682 0.0284891  0.00247522 0.000664765 -0.00577881  0.0121433 -0.0123023 0.00624271 1 0 0
               98.59 0.473985  12.9865 -41.2777  37.1873  38.4114 0.756934    0.562981    0.242672 -0.00916515  0.00248791  0.00066862 -0.00574852   0.011687 -0.0107601  0.0062116 1 0 0
               98.59 0.626067   12.886 -41.2293  37.1807  38.4203 0.758545   0.482786   0.351837 0.00905411   0.0024453 0.000706489 -0.00576619  0.0133181 -0.0110971 0.00635619 1 0 0
             98.6903 0.399712  12.8678 -41.4214  37.2314  38.4554 0.757556   0.540727   0.354938 -0.0212692   0.0024453 0.000706489 -0.00576619  0.0133181 -0.0110971 0.00635619 1 0 0
             98.6903 0.458371  12.7801 -41.3621  37.2226  38.4621 0.757681   0.437461   0.437237 -0.0184292  0.00243156 0.000736623 -0.00578528  0.0148958 -0.0109666 0.00668245 1 0 0
             98.7901 -0.340036   12.7841    -41.42  37.2707  38.5067 0.756308    0.52397   0.449474 0.00162048  0.00243156 0.000736623 -0.00578528  0.0148958 -0.0109666 0.00668245 1 0 0
             98.7901 -0.423058   12.7942  -41.4127  37.2625  38.5046 0.753933   0.429639   0.425201 -0.0254395  0.00245502 0.000735324 -0.00578849   0.0154409 -0.00994689  0.00715275 1 0 0
               98.89 -0.783671   12.2554  -41.8602  37.3056  38.5409 0.733412    0.45403   0.373936 -0.0668967  0.00247524 0.000721258 -0.00576331   0.0150121 -0.00960946  0.00848526 1 0 0
               98.89 -0.582531   12.3018  -41.7715  37.3095  38.5421 0.735684   0.497899   0.387782 -0.0416483  0.00241937 0.000706419 -0.00579063   0.014821 -0.0101176 0.00810992 1 0 0
             98.9905  1.30744   12.242 -41.3548  37.3603  38.5672 0.738257  0.550305  0.298541 0.0560898  0.00244167 0.000724737 -0.00577762   0.0143848 -0.00940131  0.00784452 1 0 0
             98.9905  1.62718  12.3913 -41.2636  37.3632  38.5674 0.740271  0.584056  0.299478 0.0786534  0.00234904 0.000676367 -0.00580491   0.0141774 -0.00972236  0.00750377 1 0 0
             99.0901  2.14974  13.4519 -40.3295  37.4225  38.6012 0.741337 0.526875 0.312365 0.058206  0.00234587 0.000679446 -0.00580497  0.0141103 -0.0100185 0.00811371 1 0 0
             99.0901   1.9071  13.4887 -40.3124  37.4279   38.599 0.741846 0.592281 0.285504 0.064761  0.00242214 0.000657201 -0.00581054  0.0133543 -0.0103061  0.0078749 1 0 0
               99.19   2.5368  12.2993 -39.4276  37.4799  38.6234 0.768574 0.490909 0.244828 0.131112  0.00242573 0.000674715 -0.00579923  0.0135435 -0.0101436 0.00644894 1 0 0
               99.19  2.56008  12.0895 -39.3198  37.4833  38.6269 0.770564 0.528542 0.286093  0.15367  0.00244388 0.000734471 -0.00582659  0.0135848 -0.0107845 0.00621889 1 0 0
             99.2903  2.40407  12.0586 -39.2756  37.5286  38.6502 0.770935 0.512397 0.238279 0.032842  0.00242999 0.000725052 -0.00583158  0.0136684 -0.0102205 0.00694398 1 0 0
             99.2903  2.35551  12.1339 -39.3821  37.5254  38.6489 0.770765 0.476039 0.223068 0.030467  0.00242675 0.000709845 -0.00580257   0.0138645 -0.00980694  0.00699489 1 0 0
             99.3903 0.777123  12.0834 -40.7292  37.5709  38.6675 0.761371   0.431583   0.205916 -0.0675765  0.00245317 0.000703786 -0.00580396   0.0136456 -0.00957937  0.00758299 1 0 0
             99.3903 0.762125  12.0888 -40.8776  37.5725  38.6758 0.763691   0.451164   0.303025 -0.0406547  0.00247732 0.000718487 -0.00575773  0.0142555 -0.0105655 0.00743179 1 0 0
               99.49 0.739409  12.2702 -41.1443  37.6155  38.7113 0.763773    0.44936   0.392195 -0.0485407  0.00249465 0.000712458 -0.00575632  0.0144684 -0.0106048 0.00708997 1 0 0
               99.49 0.930001  12.2072  -40.979  37.6156  38.7106 0.763725   0.449651   0.383315 -0.0490274  0.00244713 0.000728415  -0.0058045  0.0143919 -0.0105486 0.00708019 1 0 0
             99.5903 0.0572347   12.1873  -40.6015  37.6624  38.7524 0.751648   0.469892   0.503053 -0.0925873  0.00248352 0.000724245 -0.00580531  0.0141491 -0.0104075 0.00741689 1 0 0
             99.5903 0.121987   12.234 -40.5452   37.662  38.7531 0.751315   0.464776   0.510319 -0.0962173  0.00246906 0.000713157 -0.00582161  0.0142415 -0.0104333 0.00748126 1 0 0
             99.6901 0.261379  12.0029 -39.0033  37.7237  38.8026 0.736387   0.555483   0.565165 -0.0777769  0.00245561  0.00068467 -0.00584212   0.013195 -0.0107601 0.00775935 1 0 0
             99.6901 0.289957  11.9714 -39.0106  37.7163  38.8055 0.737902   0.471255   0.598452 -0.0620239   0.0024358 0.000722186 -0.00584764  0.0141711  -0.010404 0.00777641 1 0 0
               99.79  0.94229  11.2354 -38.6319  37.7719  38.8585 0.746094  0.582471   0.55487 0.0848139  0.00243851 0.000725611 -0.00585102  0.0138422 -0.0103041  0.0070931 1 0 0
               99.79 0.946123  11.1987 -38.7375  37.7647  38.8617 0.745486 0.498657 0.592111 0.077746  0.00242213 0.000767109 -0.00582394  0.0147943 -0.0100071 0.00737549 1 0 0
             99.8904  1.02671    11.91 -38.4189  37.8258  38.9211 0.750985 0.534037 0.561786 0.104334  0.00240992 0.000750293 -0.00581952  0.0143417 -0.0105036 0.00762164 1 0 0
             99.8904 0.844317  12.1159 -38.4263   37.821  38.9185 0.749697   0.47811  0.531106 0.0890165   0.0024409 0.000699243 -0.00581951    0.014582 -0.00980812  0.00784241 1 0 0
             99.9901  1.74215  11.7089 -38.6185  37.8535  38.9874 0.754494  0.317103  0.578952 0.0161465   0.0024526 0.000742886  -0.0057702  0.0156477 -0.0103449  0.0081648 1 0 0
             99.9901  1.94609  11.5992 -38.4858  37.8571  38.9761 0.754725  0.357543  0.445668 0.0187125  0.00237619 0.000734114 -0.00582074   0.0143559 -0.00950832  0.00784654 1 0 0
              100.09    2.014  11.9353 -37.5896  37.8947  39.0164 0.752116    0.39584   0.362667 -0.0578029  0.00237619 0.000734114 -0.00582074   0.0143559 -0.00950832  0.00784654 1 0 0
              100.09  1.83796  12.0576 -37.5309  37.8973  39.0079 0.750264   0.426174   0.262299 -0.0785568  0.00241564 0.000673367 -0.00584207   0.0133268 -0.00883038  0.00785843 1 0 0
              100.19 0.826406  12.6642 -38.4175  37.9502  39.0243 0.730002  0.460926  0.188827 -0.158482  0.00239005   0.0006451 -0.00584709    0.012346 -0.00893329  0.00837801 1 0 0
              100.19 0.712926  12.6353 -38.5743  37.9522  39.0318 0.735396   0.481696   0.275772 -0.0996281  0.00243966 0.000667575 -0.00579956   0.0129199 -0.00987095  0.00782361 1 0 0
              100.29 0.594951  12.7551 -39.0469   37.982  39.0723 0.757482  0.430458  0.345793 0.0288685  0.00242845 0.000737422 -0.00582074    0.014829 -0.00980786  0.00604401 1 0 0
              100.29 0.474152  12.6909 -39.1009 37.9874 39.0731 0.75752  0.489663  0.354171 0.0299328  0.00247357 0.000742853 -0.00580248  0.0143774 -0.0103072 0.00593827 1 0 0
              100.39 0.360523  12.8764 -39.2775  38.0667  39.1043 0.729469 0.708167 0.357665 -0.12513  0.00246899 0.000690104 -0.00581009  0.0125278 -0.0109564 0.00746521 1 0 0
              100.39 0.335336  12.9407 -39.2909  38.0605  39.1107 0.731599  0.639318  0.432781 -0.102404  0.00248051 0.000703864 -0.00580855  0.0137316 -0.0110961 0.00746137 1 0 0
              100.49 -0.537824   12.6616   -39.568  38.1132  39.1508 0.722124    0.63022   0.422404 -0.0423968  0.00245619 0.000741108 -0.00582794  0.0142253 -0.0103165 0.00773792 1 0 0
              100.49 -0.512253   12.7445  -39.5872  38.1115  39.1557 0.724883   0.612265   0.479006 -0.0123554  0.00245855 0.000735771 -0.00582274  0.0148669 -0.0106697 0.00752335 1 0 0
              100.59  1.07066  13.0886 -38.9466  38.174 39.1849 0.73174 0.648566 0.385563 0.100487  0.00241923 0.000720589 -0.00585492   0.0142222 -0.00976919  0.00719978 1 0 0
              100.59  1.12847  13.0964 -38.9877  38.1712  39.1891 0.731565  0.616345  0.435332 0.0989584  0.00240603 0.000738478 -0.00584225  0.0148474 -0.0099611 0.00735744 1 0 0
             100.691  1.91956  14.0443 -37.5985  38.2518  39.2314 0.743703  0.66019 0.437942 0.150959 0.00241368 0.00070921 -0.0058649  0.0138203  -0.010642 0.00716683 1 0 0
             100.691  1.74583  14.1439 -37.6748  38.2467  39.2365 0.744683 0.605009 0.498716 0.161342  0.00246217 0.000711046 -0.00584107  0.0147572 -0.0107446 0.00726291 1 0 0
              100.79  1.70751  12.9193 -36.6061   38.299  39.2859 0.759151    0.461 0.502699 0.111326  0.00246217 0.000711046 -0.00584107  0.0147572 -0.0107446 0.00726291 1 0 0
              100.79  1.59513  12.6764 -36.5225  38.2939  39.2847 0.758801 0.402824 0.490734  0.10637  0.00248407 0.000794392 -0.00587168  0.0151375 -0.0102148  0.0073931 1 0 0
              100.89  2.16366  12.3821 -34.7417  38.3385  39.3211 0.764354   0.40757  0.405045 0.0342149  0.00245507   0.0007793 -0.00591882   0.0144459 -0.00994221  0.00727704 1 0 0
              100.89  2.10464  12.5204 -34.8496 38.3413 39.3247 0.76429  0.440373  0.447261 0.0343216  0.00248018 0.000740775 -0.00588089  0.0144528 -0.0105544 0.00729813 1 0 0
              100.99  1.43057   12.116 -34.5479  38.3851  39.3452 0.747966   0.423468   0.333881 -0.0916864  0.00243715 0.000741694 -0.00589628    0.013234 -0.00927868  0.00813362 1 0 0
              100.99  1.27481  12.2017 -34.7457 38.3787 39.3502 0.74998   0.351551   0.394762 -0.0711254  0.00247215 0.000749506  -0.0058398   0.0143462 -0.00935249  0.00812664 1 0 0
              101.09 0.832435  12.0856 -34.0516 38.4283 39.3827 0.75127   0.406879   0.407096 -0.0479879  0.00247151 0.000731385 -0.00589205    0.013306 -0.00941775  0.00727758 1 0 0
              101.09 0.82034 12.1432 -34.183  38.4229  39.3976 0.753036   0.346186   0.581245 -0.0288002  0.00250152 0.000765877 -0.00584848  0.0150307 -0.0106262  0.0074378 1 0 0
              101.19 0.440109  11.7247 -33.7717  38.4701   39.459 0.750023   0.417397   0.656011 -0.0551886  0.00251969  0.00075265 -0.00588984  0.0144021 -0.0110781 0.00716902 1 0 0
              101.19 0.458556   11.772 -33.8792   38.465  39.4667 0.748433   0.358094   0.746276 -0.0730154  0.00252023 0.000770954 -0.00585792  0.0154874 -0.0115321  0.0076133 1 0 0
              101.29 0.295358   11.529 -34.0843  38.5013  39.5318 0.740778   0.358113    0.70664 -0.0307045   0.0025097 0.000770379 -0.00587149  0.0150593 -0.0109666 0.00766224 1 0 0
              101.29 0.280907  11.5157 -34.1752   38.499  39.5302 0.740027   0.332231   0.689276 -0.0394441  0.00249959 0.000778255 -0.00584782  0.0151659  -0.010632 0.00778836 1 0 0
              101.39  1.62573  11.6447 -35.6312  38.5343  39.5727 0.740072  0.365888  0.520779 0.0632808  0.00242822 0.000758502 -0.00584552   0.0142529 -0.00939335  0.00774248 1 0 0
              101.39  1.64042  11.6987 -35.6973  38.5341  39.5779 0.739702  0.362834  0.580929 0.0594214  0.00243785 0.000755757 -0.00582231  0.0146597 -0.0099295 0.00787401 1 0 0
              101.49  1.65088  12.4893 -37.0125  38.5742  39.6361 0.752327  0.333254  0.511452 0.0871904   0.0024268 0.000723998 -0.00581942  0.0146134 -0.0103621 0.00747889 1 0 0
              101.49   1.5341  12.4368 -36.9831  38.5747  39.6345 0.750982 0.338781 0.493388  0.07247  0.00245844 0.000733468 -0.00582949   0.014404  -0.010222 0.00761088 1 0 0
              101.59  1.81535    12.26 -37.0731   38.602  39.6696 0.760087  0.255674  0.370323 0.0404297  0.00241728  0.00071428 -0.00582563   0.0141525 -0.00959718  0.00727802 1 0 0
              101.59  1.72334  12.1619 -36.9837  38.5994  39.6712 0.760614  0.225564  0.389966 0.0459286  0.00244897 0.000753945 -0.00585074   0.0145605 -0.00955216  0.00729944 1 0 0
              101.69  1.23353  12.2409 -37.6889  38.6303  39.7095 0.758311   0.285329    0.35482 -0.0405584  0.00246845 0.000720454 -0.00586384    0.014212 -0.00996132  0.00744672 1 0 0
              101.69  1.26192  12.1542 -37.7322   38.629  39.7104 0.756914   0.269464   0.364552 -0.0559164  0.00245652 0.000751827 -0.00585193   0.0143735 -0.00993164  0.00766558 1 0 0
              101.79 0.631693  12.5318 -37.7188  38.6649  39.7509 0.750775   0.341291   0.393606 -0.0874149  0.00248543 0.000719828 -0.00585013  0.0142464 -0.0104364 0.00752816 1 0 0
              101.79 0.603065  12.5207 -37.6437  38.6627  39.7508 0.750592   0.316137   0.392569 -0.0897137  0.00249416 0.000728383 -0.00587303  0.0144534 -0.0102401 0.00759678 1 0 0
             101.891 -0.282146   13.1118  -37.0009  38.6973  39.8083 0.743281  0.357803  0.519562 -0.082638  0.00251971 0.000702628   -0.005866  0.0150687 -0.0110829 0.00760217 1 0 0
             101.891 -0.272723   13.0052  -36.8921  38.6972  39.8002 0.740431  0.357969  0.426435 -0.114652  0.00251062 0.000724728 -0.00590096  0.0143068 -0.0102398 0.00781979 1 0 0
              101.99 -0.701963   13.0208  -35.5638 38.7398 39.8302 0.72988   0.468414   0.367286 -0.0927674  0.00250477 0.000708066 -0.00593384   0.0136668 -0.00968533  0.00769352 1 0 0
              101.99 -0.702464   12.9267  -35.6063  38.7385  39.8291 0.728644  0.452996  0.354595 -0.106761  0.00250051 0.000735606 -0.00592161   0.0136705 -0.00944304  0.00788312 1 0 0
              102.09 -0.474616    13.198  -34.8574  38.7846  39.8713 0.730288   0.497047   0.393748 -0.0229481  0.00251511 0.000716332 -0.00594474   0.0142519 -0.00970447  0.00721822 1 0 0
              102.09 -0.449327   13.1694  -35.0133  38.7855  39.8712 0.727967   0.505637   0.391819 -0.0482246  0.00249687 0.000722137 -0.00589534   0.0140925 -0.00975291  0.00749001 1 0 0
              102.19  1.5265 14.0018   -34.2 38.8581 39.9253 0.72433 0.657614   0.4809  0.03252  0.00251356 0.000713252 -0.00589413   0.013627 -0.0111627 0.00753061 1 0 0
              102.19  1.71148  14.0014 -34.1181  38.8528  39.9235 0.722518  0.596512   0.45962 0.0113987  0.00246004 0.000712731 -0.00591788   0.014017 -0.0105256   0.007911 1 0 0
              102.29  2.59026  14.8437 -32.6805  38.8957  39.9618 0.736101 0.491971 0.410114 0.137206  0.00247679  0.00070228 -0.00589947   0.0147308 -0.00941363  0.00762837 1 0 0
              102.29  2.59192  14.7739 -32.6146   38.897  39.9643 0.738107 0.506596 0.440178 0.159579  0.00248244 0.000724242 -0.00592088   0.0148548 -0.00982653  0.00737743 1 0 0
              102.39  2.66267    13.54 -31.5823   38.94 40.0075 0.75541 0.385107 0.421064 0.123753  0.00251837 0.000710749 -0.00590964    0.014977 -0.00982922  0.00719751 1 0 0
              102.39 2.62716 13.4156 -31.659 38.9383 40.0033 0.75388 0.364578 0.372209 0.106758  0.00252215 0.000750189 -0.00588869    0.014794 -0.00917416  0.00733809 1 0 0
              102.49  1.98208  12.9114 -30.7695   38.978  40.0525 0.767726  0.387689  0.398734 0.0672394  0.00251457 0.000710237 -0.00590874  0.0152895 -0.0101204  0.0069778 1 0 0
              102.49  1.89366  12.8382 -30.8369  38.9805   40.048 0.765031  0.416152  0.346213 0.0375154  0.00253827 0.000733691 -0.00588934   0.0145608 -0.00973346  0.00717279 1 0 0
             102.591 0.132259  12.1562 -31.8492  39.0282  40.0714 0.754884   0.440594   0.277158 -0.0667791  0.00256169 0.000712587 -0.00586426    0.013648 -0.00929998  0.00776409 1 0 0
             102.591 0.0644277   12.0403  -31.9903  39.0264  40.0734 0.754175   0.419879   0.302209 -0.0748635  0.00257422 0.000750689 -0.00582152   0.0139868 -0.00942021  0.00795053 1 0 0
              102.69 -0.786239   11.9524  -32.9443  39.0663  40.1106 0.744416   0.37723  0.394915 -0.107285  0.00258149 0.000737489 -0.00581681   0.0141179 -0.00966818  0.00803515 1 0 0
              102.69 -0.667215   12.0107  -32.9548  39.0657  40.1162 0.746759    0.37075   0.461816 -0.0811433  0.00254504 0.000719819  -0.0058134  0.0146955 -0.0103327 0.00781582 1 0 0
              102.79 -0.879393   11.3534  -33.4921  39.0898  40.1859 0.741761   0.26454  0.670805 -0.066675  0.00256629 0.000709211 -0.00582977  0.0159424 -0.0110316 0.00783831 1 0 0
              102.79 -0.759222   11.3604  -33.4995  39.0929  40.1802 0.741121  0.300439  0.601141 -0.073153  0.00252694 0.000707132 -0.00582792  0.0150884 -0.0105681 0.00776122 1 0 0
             102.891 -0.431273   10.7232  -32.8579  39.1252  40.2444 0.743726   0.320614   0.697317 0.00527089  0.00253574 0.000709253 -0.00583161 0.0150317 -0.010522  0.007175 1 0 0
             102.891 -0.347051    10.667   -32.695  39.1291  40.2406 0.743246    0.365827     0.65234 0.000159229  0.00251836 0.000725038 -0.00588227  0.0142518 -0.0103821 0.00709556 1 0 0
              102.99 -0.530118   10.1401  -34.0871  39.1664  40.2783 0.747932  0.418343  0.516264 0.0706706  0.00255712 0.000714573 -0.00585987   0.0133222 -0.00866226  0.00682472 1 0 0
              102.99 -0.478096   10.0887   -34.265  39.1616  40.2836 0.747951  0.360794  0.581712 0.0701609  0.00253231   0.0007345 -0.00580394   0.0143357 -0.00894983  0.00701019 1 0 0
              103.09 -0.245292    11.148  -34.6054  39.1994  40.3688 0.740975  0.359116  0.718651 0.0179706  0.00250939 0.000716171  -0.0058193  0.0151182 -0.0104968 0.00821061 1 0 0
              103.09 -0.304304   11.1853   -34.565  39.1969  40.3653 0.741437  0.330403  0.676296 0.0228279  0.00252825 0.000705511 -0.00583205   0.0151237 -0.00985744  0.00815591 1 0 0
              103.19 0.544921   11.569 -34.5325  39.2245    40.43 0.742241   0.245631   0.620682 -0.0194057  0.00252825 0.000705511 -0.00583205   0.0151237 -0.00985744  0.00815591 1 0 0
              103.19 0.671407  11.6273 -34.4664 39.2273 40.4303 0.74274   0.277916   0.623836 -0.0133871  0.00249394 0.000685561 -0.00585306  0.0148472 -0.0101319 0.00802375 1 0 0
              103.29 0.316798  12.2294 -33.7282  39.2552  40.4809 0.741707    0.31765   0.465621 -0.0408069  0.00250254 0.000693672 -0.00585872   0.0148587 -0.00970496  0.00782625 1 0 0
              103.29 0.224051  12.2262 -33.6904  39.2578  40.4761 0.742069   0.347529   0.407519 -0.0368265  0.00253393 0.000692685 -0.00587138   0.0141631 -0.00931851  0.00762691 1 0 0
              103.39 0.310336  12.8496 -34.1382  39.2896  40.5137 0.738055   0.295734   0.354936 -0.0491288  0.00253393 0.000692685 -0.00587138   0.0141631 -0.00931851  0.00762691 1 0 0
              103.39 0.396741  12.9059 -34.2541  39.2871  40.5141 0.740805   0.267143   0.358699 -0.0183336  0.00249828 0.000676052  -0.0058354   0.0145618 -0.00916388  0.00730865 1 0 0
              103.49  1.04919  12.6198 -34.1848  39.3147  40.5585 0.753069  0.317517   0.40393 0.0183814 0.00251749 0.00068896 -0.0058493   0.0152386 -0.00967191  0.00627908 1 0 0
              103.49  1.09791  12.4957 -34.1589  39.3171  40.5568 0.753327  0.344989   0.38342 0.0212571  0.00250367 0.000726424 -0.00585836   0.0148213 -0.00966361  0.00614714 1 0 0
              103.59  0.74107  12.8878 -33.9526  39.3604  40.5996 0.731432  0.459787  0.437404 -0.111453  0.00251797 0.000709239 -0.00585672   0.0143522 -0.00996141  0.00762455 1 0 0
              103.59 0.694115  12.9216 -33.9732  39.3581  40.5985 0.731137  0.432447  0.424741 -0.115153  0.00253049 0.000699079 -0.00585043   0.0145293 -0.00963081  0.00770716 1 0 0
              103.69 -0.305547   12.9081  -33.8091   39.401  40.6581 0.724465   0.490765   0.508213 -0.0558762  0.00255069 0.000684212 -0.00587249  0.0154989  -0.010382 0.00772043 1 0 0
              103.69 -0.368977   12.8107  -33.8135  39.4053  40.6502 0.722405   0.539636   0.411742 -0.0779822  0.00256848 0.000710543 -0.00586919   0.0142799 -0.00973609  0.00772507 1 0 0
              103.79 0.102973  12.7887 -33.7853  39.4706  40.6732 0.721406  0.630965  0.301666 0.0119235  0.00257992 0.000727091 -0.00586365    0.013202 -0.00910234  0.00720309 1 0 0
              103.79 0.348026  12.8396 -33.8101  39.4647  40.6759 0.720378     0.561275       0.3317 -0.000877586      0.0025 0.000716251  -0.0058565   0.0140617 -0.00895273  0.00756899 1 0 0
              103.89  1.76438  14.2205 -32.8159  39.5104  40.7203 0.728503 0.524021 0.380114 0.138555  0.00252103 0.000693803 -0.00588759   0.0152011 -0.00913706  0.00774963 1 0 0
              103.89  1.89296  14.2318 -32.8048  39.5101  40.7213 0.728883  0.52037 0.390855  0.14279  0.00248149 0.000690496  -0.0058903   0.0153228 -0.00923427   0.0077228 1 0 0
              103.99   1.9064  12.8559 -33.1097   39.555  40.7677 0.751904 0.410601 0.399085 0.150819  0.00253517 0.000684831 -0.00589456   0.0159296 -0.00971078  0.00719039 1 0 0
              103.99  1.91759  12.5696 -33.2389 39.5614 40.7648 0.75054 0.482841 0.363071 0.137006  0.00252317 0.000773167 -0.00585893   0.0148992 -0.00983647  0.00711441 1 0 0
             104.091  2.70454   12.009 -32.1217  39.6131  40.8029 0.760018  0.473651  0.332939 0.0640232  0.00253176 0.000772205 -0.00588622  0.0147879 -0.0102799 0.00710912 1 0 0
             104.091 2.75298 12.1529 -32.109  39.6104  40.7965 0.756695  0.444291   0.25704 0.0266886  0.00250668  0.00072766 -0.00589279   0.0144869 -0.00928809    0.007484 1 0 0
              104.19  2.30339  11.6814 -33.2276  39.6528   40.812 0.744893   0.439307    0.21176 -0.0810398  0.00253567 0.000750582 -0.00587081   0.0140244 -0.00862841  0.00823838 1 0 0
              104.19  2.31475  11.7399 -33.3283 39.6514 40.8191 0.74629   0.424736   0.294999 -0.0649814  0.00254668 0.000753941 -0.00583632   0.0146993 -0.00932865  0.00822341 1 0 0
             104.291  1.34177  11.6806 -33.8405  39.6963  40.8486 0.741582  0.437838  0.347049 -0.114324  0.00257132 0.000760398 -0.00587039   0.0145555 -0.00925488  0.00778633 1 0 0
             104.291 1.43368 11.8048 -33.909  39.6923  40.8527 0.741909  0.391845  0.394914 -0.110562  0.00254535 0.000744003 -0.00585075   0.0153192 -0.00942352  0.00790192 1 0 0
              104.39 -0.371907   12.3169  -34.0491  39.7409  40.9034 0.737828   0.445778   0.528866 -0.0951118 0.00261996 0.00072545 -0.0058738   0.015216 -0.0100994 0.00733455 1 0 0
              104.39 -0.291696   12.3271  -34.1331  39.7378  40.9039 0.736624  0.410825   0.53505 -0.108919  0.00258767 0.000733166 -0.00585221   0.0155473 -0.00993091  0.00756558 1 0 0
              104.49 -0.721571    12.293  -33.6512  39.7783  40.9619 0.726344  0.410374  0.619299 -0.086038  0.00258767 0.000733166 -0.00585221   0.0155473 -0.00993091  0.00756558 1 0 0
              104.49 -0.565579   12.2667    -33.56  39.7767  40.9573 0.725541   0.390886   0.564993 -0.0940581  0.00253073 0.000736411 -0.00588276   0.0153543 -0.00930073   0.0076309 1 0 0
              104.59 -0.798138   11.8223  -34.5196  39.8151   41.016 0.720578  0.423414  0.584878 0.0262388  0.00255126 0.000751389 -0.00588476  0.0155167 -0.0092627 0.00771663 1 0 0
              104.59  -0.6884  11.7707 -34.7197  39.8201  41.0136 0.718727    0.48206   0.557625 0.00572579  0.00251055 0.000743005   -0.005825   0.0147427 -0.00939759   0.0078006 1 0 0
              104.69 0.265968  11.7124 -34.9474  39.8686  41.0718 0.733768 0.503793 0.565434  0.13933  0.00251855 0.000760674  -0.0058323   0.0150846 -0.00943836  0.00729572 1 0 0
              104.69 0.417472  11.8359 -34.8202  39.8696  41.0685 0.730645 0.514902 0.525876 0.104325  0.00247134 0.000711909 -0.00587068   0.0146611 -0.00916473  0.00763534 1 0 0
              104.79 0.971969  11.9707 -35.3437  39.9151  41.1203 0.739429  0.397536  0.501498 0.0534612  0.00247134 0.000711909 -0.00587068   0.0146611 -0.00916473  0.00763534 1 0 0
              104.79 0.906303  11.8855 -35.3679  39.9151  41.1195 0.739411  0.397144  0.492836 0.0533022  0.00248711 0.000735542 -0.00586461   0.0145999 -0.00907555  0.00762409 1 0 0
              104.89  1.41375  11.2252 -34.5964  39.9548  41.1666 0.755861  0.429332  0.427911 0.0528293  0.00250071 0.000756427  -0.0058674    0.014857 -0.00909963  0.00665775 1 0 0
              104.89  1.37377  11.2957 -34.3985  39.9509  41.1668 0.752994  0.384532   0.43029 0.0217545  0.00251596 0.000746188 -0.00592503   0.0152175 -0.00880173  0.00710434 1 0 0
              104.99 -0.230228   12.9497  -34.9305  39.9843  41.2158 0.742298   0.351846   0.422342 -0.0748686  0.00253218 0.000708407 -0.00593048   0.0157598 -0.00908698  0.00788665 1 0 0
              104.99 -0.361139   12.9375  -35.1727 39.9899 41.2119 0.73974   0.41665  0.377266 -0.103456  0.00255555 0.000686275 -0.00586068   0.0147956 -0.00908425  0.00803943 1 0 0
              105.09 -0.694092   13.2204  -35.0867  40.0432  41.2532 0.729501  0.503773  0.405027 -0.132951   0.0025846 0.000675886  -0.0058645   0.0143555 -0.00963267  0.00784312 1 0 0
              105.09 -0.495599   13.1147  -34.9479  40.0406   41.252 0.727315 0.473068 0.389531 -0.15701  0.00252586 0.000712669 -0.00590621   0.0144631 -0.00929669   0.0081657 1 0 0
              105.19 -0.866465   13.3433  -35.1033  40.0854  41.2992 0.713213  0.535891  0.446242 -0.155109  0.00253829   0.0007371 -0.00589433   0.0150985 -0.00937315  0.00814811 1 0 0
              105.19 -0.852027   13.3755  -35.0657  40.0876  41.2993 0.712829  0.560577  0.447936 -0.159577  0.00254139 0.000721771 -0.00590421   0.0148736 -0.00955942  0.00814628 1 0 0
              105.29 -1.72574  13.5562  -35.657 40.1447 41.3387 0.70423   0.625835   0.414157 -0.0833621  0.00255647 0.000730594 -0.00589728   0.0149005 -0.00915221  0.00780292 1 0 0
              105.29 -1.66694   13.627  -35.696  40.1455  41.3409 0.706393   0.634756   0.439462 -0.0585599  0.00254415 0.000712558 -0.00588571   0.0150614 -0.00945009  0.00752805 1 0 0
              105.39 -0.221099   14.1958  -36.1244  40.2116  41.3792 0.707304  0.674001  0.419725 0.0407306  0.00254216 0.000719055 -0.00587984   0.0148883 -0.00918851  0.00727097 1 0 0
              105.39 0.169308  14.2574 -35.9867  40.2067  41.3815 0.707885  0.615635  0.444278 0.0473152  0.00243304   0.0007232 -0.00591915   0.0156045 -0.00905022  0.00737139 1 0 0
              105.49  2.90623  16.3721 -33.7743  40.2667  41.4432 0.708505  0.606867  0.552867 0.0999214   0.0024498 0.000734448 -0.00592666    0.016179 -0.00979078  0.00815651 1 0 0
              105.49  2.78704  16.4933 -33.6186  40.2705  41.4361 0.708119 0.650649 0.470396 0.095122  0.00248323 0.000666052 -0.00597515    0.015243 -0.00932832  0.00797204 1 0 0
              105.59  2.04404  16.2466 -33.0453   40.324  41.4671 0.719456  0.496475  0.357957 0.0758435  0.00248973 0.000683218 -0.00597154   0.0149976 -0.00839066  0.00773523 1 0 0
              105.59 1.91636 16.0269 -33.272  40.3276   41.467 0.720506  0.536839  0.357288 0.0876686  0.00251626 0.000740051 -0.00590744   0.0146469 -0.00864947  0.00749554 1 0 0
              105.69  1.64582  15.0703 -32.3449  40.3762  41.5038 0.744587 0.495099 0.316248 0.110891  0.00257342   0.0007607 -0.00594164   0.0152455 -0.00878673    0.006454 1 0 0
              105.69  1.78828  15.1433 -32.4208  40.3757  41.5071 0.742565  0.488968  0.354612 0.0886114  0.00253212 0.000748281 -0.00591597  0.0154687 -0.0091225 0.00681358 1 0 0
              105.79  1.08295    14.92 -33.0503  40.4173  41.5379 0.730107   0.461708   0.325052 -0.0823902  0.00254692 0.000766706 -0.00592839   0.0154542 -0.00861566  0.00794287 1 0 0
              105.79  1.07477  14.9911 -33.2368  40.4212  41.5438 0.731669  0.506837  0.394961 -0.064425  0.00255895 0.000747614 -0.00586884  0.0155178 -0.0095829 0.00776738 1 0 0
              105.89 -0.0385942    15.3895   -34.2611  40.4628   41.589 0.701026  0.442128  0.491183 -0.219796  0.00256909 0.000755572 -0.00588357  0.0156701 -0.0094093 0.00919406 1 0 0
              105.89 0.108478   15.435 -34.3079  40.4665  41.5876 0.702435  0.485347  0.474361 -0.203541  0.00252312 0.000729553 -0.00586778   0.0152129 -0.00954508  0.00887053 1 0 0
             105.991 0.091711  15.2416 -34.0796  40.5187   41.636 0.687561 0.495037 0.572978 -0.17016  0.00251567 0.000724978  -0.0059063   0.0148946 -0.00942138  0.00841223 1 0 0
             105.991 0.151362  15.2067 -34.0889  40.5216  41.6393 0.691211  0.529631  0.613688 -0.128825  0.00250478 0.000733418 -0.00589905  0.0149747 -0.0100532 0.00791167 1 0 0
              106.09 -0.215397   14.6974  -33.3291  40.5767  41.7057 0.679361   0.579192   0.699389 -0.0994121  0.00250478 0.000733418 -0.00589905  0.0149747 -0.0100532 0.00791167 1 0 0
              106.09 -0.367234   14.7174  -33.3172  40.5749  41.7093 0.683337   0.558257   0.743754 -0.0548187  0.00255262 0.000725902 -0.00590305  0.0156549 -0.0103536 0.00749307 1 0 0
              106.19 -0.345909   14.1329  -33.9783 40.6319 41.7853 0.68449  0.593484  0.783818 0.0930963  0.00255262 0.000725902 -0.00590305  0.0156549 -0.0103536 0.00749307 1 0 0
              106.19 -0.102962   14.0741  -33.9818   40.628   41.782 0.687819 0.547043 0.741621 0.130635  0.00247194 0.000745373 -0.00590373  0.0159509 -0.0096247  0.0070811 1 0 0
              106.29 0.999493  14.2644 -33.0706   40.683  41.8546 0.705449 0.516928 0.692161  0.18123  0.00247194 0.000745373 -0.00590373  0.0159509 -0.0096247  0.0070811 1 0 0
              106.29 0.914706  14.3602 -33.0033  40.6795   41.849 0.703258 0.479082 0.625035 0.156951  0.00250339 0.000715121 -0.00592502   0.0157989 -0.00866465  0.00737324 1 0 0
              106.39 0.967398  13.6583 -33.0785  40.7046   41.864 0.697227   0.309761   0.299247 -0.0373117    0.002526 0.000712354 -0.00593746   0.0148781 -0.00560561  0.00831265 1 0 0
              106.39 0.982702   13.538 -33.2448  40.7023  41.8749 0.701606   0.28437  0.428709 0.0117073  0.00251023 0.000754389 -0.00588346    0.016154 -0.00678546   0.0080119 1 0 0
              106.49  0.52556  14.2915 -32.4388  40.7181  41.9882 0.655268 0.212393 0.735753 -0.27231  0.00252019 0.000749031  -0.0059161  0.0188851 -0.0105547  0.0118066 1 0 0
              106.49 0.646384  14.5514 -32.5071  40.7365  41.9714 0.662913  0.418944  0.537218 -0.188917  0.00247822 0.000660318 -0.00589481   0.0157149 -0.00994091  0.00989854 1 0 0
             106.591 0.344209  15.0548 -32.8419  40.8005  42.0044 0.637417  0.535349  0.423573 -0.232003  0.00246345 0.000693344 -0.00585889    0.013662 -0.00959134  0.00979233 1 0 0
             106.591 0.386916  15.1345  -32.767  40.8072  42.0006 0.651808   0.619578   0.383009 -0.0717686  0.00245761 0.000665176 -0.00588133   0.0130602 -0.00976478  0.00750709 1 0 0
              106.69   0.1957  15.1239 -32.1908  40.8527  42.0295 0.634884  0.560826  0.348317 -0.139505  0.00246612 0.000711133  -0.0059063   0.0135496 -0.00845027  0.00823782 1 0 0
              106.69 0.186636  15.2024 -32.1772  40.8525   42.036 0.652048  0.566241  0.427767 0.0486429  0.00247253 0.000687763 -0.00591014   0.0146722 -0.00932809   0.0060371 1 0 0
              106.79 -0.486667   14.1251  -32.0254  40.9033  42.0695 0.649234  0.598577  0.372428 0.0217635  0.00251626  0.00071205 -0.00592386   0.0146619 -0.00841975  0.00661117 1 0 0
              106.79 -0.455492   14.1206  -32.1212  40.8996  42.0824 0.661329 0.562538 0.526698 0.154478  0.00249851 0.000715959 -0.00589445   0.0164877 -0.00980763  0.00533455 1 0 0
              106.89 -0.493952   13.5432  -33.0082 40.9599 42.1325  0.6798 0.623797 0.482085  0.21318  0.00249851 0.000715959 -0.00589445   0.0164877 -0.00980763  0.00533455 1 0 0
              106.89 -0.503003   13.4742   -33.072  40.9586  42.1392 0.683929 0.611109 0.562191 0.257945  0.00249714 0.000737544 -0.00587403  0.0172755 -0.0105609 0.00493149 1 0 0
              106.99  1.90953  14.4818 -33.5984  41.0178  42.1906 0.714119 0.583175 0.540316  0.36988  0.00249571 0.000739884 -0.00587774  0.0172064  -0.010261 0.00497127 1 0 0
              106.99  1.96968  14.5705 -33.5653 41.0172  42.187 0.71021 0.576089 0.495607 0.326522  0.00247725 0.000711656 -0.00588796   0.0168569 -0.00976281  0.00546469 1 0 0
              107.09  3.22388  13.9929 -33.6797  41.0661  42.2263 0.741239 0.468793 0.424864 0.341939  0.00247917 0.000714761 -0.00589746   0.0166825 -0.00908168  0.00570821 1 0 0
              107.09  3.10822    13.78 -33.6834  41.0661  42.2226 0.736517 0.467405 0.380789 0.289743  0.00250786 0.000776016 -0.00590169   0.0162088 -0.00859376  0.00625754 1 0 0
              107.19  3.46538  12.7602 -32.0359  41.0881  42.2573 0.714323    0.290252    0.344294 -0.00437033  0.00252123 0.000723007 -0.00593444   0.0163918 -0.00749946  0.00982277 1 0 0
              107.19  3.44961  12.6486 -32.0346  41.0944  42.2557 0.713886    0.359134    0.326221 -0.00805691  0.00253348 0.000733718  -0.0059349   0.0156137 -0.00778203   0.0096931 1 0 0
             107.291 3.27759 11.7379 -32.213  41.1309  42.2874 0.706535 0.376941 0.312725 -0.13997  0.00253348 0.000733718  -0.0059349   0.0156137 -0.00778203   0.0096931 1 0 0
             107.291  3.23732  11.6809 -32.4077    41.14  42.2915 0.707032  0.476228  0.360218 -0.132835  0.00255327 0.000743835 -0.00586793   0.0149662 -0.00888772  0.00953469 1 0 0
              107.39  1.98498  12.0383 -32.6855  41.1878  42.3282 0.688212  0.476875  0.391196 -0.230122  0.00255327 0.000743835 -0.00586793   0.0149662 -0.00888772  0.00953469 1 0 0
              107.39  1.82541  12.2845 -32.6737  41.1944  42.3372 0.693789  0.551588  0.496851 -0.167964  0.00260633 0.000668892 -0.00586706  0.0150808   -0.01058 0.00883199 1 0 0
              107.49 0.475141  12.6929 -33.2539  41.258 42.3987 0.67153  0.579603  0.629626 -0.206501  0.00259499  0.00066123 -0.00585183  0.0147805 -0.0113263 0.00911382 1 0 0
              107.49 0.473503  12.6287 -33.1838 41.2558 42.4017 0.67571  0.554886  0.665746 -0.161963  0.00260557 0.000691618 -0.00587296  0.0153538 -0.0115362 0.00868654 1 0 0
              107.59 0.932357  12.6723 -32.7565  41.3134  42.4725 0.658804  0.59534 0.760413 -0.15331  0.00260679 0.000699064 -0.00586667  0.0152486 -0.0115174  0.0087139 1 0 0
              107.59  1.24287  12.7103 -32.6252  41.3058  42.4704 0.662492  0.508239  0.735553 -0.113616  0.00250016 0.000706142 -0.00591402  0.0160146 -0.0107549 0.00839804 1 0 0
              107.69 0.86237 12.5694 -33.713  41.3596  42.5166 0.666543  0.563677  0.612037 0.0699066  0.00247406 0.000689772 -0.00590063   0.0150944 -0.00927833  0.00756445 1 0 0
              107.69 0.790259  12.5864 -33.7713  41.3502  42.5234 0.671405 0.463956 0.691159 0.120053  0.00249508 0.000726362  -0.0058874   0.0166702 -0.00940769  0.00729706 1 0 0
              107.79  1.70861   12.991 -33.5489  41.4014  42.5913 0.690894 0.523017 0.643094 0.239665  0.00249508 0.000726362  -0.0058874   0.0166702 -0.00940769  0.00729706 1 0 0
              107.79  1.83096  12.9079 -33.4618  41.3961  42.5903 0.693418 0.462393 0.630436 0.266954   0.0024482 0.000767724 -0.00591605   0.0172208 -0.00890708  0.00707214 1 0 0
              107.89  1.89628  13.1592 -34.5338  41.4312   42.634 0.701924 0.327513 0.469414 0.112952  0.00243747 0.000749317 -0.00591834   0.0167457 -0.00787625  0.00798945 1 0 0
              107.89  1.88525  13.1723 -34.5964  41.4301  42.6334 0.700997 0.315083 0.462685 0.102866  0.00243179 0.000748335 -0.00590077   0.0167922 -0.00772677  0.00811893 1 0 0
              107.99  2.39002  12.9126 -34.2008   41.464  42.6757 0.714242  0.358773  0.355799 0.0427566  0.00241373 0.000701502 -0.00590513   0.0168676 -0.00785159  0.00759227 1 0 0
              107.99  2.17938  12.6459 -34.2281  41.4734  42.6799 0.718632  0.464155  0.406065 0.0912509  0.00250205 0.000765253 -0.00589597   0.0163213 -0.00905909   0.0069192 1 0 0
              108.09 1.13253 14.1584 -35.822  41.5211  42.7166 0.726007  0.474067  0.345892 0.0547969  0.00250205 0.000765253 -0.00589597   0.0163213 -0.00905909   0.0069192 1 0 0
              108.09  1.02813  14.2958 -35.9958  41.5261  42.7182 0.723723  0.528659  0.364814 0.0309568  0.00253055 0.000713904 -0.00584092   0.0158786 -0.00960165  0.00713789 1 0 0
              108.19  1.02451  14.6105 -37.2155 41.5803 42.7548 0.72361  0.571507  0.363128 -0.031745  0.00253055 0.000713904 -0.00584092   0.0158786 -0.00960165  0.00713789 1 0 0
              108.19  1.13242  14.5599 -37.1759  41.5819   42.758 0.718378    0.58756   0.400257 -0.0881221  0.00249975 0.000729146  -0.0058538  0.0158118 -0.0100987 0.00789117 1 0 0
              108.29 0.968009  14.6294 -38.5384  41.6451  42.7993 0.709361    0.68353   0.429825 -0.0767494  0.00249975 0.000729146  -0.0058538  0.0158118 -0.0100987 0.00789117 1 0 0
              108.29 0.993449  14.5713 -38.5465  41.6442  42.8028 0.701882  0.669802  0.471053 -0.157969  0.00249212 0.000747308 -0.00585159  0.0159812 -0.0103766 0.00903361 1 0 0
              108.39 0.289326   14.576 -38.8994  41.7153  42.8522 0.689127   0.739467   0.509686 -0.0855189  0.00249212 0.000747308 -0.00585159  0.0159812 -0.0103766 0.00903361 1 0 0
              108.39 0.278111  14.6067 -38.6935   41.712  42.8503 0.681831  0.703645  0.487148 -0.163585  0.00251265 0.000737045 -0.00591504   0.0158815 -0.00984871    0.010049 1 0 0
              108.49  1.99903  15.0527 -36.9824  41.7842  42.9012 0.672765   0.732699    0.52728 -0.0187946  0.00251265 0.000737045 -0.00591504   0.0158815 -0.00984871    0.010049 1 0 0
              108.49  2.17442  15.1552 -36.8236  41.7865  42.9009 0.670422   0.758637   0.522748 -0.0441253  0.00247089 0.000701803 -0.00596308  0.0155358 -0.0100302   0.010298 1 0 0
              108.59  4.11534  15.9192 -32.9054    41.86  42.9532 0.669151   0.691382   0.502624 -0.0166665  0.00247089 0.000701803 -0.00596308  0.0155358 -0.0100302   0.010298 1 0 0
              108.59  4.40169  15.9794 -32.5914  41.8582  42.9537 0.668197   0.670525   0.507116 -0.0271767  0.00240567 0.000673762 -0.00605768   0.0157419 -0.00993603   0.0104908 1 0 0
              108.69  3.61658  15.3878 -31.4291   41.906  42.9922 0.689485  0.500259  0.373914 0.0768577  0.00242072 0.000676773 -0.00603913    0.016618 -0.00900945  0.00891139 1 0 0
              108.69  3.23094  15.2683 -31.6404  41.9064  42.9858 0.689198  0.508286  0.302886 0.0742372  0.00252745 0.000717862 -0.00597652    0.016037 -0.00828734  0.00872145 1 0 0
              108.79  3.02314  13.8289 -31.7747  41.9573   43.015 0.693523   0.534293   0.257546 -0.0088299  0.00251936 0.000722034 -0.00597705   0.0161212 -0.00837379  0.00874869 1 0 0
              108.79  3.12006  13.8011 -31.8843  41.9582  43.0141 0.693852    0.544254    0.246291 -0.00526075   0.0024796 0.000732786 -0.00594393   0.0159558 -0.00833487  0.00865196 1 0 0
             108.891  1.32939  13.7989 -33.4138   42.002  43.0264 0.695769   0.460599   0.200673 -0.0862669  0.00251449 0.000725588  -0.0059621   0.0162589 -0.00727525  0.00802114 1 0 0
             108.891  1.19096  13.7865 -33.6164  42.0065  43.0333 0.696669  0.509315  0.282403 -0.075655  0.00254384 0.000730261 -0.00589879   0.0163227 -0.00847877  0.00795894 1 0 0
             108.991 -0.0466762    14.6169   -34.1279  42.0556  43.0802 0.667081  0.454546  0.442804 -0.190526  0.00251381 0.000732883 -0.00591554   0.0164241 -0.00930479  0.00941665 1 0 0
             108.991 -0.102631   14.7877  -34.0918  42.0614  43.0862 0.673283  0.516739  0.511097 -0.123619  0.00253728 0.000676413  -0.0059247  0.0164876 -0.0104741 0.00857129 1 0 0
              109.09 1.25649 14.6032  -33.19  42.1046  43.1552 0.664051   0.473013   0.705633 -0.0561632  0.00248287 0.000669067 -0.00594596  0.0172885 -0.0108794 0.00883947 1 0 0
              109.09  1.39182  14.5145 -33.1233  42.1105  43.1537 0.665658   0.538641   0.686865 -0.0375194  0.00245022 0.000684157 -0.00596326  0.0165676 -0.0111673 0.00840545 1 0 0
              109.19  1.00163  13.4539 -32.6515  42.1664  43.2272 0.661817    0.58184   0.740841 -0.0199601  0.00244317 0.000693123 -0.00595863  0.0165797 -0.0112319 0.00844673 1 0 0
              109.19 0.818277  13.3855 -32.4948  42.1716    43.22 0.661801  0.638338  0.658102 -0.019611  0.00249661 0.000680117 -0.00600515  0.0155352 -0.0107915 0.00816274 1 0 0
              109.29   1.5831  12.4926 -33.2793  42.2032  43.2327 0.681122 0.505024 0.336133 0.201928  0.00238972 0.000687124 -0.00599368   0.0157315 -0.00699652   0.0072288 1 0 0
              109.29  1.66214  12.4518 -33.4015  42.2053  43.2399 0.681973 0.528817 0.420986 0.212773  0.00238774 0.000708792 -0.00595222    0.016059 -0.00798854  0.00718981 1 0 0
              109.39  3.38522  12.4002 -32.8644  42.2656  43.3242 0.682473 0.474984 0.591318 0.109445  0.00240604 0.000722483 -0.00597945  0.0166771  -0.010788 0.00888026 1 0 0
              109.39  3.21572  12.5505 -32.8203  42.2684  43.3236 0.681649 0.505658 0.585455 0.101252  0.00246319 0.000666594 -0.00599026  0.0163448 -0.0109136 0.00891519 1 0 0
              109.49  4.10366  11.1431 -32.2664  42.2951  43.3489 0.702147  0.373783  0.365653 0.0809856  0.00236719 0.000711708 -0.00597315   0.0165097 -0.00861119  0.00793623 1 0 0
              109.49  3.92637  11.0853 -32.1927 42.2974 43.3532 0.70161  0.401247  0.418897 0.0756685  0.00243983  0.00073027 -0.00599013   0.0165646 -0.00929262  0.00806455 1 0 0
             109.591  3.40318  11.8297 -32.3442  42.3384  43.4081 0.673781  0.408745  0.463969 -0.164591  0.00240924 0.000730915  -0.0060016    0.016702 -0.00998403   0.0101229 1 0 0
             109.591  3.16593  12.0343 -32.5003  42.3438  43.4092 0.675681  0.468658  0.478333 -0.143591  0.00248347  0.00066114 -0.00594777  0.0162699 -0.0105221 0.00981748 1 0 0
              109.69  2.13397  12.4059 -32.5661  42.3987  43.4536 0.680513  0.528101  0.462746 -0.100069  0.00245531 0.000713849 -0.00593912  0.0160702 -0.0107654 0.00831153 1 0 0
              109.69  1.94442  12.5704 -32.4881  42.4026  43.4546 0.682274   0.574778   0.475432 -0.0798982  0.00251921 0.000661251 -0.00595912  0.0157328   -0.01123 0.00800124 1 0 0
              109.79 0.741546  12.7482 -32.2477 42.4615 43.4795 0.64912  0.608461  0.369765 -0.218942  0.00250275 0.000740704 -0.00596344    0.014494 -0.00969751  0.00933688 1 0 0
              109.79 0.793445  12.9835 -32.2013  42.4557  43.4885 0.654009   0.54612  0.474867 -0.164657  0.00250915 0.000706876 -0.00597653  0.0158977 -0.0103384 0.00899403 1 0 0
             109.891 -0.389521   12.6202  -32.0039  42.4973  43.5294 0.657621   0.526326   0.447313 -0.0266031  0.00248413 0.000766315 -0.00598955  0.0167216 -0.0094048  0.0079546 1 0 0
             109.891 -0.415472   12.7656   -32.038  42.4936  43.5352 0.660352   0.487295   0.513919 0.00339571   0.0024969 0.000736001 -0.00598024   0.0175992 -0.00981565  0.00778454 1 0 0
              109.99 -0.135609   12.8606  -31.5108  42.5504   43.587 0.650955   0.578678   0.530647 -0.0163526  0.00245864 0.000787969 -0.00598816   0.0171779 -0.00999122  0.00844952 1 0 0
              109.99 -0.142006   13.1056  -31.5068   42.553  43.5891 0.654181  0.609724  0.556285 0.0205607  0.00246388 0.000714228 -0.00598936  0.0171539 -0.0104739 0.00794031 1 0 0
              110.09  2.40898  14.3263 -29.8963  42.6242  43.6257 0.653694  0.736006  0.444519 0.0912452  0.00241439  0.00074183 -0.00602315   0.0160186 -0.00958149  0.00819906 1 0 0
              110.09 2.54042   14.52 -29.802 42.6248 43.6293 0.65644  0.74419 0.486338 0.122381   0.0023896 0.000683132 -0.00604951  0.0162918  -0.010056 0.00787368 1 0 0
              110.19  1.99972   15.647 -28.7848  42.6903  43.6637 0.674847 0.650715 0.359784  0.20465  0.00236783 0.000682304 -0.00606636   0.0164021 -0.00909749  0.00787515 1 0 0
              110.19  1.56001  15.6758 -28.9377  42.6889  43.6682 0.676784 0.636975 0.415076 0.226877  0.00249345 0.000675938 -0.00602047   0.0169575 -0.00958386  0.00774877 1 0 0
              110.29  1.43778  14.2292 -28.6437  42.7481  43.6992 0.702988 0.516405 0.311502 0.236495  0.00246829 0.000723967 -0.00601836  0.0165341 -0.0092365 0.00739374 1 0 0
              110.29  1.41414  14.1166 -28.6924   42.747  43.7061 0.703976 0.503223 0.394409 0.248587  0.00247182 0.000761792 -0.00600319  0.0171877 -0.0100666 0.00744805 1 0 0
              110.39   1.6335  12.3495 -29.5078  42.8032  43.7455 0.702659  0.562913  0.356364 0.0291606  0.00240124 0.000787174 -0.00599564  0.0165675  -0.010314 0.00881083 1 0 0
              110.39  1.43601  12.3262 -29.5597  42.8016   43.749 0.702617  0.545525  0.398665 0.0293669   0.0024604 0.000794448 -0.00597792  0.0170051 -0.0106598 0.00892831 1 0 0
              110.49  0.28498  12.5325 -31.2574  42.8638  43.7684 0.677566  0.557972  0.302996 -0.166213  0.00242929 0.000779896 -0.00596644   0.0154972 -0.00962527   0.0101728 1 0 0
              110.49 0.125912  12.6458 -31.3087  42.8613   43.776 0.680863  0.530319  0.395525 -0.130012  0.00247773 0.000742353 -0.00595014  0.0164832 -0.0104689 0.00992952 1 0 0
              110.59 -0.943524   12.2595  -32.3064 42.9071 43.8144 0.68385   0.462367   0.453424 -0.0664285  0.00245459 0.000755674 -0.00597044  0.0167918 -0.0100559 0.00878669 1 0 0
              110.59 -0.961944   12.3076  -32.2639  42.9026  43.8184 0.683544    0.41166   0.500468 -0.0701608  0.00246474 0.000740187 -0.00598487   0.017629 -0.0102261  0.0090157 1 0 0
             110.692 -0.467533   11.9973   -32.062  42.9396  43.8846 0.680639   0.394384   0.663355 -0.0590833  0.00241344 0.000729371 -0.00597631  0.0183107 -0.0106329  0.0087845 1 0 0
             110.692 -0.538382   11.9906  -31.9386  42.9422  43.8787 0.681984  0.425132  0.593913 -0.044352  0.00244143 0.000729552 -0.00601408  0.0175618 -0.0100912 0.00844196 1 0 0
              110.79 -0.868738   11.7751  -32.1992 42.9991 43.9348 0.67199   0.525351   0.602949 -0.0208355  0.00238832 0.000718349 -0.00600923   0.016519 -0.0103386 0.00877598 1 0 0
              110.79 -1.14264  11.7154 -32.3092  42.9996  43.9283 0.669557  0.532275  0.526004 -0.049329  0.00246195 0.000730703 -0.00597541   0.0158752 -0.00956616  0.00902186 1 0 0
              110.89 -0.381053   11.2426  -33.8951  43.0587  43.9649 0.679428  0.604721  0.408242 0.0833659  0.00241501 0.000737849 -0.00594801   0.0153349 -0.00887989  0.00823489 1 0 0
              110.89 -0.35147  11.3013  -33.862  43.0553  43.9745 0.681012  0.565117  0.523054 0.0999645  0.00240888 0.000718271 -0.00595827   0.0165676 -0.00983218  0.00824587 1 0 0
             110.992 0.532555  12.3581 -34.3544  43.1141  44.0393 0.677929  0.527797  0.539317 0.0149928  0.00235092 0.000697572 -0.00597175  0.0167793 -0.0107106 0.00919571 1 0 0
             110.992 0.338011  12.4153 -34.3179  43.1105  44.0372 0.675727   0.484752   0.514069 -0.0108784  0.00240983 0.000681678 -0.00598278  0.0169824 -0.0101249 0.00958506 1 0 0
              111.09 0.167414  12.3504  -35.322  43.1645  44.0747 0.694351 0.512292 0.404674 0.050028   0.0023904 0.000676255 -0.00593541   0.0163926 -0.00988476  0.00783775 1 0 0
              111.09 0.0262324   12.1842  -35.0872  43.1587  44.0774 0.692205  0.445162  0.440022 0.0252814  0.00245032 0.000740795 -0.00600783   0.0172053 -0.00974662  0.00832704 1 0 0
              111.19 -0.32249  13.6947 -35.3161  43.1974  44.1206 0.654935  0.403315  0.408324 -0.220422  0.00241348 0.000717223 -0.00603965   0.0170631 -0.00966585    0.010811 1 0 0
              111.19 -0.412034   13.7813   -35.532  43.1999  44.1214 0.657699  0.433893  0.418825 -0.188651  0.00242562 0.000689403 -0.00597298   0.0169283 -0.00999693   0.0103561 1 0 0
              111.29 -0.825095   14.3242   -35.541  43.2469  44.1565 0.661473  0.495796  0.351974 -0.103584  0.00241913  0.00073605 -0.00597555   0.016984 -0.0097412 0.00861443 1 0 0
              111.29 -0.839349   14.4576  -35.4329  43.2479  44.1548 0.660495  0.507422   0.33098 -0.114806  0.00243198 0.000694048  -0.0060093   0.0166934 -0.00961119  0.00869385 1 0 0
              111.39 -1.38394  14.7107 -36.4336  43.3136  44.1826 0.661401   0.658666   0.285129 -0.0589629  0.00243871 0.000697868 -0.00598934   0.0161472 -0.00980372  0.00762573 1 0 0
              111.39 -1.40307  14.6422 -36.4576   43.313  44.1877 0.660629   0.650111   0.346437 -0.0670281  0.00244414 0.000720207 -0.00598192  0.0166464 -0.0103656 0.00785422 1 0 0
              111.49 -1.86265  15.1599 -37.2556  43.3839  44.2211 0.655134   0.766586   0.325032 -0.0222829  0.00244414 0.000720207 -0.00598192  0.0166464 -0.0103656 0.00785422 1 0 0
              111.49 -1.92355  15.1302 -37.2472  43.3802  44.2228 0.654249   0.723536   0.346663 -0.0326401  0.00246493 0.000730489 -0.00598444  0.0171861 -0.0102523 0.00814492 1 0 0
              111.59 -2.21191  15.6051  -38.168  43.4521   44.262 0.633873   0.742855   0.393046 -0.0318341  0.00244537 0.000719289 -0.00596852  0.0171391 -0.0103374 0.00974469 1 0 0
              111.59 -2.12544  15.5858  -38.032  43.4556  44.2637 0.637444  0.783796  0.412479 0.0097947  0.00242958 0.000726649 -0.00601032  0.0170398 -0.0108358 0.00913016 1 0 0
              111.69 0.586505    16.47 -35.9229  43.5361  44.2913 0.657017 0.758247 0.385368 0.205661  0.00243288 0.000734265  -0.0060009  0.0163193 -0.0100736 0.00813848 1 0 0
              111.69 0.810546  16.5225 -35.5944  43.5306  44.2924 0.657281 0.692536 0.397713 0.208034  0.00238905 0.000718675  -0.0061007  0.0170404  -0.009707 0.00832783 1 0 0
              111.79  1.00645  15.1996 -33.7063  43.5936  44.3318 0.678999 0.566537 0.381904 0.206213  0.00238905 0.000718675  -0.0061007  0.0170404  -0.009707 0.00832783 1 0 0
              111.79 0.653314  14.9934 -33.8779  43.5919  44.3331 0.677747 0.546551 0.398598 0.192246  0.00248535 0.000787222 -0.00604691   0.0172783 -0.00968986  0.00858937 1 0 0
              111.89 0.552122  13.1341 -31.8681  43.6352  44.3839 0.692744  0.450104  0.433031 0.0945553  0.00247723 0.000783804 -0.00603787  0.0180996 -0.0100495 0.00885686 1 0 0
              111.89 0.585936   13.126 -31.7674  43.6372  44.3801 0.692121  0.472246  0.387684 0.0872877  0.00247583 0.000785475 -0.00606981   0.0175355 -0.00973216   0.0087955 1 0 0
              111.99 -0.230243   12.6958  -31.1868 43.6943  44.403 0.68698    0.55426   0.275988 -0.0566743   0.0024729  0.00076695 -0.00605555   0.0164703 -0.00922769  0.00907726 1 0 0
              111.99 -0.350566   12.8799  -31.2738  43.6912  44.4039 0.684492   0.519269   0.286513 -0.0850919   0.0025047 0.000708227 -0.00602849   0.0168419 -0.00908914  0.00954195 1 0 0
              112.09 -1.40539  13.5233 -31.5415  43.7429  44.4401 0.670352  0.480133  0.349044 -0.135503  0.00250577  0.00068672 -0.00603896   0.0169224 -0.00958523  0.00980458 1 0 0
              112.09 -1.41977  13.4505 -31.6661  43.7477  44.4422 0.670659  0.537882  0.373618 -0.130618  0.00250577 0.000705072 -0.00600076  0.0164821 -0.0102247 0.00963408 1 0 0
              112.19 -1.81385  13.3378 -32.0025  43.8053  44.4826 0.658995  0.533007  0.457264 -0.137898  0.00248036 0.000729304 -0.00601169  0.0161693 -0.0103831 0.00939171 1 0 0
              112.19 -1.75917  13.4429 -31.9532  43.8038  44.4888 0.663701   0.515801    0.53372 -0.0842291  0.00248115 0.000710104 -0.00602337   0.016979 -0.0110405 0.00887762 1 0 0
              112.29 -1.70149  13.1664 -31.0706  43.8387  44.5499 0.670618 0.403995 0.653269  0.01256  0.00247083 0.000743802 -0.00604067  0.0181094 -0.0106164  0.0081314 1 0 0
              112.29 -1.72502  13.1482 -31.0785  43.8395  44.5445 0.668175   0.414948    0.58604 -0.0149411  0.00246507 0.000738007 -0.00604183   0.017493 -0.0100021 0.00836595 1 0 0
              112.39 -0.957755   11.9703  -31.2669 43.8857  44.597 0.66777  0.504421  0.557915 0.0633919  0.00244336 0.000734081 -0.00605943   0.0170483 -0.00965291  0.00847617 1 0 0
              112.39 -0.922604   11.8973  -31.4068  43.8871  44.5951 0.665353  0.520426  0.534217 0.0356236  0.00242078 0.000748751  -0.0060175    0.016656 -0.00952204  0.00875043 1 0 0
              112.49  1.07617  12.3952 -30.8648  43.9506  44.6405 0.666741  0.619408  0.479917 0.0772482  0.00238133 0.000734695 -0.00605333    0.015937 -0.00934843  0.00906678 1 0 0
              112.49 0.885151  12.5331 -30.8991  43.9495  44.6447 0.666146  0.607318  0.531241 0.0711516  0.00244904 0.000703437 -0.00604159   0.0163718 -0.00978459  0.00923013 1 0 0
              112.59  1.33615  12.7982 -31.8786  43.9992  44.7025 0.673741  0.469189  0.530981 0.0475757   0.0024482 0.000690401  -0.0060783  0.0169015 -0.0100101 0.00928993 1 0 0
              112.59  1.35184  12.5902 -32.1211  43.9985   44.705 0.674353  0.459885  0.561615 0.0546582  0.00243333 0.000761895 -0.00600447  0.0171823 -0.0102683 0.00926483 1 0 0
              112.69  1.80531  12.5472 -30.5309  44.0524  44.7469 0.687674   0.52874  0.424136 0.0314354   0.0024245 0.000772784 -0.00607843   0.0165933 -0.00989097  0.00829464 1 0 0
              112.69  1.50829  12.7196 -30.5303  44.0487  44.7508 0.686042  0.487837  0.471755 0.0134758  0.00252013 0.000734353 -0.00607537  0.0172748 -0.0100881 0.00868425 1 0 0
              112.79 -0.198687    13.886  -31.6033   44.082  44.8086 0.660141  0.390508  0.488437 -0.167178  0.00249798 0.000729211 -0.00606642  0.0182308 -0.0102609  0.0105449 1 0 0
              112.79 -0.177938   13.8141  -31.8224  44.0874  44.8041 0.658515   0.45358  0.433976 -0.185502  0.00247347 0.000732793 -0.00600148  0.0171905 -0.0100877  0.0105402 1 0 0
              112.89 -0.601436   14.3724  -31.8233  44.1334  44.8454 0.663657   0.465685   0.414037 -0.0980111   0.0024736 0.000737375 -0.00600176  0.0174748 -0.0100981 0.00882936 1 0 0
              112.89 -0.565001   14.3994  -31.7189  44.1379    44.84 0.661877   0.51711  0.348848 -0.118452  0.00246211 0.000709827 -0.00603451  0.0164944  -0.009759 0.00884986 1 0 0
              112.99 -0.44122  14.7221 -31.8782  44.1979  44.8745 0.657477    0.62454   0.366585 -0.0734282  0.00245617 0.000704274  -0.0060416   0.0162937 -0.00982855  0.00827449 1 0 0
              112.99 -0.473509   14.7042  -31.8798 44.1981  44.875 0.65652   0.626664   0.372613 -0.0842386  0.00246759 0.000710103 -0.00604078   0.0162747 -0.00990362  0.00840875 1 0 0
             113.091 -1.4373 14.6761 -31.936  44.2588  44.9308 0.645237   0.642621   0.480002 -0.0556721  0.00247282 0.000725472 -0.00607486  0.0171119 -0.0106782 0.00897879 1 0 0
             113.091 -1.56832  14.6561 -32.0061    44.26  44.9298 0.646555   0.656865   0.469332 -0.0409912  0.00250801 0.000727698 -0.00605281   0.016948 -0.0106446 0.00874203 1 0 0
              113.19 -0.222382   14.8383  -31.4246 44.3063  44.983 0.64985  0.574495  0.534295 0.0703285  0.00247151 0.000747337 -0.00603386  0.0182499   -0.01025 0.00888242 1 0 0
              113.19 -0.154951   14.8083  -31.2892  44.3145  44.9775 0.650215  0.671386  0.466025 0.0750635  0.00246083 0.000745463 -0.00607581  0.0168367   -0.01017 0.00844516 1 0 0
              113.29  1.80684  15.0652 -29.1778  44.3842  45.0242 0.660526 0.711722 0.455161 0.117603  0.00246083 0.000745463 -0.00607581  0.0168367   -0.01017 0.00844516 1 0 0
              113.29 1.89249 15.0863  -29.04  44.3872  45.0202 0.658924   0.74727  0.405768 0.0996176  0.00244601 0.000736473 -0.00611965   0.0160912 -0.00987888  0.00848971 1 0 0
              113.39  1.25404  15.1479 -27.2264   44.448  45.0566 0.666364  0.584127  0.349927 0.0978747  0.00248559 0.000707142 -0.00614417  0.0165015 -0.0094242 0.00880744 1 0 0
              113.39  1.10026  15.0317 -27.3537  44.4483  45.0575 0.664343   0.58652  0.361246 0.0749824  0.00252338 0.000746403 -0.00610594   0.0164492 -0.00953972  0.00910903 1 0 0
              113.49  1.34283  14.1733 -26.3842  44.4942  45.1171 0.666058   0.483818   0.460018 0.00641859  0.00249191 0.000756384 -0.00613025  0.0176553 -0.0108607 0.00982558 1 0 0
              113.49  1.31724   14.145 -26.4657  44.4986  45.1125 0.665382    0.534764    0.405458 -0.00111546  0.00249459 0.000764548 -0.00610551  0.0167681 -0.0105342 0.00967886 1 0 0
              113.59 0.465156  13.3674 -27.1534  44.5328  45.1342 0.675844    0.451548    0.286293 -0.00671356  0.00249318 0.000767217 -0.00607561   0.0177751 -0.00879461  0.00883964 1 0 0
              113.59 0.360858  13.3288  -27.199   44.541  45.1355 0.676435   0.549614   0.303116 0.00119112  0.00252263 0.000779942  -0.0060606   0.0167916 -0.00953434  0.00850032 1 0 0
              113.69 -0.953568   13.6411  -28.0285  44.5961  45.1801 0.661056  0.525416  0.397425 -0.105538  0.00253746 0.000763873 -0.00604791   0.016913 -0.0104004 0.00946305 1 0 0
              113.69 -0.931301   13.8027  -28.0064  44.5958    45.18 0.662145   0.522864   0.395308 -0.0930574   0.0025317 0.000712246 -0.00605517  0.0169831 -0.0103646 0.00931241 1 0 0
              113.79 -1.87366  13.4623 -28.8975  44.6425  45.2255 0.664562   0.466722     0.4892 -0.0342232  0.00253435 0.000698991 -0.00606511  0.0174436 -0.0104154 0.00859368 1 0 0
              113.79 -1.87715  13.3391 -28.9297  44.6423  45.2259 0.664305   0.464542    0.49479 -0.0372081   0.0025334 0.000738388 -0.00605396  0.0174785 -0.0104655 0.00864005 1 0 0
             113.892 -1.47128  12.9544 -28.0254  44.6893  45.2879 0.662462   0.460708    0.63876 -0.0387842  0.00251394 0.000740334  -0.0060697  0.0177206  -0.010796 0.00846812 1 0 0
             113.892 -1.43573  12.9102 -27.8752 44.6911 45.2864 0.66093    0.48231   0.618941 -0.0559679  0.00251304  0.00075389 -0.00611474  0.0173081 -0.0107151 0.00860637 1 0 0
              113.99  -1.0556   12.754 -28.2412  44.7216  45.3526 0.646618   0.419676   0.681039 -0.0286194  0.00247371 0.000729855 -0.00611214  0.0182756 -0.0103151  0.0097679 1 0 0
              113.99 -1.16304  12.7793 -28.2488  44.7308  45.3492 0.645697   0.531806   0.639389 -0.0389648  0.00251016 0.000704841 -0.00610844  0.0168342 -0.0104861 0.00956823 1 0 0
              114.09 -0.0937421    13.1013   -28.3259  44.7769  45.4001 0.660208 0.514732 0.555347 0.123809   0.0024608 0.000715073 -0.00609133  0.0172231 -0.0094165   0.008761 1 0 0
              114.09 -0.144795   13.0519  -28.2991  44.7835  45.4021 0.661947  0.59492 0.580402 0.145122  0.00247954 0.000729352 -0.00610055  0.0165494 -0.0101575 0.00830385 1 0 0
              114.19 0.930664  13.2232 -28.2204  44.8278  45.4658 0.664522  0.433802  0.576617 0.0561997  0.00246482 0.000682662 -0.00615524  0.0172065 -0.0103631 0.00932944 1 0 0
              114.19 0.849623  13.1488 -28.3681  44.8289   45.467 0.663556  0.446795  0.592428 0.0454103  0.00247992  0.00070673 -0.00610916  0.0171151 -0.0106099 0.00945405 1 0 0
              114.29   1.4896  12.1225 -27.3926 44.8529 45.5035 0.69942 0.394878 0.408054  0.14305  0.00246342 0.000724666 -0.00611792   0.0184354 -0.00862995  0.00716718 1 0 0
              114.29  1.34531  11.9349 -27.4284   44.861  45.5081 0.699518 0.492369 0.465758 0.146059  0.00250604 0.000786057  -0.0061083   0.0176823 -0.00986117  0.00698251 1 0 0
              114.39 -0.395192   13.6322  -27.8533  44.9284  45.5676 0.640483  0.581684  0.484349 -0.273116  0.00250568 0.000715448 -0.00616331  0.0161206 -0.0114183  0.0117275 1 0 0
              114.39 -0.597011   13.7173   -28.075  44.9277  45.5696 0.641608  0.574739  0.509551 -0.260298  0.00255428  0.00068845 -0.00609494  0.0163831 -0.0116471  0.0116203 1 0 0
              114.49 -1.04639  13.7333 -28.4559  44.9571   45.595 0.657973   0.420533   0.354951 -0.0583521  0.00256203  0.00072796 -0.00609647   0.0178403 -0.00935135   0.0088081 1 0 0
              114.49 -0.873995   13.7713   -28.466    44.96   45.602 0.659703   0.455781   0.439745 -0.0375835  0.00250672 0.000715007 -0.00609444  0.0180063 -0.0105325 0.00855495 1 0 0
             114.591 -0.699567   13.7943  -28.2184  45.0054   45.647 0.656629   0.510225   0.475776 -0.0521555  0.00250109 0.000721098 -0.00612846 0.0182602 -0.010317 0.0084199 1 0 0
             114.591 -0.668476   13.7354  -28.2864  45.0057  45.6484 0.652909   0.513189   0.492642 -0.0946284  0.00248624 0.000739578 -0.00610712  0.0181886 -0.0105402 0.00897126 1 0 0
              114.69 -1.73057  13.7186 -27.5484  45.0629   45.712 0.637816   0.602093   0.593837 -0.0594344  0.00250935 0.000719206 -0.00612613  0.0182948 -0.0113898 0.00962366 1 0 0
              114.69 -1.81393  13.7055 -27.4869  45.0683  45.7075 0.635697   0.666565   0.539089 -0.0830043  0.00254066 0.000719733 -0.00614395  0.0172077 -0.0111517 0.00967488 1 0 0
              114.79 -0.982306   13.8355  -26.9753  45.1315  45.7481 0.642941   0.67447  0.484661 0.0798302  0.00253627 0.000722791 -0.00612026   0.017257 -0.0100888 0.00901203 1 0 0
              114.79 -0.859163   13.8357  -26.9455  45.1318  45.7464 0.641203   0.67706  0.462555 0.0600775  0.00249903 0.000722354 -0.00612935   0.0170431 -0.00987699  0.00923555 1 0 0
              114.89   1.5847  14.5442 -24.0276  45.1975  45.8023 0.649653 0.653832 0.502508 0.105377   0.0024579 0.000733408 -0.00614753  0.0175185 -0.0103751 0.00943525 1 0 0
              114.89  1.77368  14.6571 -23.8045  45.1966   45.804 0.651721 0.644635 0.522468 0.129151  0.00241549 0.000695172  -0.0062151  0.0178161 -0.0105655 0.00918478 1 0 0
              114.99 1.09133 13.7466 -22.527  45.2526  45.8441 0.667205 0.509317 0.408041 0.116249  0.00242994 0.000699941 -0.00621538   0.0177553 -0.00993168  0.00881948 1 0 0
              114.99 0.698563  13.5593 -22.7218  45.2531  45.8455 0.666856 0.515074  0.42653 0.112734  0.00254009 0.000763583 -0.00615522  0.0177468 -0.0101367 0.00887494 1 0 0
              115.09  1.03913  13.0929 -22.1631  45.2954  45.8847 0.673176  0.446913  0.360903 0.0482168  0.00254548 0.000736141 -0.00616366  0.0181005 -0.0100144  0.0091587 1 0 0
              115.09  1.19658  13.1423 -22.2036  45.2953  45.8849 0.671747  0.444391  0.363382 0.0317375  0.00249157 0.000720494 -0.00615105   0.018093 -0.0100444 0.00937874 1 0 0
              115.19 0.558073  12.6242 -23.1509  45.3382  45.9091 0.677058   0.449649   0.282534 -0.0261894  0.00251483 0.000746343 -0.00614864   0.0181471 -0.00926226   0.0089054 1 0 0
              115.19 0.474434   12.658 -23.3208  45.3381  45.9132 0.677116   0.449606   0.332329 -0.0251105  0.00252917 0.000735527 -0.00609532    0.018378 -0.00985311  0.00895544 1 0 0
             115.292 -0.904841    13.566  -24.6687  45.3833   45.959 0.668506   0.411848   0.429855 -0.0696165  0.00254332 0.000710987 -0.00607995  0.0184804 -0.0105329 0.00926362 1 0 0
             115.292 -0.930189   13.6121  -24.6421   45.387  45.9619 0.666453   0.454672   0.465324 -0.0920409  0.00255554 0.000694509 -0.00608724  0.0180943 -0.0111563 0.00948129 1 0 0
              115.39 -1.21153  13.4738 -25.3712  45.4211  45.9946 0.656402  0.367977  0.469005 -0.101517  0.00255228   0.0006757 -0.00610746   0.0181011 -0.00979569  0.00958776 1 0 0
              115.39 -1.10595  13.3685 -25.3913  45.4228  45.9998 0.656633   0.387553   0.533453 -0.0982138  0.00252477 0.000709726 -0.00609821  0.0182013 -0.0106284 0.00954847 1 0 0
              115.49 -1.00916  13.1706 -25.0813  45.4626  46.0781 0.647458  0.408638  0.735561 -0.092188  0.00251787 0.000727497 -0.00610383  0.0187679 -0.0118578 0.00954547 1 0 0
              115.49 -1.00592  13.1869  -24.996  45.4654  46.0718 0.645955  0.442971  0.656863 -0.108044  0.00252464 0.000724471 -0.00613037  0.0179139 -0.0111186 0.00957816 1 0 0
              115.59 -0.551238   12.9349  -25.6436  45.5001  46.1135 0.650307   0.42191  0.549161 0.0521704  0.00255571 0.000697955 -0.00611956   0.0180104 -0.00908366  0.00891583 1 0 0
              115.59 -0.507939   12.8617  -25.7457  45.5054  46.1174 0.652148  0.483942   0.59661 0.0747769  0.00253602 0.000719761 -0.00608676   0.0176146 -0.00995122  0.00849673 1 0 0
              115.69    0.996  13.1607 -25.7356  45.552 46.1765 0.66308 0.482695 0.597234 0.123116  0.00251477 0.000702893 -0.00609337     0.01782 -0.00978849  0.00851805 1 0 0
              115.69 1.11489 13.0888  -25.73  45.5535  46.1803 0.661964 0.500263 0.644083 0.110896  0.00247782 0.000725307  -0.0060949  0.0178249 -0.0104334 0.00867686 1 0 0
              115.79  1.65911  13.3819 -26.1396  45.5945  46.2483 0.654031     0.38738     0.64164 -0.00978725  0.00247213  0.00068824 -0.00609215 0.0179541 -0.010612 0.0100586 1 0 0
              115.79  1.54846  13.2851 -26.1667  45.5955  46.2501 0.654531    0.398344     0.66444 -0.00381909   0.0025056 0.000719013 -0.00608432  0.0179603 -0.0109258 0.00998682 1 0 0
              115.89  1.61027  12.8219 -25.3898  45.6248   46.307 0.674472   0.40088  0.550982 0.0524616  0.00249851 0.000728503 -0.00610068  0.0189763 -0.0102509 0.00849667 1 0 0
              115.89  1.52865  12.7596 -25.3377  45.6272  46.3036 0.668443  0.426547  0.510215 -0.015432  0.00252768 0.000747704 -0.00611824   0.0182594 -0.00989179  0.00922974 1 0 0
              115.99 0.175779  14.0223 -25.7876  45.6731  46.3539 0.628959  0.444547  0.470338 -0.246757  0.00252964 0.000743795 -0.00609663  0.0176429 -0.0100293  0.0116241 1 0 0
              115.99 0.0975016   14.2794  -25.8047  45.6743  46.3554 0.634378  0.461162  0.489465 -0.185392  0.00255322 0.000661639 -0.00609092  0.0177562 -0.0103543  0.0108321 1 0 0
              116.09 -0.830816   14.7108  -25.6196 45.7147 46.3968 0.66162  0.436895  0.441124 0.0357335  0.00258714 0.000673986 -0.00608375   0.0185908 -0.00982069  0.00766653 1 0 0
              116.09 -0.768162   14.5956  -25.4896   45.717  46.3965 0.661205  0.462811  0.438008 0.0314628  0.00257739 0.000711176 -0.00612342   0.0182571 -0.00993054  0.00763952 1 0 0
              116.19 -0.838757   14.6245  -25.4565  45.7478  46.4483 0.648011   0.417645   0.502539 -0.0682207  0.00254488 0.000694012 -0.00610865    0.019237 -0.00983225  0.00899772 1 0 0
              116.19 -0.833703   14.5584  -25.4687  45.7536  46.4464 0.646126   0.484477   0.479664 -0.0886467  0.00254253 0.000713577 -0.00610401   0.0182947 -0.00992824  0.00902109 1 0 0
              116.29 -1.19147   14.395 -24.9747  45.8139  46.4883 0.636765   0.623146    0.44902 -0.0617809  0.00253274 0.000708697 -0.00612846   0.0176237 -0.00970336   0.0089673 1 0 0
              116.29 -1.30309  14.3941 -25.0232  45.8117  46.4909 0.636934   0.596603     0.4819 -0.0597859  0.00256479 0.000709279 -0.00611353   0.0180978 -0.00993319  0.00906118 1 0 0
              116.39 -1.00447  14.6828 -25.4875 45.8733 46.5414 0.62755 0.638685 0.492205 0.018942  0.00256792 0.000708017 -0.00610299  0.0180893 -0.0100766 0.00968078 1 0 0
              116.39 -0.866761   14.6687  -25.5052   45.873  46.5445 0.628291  0.635116  0.530533 0.0279152  0.00252273 0.000712492 -0.00609741  0.0183512 -0.0105146 0.00961534 1 0 0
              116.49  1.38791  14.8828 -24.7092  45.9378  46.5969 0.636921 0.649264 0.516056 0.117524  0.00252273 0.000712492 -0.00609741  0.0183512 -0.0105146 0.00961534 1 0 0
              116.49  1.63567  14.8567 -24.5726  45.9345  46.5959 0.635674 0.609051 0.501507 0.102375  0.00245333 0.000721002 -0.00613895  0.0186667 -0.0101666 0.00991087 1 0 0
              116.59  1.56506  14.1695 -24.5972  45.9811  46.6407 0.647782  0.450602  0.442705 0.0885513  0.00247104 0.000722219 -0.00613506  0.0192087 -0.0097074 0.00979607 1 0 0
              116.59   1.2826  14.0487 -24.7177   45.988  46.6406 0.648849 0.535411 0.442542 0.102485  0.00255318  0.00076033 -0.00609907  0.0182888 -0.0101295 0.00937684 1 0 0
             116.691  1.00414  12.9453 -24.5695  46.0297  46.6894 0.662133  0.453188  0.445847 0.0656484  0.00255868 0.000760695 -0.00612077  0.0190959 -0.0102806 0.00919658 1 0 0
             116.691  1.00728  12.9187 -24.6594 46.0339 46.6868 0.65955   0.50295   0.41475 0.0370193  0.00255079 0.000769411 -0.00609325  0.0182751 -0.0101674 0.00937668 1 0 0
             116.791 -0.0950641    12.7558    -25.691  46.0803  46.7099 0.658753   0.487022    0.32757 -0.0572906  0.00257606 0.000770343 -0.00607901   0.0181094 -0.00878911  0.00924254 1 0 0
             116.791 -0.116568   12.9356  -25.7316 46.0804  46.716 0.65987   0.489145   0.401725 -0.0437258  0.00258123 0.000713131 -0.00606566  0.0185182 -0.0096688 0.00916623 1 0 0
              116.89 -2.07466  13.3266 -27.0252 46.1255 46.7655 0.65288   0.424893   0.499777 -0.0628951  0.00258344 0.000705703 -0.00608268  0.0187709 -0.0100971 0.00930293 1 0 0
              116.89 -2.16226   13.291 -27.1195  46.1241  46.7675 0.650112   0.407662   0.523792 -0.0952452   0.0026057 0.000716687 -0.00605345  0.0189965 -0.0102742 0.00978582 1 0 0
              116.99 -2.08846  12.9878 -27.2479  46.1627  46.8371 0.642778   0.37305  0.688582 -0.085894  0.00259522 0.000703782 -0.00605562  0.0193601  -0.011077 0.00971947 1 0 0
              116.99 -1.85624  12.9324 -27.1178   46.167  46.8339 0.641155  0.423594  0.648482 -0.103591  0.00252969 0.000722714 -0.00609494  0.0185106 -0.0109341 0.00976992 1 0 0
              117.09 -1.20122  12.7654 -26.1666 46.2127 46.8968 0.63366   0.451745   0.691063 -0.0792273  0.00249938 0.000734004 -0.00609441  0.0182013 -0.0105944 0.00951172 1 0 0
              117.09 -1.33299  12.7827 -26.0295  46.2105   46.894 0.631752  0.424563  0.657504 -0.101931  0.00255088  0.00072968 -0.00613785  0.0182482 -0.0100562 0.00985056 1 0 0
              117.19 -1.57998  12.0148  -28.016  46.2431  46.9352 0.636432  0.403974   0.51277 0.0790385  0.00256597 0.000744173 -0.00613672   0.0183391 -0.00816932  0.00930355 1 0 0
              117.19  -1.5105  12.0957 -28.2816  46.2413  46.9447 0.637303 0.381657 0.628233 0.090218  0.00252645 0.000715486 -0.00605377   0.0192532 -0.00937793  0.00932024 1 0 0
              117.29  0.73789  13.2977 -28.1849  46.2797  47.0292 0.650955 0.352374 0.732884 0.148729  0.00249813 0.000703649 -0.00606981  0.0199352 -0.0107647 0.00941951 1 0 0
              117.29 0.798972  13.3983 -27.9658   46.283  47.0257 0.646276  0.391543  0.688533 0.0947994  0.00249206 0.000670713 -0.00613937  0.0191161 -0.0105237 0.00997571 1 0 0
              117.39  2.28996    12.57 -28.8858  46.3249  47.0643 0.650977   0.372549   0.520502 0.00203917  0.00246371 0.000698076 -0.00612848   0.0177319 -0.00895538  0.00974178 1 0 0
              117.39   2.1575  12.2578 -28.9311 46.3229 47.0694 0.65081     0.347301      0.58401 -0.000350188   0.0025041 0.000798985 -0.00611449   0.0183489 -0.00950305   0.0099272 1 0 0
              117.49  1.20479  12.7418 -27.6616  46.3671  47.1461 0.652509   0.434186   0.639382 -0.0235396  0.00253479 0.000791686 -0.00614287  0.0187334 -0.0110213 0.00974534 1 0 0
              117.49 0.831453  13.0182 -27.6918  46.3645  47.1485 0.651053   0.404624   0.670822 -0.0411483  0.00265293 0.000703875 -0.00613135  0.0192249 -0.0111438  0.0100967 1 0 0
             117.591 -0.303346   13.4608  -27.7995  46.4036  47.1799 0.649042   0.382423   0.450209 -0.0478897  0.00265808 0.000696411 -0.00612612   0.0182077 -0.00903146  0.00951798 1 0 0
             117.591 -0.0545883    13.3683    -27.748  46.4005  47.1897 0.648743   0.344592   0.567777 -0.0511572  0.00258267 0.000727363  -0.0061446  0.0192848 -0.0101673 0.00982752 1 0 0
              117.69 -0.101404   12.9775  -27.2604  46.4373  47.2736 0.647331   0.399452   0.707211 -0.0715957  0.00255912 0.000717914 -0.00615862 0.0202237 -0.012017 0.0096225 1 0 0
              117.69 -0.199194   12.8905  -27.2518  46.4417  47.2682 0.643574  0.450413  0.643292 -0.113595  0.00258995 0.000743125 -0.00616128  0.0191589 -0.0115857 0.00993608 1 0 0
              117.79 -1.09262  13.1546 -26.9424 46.4946 47.3052 0.62205  0.572893  0.502727 -0.181449  0.00258059 0.000740971 -0.00615028    0.018028 -0.00991845    0.010284 1 0 0
              117.79 -1.15877  13.2659 -26.9212  46.4924  47.3086 0.622304  0.547777  0.543621 -0.178825  0.00260322 0.000705396 -0.00615796  0.0185587 -0.0102359  0.0103689 1 0 0
             117.891 -2.14535  13.8427 -27.4152  46.5435   47.358 0.620597  0.565831  0.504791 -0.041281  0.00260078 0.000714538 -0.00614864   0.0190856 -0.00966685  0.00954263 1 0 0
             117.891 -2.10852  13.9503 -27.4293  46.5461  47.3634 0.621703   0.596656   0.571063 -0.0283936  0.00259029 0.000680746 -0.00614618  0.0191614 -0.0105982 0.00935736 1 0 0
              117.99 0.719903  14.5658 -26.5063   46.609  47.4092 0.626044 0.630954 0.530052 0.101146   0.0025656  0.00068724 -0.00613115   0.0186007 -0.00990585  0.00918317 1 0 0
              117.99  1.01339  14.5386 -26.2781  46.6058  47.4131 0.624964   0.59298  0.576099 0.0885335  0.00249133 0.000700209 -0.00620033  0.0192216 -0.0102481  0.0094963 1 0 0
             118.091 2.12437 15.5152 -24.659 46.6641 47.4718 0.63679 0.534417 0.562134 0.117865  0.00249133 0.000700209 -0.00620033  0.0192216 -0.0102481  0.0094963 1 0 0
             118.091  1.78142  15.4999 -24.7364 46.6647 47.4728 0.63411  0.541405  0.575072 0.0883059  0.00259409 0.000707076 -0.00617743  0.0191097 -0.0103957  0.0098734 1 0 0
              118.19  1.90651  14.8916 -23.1381  46.7125   47.522 0.641321  0.439499  0.484751 0.0777093  0.00258153 0.000727354 -0.00616952  0.0189088 -0.0100336 0.00997939 1 0 0
              118.19 2.00134 14.8264 -22.986   46.713  47.5247 0.642341  0.445048  0.517808 0.0890203  0.00256554 0.000747561 -0.00621649  0.0190441 -0.0104578 0.00988252 1 0 0
             118.291 2.39891 13.5338 -22.606  46.7621  47.5699 0.649252     0.513707     0.444058 -0.000427058  0.00256724 0.000775959 -0.00620392  0.0188564 -0.0103191 0.00961525 1 0 0
             118.291  2.36212  13.6805 -22.7042  46.7559  47.5707 0.644507  0.442235  0.452016 -0.055398  0.00256933 0.000731873 -0.00617192  0.0195429 -0.0100318  0.0105327 1 0 0
              118.39 0.967252  14.0981 -23.4491  46.802  47.598 0.64016   0.448438   0.359805 -0.0918196  0.00258496 0.000742087 -0.00616827   0.0191484 -0.00896189    0.010026 1 0 0
              118.39 0.792258  14.2827 -23.6541  46.8016  47.6047 0.638692  0.444797  0.438921 -0.107838  0.00262778 0.000684802  -0.0061028    0.019522 -0.00985861   0.0103732 1 0 0
             118.491 -1.10611  13.9489 -25.0652  46.8489   47.657 0.643505   0.430591   0.518852 -0.0443651  0.00265361 0.000691894 -0.00609179  0.0196118 -0.0104349 0.00923286 1 0 0
             118.491 -1.05444  13.8226 -25.0494  46.8521  47.6631 0.643586   0.467798   0.593469 -0.0420933  0.00263863 0.000731303 -0.00609606    0.01954 -0.0115104 0.00919406 1 0 0
              118.59 -1.33487  13.8614 -25.7828  46.8999  47.7252 0.639118   0.494212   0.650141 -0.0363045  0.00263863 0.000731303 -0.00609606    0.01954 -0.0115104 0.00919406 1 0 0
              118.59 -1.11826  13.9698 -25.6888  46.8976  47.7228 0.633059 0.466385 0.618436 -0.10494   0.0025754 0.000698485 -0.00612674  0.0194785 -0.0110383  0.0101242 1 0 0
              118.69 -0.896336   13.9101  -26.5037  46.9313  47.7627 0.617223   0.413528     0.5134 -0.0840179  0.00256641 0.000685868 -0.00613284   0.0194908 -0.00911003   0.0107846 1 0 0
              118.69 -0.88985   13.835 -26.6223 46.9351 47.7649 0.61842   0.456348   0.539881 -0.0696977  0.00255568 0.000708454  -0.0060953   0.0191891 -0.00964208   0.0104995 1 0 0
              118.79 0.712414  12.9264 -28.1999   46.992  47.8174 0.634179  0.55666 0.531555 0.118812  0.00255756 0.000732582 -0.00607647    0.018933 -0.00974782  0.00917813 1 0 0
              118.79 0.823758  12.9298 -28.1223  46.9923  47.8242 0.632448 0.560406 0.612675 0.100226  0.00252854 0.000730087 -0.00609941  0.0192785   -0.01071 0.00949982 1 0 0
              118.89  1.86138  12.8663 -28.7665 47.0453 47.8922 0.64223  0.497366  0.623478 0.0986283  0.00249162 0.000706855 -0.00610804  0.0195882 -0.0112356 0.00964691 1 0 0
              118.89  1.66201  12.8173 -28.6847  47.0467  47.8913 0.640204  0.513687  0.613785 0.0755315  0.00256115 0.000720775 -0.00613438  0.0192813 -0.0112022 0.00988761 1 0 0
              118.99  1.24155   12.382 -28.7952  47.0924  47.9058 0.657911  0.462518  0.311296 0.0894455  0.00258419 0.000729019 -0.00613133  0.0182653 -0.0083573 0.00871999 1 0 0
              118.99  1.18684  12.3792 -28.7891  47.0854  47.9176 0.656099   0.37943  0.455787 0.0694122  0.00260265 0.000730052 -0.00613176   0.0199896 -0.00945189  0.00941652 1 0 0
              119.09 0.584925  12.5099 -29.6706   47.122  47.9612 0.659756   0.357227   0.422259 0.00780057  0.00260265 0.000730052 -0.00613176   0.0199896 -0.00945189  0.00941652 1 0 0
              119.09 0.547117  12.5814 -29.7584  47.1197  47.9696 0.657656   0.331188   0.525511 -0.0162599  0.00261725 0.000717902 -0.00610405  0.0208381 -0.0104333 0.00994511 1 0 0
              119.19 -0.0493884    12.9654   -30.1105  47.1517  48.0332 0.653568   0.330254   0.580496 -0.0560362  0.00260031 0.000690853 -0.00611636  0.0213483 -0.0111352  0.0100956 1 0 0
              119.19 -0.0550868     12.808   -30.0716 47.1636 48.0292  0.6489  0.466131  0.531557 -0.106363  0.00261003 0.000689746 -0.00612624  0.0195776 -0.0114255  0.0103289 1 0 0
              119.29 -0.555338   12.5944  -30.0677  47.2146  48.0837 0.631277  0.526046  0.558824 -0.152431  0.00261599 0.000693595 -0.00612056  0.0193555 -0.0115235  0.0106921 1 0 0
              119.29 -0.460271   12.6626   -29.939  47.2179  48.0779 0.625254 0.563455 0.487465 -0.21935  0.00258383 0.000652235 -0.00615987  0.0183831 -0.0110172  0.0113177 1 0 0
              119.39 -1.29861  11.8764 -30.1078  47.2744  48.1219 0.608241  0.625083  0.461383 -0.176929  0.00256811 0.000650596 -0.00616404  0.0184898 -0.0105878   0.011035 1 0 0
              119.39  -1.3363  11.7923 -30.1591  47.2724  48.1206 0.607638  0.600563  0.445706 -0.183956    0.002568 0.000679461 -0.00615037 0.0186195 -0.010277 0.0111589 1 0 0
              119.49 -0.884609   11.7495  -30.7232  47.3168  48.1447 0.630013  0.561462  0.322995 0.0729125  0.00254893 0.000703309 -0.00616963   0.0195715 -0.00860423  0.00884985 1 0 0
              119.49 -0.772717   11.9114   -30.781  47.3168  48.1514 0.627817  0.562341  0.403752 0.0481374  0.00253708 0.000667364 -0.00615044   0.0199882 -0.00945172  0.00922097 1 0 0
              119.59 0.995004  13.7448 -30.1813  47.3804  48.1975 0.631083 0.600864 0.445644 0.111541  0.00252615 0.000651295 -0.00616336   0.019787 -0.0099654 0.00956079 1 0 0
              119.59  1.09486  13.7317 -30.1216  47.3835  48.1991 0.630586  0.63634 0.464166 0.106376  0.00251186 0.000647301 -0.00617922  0.0195312 -0.0103788 0.00956547 1 0 0
              119.69  1.65358  13.6778 -29.3232 47.4389 48.2451 0.64361 0.476051 0.465012 0.134576  0.00251186 0.000647301 -0.00617922  0.0195312 -0.0103788 0.00956547 1 0 0
              119.69  1.47884  13.5931 -29.2213   47.433  48.2454 0.638572  0.408471  0.469138 0.0782303  0.00255926 0.000694758 -0.00621075   0.0200527 -0.00999012   0.0103974 1 0 0
              119.79  2.03465  12.2377 -28.0601  47.4738  48.2894 0.642876  0.432381  0.410165 0.0004278  0.00255926 0.000694758 -0.00621075   0.0200527 -0.00999012   0.0103974 1 0 0
              119.79  2.12498  12.0871 -27.9998   47.473  48.2887 0.643468   0.423151   0.401124 0.00693679  0.00253272 0.000739597 -0.00623149   0.0201032 -0.00985233   0.0103237 1 0 0
              119.89  1.12151  12.0555 -28.8699  47.5207  48.3106 0.652762  0.487383  0.311617 -0.016835  0.00254446 0.000708172  -0.0062276   0.0196293 -0.00895388  0.00930514 1 0 0
              119.89  1.07879  12.1432 -29.0962  47.5216  48.3175 0.648318   0.497299   0.392826 -0.0654191  0.00256387 0.000690402  -0.0061583   0.0198583 -0.00984803   0.0100009 1 0 0
             119.991 -0.382171   12.6541  -29.9742  47.5718  48.3588 0.638385 0.484215 0.437751 -0.10457  0.00256387 0.000690402  -0.0061583   0.0198583 -0.00984803   0.0100009 1 0 0
             119.991 -0.469796   12.7056  -29.9733  47.5771  48.3676 0.637289 0.545752 0.541801 -0.11547  0.00261377 0.000671325 -0.00615487  0.0197985 -0.0112992  0.0101485 1 0 0
              120.09 -1.08904  12.7776 -30.4484  47.6303  48.4289 0.631323   0.508029   0.657998 -0.0715707  0.00262818 0.000662896 -0.00615033  0.0198771 -0.0115624 0.00989082 1 0 0
              120.09 -1.01612  12.7256  -30.342  47.6324  48.4315 0.628388  0.532685  0.688765 -0.104684  0.00261686 0.000678926 -0.00617977  0.0197002 -0.0120782  0.0102944 1 0 0
              120.19 -0.38024  12.3024 -29.2486  47.6704  48.4973 0.614686  0.472862  0.751879 -0.126717  0.00257729 0.000701992 -0.00620201  0.0203105 -0.0109718  0.0106426 1 0 0
              120.19 -0.269229    12.317  -29.1102 47.6727 48.4931 0.61423  0.499682  0.701389 -0.131869  0.00254282 0.000680905  -0.0062445  0.0197358 -0.0106269  0.0105903 1 0 0
              120.29 -0.638657   12.0307  -29.6939  47.7117  48.5441 0.620873  0.469073  0.630045 0.0484744  0.0025204 0.00067507 -0.0062659   0.0199592 -0.00902362  0.00961341 1 0 0
              120.29 -0.773398   12.0894  -29.8779  47.7123  48.5453 0.618819  0.476216  0.644231 0.0250282   0.0025547 0.000656785 -0.00621045  0.0199137  -0.009202 0.00989566 1 0 0
              120.39 -0.141552   12.1055  -29.3884  47.7622   48.609 0.626497 0.493795 0.605118 0.106917   0.0025547 0.000656785 -0.00621045  0.0199137  -0.009202 0.00989566 1 0 0
              120.39 0.0221703   12.0644  -29.3046  47.7644  48.6139 0.627917 0.519236 0.664351 0.123785  0.00253405 0.000671207 -0.00623059   0.0200364 -0.00997632  0.00969423 1 0 0
              120.49  0.15789  12.0915 -29.7115  47.8117   48.675 0.638688  0.431328  0.563884 0.0836912  0.00253405 0.000671207 -0.00623059   0.0200364 -0.00997632  0.00969423 1 0 0
              120.49 0.106591  12.1223  -29.823   47.813  48.6768 0.633851  0.446262  0.585678 0.0299841  0.00254855 0.000661118 -0.00619662 0.0198746 -0.010291 0.0103368 1 0 0
              120.59 0.454368  12.3398 -29.3136 47.8595 48.7312 0.63211   0.448012   0.503611 -0.0319651  0.00253112 0.000660748 -0.00619776  0.0196794 -0.0104146  0.0104502 1 0 0
              120.59 0.388064  12.3588 -29.1566   47.863   48.736 0.633784   0.489156   0.562251 -0.0129406  0.00258142 0.000652665 -0.00623993  0.0196498 -0.0112692  0.0102104 1 0 0
              120.69 0.0139532   12.6979  -29.4979  47.9125  48.7917 0.629032   0.501246    0.55531 -0.0863633  0.00258142 0.000652665 -0.00623993  0.0196498 -0.0112692  0.0102104 1 0 0
              120.69 -0.0119602    12.7271   -29.5887  47.9099  48.7888 0.626815  0.469306  0.519844 -0.112218  0.00256918 0.000646559 -0.00621525  0.0197093 -0.0107019  0.0105482 1 0 0
             120.791 -0.692089   13.1149  -29.2027  47.9526   48.825 0.618884  0.465263  0.445618 -0.144091  0.00253612 0.000630965 -0.00623208   0.0195994 -0.00959212   0.0100004 1 0 0
             120.791 -0.755801   13.0694  -29.1937  47.9499  48.8284 0.617369  0.434337  0.485673 -0.161195  0.00256176 0.000658551  -0.0062342   0.0200969 -0.00982368   0.0103281 1 0 0
              120.89 -1.27274  13.3435 -28.9707  47.9959  48.8779 0.601132 0.501127 0.514008 -0.15403  0.00256176 0.000658551  -0.0062342   0.0200969 -0.00982368   0.0103281 1 0 0
              120.89 -1.29366  13.3475 -29.0067  47.9937  48.8802 0.600337 0.475951 0.542435 -0.16308  0.00256961 0.000668536 -0.00622378   0.0204845 -0.00997311   0.0105289 1 0 0
              120.99 -2.17939  13.2305 -29.1519  48.0459  48.9346 0.587893   0.552897   0.534985 -0.0783021  0.00256961 0.000668536 -0.00622378   0.0204845 -0.00997311   0.0105289 1 0 0
              120.99 -2.18014   13.278  -29.107  48.0456  48.9332 0.588001   0.549275   0.518539 -0.0771858   0.0025677 0.000653273 -0.00623808  0.0204363 -0.0097779  0.0105091 1 0 0
              121.09 0.264206  14.0388 -27.9473  48.1092    48.97 0.622551 0.628622 0.455527 0.233502  0.00254719 0.000636659 -0.00623717   0.0200984 -0.00898063  0.00800539 1 0 0
              121.09 0.546845  14.0289 -27.8564  48.1031  48.9717 0.614981 0.558434 0.475197 0.151258  0.00245831  0.00065525 -0.00626435   0.0206829 -0.00885931  0.00920088 1 0 0
              121.19  1.88017  15.1904 -26.0782  48.1572  49.0204 0.632748 0.490594 0.469191 0.183712   0.0024612  0.00064828 -0.00626626  0.0206707 -0.0089051 0.00926289 1 0 0
              121.19  1.75098  15.2692 -25.9752  48.1578  49.0268 0.631097 0.498201 0.546432 0.165064  0.00250868 0.000622723 -0.00629844   0.0209836 -0.00982733  0.00960743 1 0 0
             121.291  1.13522  14.3289 -25.0176  48.2018  49.0787 0.646035 0.395121 0.479786 0.131787  0.00250868 0.000622723 -0.00629844   0.0209836 -0.00982733  0.00960743 1 0 0
             121.291 0.847916  14.0463   -25.21 48.2014 49.0773 0.63653  0.387705  0.464213 0.0248503  0.00258336 0.000716438 -0.00624078   0.0205685 -0.00953306   0.0109609 1 0 0
              121.39  1.18671  12.8474 -24.8033    48.24  49.1218 0.635589   0.410525   0.444989 -0.0531595  0.00258336 0.000716438 -0.00624078   0.0205685 -0.00953306   0.0109609 1 0 0
              121.39  1.37188  12.8695 -24.8107  48.2444  49.1252 0.631138  0.460664  0.486293 -0.102446  0.00252391 0.000709526 -0.00623759  0.0200497 -0.0102953  0.0115163 1 0 0
              121.49 0.544646  12.7166 -25.2973   48.293  49.1759 0.616195  0.495296  0.535737 -0.191406  0.00252391 0.000709526 -0.00623759  0.0200497 -0.0102953  0.0115163 1 0 0
              121.49 0.457564  12.8412  -25.331   48.298  49.1789 0.615907  0.554015  0.573143 -0.195587  0.00254864 0.000669481 -0.00622601  0.0195628 -0.0110452  0.0114765 1 0 0
              121.59 -0.817217   13.3222    -25.43  48.3522  49.2413 0.595624  0.517536  0.665106 -0.199496  0.00254864 0.000669481 -0.00622601  0.0195628 -0.0110452  0.0114765 1 0 0
              121.59 -0.834097    13.419  -25.3647 48.3538  49.243  0.5962  0.536167  0.685504 -0.193354  0.00255873 0.000638548 -0.00624654  0.0194837 -0.0113863  0.0113771 1 0 0
             121.692 -0.809145   12.5431  -24.9126  48.4034   49.284 0.605412   0.521928   0.592798 -0.0319823  0.00257709 0.000681949 -0.00626525   0.0192312 -0.00914666  0.00932833 1 0 0
             121.692 -0.639075   12.5239   -24.922  48.3987  49.2923 0.603133   0.469117   0.689952 -0.0578866  0.00252884  0.00069502 -0.00626228  0.0202571 -0.0100196 0.00989799 1 0 0
              121.79 -1.34358  12.5838 -26.0974  48.4423  49.3546 0.598764  0.480534  0.665927 0.0080621  0.00253324 0.000700356  -0.0062721   0.0203193 -0.00952419   0.0099741 1 0 0
              121.79 -1.46421  12.6933 -26.1999  48.4399  49.3628 0.596999   0.457186   0.765956 -0.0134745  0.00257635 0.000672068  -0.0062389  0.0210231 -0.0105207  0.0103875 1 0 0
              121.89 0.277895  13.1049 -26.8475  48.4876    49.44 0.603385 0.479055 0.753367 0.120602  0.00257635 0.000672068  -0.0062389  0.0210231 -0.0105207  0.0103875 1 0 0
              121.89 0.565134  13.0869 -26.7605  48.4891  49.4433 0.603328 0.494471 0.792208 0.119863  0.00248923 0.000677023 -0.00626618  0.0210551 -0.0110895  0.0103901 1 0 0
              121.99  1.54996  12.9121 -27.8538  48.5299  49.4989 0.610223  0.384181  0.612739 0.0473324   0.0024787 0.000683264 -0.00626781   0.0206108 -0.00969832   0.0106099 1 0 0
              121.99  1.40772  12.8653 -27.9398  48.5319  49.5017 0.610851    0.4056  0.646389 0.0543145   0.0025186 0.000697869 -0.00624096  0.0205749 -0.0101931  0.0105127 1 0 0
              122.09  1.98545  12.8369 -27.3792  48.5724  49.5462 0.619693   0.41616  0.488325 0.0141294  0.00251464 0.000717686 -0.00624207   0.0201892 -0.00913731  0.00981556 1 0 0
              122.09  1.93013  12.9389 -27.2019  48.5726  49.5532 0.618394    0.418794    0.571459 0.000278804  0.00254431 0.000681921 -0.00629635  0.0206168 -0.0101011   0.010135 1 0 0
             122.191 0.420308  13.4865 -28.2461  48.6157  49.6112 0.614199    0.40108    0.54181 -0.0315295  0.00254628 0.000665383 -0.00629197 0.0205298 -0.010416 0.0103416 1 0 0
             122.191 0.205585  13.4473 -28.4875   48.617  49.6113 0.611323   0.415626   0.545184 -0.0631575  0.00259702   0.0006786 -0.00621713  0.0202872 -0.0105074  0.0107225 1 0 0
             122.292 -0.410835   13.2122  -28.1881   48.661  49.6658 0.602513  0.464304  0.537073 -0.116919  0.00259702   0.0006786 -0.00621713  0.0202872 -0.0105074  0.0107225 1 0 0
             122.292 -0.319664    13.144  -27.9656  48.6623   49.667 0.603992 0.479463  0.54978  -0.1007  0.00258516 0.000699689 -0.00628542  0.0202373 -0.0107523  0.0104917 1 0 0
              122.39 -1.20003  13.2461 -27.9841  48.7132  49.7085 0.597982   0.528813   0.494989 -0.0850301  0.00258036  0.00070376 -0.00628596   0.0197606 -0.00998974   0.0100272 1 0 0
              122.39 -1.23236   13.338 -28.0199  48.7117  49.7145 0.597713   0.511632   0.568082 -0.0880647  0.00259228 0.000678282 -0.00627514  0.0203726 -0.0107056  0.0102014 1 0 0
              122.49 -1.67071  13.0483 -27.9821  48.7702  49.7508 0.594759  0.633719  0.431983 -0.025906  0.00258628 0.000676187 -0.00627455   0.0197032 -0.00951555  0.00976439 1 0 0
              122.49 -1.59507  13.0393 -28.0344  48.7601  49.7552 0.592394   0.519969   0.485383 -0.0530759  0.00255787 0.000678699 -0.00625957   0.0211993 -0.00947231   0.0104956 1 0 0
              122.59 -0.302665   13.1315  -28.5082  48.8156   49.801 0.591113  0.585243  0.437707 0.0461898  0.00255787 0.000678699 -0.00625957   0.0211993 -0.00947231   0.0104956 1 0 0
              122.59 -0.184203   13.1188  -28.5349  48.8155  49.8064 0.592104  0.583758  0.503106 0.0572475  0.00251994 0.000683594 -0.00625066  0.0216258 -0.0102116  0.0104212 1 0 0
              122.69  1.55524  14.3884 -27.8104   48.871  49.8562 0.602543 0.499091 0.489609 0.118859  0.00251994 0.000683594 -0.00625066  0.0216258 -0.0102116  0.0104212 1 0 0
              122.69  1.60251  14.4536 -27.6779  48.8745  49.8526 0.599508  0.538588  0.445333 0.0857684  0.00251509 0.000661809 -0.00629308   0.0208377 -0.00995973   0.0106855 1 0 0
              122.79  1.95435  13.4914 -27.1326   48.922  49.8959 0.608283  0.421322  0.424068 0.0834067  0.00251509 0.000661809 -0.00629308   0.0208377 -0.00995973   0.0106855 1 0 0
              122.79  1.90406  13.3755 -27.1459  48.9245  49.8967 0.607469  0.449659  0.433111 0.0750349  0.00252992 0.000699789 -0.00629033  0.0205351 -0.0102268  0.0107325 1 0 0
              122.89  1.77665  12.0844 -27.6113  48.9614   49.939 0.617115  0.440405  0.409548 0.0256337  0.00255064 0.000697438 -0.00626393  0.0211682 -0.0099715  0.0104993 1 0 0
              122.89  1.78489  12.0421 -27.6953   48.966  49.9372 0.615486  0.492253  0.388372 0.0084096  0.00254233 0.000711966 -0.00623797  0.0204062 -0.0100302   0.010557 1 0 0
              122.99 0.836667  11.8454 -28.5962  49.0177   49.976 0.610975   0.52197  0.385824 -0.096093  0.00254233 0.000711966 -0.00623797  0.0204062 -0.0100302   0.010557 1 0 0
              122.99 0.756276  11.9651 -28.6258  49.0176  49.9729 0.607878 0.520771 0.347717 -0.13135   0.0025661 0.000673617 -0.00622761   0.0201127 -0.00955989   0.0109588 1 0 0
              123.09 -1.12399  12.0281  -30.013 49.0658 49.9808 0.59582   0.47032  0.237726 -0.144341  0.00260553 0.000692777  -0.0062297   0.0193305 -0.00765832   0.0104913 1 0 0
              123.09 -1.10426  12.1522 -30.0652  49.0623  49.9939 0.600352   0.428859   0.396335 -0.0950521  0.00259569 0.000650188 -0.00621599   0.0209096 -0.00921444   0.0101584 1 0 0
              123.19 -0.814146   12.0785  -30.3539   49.105  50.0389 0.591946   0.438532   0.511443 -0.0655168  0.00259569 0.000650188 -0.00621599   0.0209096 -0.00921444   0.0101584 1 0 0
              123.19 -0.633534   12.0036  -30.1796  49.1033  50.0492 0.594703   0.417118   0.636843 -0.0352221   0.0025511 0.000674819 -0.00627074  0.0220179 -0.0104876 0.00994221 1 0 0
              123.29 -0.514391   11.7167  -30.4499  49.1472  50.1256 0.606921 0.459159 0.726394 0.102243  0.00254517 0.000627426 -0.00627232  0.0225273 -0.0111293 0.00914266 1 0 0
              123.29 -0.605085   11.5372  -30.5154  49.1483  50.1227 0.601766  0.470576  0.690735 0.0444169   0.0025706  0.00068493 -0.00625086  0.0219965 -0.0108093 0.00982244 1 0 0
              123.39 0.594126  11.1251 -31.3994  49.2004  50.1899 0.610713 0.561169 0.643875 0.118479   0.0025706  0.00068493 -0.00625086  0.0219965 -0.0108093 0.00982244 1 0 0
              123.39 0.755607  11.1773 -31.3625  49.2038  50.1837 0.605925  0.599451  0.566403 0.0657479  0.00252036 0.000668843 -0.00626341  0.0209527 -0.0102269  0.0103315 1 0 0
              123.49 0.956242  12.6089 -32.0716  49.2615  50.2382 0.613352  0.523681  0.518457 0.0652582  0.00252036 0.000668843 -0.00626341  0.0209527 -0.0102269  0.0103315 1 0 0
              123.49 0.824342  12.6191 -32.1397 49.2657 50.2308 0.60632   0.571402   0.427718 -0.0119126  0.00255576 0.000664045 -0.00624335   0.0196458 -0.00954132   0.0111091 1 0 0
              123.59  1.23786  11.9297 -33.1007  49.3198  50.2711 0.601131   0.546328   0.362257 -0.0953286  0.00255576 0.000664045 -0.00624335   0.0196458 -0.00954132   0.0111091 1 0 0
              123.59  1.36555  11.8556 -32.9992   49.314  50.2731 0.599832  0.479001   0.38618 -0.110813  0.00252211 0.000687363 -0.00627515   0.0204781 -0.00933494   0.0114945 1 0 0
              123.69 0.365076   13.131 -33.9631  49.3646  50.3069 0.585878  0.518753  0.301851 -0.160764  0.00252211 0.000687363 -0.00627515   0.0204781 -0.00933494   0.0114945 1 0 0
              123.69  0.21818  13.3382 -34.1304   49.362  50.3082 0.585675  0.490685   0.31758 -0.163451  0.00255704 0.000620627 -0.00622219   0.0209004 -0.00928506   0.0116197 1 0 0
              123.79 -0.666893   13.7445  -35.4443  49.4121  50.3389 0.567638   0.51949  0.295805 -0.200402  0.00255704 0.000620627 -0.00622219   0.0209004 -0.00928506   0.0116197 1 0 0
              123.79 -0.568425   13.6389  -35.3706  49.4111  50.3429 0.573803  0.509493  0.342723 -0.134654  0.00253203 0.000654798 -0.00624592   0.0215284 -0.00972258   0.0108744 1 0 0
              123.89 -0.997533   14.0097  -36.4761  49.4494  50.3489 0.545105  0.493414   0.18863 -0.215604   0.0025429 0.000651685 -0.00625262   0.0210795 -0.00750363   0.0117784 1 0 0
              123.89 -0.867306   14.0519  -36.5802  49.4516  50.3595 0.554927  0.519596  0.316499 -0.106455  0.00249212 0.000635723 -0.00622143   0.0221296 -0.00903445   0.0105134 1 0 0
              123.99 -1.28754  13.7343 -37.3535  49.5009  50.4034 0.538232   0.545208   0.372856 -0.0902789  0.00252652  0.00062554 -0.00627235   0.0228101 -0.00949776   0.0112758 1 0 0
              123.99 -1.25506  13.6183 -37.4823  49.5142  50.4064 0.549009  0.700587  0.408282 0.0351866  0.00250365 0.000662012 -0.00623188  0.0219343 -0.0110518 0.00929102 1 0 0
              124.09 -0.408613   13.0521  -38.2147  49.5803  50.4531 0.551259 0.708158 0.429221 0.101308   0.0025267 0.000644246 -0.00623241  0.0224724  -0.011217 0.00985411 1 0 0
              124.09 -0.117105   12.9908   -38.094  49.5894  50.4497 0.557695 0.814485 0.384852 0.175057   0.0024408 0.000662998 -0.00627094  0.0213201 -0.0116265 0.00855141 1 0 0
              124.19  2.05556   13.965 -36.8549  49.6794  50.4868 0.585415 0.849773 0.385526 0.284233  0.00242212 0.000668422 -0.00626078  0.0208934 -0.0118699 0.00801332 1 0 0
              124.19  2.04721  14.0968 -36.5904 49.6711 50.4792 0.57912  0.75398 0.292816 0.211669  0.00244535 0.000624259 -0.00634157   0.020876 -0.0101717 0.00900687 1 0 0
              124.29  1.81768       13 -36.2694  49.7195  50.4853 0.572011  0.525347  0.158068 0.0321525  0.00245631 0.000603439 -0.00636527   0.0206059 -0.00804518   0.0109098 1 0 0
              124.29  1.59536  12.7231 -36.4944  49.7195  50.4914 0.576176  0.524923  0.231152 0.0772443  0.00250914 0.000694452 -0.00629628   0.0212942 -0.00877986   0.0104891 1 0 0
              124.39 1.71555 11.7967 -35.187  49.7537  50.5243 0.554327    0.4062  0.256408 -0.134478  0.00252229  0.00068824 -0.00632319   0.0222035 -0.00866373   0.0125725 1 0 0
              124.39  1.73564   11.964 -35.3195  49.7588  50.5248 0.558121 0.467715 0.261353 -0.09167  0.00250801 0.000635153 -0.00627844   0.0217625 -0.00922082   0.0119109 1 0 0
              124.49  1.03543   12.033 -35.3933  49.8064    50.55 0.545797  0.48537 0.241276 -0.15549  0.00250801 0.000635153 -0.00627844   0.0217625 -0.00922082   0.0119109 1 0 0
              124.49  1.02403  12.0782 -35.4648  49.8165  50.5523 0.552883   0.603649   0.271451 -0.0751694  0.00250717 0.000622819 -0.00625525  0.0209881 -0.0104862  0.0107008 1 0 0
             124.591 0.111627  13.0868 -36.2628  49.8757  50.5816 0.543213  0.566714  0.331026 -0.110668  0.00250717 0.000622819 -0.00625525  0.0209881 -0.0104862  0.0107008 1 0 0
             124.591 0.125976  13.0875 -36.2058 49.8806 50.5847 0.55643  0.624741  0.371939 0.0362546  0.00250611 0.000622074 -0.00627328  0.0211126 -0.0114022 0.00874164 1 0 0
             124.692 -0.261283   13.4067  -36.0914 49.9423 50.6278 0.55968  0.599273  0.489754 0.0271614  0.00250611 0.000622074 -0.00627328  0.0211126 -0.0114022 0.00874164 1 0 0
             124.692 -0.239858   13.3053  -35.9939  49.9396  50.6303 0.567202 0.569748 0.518743 0.109062  0.00250651  0.00065579 -0.00630359  0.0218672 -0.0114738 0.00780168 1 0 0
              124.79 0.068441  13.2303 -34.7916  49.9964  50.6871 0.577942 0.594439 0.630788 0.119996  0.00250651  0.00065579 -0.00630359  0.0218672 -0.0114738 0.00780168 1 0 0
              124.79 0.0569027   13.1823  -34.6799  49.9891  50.6844 0.574842  0.505874  0.597636 0.0842687  0.00251143 0.000676012 -0.00634244  0.022372 -0.010471 0.0084061 1 0 0
              124.89 -0.338714   12.6894  -35.1391  50.0423  50.7421 0.582983 0.554153 0.588047 0.159817  0.00252113 0.000686723 -0.00633957  0.0221442 -0.0103156 0.00865243 1 0 0
              124.89 -0.387846   12.6491  -35.3208  50.0385   50.743 0.581025 0.507966  0.59913 0.136682  0.00252418 0.000697908 -0.00628268  0.0226253 -0.0100789  0.0090835 1 0 0
              124.99 0.627206  12.5522 -35.1729  50.0892  50.7955 0.597512 0.526209 0.549543 0.206024  0.00253394 0.000699053 -0.00628959   0.0224572 -0.00957142  0.00923896 1 0 0
              124.99 0.760989  12.6065  -35.192  50.0833  50.7888 0.588785 0.452472 0.468018 0.107133  0.00248798 0.000682107 -0.00628389   0.0223258 -0.00819736   0.0105669 1 0 0
              125.09  1.38179  12.5704 -34.3464 50.1234 50.8343 0.59797   0.34783  0.436764 0.0562021  0.00248798 0.000682107 -0.00628389   0.0223258 -0.00819736   0.0105669 1 0 0
              125.09  1.34953  12.5461 -34.2527  50.1237  50.8339 0.593505   0.351068   0.430378 0.00707919  0.00250456 0.000689294 -0.00631344   0.0221006 -0.00814743   0.0111897 1 0 0
              125.19  1.17722  11.9123 -32.0033  50.1578  50.8732 0.590636   0.346813   0.339862 -0.0534845  0.00250456 0.000689294 -0.00631344   0.0221006 -0.00814743   0.0111897 1 0 0
              125.19  1.03337  11.9563 -31.9422  50.1642  50.8781 0.590016   0.420149   0.398479 -0.0583868  0.00256417 0.000675217 -0.00632925    0.021751 -0.00929357    0.011216 1 0 0
              125.29 0.435254  13.0247 -31.4642  50.2114  50.9228 0.594333   0.457085   0.355367 -0.0322289  0.00256984 0.000655447 -0.00632623  0.0221023 -0.0100941  0.0104607 1 0 0
              125.29 0.404473  13.0404 -31.5853  50.2152  50.9219 0.591143     0.5007   0.344001 -0.0669386  0.00257346 0.000645211 -0.00628894  0.0214773 -0.0102619  0.0107946 1 0 0
              125.39  0.15495  13.4289 -31.1754  50.2652  50.9543 0.583349    0.50742    0.30669 -0.0896012  0.00257346 0.000645211 -0.00628894  0.0214773 -0.0102619  0.0107946 1 0 0
              125.39  0.20138  13.4525 -31.2042  50.2699  50.9557 0.582929   0.560815   0.323722 -0.0939227   0.0025616 0.000633729 -0.00627964  0.0210134 -0.0108086  0.0107492 1 0 0
             125.492 0.0947056   13.4728  -30.7145 50.3267 50.9804 0.58415   0.607456    0.28603 -0.0611883  0.00258855 0.000619897 -0.00627632  0.0210461  -0.010182 0.00988735 1 0 0
             125.492  0.19174   13.348 -30.6799   50.324  50.9837 0.581277   0.576556    0.32508 -0.0926389  0.00256427 0.000665105 -0.00628638  0.0215178 -0.0104105   0.010428 1 0 0
              125.59 -0.655072   13.5106  -30.6079  50.3862  51.0152 0.572719   0.692313   0.312827 -0.0720626  0.00256427 0.000665105 -0.00628638  0.0215178 -0.0104105   0.010428 1 0 0
              125.59 -0.728659   13.4933  -30.6787  50.3801  51.0165 0.570864   0.619237   0.328506 -0.0947101  0.00257693 0.000685752 -0.00626708  0.0222747 -0.0101144  0.0109001 1 0 0
              125.69 -1.34648   14.114 -31.0179  50.4446  51.0411 0.554618  0.667845  0.296098 -0.102461  0.00257437 0.000696631 -0.00626552   0.0219169 -0.00961131   0.0113944 1 0 0
              125.69 -1.25429  14.1739 -31.0186  50.4433  51.0431 0.551461  0.652951  0.318632 -0.135671   0.0025465  0.00067935 -0.00626584    0.022124 -0.00977635   0.0118883 1 0 0
             125.791 0.407501  13.7158  -30.298  50.5106  51.0781 0.541223    0.68999   0.371738 -0.0433493   0.0025465  0.00067935 -0.00626584    0.022124 -0.00977635   0.0118883 1 0 0
             125.791 0.611165  13.6513 -30.1664  50.5094  51.0801 0.543621    0.67575   0.395043 -0.0175339  0.00249508 0.000702465 -0.00630509   0.0224982 -0.00995125    0.011629 1 0 0
              125.89 0.774683  14.0352 -27.5644 50.5736 51.1413 0.55206 0.627705 0.471731 0.080656  0.00250982 0.000730656 -0.00632411   0.023569 -0.0112291  0.0114923 1 0 0
              125.89 0.802555   14.137 -27.4044  50.5806  51.1329 0.557961 0.707016 0.374743  0.14342  0.00250693 0.000672476 -0.00637479  0.0223844 -0.0106947  0.0103699 1 0 0
              125.99 0.678659  13.8269 -26.3535  50.6436  51.1685 0.571511 0.562062 0.333544 0.118443  0.00250693 0.000672476 -0.00637479  0.0223844 -0.0106947  0.0103699 1 0 0
              125.99 0.506409  13.8667 -26.5106 50.6451 51.1569 0.56931  0.581293  0.198565 0.0938214  0.00254271 0.000650619 -0.00633043   0.0213376 -0.00925664   0.0104159 1 0 0
              126.09 0.805829  12.5955 -25.7009  50.6918   51.159 0.567827   0.492999  0.0661754 -0.0137261  0.00252868 0.000648199 -0.00633968   0.0212197 -0.00808399    0.010883 1 0 0
              126.09 0.811199  12.4232 -25.7571   50.691  51.1625 0.573337  0.485188  0.107419 0.0438073   0.0025255 0.000704723 -0.00632095   0.0216971 -0.00851787   0.0102322 1 0 0
             126.193  1.47295  11.8234 -25.2581 50.7368 51.1798 0.56108    0.47631   0.148223 -0.0844589  0.00250493 0.000684221 -0.00631179   0.0219207 -0.00876653   0.0112087 1 0 0
             126.193  1.42762  11.8691 -25.2762  50.7373  51.1854 0.566703   0.482959   0.213374 -0.0252879  0.00252154 0.000672094 -0.00630429   0.0223671 -0.00957177   0.0105191 1 0 0
             126.291 1.08362 12.2046 -25.583  50.7927  51.2229 0.575518  0.511903  0.346215 0.0121965  0.00249113 0.000659879 -0.00631589  0.0224723 -0.0107154 0.00961631 1 0 0
             126.291 0.849469   12.155 -25.6976 50.7902 51.2222 0.57734  0.484533   0.33901 0.0312187  0.00255472 0.000679354 -0.00628175  0.0227859 -0.0104749 0.00942419 1 0 0
              126.39 0.0541025   11.9979  -27.0987  50.8399  51.2551 0.577949  0.482686   0.37998 0.0219033  0.00250976 0.000684211  -0.0062785   0.022535 -0.0103413 0.00955626 1 0 0
              126.39 -0.191621   12.0183  -27.2031  50.8377  51.2556 0.575479    0.458946    0.387088 -0.00562258  0.00258202 0.000678726 -0.00624606  0.0227708 -0.0102601 0.00997312 1 0 0
              126.49 0.747806   11.881 -26.9854  50.8675  51.3156 0.567806   0.375848   0.544993 -0.0245664  0.00254286  0.00067089 -0.00625831  0.0241126 -0.0109496  0.0108175 1 0 0
              126.49   0.8292   11.915 -26.8236  50.8727  51.3087 0.563645  0.429559  0.466898 -0.067717  0.00252622 0.000658886 -0.00630928  0.0229412 -0.0103621  0.0111632 1 0 0
              126.59  1.81521  10.9686 -28.2636 50.9193 51.3559 0.56021    0.509473    0.473833 -0.00415301  0.00252622 0.000658886 -0.00630928  0.0229412 -0.0103621  0.0111632 1 0 0
              126.59  1.81815  10.8839 -28.3728  50.9265  51.3497 0.560786   0.584767   0.404554 0.00254025  0.00251769 0.000687214 -0.00627689  0.0217043 -0.0100066  0.0108134 1 0 0
              126.69  2.48802  11.8047 -28.8362  50.9914  51.3865 0.552188   0.627135   0.393906 -0.0193066  0.00251845 0.000710202 -0.00627207   0.0212013 -0.00985069    0.011405 1 0 0
              126.69  2.45856  12.0358 -28.7637  50.9933  51.3853 0.555566  0.648666  0.380618 0.0166517  0.00253183 0.000635727 -0.00629253    0.020994 -0.00984567   0.0108771 1 0 0
              126.79  2.67902  12.8112 -30.1966 51.0533 51.4228  0.5562   0.558429     0.3739 -0.0276686  0.00253183 0.000635727 -0.00629253    0.020994 -0.00984567   0.0108771 1 0 0
              126.79  2.63982  12.7955 -30.2426  51.0467  51.4297 0.560238  0.486744  0.453031 0.0168813  0.00254317  0.00064127 -0.00627787  0.0223939 -0.0103031  0.0105802 1 0 0
              126.89  3.03422  13.1298 -29.9318 51.0953 51.4713 0.55882   0.487111   0.370324 -0.0251775  0.00254317  0.00064127 -0.00627787  0.0223939 -0.0103031  0.0105802 1 0 0
              126.89  3.07555  12.9874 -29.7878 51.0937 51.4753 0.56008   0.470526   0.417277 -0.0110532  0.00253987 0.000684175 -0.00632529 0.0229049 -0.010732 0.0105269 1 0 0
              126.99  1.73159  14.2793 -30.1428  51.1335  51.5098 0.563256   0.382526   0.319963 0.00925307  0.00252122 0.000667575   -0.006341  0.0230889 -0.0104153  0.0102944 1 0 0
              126.99  1.4149 14.4152 -30.227  51.1329  51.5126 0.566747  0.379236  0.353865 0.0479382  0.00261588 0.000624371 -0.00631419  0.0234708 -0.0107656 0.00987764 1 0 0
              127.09   1.2536  14.6685 -31.5203  51.1814  51.5435 0.570239  0.44954 0.278819 0.001461  0.00258031 0.000649849 -0.00629557  0.0229076 -0.0111579 0.00962968 1 0 0
              127.09  1.24966  14.6392 -31.5644   51.178  51.5418 0.569382    0.409816    0.256829 -0.00880233  0.00257797 0.000660234 -0.00628188  0.0231616 -0.0106454 0.00981935 1 0 0
              127.19  1.70997   15.606 -31.3775 51.2158  51.555  0.5642   0.425681   0.180482 -0.0246382  0.00257005  0.00066618 -0.00629973   0.0229697 -0.00970995   0.0100586 1 0 0
              127.19  1.76629  15.6578 -31.3142  51.2163  51.5554 0.561499    0.43195    0.18433 -0.0538236  0.00255711 0.000648791 -0.00631909   0.0228327 -0.00979295    0.010427 1 0 0
              127.29  1.40306  15.5988 -32.3019  51.2628  51.5728 0.558518    0.503271    0.168178 -0.00107132  0.00255711 0.000648791 -0.00631909   0.0228327 -0.00979295    0.010427 1 0 0
              127.29  1.25794  15.4918 -32.4408 51.2624 51.5743 0.55743   0.498325   0.186868 -0.0125914  0.00259211 0.000683929 -0.00627673  0.0229547 -0.0099436  0.0106279 1 0 0
              127.39  1.49526   14.957 -32.5239  51.3303  51.6101 0.542724   0.651417   0.257232 -0.0501225  0.00251475 0.000616344  -0.0062972 0.0225494 -0.011558 0.0116555 1 0 0
              127.39  1.32411  14.7047 -32.4534  51.3297   51.609 0.543552   0.643283   0.245694 -0.0413408  0.00257589 0.000697045 -0.00632075  0.0225613 -0.0113599  0.0115335 1 0 0
              127.49  2.72087  14.5784 -32.8159  51.3877  51.6052 0.510541  0.645069 0.0798427  -0.16536  0.00254952 0.000669025 -0.00632968    0.021515 -0.00931204   0.0133991 1 0 0
              127.49  2.84734  14.6119 -32.8962  51.3859  51.6103 0.519695   0.626638   0.140039 -0.0653802  0.00250203 0.000659345 -0.00630382   0.0224698 -0.00988278   0.0122939 1 0 0
              127.59  4.11172   15.356 -32.1298  51.4476  51.6215 0.517597  0.570082 0.0898216 0.0233235  0.00250203 0.000659345 -0.00630382   0.0224698 -0.00988278   0.0122939 1 0 0
              127.59   4.0413  15.4742 -32.0076  51.4489  51.6276 0.527395 0.589592 0.164089 0.131274  0.00253415 0.000618637 -0.00633998 0.0231605 -0.010885 0.0110421 1 0 0
              127.69  4.39361  13.4677 -30.5426   51.499  51.6447 0.540254 0.434317 0.170906 0.112983  0.00253415 0.000618637 -0.00633998 0.0231605 -0.010885 0.0110421 1 0 0
              127.69  4.25833  13.1956 -30.5046  51.4988   51.646 0.549951 0.433698 0.187964 0.217361  0.00257966 0.000704616 -0.00635712  0.0236339 -0.0111552 0.00974221 1 0 0
              127.79  4.25711  11.5421 -28.4097  51.5395  51.6603 0.567945  0.379085 0.0863897  0.139526  0.00257966 0.000704616 -0.00635712  0.0236339 -0.0111552 0.00974221 1 0 0
              127.79  4.20218  11.5419 -28.2099  51.5401  51.6596 0.571445  0.387114 0.0793076  0.176523  0.00261125 0.000700226  -0.0064196  0.0236216 -0.0111653 0.00923295 1 0 0
              127.89  6.05578  10.3897 -27.8077 51.5664 51.6276 0.59139  0.239697 -0.146002  0.151115   0.0025977 0.000723726 -0.00643273   0.0227989 -0.00862903   0.0084935 1 0 0
              127.89 6.04284 10.4908 -28.041  51.5635  51.6356 0.596885   0.208034 -0.0498087   0.208006  0.00258535 0.000698235 -0.00635439   0.0238957 -0.00958306  0.00801779 1 0 0
              127.99  6.30644  8.61956 -28.5003  51.5817  51.6327 0.616268  0.156285 0.0074043   0.20056  0.00258535 0.000698235 -0.00635439   0.0238957 -0.00958306  0.00801779 1 0 0
              127.99  6.07318  8.46699 -28.6271   51.583  51.6409 0.616252 0.174747 0.103818  0.20068  0.00265161 0.000750097 -0.00631639   0.024249 -0.0107675 0.00821703 1 0 0
              128.09  3.98296  7.18964 -27.6471  51.5981  51.6808 0.626882  0.16053 0.305142 0.162768  0.00271741 0.000658345  -0.0063038  0.0250119 -0.0121902    0.00928 1 0 0
              128.09 3.97903 6.89899  -27.44  51.6028  51.6777 0.624215  0.21141 0.270434 0.133985  0.00272766 0.000745662 -0.00637652  0.0241404 -0.0120724 0.00953667 1 0 0
              128.19  2.57861  5.64682 -30.5427  51.6332  51.6938 0.630311 0.269042  0.23446 0.106321  0.00272429 0.000747315 -0.00634117  0.0231395 -0.0114989 0.00987828 1 0 0
              128.19  2.66255   5.6424 -30.7735  51.6327  51.6899 0.626607  0.260885  0.187119 0.0652074  0.00269006  0.00075382 -0.00626775 0.0228925 -0.010871 0.0103624 1 0 0
              128.29  2.29491  4.34467 -34.8043  51.6609  51.7032 0.626185  0.276997  0.218763 0.0111335  0.00271224 0.000749722 -0.00625848 0.0224509 -0.010319 0.0107313 1 0 0
              128.29  2.45554  4.28662 -34.8778  51.6589  51.7065 0.623131   0.253215   0.255422 -0.0216023  0.00266142 0.000768956  -0.0062364   0.022922 -0.0105568  0.0112188 1 0 0
              128.39  1.02234  5.00854 -35.4137  51.6777  51.7378 0.619883   0.217847   0.303816 -0.0395377  0.00265881 0.000738541 -0.00622323  0.0235004 -0.0105522  0.0112443 1 0 0
              128.39 0.852998  5.07365 -34.9852  51.6808  51.7382 0.616115   0.253676   0.309986 -0.0795225  0.00272332 0.000712598  -0.0063604  0.0231474 -0.0108497  0.0117754 1 0 0
              128.49 -1.47911  8.03548 -32.5771  51.7033  51.7685 0.606768  0.186731  0.286888 -0.102259  0.00272332 0.000712598  -0.0063604  0.0231474 -0.0108497  0.0117754 1 0 0
              128.49 -1.52008  8.48053 -32.1826   51.701  51.7669 0.598484  0.159329  0.265982 -0.194612  0.00275438 0.000568321 -0.00648662  0.0232454 -0.0103979  0.0130189 1 0 0
              128.59 -3.92862  10.6151 -29.9165  51.7093   51.795 0.562157 0.0392308  0.212006 -0.265556  0.00273161 0.000534891 -0.00649794  0.0235336 -0.0105689  0.0142532 1 0 0
              128.59 -3.95305  10.5651 -30.0342 51.7116 51.7927 0.56639 0.0663746   0.18521 -0.220059  0.00273479 0.000549401 -0.00645843  0.0231246 -0.0104366   0.013588 1 0 0
              128.69 -4.60388  11.9781 -27.9426  51.7138  51.8072 0.547312 -0.0130512   0.115226    -0.1636  0.00273479 0.000549401 -0.00645843  0.0231246 -0.0104366   0.013588 1 0 0
              128.69  -4.2832  11.9351 -27.9139 51.7132 51.8047 0.55867 -0.0198667   0.085025 -0.0380274  0.00263495 0.000561359 -0.00646494   0.0233121 -0.00993877   0.0119465 1 0 0
              128.79 -4.35895  12.1483 -26.3867  51.7113  51.8081 0.556177  -0.052041  0.0234636 -0.0428163  0.00263309 0.000554012  -0.0064723  0.0231355 -0.0098969  0.0118136 1 0 0
              128.79 -4.30871  12.1131 -26.4537  51.7097  51.8093 0.568246 -0.0697504  0.0396004  0.0892299  0.00261312 0.000563641 -0.00645012   0.0237884 -0.00981539    0.010143 1 0 0
              128.89 -4.11285  13.0537 -24.2387  51.6942  51.8119 0.583178 -0.140758 0.0336579 0.0999494  0.00258889 0.000536343 -0.00645642   0.0243018 -0.00953784  0.00974256 1 0 0
              128.89 -4.27107  12.9664 -24.1914  51.6946  51.8144 0.590014 -0.135412 0.0647091  0.173378  0.00264248  0.00056681 -0.00646966   0.0246113 -0.00983107  0.00877266 1 0 0
              128.99 -5.51926  14.4061 -24.2697  51.6824   51.822 0.614048  -0.14278 0.0513666  0.214846  0.00265807 0.000566147 -0.00647297   0.0246358 -0.00998303  0.00827106 1 0 0
              128.99 -5.74355  14.4017 -24.6021 51.6818 51.8179 0.60604  -0.152606 0.00479806   0.130464  0.00270415 0.000557302 -0.00636982  0.0242583 -0.0094538 0.00939488 1 0 0
              129.09 -6.71766  15.1666 -26.2466 51.6586 51.8142 0.62589  -0.239362 -0.0617747    0.18608  0.00268445 0.000550117 -0.00636558    0.024551 -0.00908999  0.00912566 1 0 0
              129.09 -6.74855   15.035 -26.2649  51.6552  51.8101 0.613661  -0.28371 -0.112047 0.0538789  0.00269315 0.000592763 -0.00635432   0.0243485 -0.00847449   0.0109831 1 0 0
              129.19 -5.83274  14.8252 -28.5229  51.6076  51.7834 0.614457 -0.422756 -0.185656 0.0113283  0.00268872 0.000601076 -0.00634464   0.0249006 -0.00712481   0.0115854 1 0 0
              129.19 -5.67742  14.8055 -28.6025  51.6133  51.7896 0.609942  -0.357396  -0.113757 -0.0345682  0.00262953 0.000603457 -0.00632058  0.0243918 -0.0084184  0.0119135 1 0 0
              129.29 -5.68493  15.0358 -31.5954  51.5809  51.7817 0.608296  -0.367892 -0.0834629 -0.0353678  0.00263773 0.000605034 -0.00632263    0.024231 -0.00867719   0.0116112 1 0 0
              129.29 -5.81964  15.0545 -31.7668   51.584  51.7905 0.605912  -0.332108  0.0223326 -0.0593184  0.00266822 0.000588226 -0.00626945  0.0243939 -0.0101314  0.0118143 1 0 0
              129.39 -5.56363  15.4743 -35.0925  51.5498  51.8095 0.599964  -0.396359   0.124367 -0.0294769  0.00263821  0.00057985 -0.00627504  0.0246854 -0.0112445  0.0119141 1 0 0
              129.39  -5.5188   15.454 -34.9717   51.552  51.8131 0.599764  -0.370206   0.167619 -0.0310884  0.00263456 0.000587951 -0.00631177 0.0246914 -0.011904 0.0118618 1 0 0
              129.49 -4.64531  15.1699  -38.331 51.5004 51.8338  0.6003  -0.493876   0.252162 -0.0118146  0.00261904 0.000576176 -0.00631503  0.0254316 -0.0116382  0.0118152 1 0 0
              129.49 -4.50157  15.0816 -38.3745 51.5063 51.8296 0.59879  -0.426513    0.20231 -0.0269611  0.00256587 0.000605876  -0.0063014  0.0243157 -0.0116404  0.0117157 1 0 0
              129.59 -3.87095  13.8435 -40.3281  51.4456  51.8609 0.583107  -0.527016    0.26443 -0.0883763  0.00257919 0.000615514 -0.00633356  0.0254531 -0.0117132   0.012936 1 0 0
              129.59 -3.93965  13.8221 -40.4156   51.451  51.8495 0.586218  -0.464613   0.132375 -0.0533766 0.00258883 0.00062205 -0.0063103  0.0239136 -0.0108216  0.0121178 1 0 0
              129.69 -3.61522  13.2407 -43.0956  51.3956  51.8556 0.578844  -0.474936    0.08784 -0.0909054  0.00260471 0.000626025 -0.00630423   0.0241223 -0.00983399    0.012474 1 0 0
              129.69 -3.62326  13.2289 -43.0724  51.4074  51.8542 0.588196 -0.333617 0.0742491 0.0150039  0.00260413 0.000628774 -0.00631244  0.0230262 -0.0107962   0.010668 1 0 0
              129.79 -3.42065  13.8576 -45.7193  51.3585  51.8658 0.597554 -0.404885 0.0544483 0.0442718  0.00256793 0.000613803 -0.00631481  0.0242813 -0.0103674  0.0103483 1 0 0
              129.79 -3.47271  13.8779 -45.5992  51.3627  51.8622 0.601271 -0.355506 0.0127648 0.0862789   0.0025915 0.000611464 -0.00635377  0.0235888 -0.0103845 0.00960239 1 0 0
              129.89 -3.01911  15.3341 -48.6007  51.3168  51.8351 0.599991  -0.389901  -0.187013 0.00793512  0.00261052 0.000624737 -0.00633661   0.0227832 -0.00853584   0.0101427 1 0 0
              129.89 -3.01143  15.3626 -48.6521  51.3191  51.8425 0.602302  -0.362051 -0.0982435  0.0339857  0.00260521 0.000611408 -0.00632218  0.0234855 -0.0095632 0.00988603 1 0 0
              129.99 -2.84999  16.1529 -51.7097  51.2745  51.8145 0.595016 -0.403403 -0.245809  0.020182  0.00264241 0.000630707 -0.00632503   0.0229125 -0.00838188   0.0107098 1 0 0
              129.99 -2.69948  16.1102 -51.7114  51.2763  51.8308 0.600351   -0.37788 -0.0514653  0.0782968  0.00259884   0.0006378 -0.00632413  0.0248619 -0.0102154  0.0103307 1 0 0
              130.09 -0.926631   16.0407  -53.5118 51.2401 51.8394 0.59178  -0.369268 -0.0445678  0.0271038  0.00254772 0.000565089 -0.00633798 0.0254037  -0.01112 0.0117844 1 0 0
              130.09 -1.03416  15.7007 -53.4649 51.2386 51.8456 0.59575 -0.385729 0.0317886 0.0705083  0.00259057 0.000672663 -0.00634654  0.0264424 -0.0114804  0.0114731 1 0 0
              130.19 0.0421549    15.857  -56.3453  51.1938  51.8127 0.574395 -0.389146 -0.189941 -0.115152  0.00261826 0.000677295 -0.00633085   0.0242649 -0.00955983   0.0129121 1 0 0
              130.19 -0.007736   15.8762  -56.3662  51.1911  51.8221 0.582657  -0.416521 -0.0750909 -0.0245355  0.00263607 0.000670385  -0.0063202  0.0260258 -0.0100387  0.0121575 1 0 0
              130.29 -0.188787   16.1144  -59.8949  51.1497  51.8119 0.576697 -0.416159 -0.123018 -0.082332  0.00263607 0.000670385  -0.0063202  0.0260258 -0.0100387  0.0121575 1 0 0
              130.29 -0.199257   16.0786   -59.824   51.149   51.811 0.585906 -0.419644 -0.134435   0.01758  0.00264573 0.000682359 -0.00634199   0.0262937 -0.00992088    0.010843 1 0 0
              130.39  0.40153  15.5204 -62.0508  51.1186  51.7873 0.567907  -0.379387  -0.237496 -0.0790249  0.00263725 0.000645266 -0.00632607  0.0250199 -0.0104766  0.0118561 1 0 0
              130.39 0.510941  15.3278 -61.8939  51.1143  51.7853 0.578704 -0.425312 -0.261726 0.0371715  0.00261768 0.000709093 -0.00637448   0.0254175 -0.00978914   0.0103565 1 0 0
              130.49  1.56868  14.9943 -63.1969  51.0682  51.7513 0.563973   -0.44302  -0.373454 -0.0566204   0.0026341 0.000714188 -0.00635559   0.0248758 -0.00944266   0.0116446 1 0 0
              130.49  1.57825   15.098 -63.1232  51.0653  51.7487 0.576649 -0.473485 -0.409667 0.0806049  0.00263708 0.000681078 -0.00637862   0.0251089 -0.00889045  0.00980107 1 0 0
              130.59   1.0195  15.9303 -63.3298  51.0458  51.7123 0.563959  -0.304543  -0.401629 -0.0172962  0.00264197 0.000643357 -0.00636472  0.0244589 -0.0108271  0.0112017 1 0 0
              130.59 0.925452  15.8689 -63.0828  51.0391    51.71 0.574728 -0.377247 -0.428316  0.097675  0.00269451  0.00066227 -0.00644125   0.0248875 -0.00981461  0.00969651 1 0 0
              130.69  0.20669  15.9042 -63.2539  51.0083  51.6746 0.590463 -0.373754 -0.393439  0.203482  0.00267484 0.000641527 -0.00644026  0.0253055 -0.0106491 0.00958119 1 0 0
              130.69 0.285451  15.7949 -63.1672  51.0068  51.6752 0.590675 -0.391076 -0.385841  0.205378  0.00265733 0.000676187 -0.00646747  0.0254736 -0.0104807 0.00960084 1 0 0
              130.79 0.361222  14.8512   -62.53  50.9677  51.6376 0.603678 -0.429672  -0.35522  0.132544  0.00264971 0.000686115 -0.00645949  0.0251998  -0.010559 0.00998904 1 0 0
              130.79 0.356513  14.7922 -62.5571  50.9659  51.6386 0.603698 -0.451223 -0.342885  0.131889  0.00264873 0.000705196 -0.00645158  0.0254417 -0.0103536  0.0100665 1 0 0
              130.89  1.79476  14.1944 -62.1063  50.9185  51.6073 0.616526 -0.490557 -0.301982  0.119355  0.00264873 0.000705196 -0.00645158  0.0254417 -0.0103536  0.0100665 1 0 0
              130.89   2.0242  14.2317 -62.0276 50.9149 51.6057 0.61086 -0.535943 -0.322339 0.0560712  0.00258209 0.000692025 -0.00647674    0.025204 -0.00970042    0.010875 1 0 0
              130.99  3.15603  15.4351 -62.6344   50.865  51.5282 0.576281 -0.512204 -0.570379 -0.206156  0.00261426 0.000665445 -0.00645918   0.0215337 -0.00860488   0.0125567 1 0 0
              130.99  3.07754  15.4296 -62.7299  50.852 51.5387 0.58496 -0.657057 -0.450024  -0.11675  0.00263083  0.00066759 -0.00642661   0.0240149 -0.00743528   0.0119238 1 0 0
             131.092  2.38275  15.9736 -62.4873  50.7867  51.4986 0.574319 -0.685357 -0.398748 -0.146304  0.00263148  0.00066049 -0.00642985   0.0242365 -0.00775962   0.0117404 1 0 0
             131.092  2.19241  15.9411 -62.4441  50.7855  51.5093 0.579478  -0.698224  -0.274939 -0.0911085  0.00269737 0.000675841  -0.0064434   0.0259792 -0.00822594   0.0114939 1 0 0
             131.193 0.826834  16.4318 -60.2691  50.7172  51.5556 0.557694 -0.781185  0.101509 -0.150014  0.00274112 0.000672026 -0.00646584  0.0303329 -0.0106443  0.0137437 1 0 0
             131.193 0.938286  16.3999 -60.0762  50.7293  51.5333 0.562062  -0.642578  -0.158979 -0.0939645   0.0027331 0.000624548 -0.00651864  0.0268463 -0.0110858  0.0119629 1 0 0
              131.29  1.97721  17.2205 -57.9765  50.6766  51.4884 0.547152  -0.664855  -0.331791 -0.0646468  0.00273681 0.000580257 -0.00649061  0.0245206 -0.0113131  0.0118978 1 0 0
              131.29  2.21367   17.253 -57.8499  50.6773  51.4763 0.554691 -0.655582 -0.477677 0.0194476  0.00266932 0.000535382 -0.00653441  0.0232286 -0.0106852  0.0103894 1 0 0
              131.39  3.30158  16.6223 -55.6065  50.6217  51.4183 0.574049 -0.603016 -0.510077  0.199124  0.00266557  0.00052762 -0.00652345  0.0224748 -0.0110754 0.00940499 1 0 0
              131.39   3.2656  16.4526 -55.6194  50.6086  51.4181 0.577184 -0.753349 -0.513008   0.22917  0.00267329 0.000578284 -0.00652209  0.0234328 -0.0092921 0.00922892 1 0 0
              131.49  2.15213  15.4509 -52.7426  50.5442  51.3662 0.600836 -0.657653 -0.497111  0.225825  0.00261983 0.000533829 -0.00652865   0.0229912 -0.00969487  0.00908589 1 0 0
              131.49  1.78732  15.1864 -52.7185   50.528  51.3754 0.599873 -0.846225 -0.388598  0.209254  0.00273151 0.000614758 -0.00654539   0.0252973 -0.00818756   0.0099448 1 0 0
              131.59  1.04344  14.8382 -50.6415 50.4509 51.3427 0.62039 -0.782841 -0.339909  0.171576  0.00270983 0.000588378 -0.00655153  0.0254378 -0.0087459 0.00990913 1 0 0
              131.59  1.00425  14.8258 -50.6659  50.4444  51.3536 0.616817 -0.858866  -0.21019  0.128757  0.00271494 0.000592132 -0.00654879   0.0272036 -0.00881938   0.0110045 1 0 0
              131.69  1.08046  14.1674 -49.9685  50.3825  51.3551 0.615325  -0.724018 -0.0957629  0.0481495  0.00273496 0.000578095 -0.00656657  0.0274308 -0.0111452  0.0120537 1 0 0
              131.69  1.24208  14.0516 -50.1188  50.3814  51.3528 0.609454  -0.740845  -0.122023 -0.0161102  0.00267076   0.0006158 -0.00652086  0.0270503 -0.0107651   0.012837 1 0 0
              131.79 0.548353    12.62 -51.0181  50.3371   51.265 0.580075  -0.52578 -0.535124 -0.192465  0.00266734 0.000590217 -0.00646375   0.0211354 -0.00904978   0.0130697 1 0 0
              131.79 0.428395    12.53 -51.0584  50.3191  51.2833 0.583276 -0.729823 -0.322161 -0.163901  0.00270384 0.000614101 -0.00645286   0.0249753 -0.00853075   0.0136368 1 0 0
              131.89 -0.609749   13.0345   -51.834   50.268  51.2758 0.559072 -0.595302 -0.257539 -0.236283  0.00270235 0.000599267 -0.00647195  0.0257486 -0.0109329  0.0141564 1 0 0
              131.89 -0.713814   13.1715  -51.7844  50.2537  51.2823 0.570724 -0.758494 -0.183021 -0.114938  0.00274197 0.000553619 -0.00648992   0.0281309 -0.00974236   0.0130188 1 0 0
              131.99 0.0948178    13.202  -52.5343  50.1772  51.2578 0.559026 -0.767331 -0.297112 -0.112381  0.00274197 0.000553619 -0.00648992   0.0281309 -0.00974236   0.0130188 1 0 0
              131.99 0.256003  13.3154 -52.5148  50.1764  51.2496 0.566273 -0.775894 -0.394385 -0.033935  0.00269055 0.000518292 -0.00649607  0.0274104 -0.0089146  0.0117799 1 0 0
              132.09 1.69351 14.0508 -55.204  50.1309  51.1669 0.564675  -0.584183  -0.681086 -0.0129002  0.00267332 0.000510989 -0.00646033   0.0241442 -0.00918987   0.0109323 1 0 0
              132.09   1.7818  13.9752 -55.1866  50.1245  51.1721 0.568205 -0.656896 -0.621618  0.023818  0.00264907 0.000536183 -0.00646297 0.0254018  -0.00883 0.0107277 1 0 0
              132.19   1.1714  15.8153 -56.8189  50.0615  51.1036 0.573702 -0.688106 -0.629093  0.138331  0.00264081 0.000530092 -0.00645751   0.0247203 -0.00882371   0.0107284 1 0 0
              132.19 0.941827  15.8643 -56.7955  50.0562  51.1089 0.576274 -0.747367  -0.56683  0.163991  0.00271907 0.000513368 -0.00646392   0.0258855 -0.00854752   0.0106649 1 0 0
              132.29  1.22662  14.7781 -56.7133  49.9787  51.0622 0.586355 -0.75726 -0.44372 0.109752  0.00272618 0.000510039 -0.00647144   0.0262052 -0.00848765   0.0111046 1 0 0
              132.29 1.36246 14.4947 -56.612  49.9852  51.0667 0.585417 -0.68532 -0.39019 0.100147  0.00269211 0.000599911 -0.00650489   0.0262968 -0.00967311   0.0112835 1 0 0
              132.39  3.73146  14.1928 -56.6542  49.9228  51.0575 0.606679 -0.622229  -0.20306  0.111915  0.00266417 0.000596594  -0.0065269  0.0281018 -0.0110092  0.0109519 1 0 0
              132.39 3.84885 14.1702  -56.57  49.925 51.0462 0.60024 -0.599849  -0.33907 0.0423374  0.00263454 0.000603381 -0.00655629  0.0261737 -0.0103839  0.0113899 1 0 0
              132.49 3.27937 13.5871 -56.531  49.8947  50.9825 0.623191 -0.473382 -0.479628 0.0912706   0.0026054 0.000621991 -0.00653162  0.0235487 -0.0112581 0.00897943 1 0 0
              132.49  3.01976  13.6188 -56.4685  49.8864  50.9874 0.612317  -0.574196  -0.420752 -0.0302439  0.00269526 0.000609188 -0.00654877 0.0244591 -0.010304 0.0108332 1 0 0
              132.59  2.49421  12.8277 -56.7155  49.8197  50.9346 0.591489 -0.707591 -0.494389 -0.143925  0.00271305  0.00059794 -0.00653665    0.023732 -0.00957512   0.0117674 1 0 0
              132.59  2.53872  12.7601 -56.7692 49.8041 50.9424 0.58545  -0.88633 -0.402234 -0.214205   0.0026936 0.000620374 -0.00652478   0.0256732 -0.00802104   0.0131125 1 0 0
              132.69 3.23379 11.5912 -56.696  49.7162  50.9003 0.566743  -0.92162 -0.438408 -0.163478  0.00267457 0.000621259 -0.00652261   0.0254852 -0.00832184   0.0130062 1 0 0
              132.69  3.17221  11.5573 -56.6886 49.7071 50.9035 0.56311  -1.02926  -0.39928 -0.207629  0.00269505 0.000631328 -0.00652602    0.026477 -0.00728269   0.0137812 1 0 0
              132.79  3.43034  11.8939 -56.3253  49.6058  50.8628 0.548237  -0.977946  -0.403388 -0.0573561  0.00269505 0.000631328 -0.00652602    0.026477 -0.00728269   0.0137812 1 0 0
              132.79  3.37974  12.0934 -56.3288 49.6139 50.8618 0.54715  -0.881639   -0.41432 -0.0674467  0.00271119 0.000568617 -0.00652128   0.0257456 -0.00831459    0.013833 1 0 0
              132.89  2.77733  13.4805 -54.9754   49.547  50.8495 0.561088 -0.657521 -0.222971 0.0961223  0.00269623 0.000564132 -0.00654142  0.0271901 -0.0103164  0.0132909 1 0 0
              132.89  2.61466  13.5336 -54.8926  49.5554  50.8399 0.562767 -0.561331 -0.334725  0.119043  0.00275703 0.000544412 -0.00656457  0.0254073 -0.0107174  0.0126118 1 0 0
              132.99 0.655377  13.7442  -51.631  49.5451  50.7704 0.576379 -0.303264 -0.493558 0.0739076  0.00274697 0.000549831 -0.00655952  0.0216325 -0.0119745  0.0113992 1 0 0
              132.99  0.46538  13.7053 -51.5288  49.5282  50.7755 0.584978 -0.495699 -0.436436  0.158322  0.00281004  0.00055661 -0.00659545  0.0238037 -0.0102192  0.0106885 1 0 0
              133.09 0.727743  13.2839 -49.3644  49.4862  50.7343 0.582914  -0.475103  -0.497301 -0.0238326  0.00281591 0.000557455 -0.00661186  0.0237494 -0.0110371  0.0115686 1 0 0
              133.09  1.03294    13.12 -49.3239  49.4608  50.7396 0.592908 -0.772418 -0.434202 0.0739324  0.00271464 0.000593744 -0.00662932   0.026942 -0.0083217  0.0109722 1 0 0
              133.19  2.50925  13.6124 -49.7905   49.361  50.6579 0.574445 -0.889731 -0.675011 -0.108343   0.0027356 0.000564414 -0.00661769   0.0254704 -0.00547807   0.0121611 1 0 0
              133.19  2.60519  13.6688 -50.1564   49.356    50.67 0.576792  -0.945934  -0.531151 -0.0866245  0.00267615 0.000550644 -0.00650007   0.0274538 -0.00606722   0.0123464 1 0 0
              133.29  4.37187   13.688 -50.6969  49.2783   50.645 0.592464 -0.821407 -0.429229 0.0058184  0.00265095 0.000548049 -0.00655139  0.0289466 -0.0083627   0.010876 1 0 0
              133.29  4.36501  13.6264 -50.8376 49.2911 50.6441 0.58816   -0.67665  -0.442313 -0.0366207  0.00264197 0.000569207 -0.00651186  0.0275462 -0.0097789   0.011191 1 0 0
              133.39  4.32188  14.0396 -51.8189  49.2234  50.5818 0.579614  -0.666269  -0.565365 -0.0421108  0.00265136 0.000564024 -0.00652808   0.0266574 -0.00902067   0.0112202 1 0 0
              133.39  4.10966  14.0744 -51.9905  49.2367  50.5796 0.569605 -0.513927 -0.587706 -0.144232  0.00270476 0.000554983   -0.006476  0.0249543 -0.0103679   0.012323 1 0 0
              133.49  3.84021  13.7043 -52.7759  49.2046  50.4973 0.569917 -0.442062  -0.76746 0.0484412  0.00270298 0.000564457 -0.00653044 0.0231518 -0.010865 0.0113061 1 0 0
              133.49  3.83568  13.6219 -52.9379  49.2029  50.5036 0.562647  -0.463233  -0.690002 -0.0303546  0.00269353  0.00059453 -0.00648206  0.0238428 -0.0111046  0.0126014 1 0 0
              133.59  3.47175  14.1459 -54.4776  49.1522  50.4476 0.578409 -0.510693 -0.645932  0.195042  0.00266727  0.00056607 -0.00646751  0.0249399 -0.0117873  0.0124573 1 0 0
              133.59  3.38295  14.1622 -54.4725  49.1388  50.4468 0.581158 -0.664433  -0.65674  0.220814   0.0026966 0.000563796 -0.00646946  0.0259862 -0.0100481  0.0122286 1 0 0
              133.69  1.80762  14.0711 -56.4544  49.1073  50.3646 0.623193 -0.443218  -0.63557  0.245192  0.00269319 0.000621715 -0.00643398  0.0238851 -0.0111295 0.00984124 1 0 0
              133.69  1.78902  14.1564 -56.4162  49.0891  50.3743 0.617292 -0.663701 -0.516915  0.172069  0.00270766 0.000596867 -0.00644832   0.0264163 -0.00934439   0.0113929 1 0 0
              133.79  2.28109  13.8616 -57.5878  49.0215   50.326 0.632474 -0.677796 -0.445143 0.0982627  0.00270766 0.000596867 -0.00644832   0.0264163 -0.00934439   0.0113929 1 0 0
              133.79  2.53243   13.853 -57.3864  49.0112  50.3306 0.622437  -0.803852  -0.390737 -0.0147774   0.0026454 0.000599986  -0.0065137   0.0274545 -0.00817235   0.0131796 1 0 0
              133.89  2.18268  12.9309 -58.9157  48.9338   50.283 0.603053 -0.834834 -0.401938 -0.193867  0.00266579 0.000602372 -0.00651315    0.026358 -0.00797377   0.0136728 1 0 0
              133.89  2.06609  12.8728 -58.9356  48.9258  50.2818 0.598435 -0.930604 -0.417335 -0.248632  0.00270379 0.000622389 -0.00650805   0.0265882 -0.00669707    0.014434 1 0 0
              133.99   2.7443  11.7027 -60.0752  48.8307   50.236 0.570994 -0.990503 -0.437114  -0.30687  0.00271521 0.000620056 -0.00649584    0.026267 -0.00667711   0.0142773 1 0 0
              133.99 2.79834 11.7079 -60.047  48.8402  50.2352 0.568485 -0.877886 -0.447765 -0.328917  0.00269784 0.000617665 -0.00650369   0.0254144 -0.00796961   0.0144464 1 0 0
              134.09  3.50138  11.5732 -60.3263  48.7669  50.1998 0.559688 -0.856642 -0.439836 -0.135615  0.00268816 0.000632553 -0.00652453   0.0259044 -0.00963366   0.0130623 1 0 0
              134.09  3.43264    11.76 -60.3411  48.7694  50.1897 0.562506 -0.824133 -0.559247 -0.101799  0.00270857 0.000571459  -0.0065188   0.0244265 -0.00937261   0.0122814 1 0 0
              134.19  4.11118  13.1328 -61.2143   48.685  50.1307 0.556383 -0.859146 -0.578185  0.033866  0.00270716 0.000572588 -0.00651954   0.0242634 -0.00930635   0.0123974 1 0 0
              134.19  4.07231  13.2755 -61.2837  48.6843  50.1288 0.560964 -0.863928 -0.601531 0.0833746  0.00271434 0.000528276 -0.00649497   0.0241658 -0.00915891   0.0116856 1 0 0
              134.29  5.61536  13.1077 -60.5078  48.6198  50.0836 0.607592 -0.668044  -0.52005  0.315652  0.00270815 0.000534584 -0.00652301  0.0249748 -0.0110717 0.00968596 1 0 0
              134.29  5.77646  12.9029 -60.4141  48.6159  50.0826 0.600229 -0.718338  -0.52844  0.233868  0.00266328 0.000597463 -0.00655713  0.0248725 -0.0103419  0.0107406 1 0 0
              134.39  5.49905   14.599 -60.0512  48.5538   50.022 0.614221 -0.552618 -0.516702  0.153323  0.00268092 0.000596929 -0.00655059  0.0240299 -0.0100231  0.0110063 1 0 0
              134.39  5.39732  14.8461 -60.0522   48.545  50.0255 0.608564 -0.660391 -0.475193 0.0859397  0.00271358 0.000517296 -0.00654284   0.0249284 -0.00880477   0.0120347 1 0 0
              134.49  3.04814  15.9856 -59.8474  48.4816  49.9805 0.613125  -0.629965  -0.430938 0.00709032  0.00271358 0.000517296 -0.00654284   0.0249284 -0.00880477   0.0120347 1 0 0
              134.49  2.82248  15.9465 -59.9029  48.4778  49.9842 0.609025  -0.67653 -0.387324 -0.040336  0.00278173 0.000529832  -0.0065287   0.0255275 -0.00837896   0.0128231 1 0 0
              134.59  1.1401 14.6147 -59.906  48.3978  49.9484 0.591518 -0.761573 -0.408899 -0.151367  0.00283757 0.000564635 -0.00653146   0.0258916 -0.00767367   0.0136948 1 0 0
              134.59  1.34259  14.5024 -59.9054  48.4045  49.9469 0.591975 -0.684067 -0.427411 -0.143121  0.00277262 0.000602279  -0.0065315   0.0252632 -0.00853963   0.0134359 1 0 0
              134.69  2.41722  14.0019 -60.6815  48.3629  49.8822 0.601986  -0.519325  -0.617125 -0.0674598  0.00276531 0.000639898 -0.00652512   0.0238916 -0.00983421   0.0109544 1 0 0
              134.69   2.6175  14.2369 -60.7303  48.3592  49.8891 0.596392 -0.566403 -0.537608 -0.130232  0.00269631  0.00056542 -0.00650715   0.0248952 -0.00971879   0.0120852 1 0 0
              134.79  2.68876   14.386 -60.7062  48.3071   49.835 0.586513 -0.516205  -0.59172 -0.107989  0.00271016 0.000584046 -0.00649482   0.0250723 -0.00997117   0.0118639 1 0 0
              134.79  2.69862  14.4182 -60.5482 48.3045 49.8402 0.58692  -0.54665 -0.530273 -0.105218  0.00271973  0.00057045 -0.00654281   0.0259787 -0.00993161   0.0120579 1 0 0
              134.89  2.89465  14.7918 -60.1877  48.2494   49.782 0.580127  -0.550539  -0.618628 -0.0258219  0.00271973  0.00057045 -0.00654281   0.0259787 -0.00993161   0.0120579 1 0 0
              134.89  2.92663  14.8128 -60.2018  48.2477  49.7804 0.579344  -0.571984  -0.637458 -0.0349648  0.00270848  0.00056368 -0.00653783    0.025846 -0.00956625   0.0121301 1 0 0
              134.99  2.55186  15.3374 -59.1193  48.1876  49.7153 0.584508 -0.635504 -0.668384   0.13915  0.00270848  0.00056368 -0.00653783    0.025846 -0.00956625   0.0121301 1 0 0
              134.99  2.49909  15.3497 -58.9278 48.1847 49.7083 0.58228  -0.67084 -0.750937  0.114186  0.00274075 0.000554903 -0.00659647   0.0250103 -0.00866868   0.0122006 1 0 0
              135.09  3.33871  15.4387 -59.2288  48.1477  49.5785 0.600841 -0.473459 -0.947272  0.102706  0.00273567 0.000577963 -0.00654876   0.0206656 -0.00868488   0.0101959 1 0 0
              135.09  3.46227  15.4634 -59.2846  48.1251  49.5987 0.605569 -0.732777 -0.715193  0.139204 0.00268586  0.0005714 -0.0065327   0.0249241 -0.00694192   0.0107989 1 0 0
              135.19  5.04477  15.4202 -58.8638  48.0315  49.5281 0.603426  -0.841553  -0.643804 -0.0168151  0.00272412 0.000593893 -0.00656995   0.0251046 -0.00550762   0.0117249 1 0 0
              135.19  5.18098  15.4254 -59.0356   48.033  49.5447 0.599522  -0.824246  -0.447625 -0.0617677   0.0026645 0.000594363 -0.00651459   0.0271272 -0.00682197   0.0130048 1 0 0
              135.29  5.90064  14.7178 -59.0767  47.9511  49.5116 0.578905 -0.881137  -0.36794 -0.203373  0.00269055 0.000624216 -0.00652812   0.0274535 -0.00726894    0.013779 1 0 0
              135.29 5.79275 14.8386 -59.099  47.9652  49.5161 0.580805 -0.711398 -0.316278 -0.176323  0.00272328 0.000585494 -0.00651559   0.0271663 -0.00964676   0.0135512 1 0 0
              135.39  6.96323  14.1139 -59.4751   47.885  49.4901 0.560597 -0.808716 -0.310602 -0.188192  0.00272674 0.000606343 -0.00652634   0.0277168 -0.00952098   0.0138934 1 0 0
              135.39  6.97978  14.1659 -59.5241 47.8998 49.4769 0.56613 -0.628239 -0.467259 -0.117721  0.00271644 0.000593024 -0.00651149  0.0251057 -0.0109363  0.0123553 1 0 0
              135.49  6.82052  14.3235 -59.2699  47.8508  49.4151 0.573399 -0.563397 -0.596751 0.0182343  0.00272201 0.000639834 -0.00651583  0.0241258 -0.0117192  0.0108877 1 0 0
              135.49   6.813 14.5965  -59.17 47.8518 49.4136 0.57373 -0.549954 -0.615652 0.0224483  0.00273232 0.000549574 -0.00653625  0.0238747 -0.0117813  0.0107683 1 0 0
              135.59  6.43114  17.4394 -58.4876 47.8056 49.3236 0.58009 -0.506677 -0.774366  0.171987  0.00271492 0.000535828 -0.00652032  0.0218667 -0.0115065  0.0102703 1 0 0
              135.59  6.43261  17.4877 -58.3081  47.7886  49.3359 0.578941  -0.71015 -0.632548  0.150132  0.00272629 0.000515572 -0.00657453   0.0245617 -0.00980024   0.0111097 1 0 0
              135.69  6.88156  18.0562 -56.7383  47.7212  49.2736 0.600389 -0.605906 -0.580193  0.225204  0.00272629 0.000515572 -0.00657453   0.0245617 -0.00980024   0.0111097 1 0 0
              135.69 6.88659 17.8876  -56.74  47.7085  49.2833 0.596986 -0.758073 -0.467506  0.180913  0.00271947 0.000568856 -0.00658117   0.0264782 -0.00854743   0.0122418 1 0 0
              135.79  4.60138  19.0447 -55.9138  47.6405  49.2256 0.587836 -0.655132 -0.438652 -0.013117  0.00275031 0.000572983 -0.00655688   0.0249202 -0.00794875   0.0133906 1 0 0
              135.79  4.44589  19.1738 -55.9021   47.635  49.2337 0.595514 -0.715662 -0.345341 0.0657926  0.00279869 0.000528355 -0.00655983    0.026686 -0.00791926   0.0128715 1 0 0
             135.892 3.38262 19.6272 -55.704  47.5666  49.1886 0.599055  -0.711187  -0.392585 -0.0104851  0.00281841  0.00055064 -0.00655594   0.0258927 -0.00788846    0.012488 1 0 0
             135.892   3.5836  19.5729 -55.8433  47.5763  49.1933 0.599285   -0.598873   -0.338348 -0.00391333  0.00274744 0.000572025 -0.00651396   0.0258005 -0.00957247   0.0124864 1 0 0
             135.991 4.32615 18.6862 -55.962  47.5212  49.1496 0.605111  -0.574173  -0.415967 -0.0216999  0.00274782  0.00058727 -0.00651606   0.0253146 -0.00961677   0.0115782 1 0 0
             135.991  4.55584  18.6078 -55.9413  47.5241  49.1516 0.602606  -0.542162  -0.391887 -0.0476877  0.00268116 0.000612679 -0.00652248  0.0252421 -0.0101296   0.011947 1 0 0
              136.09  5.69594  18.2847 -55.6551  47.5137  49.0718 0.606338  -0.261555  -0.659765 -0.0504291  0.00266074  0.00058687 -0.00649667   0.022083 -0.0114123 0.00982106 1 0 0
              136.09  5.67909  18.4259 -55.5196  47.4904  49.0879 0.604646  -0.537688  -0.473574 -0.0833048  0.00266355 0.000578615   -0.006536   0.0257027 -0.00932071   0.0114368 1 0 0
              136.19    5.929  18.7393 -55.1301  47.4475  48.9999 0.581897 -0.476295 -0.766415 -0.135094  0.00267173 0.000568135 -0.00652068   0.0230055 -0.00865217    0.011442 1 0 0
              136.19 5.91712 18.7574 -55.065  47.4214  49.0223 0.582581 -0.770433 -0.512139 -0.142429  0.00264699 0.000679714 -0.00655423   0.0272536 -0.00695925   0.0128681 1 0 0
              136.29  6.46274  20.1782 -52.4656  47.3495  48.9677 0.570624  -0.72286 -0.614633 -0.055419  0.00265974 0.000675495  -0.0065539   0.0272124 -0.00720025   0.0130427 1 0 0
              136.29  6.38024  20.3681 -52.3102  47.3449  48.9718 0.572113  -0.775943  -0.567768 -0.0415675  0.00269375 0.000637809 -0.00659478   0.0280715 -0.00692229   0.0131437 1 0 0
             136.391  6.59199  24.0093 -49.1362  47.288 48.9174 0.57306 -0.688659 -0.592203 0.0798618  0.00275036 0.000615748 -0.00658962   0.0276008 -0.00844121   0.0133244 1 0 0
             136.391 6.70744 24.1925 -49.024  47.3024  48.9058 0.574182 -0.521393  -0.72713  0.101591  0.00276009 0.000483687 -0.00660222    0.025377 -0.00932933   0.0122139 1 0 0
              136.49  7.43113  25.5235 -48.7205  47.2605  48.8233 0.592956   -0.4761 -0.658448  0.123998  0.00276595  0.00046171 -0.00659924   0.0243771 -0.00933585   0.0110101 1 0 0
              136.49  7.53046  25.2756 -48.8863  47.2606  48.8156 0.593065 -0.474871 -0.750448  0.126583  0.00269639  0.00051191 -0.00656744   0.0235774 -0.00872856   0.0105082 1 0 0
              136.59  9.76357   25.323 -49.1137   47.218  48.7018 0.612373 -0.481218 -0.874187  0.105258  0.00262039 0.000415427 -0.00655227   0.0214799 -0.00753629  0.00860652 1 0 0
              136.59  9.69967  25.1151 -49.3112  47.2061   48.719 0.607527 -0.623369 -0.663131 0.0421733  0.00262733 0.000560311 -0.00651538   0.0239088 -0.00744622   0.0107733 1 0 0
              136.69  10.0186  23.2566 -49.5806  47.1213  48.6595 0.587045  -0.77967 -0.578742 -0.150301  0.00268088 0.000612713  -0.0065277    0.024137 -0.00619511   0.0122525 1 0 0
              136.69 10.0496 23.2282  -49.51  47.1169  48.6818 0.585958 -0.831155 -0.312755 -0.166836  0.00271316 0.000684847 -0.00653556  0.0267678 -0.0074409  0.0140752 1 0 0
              136.79    9.971  22.0382 -49.8581    47.05  48.6915 0.582463 -0.772258 -0.101734 -0.114604  0.00275184 0.000718745 -0.00652731  0.0285746 -0.0102091  0.0143338 1 0 0
              136.79  9.82158  22.1811 -49.8689  47.0539  48.6841 0.581508  -0.72662  -0.18876 -0.121527  0.00278974 0.000648198 -0.00651545 0.0274553  -0.01007 0.0138754 1 0 0
              136.89  9.17523  21.9031 -50.1475  46.9776  48.6624 0.570387  -0.810699  -0.246288 -0.0902907  0.00278974 0.000648198 -0.00651545 0.0274553  -0.01007 0.0138754 1 0 0
              136.89  9.19498  21.9547 -50.0368  46.9903  48.6428 0.568796  -0.663642  -0.481226 -0.0946305  0.00278567  0.00054288 -0.00653643 0.0242991 -0.010006 0.0125014 1 0 0
              136.99  10.1615  21.2144 -50.9625  46.9572  48.5139 0.578125 -0.559472 -0.936884  0.131719  0.0026953 0.00041912 -0.0064702    0.019383 -0.00953155  0.00906298 1 0 0
              136.99  10.2519  21.1175 -50.8313  46.9309  48.5304 0.577343   -0.8683 -0.743588  0.105037  0.00264431 0.000558814 -0.00653607  0.0230898 -0.0075923  0.0107248 1 0 0
              137.09  11.8421   20.735 -51.2192  46.8283  48.4577 0.590956 -0.864757 -0.691564  0.182759  0.00263447 0.000593868 -0.00655197   0.0236819 -0.00656193   0.0111851 1 0 0
              137.09  11.8482  20.8785 -51.2802  46.8118  48.4785 0.595857  -1.05481 -0.452231  0.224028  0.00263055 0.000674583 -0.00654037   0.0273235 -0.00623058   0.0120985 1 0 0
              137.19  8.29435  20.6689 -51.4628  46.7251  48.4406 0.600415 -0.861605 -0.323186 0.0736587  0.00270844 0.000683625 -0.00651851   0.0265706 -0.00655797   0.0128695 1 0 0
              137.19  8.03962  20.7557 -51.3284  46.7317  48.4519 0.599467 -0.782836 -0.187243 0.0644532  0.00284445 0.000670912  -0.0065451   0.0272834 -0.00819321   0.0136372 1 0 0
              137.29  7.14077  20.9837 -51.2261  46.6906   48.483 0.617648 -0.570719 0.0270476 0.0457909  0.00294955 0.000716547 -0.00655544   0.029143 -0.0123468  0.0139059 1 0 0
              137.29  7.48847  21.1135 -51.1952  46.7014  48.4599 0.614543 -0.448753 -0.249256  0.021048  0.00282886 0.000599992 -0.00653536  0.0255929 -0.0117605  0.0126922 1 0 0
              137.39  8.98606  23.0375 -52.4282  46.6886  48.3228 0.595392  -0.234212  -0.865336 -0.0916619   0.0027438 0.000433242 -0.00641113   0.0183219 -0.00924994    0.010707 1 0 0
              137.39  9.14303  23.0143 -52.2789  46.6575  48.3408 0.603497  -0.591757  -0.662403 -0.0233762  0.00267129 0.000548853 -0.00647184   0.0229788 -0.00697962   0.0114269 1 0 0
              137.49   8.9389  23.7767 -51.9162    46.59  48.2785 0.598308  -0.572431  -0.620954 -0.0576308  0.00266946 0.000579939 -0.00646749   0.0235335 -0.00632273   0.0117781 1 0 0
              137.49  8.84912  23.6994 -51.8048  46.5772  48.2988 0.599908  -0.721117  -0.381222 -0.0520071  0.00272417 0.000690285 -0.00651996   0.0267174 -0.00622612   0.0131916 1 0 0
              137.59  7.63603  23.5428 -49.3931 46.5048 48.3311 0.60503  -0.732533 -0.0356746 -0.0296285  0.00284097  0.00078716 -0.00655007   0.0306532 -0.00872475   0.0146132 1 0 0
              137.59  7.69896  23.6003 -49.2857  46.5235  48.3067 0.599867  -0.521013  -0.321828 -0.0695677 0.00283782 0.00066085 -0.0065456    0.026435 -0.00904374    0.013167 1 0 0
              137.69  8.27172  23.1897 -48.6889  46.4708  48.2697 0.591901  -0.556008  -0.413281 -0.0727155  0.00284082 0.000667585 -0.00654104  0.0263607 -0.0091612  0.0131659 1 0 0
              137.69  8.43964  23.2233 -48.8371  46.4863   48.243 0.592395   -0.37613  -0.734048 -0.0542731  0.00276718 0.000549318 -0.00649754   0.0223549 -0.00879654   0.0109149 1 0 0
              137.79   9.2043  23.9393 -48.1985  46.4632   48.102 0.600232 -0.377492  -1.14971   0.14116   0.0027404 0.000461109 -0.00646799   0.0187123 -0.00738463  0.00827515 1 0 0
              137.79  9.28971   24.001 -48.0646  46.4469  48.1238 0.593601 -0.572019 -0.895721 0.0534954   0.0027294 0.000546709 -0.00650397   0.0218023 -0.00704946   0.0109273 1 0 0
              137.89  10.8422  23.7582 -48.4018  46.3585  48.0217 0.596664 -0.710771 -0.878956 0.0499189  0.00269377 0.000546227 -0.00653776   0.0220637 -0.00474324   0.0112175 1 0 0
              137.89  10.8899  23.5324 -48.6322  46.3467   48.051 0.592282  -0.850372  -0.531081 -0.0156894  0.00268861 0.000763098 -0.00647732   0.0256363 -0.00560325   0.0140705 1 0 0
             137.991  11.1549  22.0259 -47.7586  46.2954  48.0424 0.607171 -0.635856 -0.225983 0.0266149  0.00283445 0.000809754 -0.00644522   0.0267117 -0.00892705   0.0138037 1 0 0
             137.991  11.2893  22.1422 -47.6623  46.2976  48.0483 0.608647 -0.609292  -0.15825  0.042768  0.00282328 0.000781746 -0.00645774   0.0272141 -0.00970769   0.0139728 1 0 0
              138.09 11.9421 22.1279 -49.211  46.2587  47.9968 0.603464  -0.494436  -0.354145 -0.0772935  0.00280181  0.00071777 -0.00641386   0.0246897 -0.00948963   0.0129189 1 0 0
              138.09  11.9632  22.1563 -49.3575  46.2535  48.0002 0.600334 -0.557992 -0.315334 -0.114428  0.00277404 0.000737762 -0.00637926   0.0252971 -0.00902361   0.0136149 1 0 0
              138.19  13.7661  21.8882 -48.6487  46.1934  47.9408 0.595119 -0.614003 -0.485193 -0.117028  0.00274474 0.000709844 -0.00637471   0.0243837 -0.00804853   0.0122948 1 0 0
              138.19  13.8876  21.8802 -48.4007  46.1906  47.9467 0.592999 -0.649369 -0.417206 -0.142169    0.002741 0.000716967 -0.00644404  0.0251219 -0.0080717  0.0129983 1 0 0
              138.29  15.5036  22.0868 -47.0641  46.1206  47.9033 0.579375 -0.747544 -0.447291 -0.114543    0.002741 0.000716967 -0.00644404  0.0251219 -0.0080717  0.0129983 1 0 0
              138.29  15.4381  22.1397 -47.0434  46.1198  47.8998 0.579069  -0.75772 -0.488271 -0.117616  0.00275392 0.000691398 -0.00644923   0.0248178 -0.00768195   0.0127959 1 0 0
              138.39 16.9141 23.1277 -46.222  46.0559  47.8174 0.579627 -0.726664 -0.647951   0.01892  0.00272949 0.000602161 -0.00642627   0.0228155 -0.00743414   0.0111288 1 0 0
              138.39  16.8557  23.0413 -46.2381  46.0481  47.8289 0.576248  -0.819059  -0.516088 -0.0244564  0.00274784 0.000684873 -0.00643746   0.0243814 -0.00722339   0.0124319 1 0 0
              138.49  15.6439  22.2665 -45.4216  45.9716  47.7919 0.573882 -0.774541 -0.389071 0.0884253  0.00281631 0.000708862 -0.00643584   0.0244864 -0.00777468    0.013202 1 0 0
              138.49  15.6216  22.2311 -45.4003  45.9688  47.7951 0.575875 -0.806074 -0.351908  0.107987   0.0028259 0.000733054 -0.00645004   0.0251297 -0.00778565   0.0132301 1 0 0
              138.59  12.4109   20.996 -44.9629  45.9058  47.7857 0.604043 -0.635675 -0.135025  0.214662  0.00291048 0.000801698 -0.00643252   0.0259445 -0.00953111   0.0130238 1 0 0
              138.59  12.4416  21.0714 -44.8517  45.9113  47.7759 0.604902 -0.573756 -0.246838  0.229424  0.00290066 0.000732013 -0.00644077   0.0246165 -0.00940658   0.0121511 1 0 0
              138.69  7.41028  19.9569 -47.3465  45.8681  47.7054 0.613543 -0.495899 -0.451623   0.11632  0.00294471  0.00069244 -0.00638467   0.0216977 -0.00804322   0.0111685 1 0 0
              138.69  7.49228  20.1337 -47.5296  45.8553  47.7161 0.617866 -0.638253 -0.330282  0.154965  0.00289881  0.00069982 -0.00635879   0.0240307 -0.00770472   0.0115322 1 0 0
              138.79  6.85963  19.6525 -47.1985  45.7995  47.7123 0.645255 -0.622749 -0.217023  0.172127  0.00294679 0.000727991 -0.00636958   0.0253883 -0.00966372   0.0114093 1 0 0
              138.79  7.40361   19.765 -46.8897  45.7884   47.706 0.646151 -0.751371  -0.29271  0.176418  0.00277832 0.000690097 -0.00647344   0.0257259 -0.00788762    0.011224 1 0 0
              138.89   9.7598  18.7516 -48.7188  45.7246  47.5927 0.644937 -0.645978  -0.72071  0.016123  0.00266693 0.000568249  -0.0064106   0.0210226 -0.00483229    0.010002 1 0 0
              138.89  9.94078  18.4442 -48.7942  45.7141  47.6265 0.630917 -0.777386 -0.321257 -0.151586     0.00265 0.000773927  -0.0063881   0.0248255 -0.00626929   0.0139917 1 0 0
              138.99  9.88662  17.9801 -50.1946  45.6475  47.6424 0.606527  -0.664455 -0.0792839  -0.250823  0.00274432 0.000828026 -0.00640162  0.0267625 -0.0085547  0.0154684 1 0 0
              138.99  9.77126  18.1236 -50.2178  45.6507  47.6414 0.606892   -0.62642 -0.0901827  -0.245183  0.00278041 0.000776832 -0.00638374   0.0264218 -0.00886467   0.0153227 1 0 0
              139.09  9.20284  19.3263 -50.5921   45.589  47.6285 0.581117 -0.622565  -0.17908 -0.253909  0.00278041 0.000776832 -0.00638374   0.0264218 -0.00886467   0.0153227 1 0 0
              139.09  9.15239   19.587 -50.4779  45.6006  47.6095 0.593785 -0.478394 -0.402531 -0.109353  0.00279598 0.000642315 -0.00639496   0.0239032 -0.00917084   0.0124783 1 0 0
              139.19  10.2736    21.03 -49.6577  45.5593  47.5627 0.595305  -0.475748  -0.501438 -0.0028503  0.00280665 0.000641533 -0.00638803  0.0237193 -0.0097445  0.0117764 1 0 0
              139.19  10.4863  21.0479 -49.4516  45.5575  47.5462 0.602024 -0.493944 -0.700934 0.0719598  0.00276572 0.000629978 -0.00644517   0.0222071 -0.00830333  0.00980124 1 0 0
              139.29  11.3841   22.504 -48.0256  45.5062  47.4754 0.613281 -0.535331 -0.722367  0.158722  0.00276572 0.000629978 -0.00644517   0.0222071 -0.00830333  0.00980124 1 0 0
              139.29  11.3976  22.4107 -47.9741  45.4996  47.4726 0.610372 -0.615218 -0.756005  0.123517  0.00276636 0.000655792 -0.00646455   0.0222888 -0.00711135   0.0101205 1 0 0
              139.39 11.9682 22.9667 -47.924  45.4534  47.3964 0.625005 -0.516473 -0.711677  0.177704  0.00276047 0.000641538 -0.00644291   0.0215084 -0.00783681   0.0100082 1 0 0
              139.39  11.9147  22.8399 -48.0141  45.4392   47.407 0.616036  -0.69264 -0.580003 0.0678256   0.0027652 0.000685763 -0.00642519   0.0234571 -0.00659007   0.0123158 1 0 0
              139.49  11.9157  22.7298 -48.9781   45.376  47.3471 0.617216 -0.642601 -0.519485 0.0320637  0.00277358 0.000691246  -0.0064206   0.0227437 -0.00645352   0.0124468 1 0 0
              139.49  11.8601  22.6549 -49.0689  45.3673  47.3621 0.609485  -0.751137  -0.338291 -0.0628056   0.0027834 0.000717599 -0.00639942    0.024722 -0.00630767   0.0148086 1 0 0
              139.59  10.4918  20.2253 -50.7939  45.2974  47.3214 0.606508 -0.744181  -0.35834 -0.117986  0.00280058 0.000739355 -0.00639526   0.0241945 -0.00639125    0.013936 1 0 0
              139.59  10.3886    20.12 -50.9034  45.2975  47.3303 0.608143 -0.740926 -0.249979 -0.103231  0.00282136 0.000777099 -0.00636759   0.0252901 -0.00723663   0.0144034 1 0 0
              139.69  10.8067  18.6905 -51.6346  45.2256  47.3118 0.610564  -0.771933  -0.245878 -0.0944521  0.00284881 0.000822811 -0.00639059   0.0259818 -0.00815755     0.01357 1 0 0
              139.69  11.0444  18.9679 -51.5173  45.2341  47.3085 0.607483 -0.671288 -0.284482 -0.122575   0.0027809 0.000729992 -0.00640823   0.0247294 -0.00896059   0.0136495 1 0 0
              139.79 11.3189  18.874  -52.44   45.164  47.2503 0.589403 -0.722264 -0.448637  -0.12546  0.00278321  0.00072864 -0.00638716  0.0230209 -0.0078292  0.0132078 1 0 0
              139.79  11.3245   18.914 -52.3964  45.1706  47.2494 0.591419  -0.641875  -0.459038 -0.0992768   0.0027837 0.000714016 -0.00639814    0.022456 -0.00873776    0.012804 1 0 0
              139.89  10.5933  18.8168 -52.0667  45.1053  47.2295 0.599935 -0.654457  -0.32488 0.0525228  0.00278261 0.000716537 -0.00639983    0.024285 -0.00982947   0.0125378 1 0 0
              139.89   10.509  18.9134 -51.8899  45.1114  47.2236 0.599221 -0.581468 -0.395318 0.0505351  0.00282782 0.000675948 -0.00644562  0.0230498 -0.0101731   0.012178 1 0 0
              139.99  10.6779  18.9039 -51.9822  45.0961  47.1402 0.615285 -0.338161 -0.653499  0.232621  0.00282417 0.000697899 -0.00640479  0.0191094 -0.0114508  0.0106282 1 0 0
              139.99  10.8755  18.8629 -51.9088  45.0705  47.1568 0.616391 -0.651323  -0.45539  0.226425  0.00276783 0.000700865 -0.00643353  0.023314 -0.009297 0.0118575 1 0 0
              140.09  10.3958  19.0658 -51.2633  45.0101  47.0703 0.644739 -0.469613 -0.613531  0.217739  0.00277938 0.000687595 -0.00641951  0.0211572 -0.0074472  0.0102103 1 0 0
              140.09  10.3509  19.0286 -51.1971  44.9861   47.097 0.637342  -0.75799 -0.297726  0.117607  0.00280186 0.000689377  -0.0064462   0.0259688 -0.00604388   0.0132318 1 0 0
              140.19  8.71579  19.5973 -48.9274  44.8935  47.0965 0.616653 -0.828066 -0.164212 -0.108174  0.00287584 0.000686069 -0.00646407   0.0277355 -0.00536106   0.0160216 1 0 0
              140.19  8.76658  19.7936 -48.8793  44.9038  47.0911 0.623079   -0.69878  -0.231551 -0.0296722  0.00286624 0.000624458 -0.00646352   0.0264743 -0.00655158   0.0146081 1 0 0
              140.29  9.52718  20.7242 -47.7424  44.8638  47.0801 0.637152 -0.513701 -0.176609 0.0158042  0.00283619 0.000634164 -0.00646089    0.026558 -0.00926797   0.0135601 1 0 0
              140.29  9.65489  20.6838 -47.7233  44.8807  47.0585 0.636975 -0.313213 -0.434359 0.0245245  0.00280617 0.000608001 -0.00645737   0.0225374 -0.00949512   0.0118868 1 0 0
             140.391  10.1197  20.4739 -46.0581  44.9058  46.9399 0.644271   0.0334779   -0.851968 -0.00918479  0.00279676 0.000541863  -0.0064224   0.0165941 -0.00962173  0.00873761 1 0 0
             140.391  10.0948  20.2748 -45.9441   44.876  46.9587 0.642303  -0.312222  -0.633502 -0.0474503  0.00278796 0.000695147 -0.00650024   0.0207622 -0.00775152   0.0106176 1 0 0
              140.49  10.7634  20.2121 -44.6955  44.8454  46.8913 0.635425  -0.307978   -0.72874 -0.0843752  0.00278796 0.000695147 -0.00650024   0.0207622 -0.00775152   0.0106176 1 0 0
              140.49  10.7407  20.2334 -44.7814  44.8219  46.9158 0.625578 -0.598108 -0.435887 -0.214067  0.00277864  0.00068996 -0.00647394    0.02525 -0.0067396  0.0142366 1 0 0
              140.59  10.7586  19.6304 -43.7804   44.767  46.8653 0.601082 -0.597395  -0.53106 -0.183049   0.0027931 0.000695891 -0.00647335   0.0246445 -0.00685866    0.014448 1 0 0
              140.59  10.6938  19.6112 -43.7756  44.7607  46.8737 0.601838 -0.671994  -0.42801 -0.180072  0.00281286 0.000719877 -0.00647721   0.0262051 -0.00695699   0.0150539 1 0 0
              140.69 9.96691 18.7402 -44.606  44.7137  46.7955 0.599026   -0.612884   -0.689002 -0.00456131  0.00281453 0.000710383  -0.0064334  0.0238978 -0.0070235  0.0133167 1 0 0
              140.69 9.89209 18.8463 -44.702  44.7165  46.8022 0.602815 -0.576041  -0.61289 0.0359835  0.00285064 0.000692044 -0.00639112  0.0244065 -0.0080007  0.0131768 1 0 0
              140.79  10.2151  19.3948 -46.0382  44.6575   46.738 0.613216 -0.563372 -0.621041  0.134057  0.00285064 0.000692044 -0.00639112  0.0244065 -0.0080007  0.0131768 1 0 0
              140.79 10.3302 19.5622  -46.12  44.6665  46.7345 0.611992 -0.454155 -0.662087  0.125331  0.00279866  0.00064771 -0.00635858   0.0230799 -0.00875115   0.0129481 1 0 0
              140.89  8.98454  18.9877 -46.5717  44.6202  46.6387 0.639959 -0.435517 -0.723419  0.186988  0.00281109 0.000643738 -0.00632274    0.021788 -0.00696823   0.0107548 1 0 0
              140.89  8.91328  18.7104 -46.2549  44.6227  46.6471 0.639242 -0.404789 -0.621446  0.177705    0.002868 0.000714766 -0.00643367   0.0224102 -0.00807519   0.0113354 1 0 0
              140.99  9.15031  18.5486 -47.0001   44.602  46.6013 0.654893 -0.299929 -0.491509 0.0902656  0.00286704 0.000690386 -0.00643653   0.0223058 -0.00982533   0.0114173 1 0 0
              140.99  9.30168  18.5795 -47.1709  44.5997  46.6094 0.645715  -0.332214   -0.39565 -0.0126853  0.00280044 0.000686773 -0.00638466  0.0230059 -0.0100302  0.0132253 1 0 0
              141.09 10.1871 17.0701 -47.302  44.5719  46.5686 0.637713  -0.35408 -0.406764 -0.119508  0.00280913 0.000703956 -0.00636786  0.0224709 -0.0104165  0.0132031 1 0 0
              141.09  10.3432  16.9634 -47.0903  44.5599  46.5691 0.636718 -0.500603 -0.401405 -0.137509  0.00278135 0.000727492  -0.0064397   0.0236459 -0.00889675   0.0136042 1 0 0
              141.19 11.8237 17.1388  -47.92  44.5286  46.4748 0.626363 -0.446078 -0.726099 -0.145219  0.00276345 0.000706669 -0.00639586  0.0201227 -0.0079398  0.0115831 1 0 0
              141.19  11.8367  17.1815 -47.8837  44.5031  46.4904 0.626768 -0.745991 -0.548278 -0.157297  0.00274989 0.000730952 -0.00640847   0.0242711 -0.00614395   0.0127612 1 0 0
             141.291  12.4668  17.0486 -48.4631  44.4223  46.4053 0.605425 -0.812545 -0.729786 -0.131141  0.00276425 0.000707113 -0.00640306   0.0227372 -0.00466624   0.0125482 1 0 0
             141.291 12.4824 16.8641  -48.41  44.4112  46.4203 0.609346  -0.941672  -0.558373 -0.0941838  0.00277082 0.000819661 -0.00643388   0.0253055 -0.00471134   0.0129095 1 0 0
              141.39  12.1242   16.486 -48.7058  44.2877    46.38 0.593869   -1.10813  -0.484679 -0.0304344  0.00278698 0.000858869 -0.00646892   0.0269964 -0.00351906   0.0139946 1 0 0
              141.39 12.0248 16.4892 -48.744 44.3146 46.3698 0.59823  -0.78693 -0.599057 0.0360554  0.00280691 0.000863878 -0.00645542   0.0235994 -0.00632544   0.0125348 1 0 0
              141.49  13.2514  15.7091 -47.2687  44.2773  46.3586 0.636162 -0.506963 -0.331298  0.311873  0.00277458 0.000867925 -0.00647348  0.0250482 -0.0112112  0.0121466 1 0 0
              141.49  13.4011  15.8137 -47.0519   44.296  46.3352 0.628964 -0.29361 -0.60137 0.246495  0.00274985 0.000823296 -0.00652963  0.0204594 -0.0112803  0.0116593 1 0 0
              141.59  11.3464   16.679 -46.5573 44.2957 46.2478 0.63054 -0.0756713   -0.64983  0.0852939  0.00278498 0.000853561 -0.00648131   0.017361 -0.0108947  0.0120945 1 0 0
              141.59 11.1558 16.7897 -46.433  44.2767  46.2474 0.642945 -0.296732 -0.660041   0.21301  0.00285612 0.000803843  -0.0065133   0.0195748 -0.00892847   0.0103994 1 0 0
              141.69 9.57299 17.2412 -46.063    44.24   46.175 0.654076 -0.384922 -0.697401  0.103095  0.00287325 0.000804092 -0.00651675   0.0192892 -0.00824495   0.0106517 1 0 0
              141.69  9.66094  17.2327 -46.2016  44.2261  46.1937 0.652884 -0.553787 -0.476685 0.0802571  0.00283063 0.000810863 -0.00648798   0.0227178 -0.00821424   0.0120854 1 0 0
              141.79  9.45484  16.3512 -47.4794  44.1199  46.1201 0.650829   -0.84038  -0.622811 -0.0412611  0.00284249 0.000806172  -0.0064758    0.023491 -0.00423138   0.0119935 1 0 0
              141.79  9.62468  16.2465 -47.5436  44.1286   46.136 0.648392  -0.736287  -0.432966 -0.0644758  0.00277697 0.000841036 -0.00646229   0.0243051 -0.00682078   0.0130877 1 0 0
              141.89  10.4131  16.1452 -48.0644  44.0773  46.1205 0.649515  -0.561759  -0.309684 -0.0823613  0.00277254 0.000820706 -0.00647753   0.0251477 -0.00938321   0.0128952 1 0 0
              141.89 10.4698 16.1884 -47.986 44.0904 46.1142 0.64203 -0.409437 -0.380675  -0.15637  0.00275798 0.000806007 -0.00649932   0.022901 -0.0102477  0.0134231 1 0 0
             141.992  10.6229  16.6265 -48.8107  44.1063  46.0369 0.629211 -0.082793 -0.644453 -0.145672  0.00273701 0.000808243 -0.00643915  0.0187578 -0.0120077  0.0119273 1 0 0
             141.992  10.6311  16.5115 -48.5842  44.0833  46.0434 0.634638  -0.353543  -0.574303 -0.0988992  0.00274957  0.00084098 -0.00651432   0.0218008 -0.00980256   0.0117532 1 0 0
              142.09  10.2204  16.5524 -48.1591  44.0523  45.9488 0.622827  -0.338243  -0.831346 -0.0367954  0.00279211 0.000848388 -0.00651473   0.0196863 -0.00851818   0.0112694 1 0 0
              142.09  10.3618   16.558 -48.0555   44.027  45.9645 0.626863   -0.643094   -0.650529 -0.00869213   0.0027438 0.000877342 -0.00655544    0.023888 -0.00678476   0.0118562 1 0 0
              142.19  8.84776  16.8432 -47.2376  43.9528  45.8771 0.613963 -0.756407 -0.828373 0.0530699  0.00282288 0.000868911 -0.00656842   0.0228414 -0.00533059   0.0127162 1 0 0
              142.19  8.92793  16.9057 -47.3092  43.9468   45.888 0.621429 -0.822464 -0.700937  0.129241  0.00278851 0.000853544 -0.00654634    0.024911 -0.00582333   0.0123734 1 0 0
              142.29  8.04925  17.9431 -48.8952  43.8688  45.8292 0.640527 -0.758369 -0.532899  0.174698  0.00277902  0.00083067 -0.00654955   0.0252413 -0.00639947   0.0124229 1 0 0
              142.29  8.02707  17.9735 -49.1726  43.8801  45.8245 0.645083 -0.619524  -0.58735  0.230844  0.00275899 0.000832604 -0.00646097   0.0238441 -0.00752132   0.0113517 1 0 0
              142.39  6.59955  16.9088 -48.7269  43.8591  45.8033 0.663703 -0.395303 -0.281086  0.174306  0.00282266 0.000873841 -0.00646913  0.0234715 -0.0109928  0.0119975 1 0 0
              142.39  6.87429  16.8568 -48.3473  43.8699  45.7933 0.655652 -0.272529 -0.398087 0.0926102  0.00277591  0.00085931 -0.00656827  0.0209859 -0.0112434  0.0123827 1 0 0
              142.49  7.08302  16.2736 -49.8257  43.8417  45.7035 0.683824 -0.301207 -0.629926  0.114204  0.00270118 0.000792192  -0.0064912   0.0186882 -0.00928975  0.00949998 1 0 0
              142.49  7.16296   16.033 -49.7621  43.8301  45.7141 0.677047 -0.441295 -0.506366 0.0353531  0.00267923 0.000913562 -0.00653375   0.0204816 -0.00870894   0.0110122 1 0 0
              142.59  8.36618  14.7528 -49.6293   43.783  45.6526 0.674867  -0.491345  -0.552702 -0.0739023  0.00267314 0.000886521  -0.0065393    0.019908 -0.00822342   0.0108393 1 0 0
              142.59 8.47718 14.6787 -49.567  43.7643  45.6688 0.670452 -0.713429 -0.365268 -0.135767  0.00264809  0.00089383 -0.00655595    0.023369 -0.00712683   0.0126349 1 0 0
              142.69  9.76834  14.3664 -49.8119 43.6581 45.6268 0.62109 -0.988735 -0.412988 -0.334792  0.00270002 0.000856574 -0.00651814   0.0237296 -0.00472366   0.0150417 1 0 0
              142.69  9.79199  14.3348 -49.7823   43.662  45.6295 0.629631 -0.936055 -0.380869 -0.239227  0.00269364 0.000864819 -0.00652835    0.023979 -0.00574275   0.0139175 1 0 0
              142.79  10.8959  14.0558 -50.6269  43.5756  45.5913 0.614941 -0.911348 -0.367286 -0.151596  0.00270362 0.000883447 -0.00651872   0.0236564 -0.00637126   0.0133974 1 0 0
              142.79  10.8979  14.1423 -50.6129  43.5882  45.5856 0.624206  -0.755037  -0.433323 -0.0414156  0.00270003   0.0008576 -0.00652158   0.0221398 -0.00784801    0.011705 1 0 0
              142.89 10.9198 13.9121 -50.727  43.5175  45.5481 0.627988 -0.759886 -0.410329 0.0836623  0.00269511 0.000859533 -0.00651724   0.0222421 -0.00853626   0.0116183 1 0 0
              142.89 10.8498 13.9429 -50.636  43.5309  45.5426 0.630378 -0.598557 -0.472423  0.117647  0.00272355 0.000843695 -0.00654313    0.020491 -0.00992461   0.0109704 1 0 0
              142.99  11.2478  14.5551 -49.9692  43.4759  45.4959 0.650581 -0.537372 -0.472842  0.247635  0.00273301 0.000853006 -0.00653585 0.0204247 -0.010257  0.010906 1 0 0
              142.99  11.3494  14.6198 -49.9307   43.477  45.4956 0.650079 -0.524844 -0.476642  0.242553  0.00270319 0.000830383 -0.00654331  0.0202811 -0.0103605  0.0109642 1 0 0
              143.09  8.80379  15.8437 -50.2543  43.4405  45.4138 0.650731 -0.350381 -0.577906 0.0644329  0.00271328 0.000813733 -0.00649675   0.0173658 -0.00898556   0.0114557 1 0 0
              143.09  8.60432  15.7579 -50.1712  43.422 45.4316 0.65699 -0.568049 -0.372893  0.123152  0.00278253 0.000829752 -0.00653483   0.0213386 -0.00828073   0.0115686 1 0 0
              143.19  7.36035  16.6426 -49.3755  43.3679   45.387 0.669153 -0.562652  -0.43732 0.0738433  0.00279964 0.000836081 -0.00655353   0.0209093 -0.00818144   0.0111672 1 0 0
              143.19  7.58085  16.6828 -49.3408   43.353  45.4046 0.669431  -0.74287 -0.226356 0.0648111   0.0027299 0.000818344 -0.00657423   0.0244367 -0.00780649   0.0122968 1 0 0
              143.29  7.65438  17.1516 -50.5274  43.2945   45.326 0.665078  -0.676635  -0.523563 -0.0174971   0.0027246 0.000814198 -0.00650523   0.0204247 -0.00642315   0.0114108 1 0 0
              143.29  7.80104  17.0377 -50.5439  43.2808   45.353 0.667787  -0.836368  -0.205713 0.00400379  0.00268928 0.000890268  -0.0065083   0.0249436 -0.00718808   0.0126395 1 0 0
              143.39  8.02064  16.4428 -51.0345  43.1926  45.3427 0.664038  -0.842068  -0.148818 -0.0579705  0.00270028 0.000894509 -0.00653263   0.0256728 -0.00726396   0.0129776 1 0 0
              143.39  8.01548  16.4031 -51.0404  43.1986  45.3432 0.661223  -0.771287  -0.140812 -0.0866096  0.00271568 0.000897403 -0.00652594   0.0251491 -0.00796537   0.0132925 1 0 0
              143.49  7.93573  15.9129 -51.8136   43.123  45.3267 0.649295 -0.751124 -0.195178 -0.144992  0.00271568 0.000897403 -0.00652594   0.0251491 -0.00796537   0.0132925 1 0 0
              143.49  7.93143  15.9447 -51.8181  43.1404  45.3111 0.649981 -0.539846 -0.379659 -0.128365  0.00271049 0.000900325 -0.00652519   0.0216716 -0.00901822   0.0121007 1 0 0
              143.59  7.82962  15.4871 -51.8169  43.0839   45.269 0.639326  -0.602837  -0.480453 -0.0485643  0.00271049 0.000900325 -0.00652519   0.0216716 -0.00901822   0.0121007 1 0 0
              143.59 7.84361 15.4501 -51.764  43.097 45.2567 0.63912   -0.44998  -0.624179 -0.0413094  0.00271048 0.000912647  -0.0065422   0.0190587 -0.00969722   0.0113177 1 0 0
              143.69     6.59  15.5032 -52.6778  43.0499   45.193 0.642588 -0.496106 -0.625117  0.110589  0.00271048 0.000912647  -0.0065422   0.0190587 -0.00969722   0.0113177 1 0 0
              143.69  6.49903  15.5184 -52.6698   43.045  45.1903 0.645899 -0.551955 -0.656605  0.144591  0.00274141 0.000907323 -0.00654402   0.0192665 -0.00891612   0.0107702 1 0 0
              143.79  4.56596  16.4285 -54.0467  42.9827  45.1207 0.662233 -0.613712 -0.648829   0.16847  0.00273939 0.000895294 -0.00654427   0.0191606 -0.00850342   0.0107984 1 0 0
              143.79  4.51134  16.4523 -54.1471  42.9671  45.1284 0.668883 -0.791203 -0.562683  0.233121  0.00275031 0.000890995 -0.00651707   0.0215828 -0.00724187   0.0104189 1 0 0
              143.89  4.15435  15.9498 -56.3071  42.8898  45.0807 0.689708  -0.75993 -0.411854  0.188436  0.00275031 0.000890995 -0.00651707   0.0215828 -0.00724187   0.0104189 1 0 0
              143.89  4.31355  15.8551 -56.3359  42.8844  45.0909 0.686039 -0.824805 -0.291357  0.144074  0.00270807 0.000935661  -0.0065152   0.0231458 -0.00729696   0.0115219 1 0 0
              143.99  5.21566  14.5803 -58.3611  42.8201  45.0125 0.685994  -0.702674   -0.51289 -0.0120567  0.00269613  0.00092471 -0.00652507   0.0193473 -0.00626165   0.0109479 1 0 0
              143.99  5.31584  14.5565 -58.4297  42.8083  45.0393 0.683257   -0.83529   -0.20826 -0.0463895  0.00268474  0.00101541 -0.00650979   0.0231013 -0.00657692   0.0124886 1 0 0
              144.09  6.20842  13.0684 -58.7087  42.7186  45.0253 0.663432 -0.883987 -0.150832 -0.198085 0.00273661 0.00105008 -0.0065031   0.0233365 -0.00631787   0.0131995 1 0 0
              144.09  6.36352  13.1067 -58.5049  42.7217  45.0317 0.662935  -0.846055 -0.0755469   -0.20228  0.00269842  0.00102862 -0.00656509   0.0239778 -0.00725442   0.0135159 1 0 0
              144.19  7.54243  13.1483 -58.6431  42.6366  45.0207 0.643619  -0.909038 -0.0883005   -0.18703  0.00270237  0.00101687 -0.00657675   0.0236897 -0.00735204   0.0133127 1 0 0
              144.19  7.51178  13.2836 -58.6812  42.6489  45.0139 0.644081 -0.760754 -0.167207 -0.175832 0.00270879 0.00097742 -0.0065614   0.0219097 -0.00869874   0.0129087 1 0 0
              144.29 8.23195 13.2357 -58.046 42.5684 44.9985 0.62904 -0.849273 -0.141859  -0.11951 0.00270879 0.00097742 -0.0065614   0.0219097 -0.00869874   0.0129087 1 0 0
              144.29  8.17516  13.2714 -57.9764  42.5765  44.9884 0.635489  -0.751437  -0.258879 -0.0457087  0.00273302 0.000964352 -0.00658358  0.0201962 -0.0093374  0.0115501 1 0 0
              144.39  8.50336  12.9299 -57.6889 42.4971 44.9649 0.63482 -0.840146 -0.218659 0.0539422  0.00273302 0.000964352 -0.00658358  0.0201962 -0.0093374  0.0115501 1 0 0
              144.39  8.51093  12.8422 -57.6926  42.4989  44.9599 0.641295  -0.81745 -0.276668  0.126439  0.00273087 0.000991649 -0.00658674   0.0196108 -0.00942702   0.0103966 1 0 0
              144.49  8.82562  12.3788 -57.6558  42.4328   44.906 0.658273 -0.702261  -0.38573  0.246624  0.00272954  0.00102891 -0.00656065   0.0173071 -0.00958544   0.0101409 1 0 0
              144.49  8.85794  12.4232 -57.6165  42.4139  44.9203 0.665919 -0.920261 -0.225045  0.326083  0.00272075  0.00101089 -0.00657129   0.0207334 -0.00813517  0.00956865 1 0 0
              144.59  6.56269  11.9244 -57.8142  42.3488  44.8579 0.682114 -0.672096 -0.379602  0.181126  0.00273696  0.00103012 -0.00656207    0.017179 -0.00771702  0.00960136 1 0 0
              144.59  6.35561  11.9157 -57.7926  42.3286  44.8968 0.681852 -0.898781 0.0684912  0.162449  0.00280576  0.00102288 -0.00658165   0.0237041 -0.00760053   0.0113163 1 0 0
              144.69   5.2155  11.4189 -57.7552  42.2448   44.896 0.680362   -0.854637 -0.00726551   0.0292886  0.00286547  0.00104767 -0.00658238   0.0230405 -0.00747554   0.0122205 1 0 0
              144.69  5.46589  11.5566 -57.7341  42.234 44.9101 0.68649 -0.981463  0.157393 0.0927414  0.00278501  0.00100274 -0.00659286   0.0259364 -0.00709206   0.0118993 1 0 0
              144.79   5.0915   12.321 -59.8913  42.1493  44.9148 0.674051 -0.889757  0.143432 -0.049576  0.00279071 0.000964008 -0.00655619   0.0245099 -0.00735229   0.0130835 1 0 0
              144.79  5.18519  12.4417 -59.9129  42.1559  44.9149 0.676929   -0.80949   0.145639 -0.0153295  0.00276898 0.000924146 -0.00654435   0.0241387 -0.00837751   0.0126342 1 0 0
              144.89  4.46051  10.3739 -60.7441  42.0982   44.926 0.686867  -0.674233   0.122779 -0.0254588  0.00277741 0.000960409 -0.00653696   0.0233238 -0.00982333   0.0113961 1 0 0
              144.89  4.48814  10.2366 -60.6149  42.1011  44.9122 0.691717  -0.641304 -0.0311956  0.0280025  0.00275903 0.000963566 -0.00657658   0.0216169 -0.00946329   0.0103172 1 0 0
              144.99  5.17716  8.73217 -62.6256  42.0709  44.8247 0.683181   -0.50986  -0.502996 -0.0746248   0.0027179 0.000866381 -0.00648906   0.0158313 -0.00929382  0.00953186 1 0 0
              144.99  5.32772  8.66618 -62.5205   42.045  44.8504 0.686034  -0.803097  -0.218294 -0.0575207  0.00268304 0.000880068 -0.00652351   0.0209958 -0.00724681   0.0100553 1 0 0
              145.09  7.67257  6.13478 -63.7506  41.9623  44.8171 0.680171   -0.86622  -0.299808 -0.0245683  0.00270328 0.000882828   -0.006527   0.0203054 -0.00709339    0.010049 1 0 0
              145.09  7.88346  6.04737 -63.7549  41.9449  44.8464 0.674327    -1.0656  0.0298926 -0.0971398  0.00264111 0.000907045 -0.00651853   0.0253003 -0.00620481   0.0116576 1 0 0
              145.19  8.74305  3.46126 -63.6465  41.8572  44.8504 0.669091 -0.960057 0.0116882 0.0178979  0.00264379 0.000888161 -0.00651359    0.024928 -0.00751904   0.0117973 1 0 0
              145.19  8.50181  3.49439 -63.4409  41.8556  44.8614 0.653787 -0.983551  0.140456 -0.147618  0.00272742 0.000866905 -0.00657122   0.0264665 -0.00746832    0.014229 1 0 0
              145.29  7.71768  4.51902 -62.0643  41.7885  44.8428 0.608471  -0.808175 -0.0807761  -0.212217  0.00276685 0.000847569 -0.00652926   0.0234717 -0.00848295   0.0168694 1 0 0
              145.29  7.66225  4.83592 -61.8086  41.7737  44.8322 0.638132 -0.971733 -0.210442  0.101683  0.00278726 0.000734889 -0.00659665   0.0228557 -0.00655997   0.0121247 1 0 0
              145.39  6.53349  7.07714 -61.4868  41.7208  44.7881 0.629807 -0.687411 -0.263225 -0.022071  0.00279875  0.00073088 -0.00657208    0.019949 -0.00823503    0.013339 1 0 0
              145.39   6.4141  7.25176 -61.6263  41.7038  44.7895 0.656182 -0.871126 -0.254005  0.248785  0.00282845 0.000680927 -0.00651644   0.0212447 -0.00656848  0.00941368 1 0 0
              145.49  6.75045  7.47065 -62.2916   41.618  44.7652 0.675495 -0.847351 -0.222998  0.117402  0.00282845 0.000680927 -0.00651644   0.0212447 -0.00656848  0.00941368 1 0 0
              145.49  6.94916  7.23243 -62.3312  41.6166  44.7696 0.681388 -0.861727 -0.171693  0.179358  0.00276249 0.000758284 -0.00651373    0.022025 -0.00679367  0.00867376 1 0 0
              145.59   7.9302   7.0982 -61.8091 41.5312 44.7509 0.69576 -0.908205 -0.208521 0.0865707  0.00278055 0.000736282 -0.00651278   0.0218901 -0.00704024  0.00850426 1 0 0
              145.59  8.09545    6.956 -61.6437  41.5382  44.7539 0.689181 -0.828842 -0.172025 0.0186332   0.0027326 0.000774035 -0.00657167  0.0217989 -0.0081193 0.00958665 1 0 0
              145.69  9.38946  8.19916 -61.5583 41.4642 44.7384 0.68189  -0.837812  -0.181885 -0.0406193  0.00273304 0.000769704 -0.00657408   0.0216586 -0.00903823   0.0102016 1 0 0
              145.69  9.42958  8.31611 -61.6193 41.4666   44.74 0.66626  -0.81673 -0.162673 -0.206158   0.0027191 0.000739477 -0.00655079   0.0215569 -0.00906054    0.012492 1 0 0
              145.79  9.84783  9.88401 -61.1012  41.3946  44.7099 0.652554  -0.772752  -0.228247 -0.0604639  0.00271988 0.000711469 -0.00653581   0.0202779 -0.00951746   0.0123319 1 0 0
              145.79  9.76231  9.81927 -60.9669 41.3855 44.7116 0.64412 -0.879251  -0.20979 -0.152087  0.00272884 0.000742218  -0.0065844   0.0208528 -0.00822326   0.0133315 1 0 0
              145.89  9.68743  10.9997 -59.1301  41.3226  44.6548 0.626749 -0.736289 -0.435698 0.0414209  0.00275836 0.000683091 -0.00654293   0.0180944 -0.00856964   0.0139389 1 0 0
              145.89  9.75789  10.9061 -58.9342  41.2948  44.6695 0.641603  -1.05063 -0.275776  0.180693  0.00273843 0.000701367 -0.00660586   0.0219773 -0.00596734   0.0122156 1 0 0
              145.99  8.81944   11.952 -59.2481  41.2147  44.6401 0.667887 -0.784446 -0.259452  0.114203  0.00273178 0.000717079 -0.00660282   0.0214723 -0.00714378   0.0115491 1 0 0
              145.99  8.66942   12.058 -59.4189  41.2082  44.6563 0.668618   -0.85359 -0.0789515     0.1169  0.00276449 0.000690457 -0.00654843   0.0240099 -0.00730105   0.0120557 1 0 0
              146.09  7.09134  13.3521 -57.9707  41.1571  44.6458 0.663839  -0.667555  -0.154048 -0.0411302  0.00281496 0.000722352 -0.00652116   0.0228308 -0.00922825    0.012793 1 0 0
              146.09  7.37614  13.4151 -57.5634  41.1422  44.6418 0.680386 -0.831871 -0.204315  0.125362  0.00275289 0.000683637 -0.00664055   0.0236984 -0.00734623   0.0103066 1 0 0
              146.19  8.48383  13.5256 -57.7326   41.086  44.6126 0.684639 -0.670267  -0.27728   0.05406  0.00276813 0.000697301 -0.00663267   0.0223904 -0.00880925   0.0106009 1 0 0
              146.19  8.78679   13.489 -57.8987  41.0795  44.6094 0.685195 -0.745932 -0.315622 0.0573707  0.00265677 0.000714747 -0.00658153   0.0224239 -0.00771496   0.0104088 1 0 0
              146.29  8.24308  12.3705 -55.5838  41.0169  44.5851 0.689592  -0.67424 -0.374696 -0.033318    0.002655 0.000717112 -0.00657955   0.0229482 -0.00885055   0.0103897 1 0 0
              146.29  8.08522  12.1879 -55.2769  41.0129  44.5716 0.681184 -0.729957 -0.527275 -0.123798  0.00270689 0.000744424 -0.00667579   0.0212487 -0.00706765   0.0109455 1 0 0
              146.39  8.13219  12.2751 -53.7671   40.949   44.512 0.659806 -0.708732 -0.643299   -0.1657  0.00271761 0.000748275 -0.00665248   0.0207271 -0.00761983   0.0112864 1 0 0
              146.39 8.20594  12.442 -53.748  40.9427  44.5034 0.655408 -0.783956 -0.740917 -0.213073  0.00266885 0.000679416 -0.00665118   0.0200935 -0.00617481   0.0115107 1 0 0
              146.49  9.26068  12.6728 -54.9773  40.9017  44.3638 0.645902 -0.640594  -1.12988  0.047661   0.0026611 0.000605522 -0.00656883   0.0155955 -0.00652286   0.0103997 1 0 0
              146.49  9.28167  12.6442 -55.1072   40.874  44.3972 0.643134  -0.955592  -0.762172 0.00159002  0.00264627 0.000619045 -0.00652344   0.0216507 -0.00532688   0.0122631 1 0 0
              146.59  8.96484  12.2556 -55.3158  40.7927  44.3253 0.665463 -0.824184 -0.697856  0.193551  0.00265604 0.000635238  -0.0065464  0.0214992 -0.0065098  0.0115695 1 0 0
              146.59  8.85175  12.2419 -55.2919  40.7818  44.3505 0.658236 -0.949643 -0.409467  0.107606  0.00270509 0.000678702 -0.00655829   0.0252126 -0.00673512   0.0136993 1 0 0
              146.69  7.21602  11.8691 -56.0933  40.7076  44.3228 0.662276  -0.793716  -0.227001 0.00691957  0.00272264 0.000675914 -0.00654955   0.0248392 -0.00779821   0.0139242 1 0 0
              146.69  7.09639  11.9375 -56.0435  40.7051  44.3195 0.670919 -0.817346 -0.265009 0.0963558  0.00274797 0.000647347 -0.00656306   0.0248436 -0.00751456   0.0127216 1 0 0
              146.79  7.32638   11.028 -57.2025  40.6402  44.2921 0.673012  -0.720406  -0.238668 -0.0433423   0.0027301 0.000634546 -0.00655148    0.024198 -0.00828387   0.0126736 1 0 0
              146.79   7.3901    11.02 -57.2265  40.6511  44.2813 0.678429 -0.591779 -0.360916  0.022535  0.00270236 0.000645821 -0.00654345   0.0221095 -0.00916871   0.0114196 1 0 0
              146.89  8.44671  9.94286 -56.7605  40.5901  44.2462 0.676427  -0.624743  -0.349965 -0.0620289  0.00270236 0.000645821 -0.00654345   0.0221095 -0.00916871   0.0114196 1 0 0
              146.89  8.53343   9.9262 -56.5852  40.5945  44.2355 0.675696  -0.577003  -0.474017 -0.0647341  0.00268471 0.000646393 -0.00660114   0.0203433 -0.00896249   0.0110868 1 0 0
             147.006   8.9826  9.69193 -56.0495  40.5693  44.1375 0.664567  -0.472606  -0.687727 -0.0763738   0.0026764  0.00067475 -0.00656412  0.0163541 -0.0104355  0.0104899 1 0 0
             147.006  8.92537  9.72365 -55.9326  40.5361  44.1577 0.668421  -0.805898  -0.490129 -0.0551726  0.00269663 0.000657512 -0.00659676   0.0208631 -0.00780971    0.010512 1 0 0
              147.09  9.49073  9.98009 -56.1973 40.4778 44.1097 0.65193  -0.824023  -0.522154 -0.0721015   0.0027205 0.000670319 -0.00657206   0.0198183 -0.00823535   0.0113798 1 0 0
              147.09 9.62377 10.0561 -56.235  40.4536  44.1309 0.653656   -1.13974  -0.261354 -0.0731961  0.00266009 0.000677431 -0.00655741   0.0248513 -0.00626919   0.0118627 1 0 0
              147.19  10.5531  9.37856 -56.6517  40.3361   44.106 0.653638  -1.19213 -0.244305  0.093495  0.00266009 0.000677431 -0.00655741   0.0248513 -0.00626919   0.0118627 1 0 0
              147.19  10.5533  9.31843 -56.6226  40.3365  44.1071 0.654463  -1.18666 -0.231686  0.101938  0.00266168 0.000694989 -0.00656987   0.0249696 -0.00643419   0.0117963 1 0 0
              147.29 10.3049 9.13787 -57.387  40.2258  44.0855 0.670417  -0.99329 -0.180633  0.172004  0.00266168 0.000694989 -0.00656987   0.0249696 -0.00643419   0.0117963 1 0 0
              147.29  10.1237    9.235 -57.4837  40.2436  44.0689 0.671723 -0.782953 -0.370133  0.196341  0.00271452 0.000642639  -0.0065234  0.0215149 -0.0077592   0.011143 1 0 0
              147.39  6.79143  9.18721 -56.6623  40.2087  44.0394 0.683279 -0.455326 -0.293101  0.115679  0.00273648  0.00063107 -0.00649493    0.020485 -0.00995346   0.0118378 1 0 0
              147.39  6.53703  9.11189 -56.3449  40.2093  44.0312 0.686037 -0.447586 -0.384801  0.145624  0.00281971 0.000623566 -0.00658668   0.0195157 -0.00958808   0.0112216 1 0 0
              147.49 5.08328 9.62203 -54.263  40.1794  43.9868 0.689577 -0.409224 -0.472238 0.0177686  0.00285907 0.000608013 -0.00657463  0.0187793 -0.0103867  0.0116312 1 0 0
              147.49  5.32993  9.74581 -54.2158  40.1665  43.9926 0.687531  -0.560688  -0.405164 -0.0124586  0.00277731 0.000576949 -0.00658752   0.0205386 -0.00900709   0.0121598 1 0 0
              147.59  6.27688  9.89462 -54.7424  40.1407  43.8913 0.685537  -0.360449  -0.690081 -0.0750893  0.00278141 0.000591838 -0.00651987   0.0156396 -0.00867054   0.0109233 1 0 0
              147.59  6.53889    9.872 -54.6757   40.103  43.9282 0.691608   -0.78632  -0.285061 -0.0371944  0.00265852 0.000789192 -0.00655388   0.0225935 -0.00691552   0.0113309 1 0 0
              147.69 7.35867 9.09398 -53.764  40.0322  43.8847 0.683108   -0.71425  -0.406119 -0.0711275  0.00269684  0.00080491 -0.00655319     0.02166 -0.00679046    0.011421 1 0 0
              147.69  7.44439  9.23307 -53.7364  40.0189  43.9089 0.682413  -0.859982  -0.139275 -0.0882284   0.0026801 0.000826666 -0.00656661   0.0253204 -0.00692145     0.01227 1 0 0
              147.79  6.70874    9.093 -52.4423  39.9529  43.8874 0.673732  -0.764059  -0.235507 -0.0660774  0.00269384 0.000807583 -0.00656065   0.0244239 -0.00783576   0.0121902 1 0 0
              147.79  6.57013  9.08099 -52.3032  39.9616  43.8871 0.673155  -0.661856  -0.236998 -0.0682371  0.00274306 0.000810947 -0.00660634   0.0236504 -0.00896582   0.0122575 1 0 0
              147.89 5.91477 9.26325 -52.322  39.9066   43.844 0.661898  -0.623044  -0.363301 -0.0323167  0.00278784 0.000843103 -0.00659042   0.0221521 -0.00898923   0.0125055 1 0 0
              147.89  6.03003  9.40723 -52.4698  39.9099  43.8323 0.670324 -0.583077 -0.498585 0.0574343  0.00274365 0.000789582 -0.00653999   0.0205823 -0.00860919   0.0109553 1 0 0
              147.99  5.32458   10.032 -51.9098  39.8625  43.7801 0.681831 -0.538293  -0.51905  0.178995  0.00274068 0.000774586 -0.00653623   0.0199534 -0.00941417   0.0110821 1 0 0
              147.99  5.28124  10.1246 -51.8062  39.8622  43.7785 0.680848 -0.541609 -0.536539  0.169081  0.00275628 0.000738311 -0.00656647   0.0197964 -0.00924579   0.0111648 1 0 0
              148.09 3.84804 10.0177 -52.049  39.8485    43.68 0.704154 -0.300513 -0.673377  0.158503  0.00275941 0.000663546 -0.00654384   0.0159129 -0.00943909  0.00988948 1 0 0
              148.09  3.87755  9.88484 -51.9777  39.8193  43.7087 0.706607 -0.636495  -0.34998  0.161272  0.00275163 0.000730596 -0.00658661   0.0219168 -0.00817232   0.0107776 1 0 0
              148.19   4.3419  9.19116 -51.6606  39.7467  43.6839 0.713569 -0.700201 -0.262706 0.0753277  0.00275841 0.000724665 -0.00658999   0.0225903 -0.00791857   0.0113712 1 0 0
              148.19   4.5512  9.20555 -51.7322  39.7417  43.6967 0.703964  -0.760337  -0.116259 -0.0267197  0.00270486 0.000769202 -0.00657355   0.0242795 -0.00826007   0.0130005 1 0 0
              148.29  5.01348  7.63445 -52.5689  39.6948  43.6364 0.699384  -0.645148  -0.335592 -0.0896861   0.0026977 0.000706171 -0.00651076   0.0203616 -0.00803057   0.0121926 1 0 0
              148.29  5.02636  7.56193 -52.4232  39.6775  43.6541 0.700991  -0.837209  -0.138826 -0.0839633  0.00269222 0.000803122 -0.00656213    0.023778 -0.00746324   0.0125697 1 0 0
              148.39    6.068  7.07739 -53.1655  39.5988  43.6335 0.681646 -0.879641 -0.186588 -0.196445  0.00270196 0.000783298 -0.00654967  0.0230689 -0.0077129  0.0128809 1 0 0
              148.39 6.09672 7.25217 -53.235  39.5983  43.6366 0.679433 -0.886247  -0.15122 -0.219648   0.0026945 0.000742453 -0.00652281   0.0234596 -0.00786513   0.0132443 1 0 0
              148.49  7.51991  7.08655 -53.6927 39.5123 43.6166 0.65879 -0.945538 -0.176081 -0.175853  0.00270352 0.000731386 -0.00652751    0.022876 -0.00807586    0.013157 1 0 0
              148.49  7.54674  7.10105 -53.6708  39.5161  43.6069 0.664882 -0.900415 -0.283761 -0.110776  0.00268926 0.000690971  -0.0065369   0.0215392 -0.00790767   0.0121462 1 0 0
              148.59  8.45482  7.57682 -55.0696  39.4676  43.5492 0.670068 -0.696467 -0.409058  0.058046   0.0027125 0.000626805 -0.00650891   0.0184091 -0.00930526   0.0111351 1 0 0
              148.59  8.46632  7.60794 -55.0346  39.4506  43.5604 0.674998 -0.885111 -0.287526 0.0997742  0.00268585 0.000687168 -0.00652394   0.0210211 -0.00819841   0.0107034 1 0 0
              148.69 8.93262 7.26509 -54.776  39.3615  43.5319 0.695257 -0.866874 -0.281253  0.279994  0.00268585 0.000687168 -0.00652394   0.0210211 -0.00819841   0.0107034 1 0 0
              148.69 8.90907 7.19775 -54.617  39.3529    43.54 0.686907 -0.969738 -0.188721  0.189334  0.00268986 0.000750167 -0.00658355   0.0225146 -0.00749601   0.0119564 1 0 0
              148.79 7.17323  8.5113 -54.573  39.2642  43.5231 0.702383 -0.823914 -0.145547  0.106881  0.00268986 0.000750167 -0.00658355   0.0225146 -0.00749601   0.0119564 1 0 0
              148.79  6.91998  8.68611 -54.5959  39.2703  43.5181 0.698965 -0.755774 -0.200127 0.0752133   0.0027748 0.000672428  -0.0065616   0.0214542 -0.00778178   0.0122895 1 0 0
              148.89  6.29114   9.4032 -55.1161  39.1971  43.4979 0.704043  -0.71257   -0.2021 0.0188984   0.0027748 0.000672428  -0.0065616   0.0214542 -0.00778178   0.0122895 1 0 0
              148.89  6.47865  9.36211 -55.0782  39.2088   43.495 0.702118  -0.580156  -0.232771 0.00529111   0.0027443 0.000657175 -0.00656417   0.0202026 -0.00900757   0.0124624 1 0 0
              148.99  6.01246    9.654 -55.0212  39.1504  43.4667 0.696057  -0.601845  -0.283215 -0.0798963  0.00273757 0.000656613 -0.00657161  0.0199647 -0.0088567  0.0125671 1 0 0
              148.99  5.97097  9.58071 -55.0213  39.1518  43.4637 0.694551  -0.586728  -0.317187 -0.0942284    0.002748 0.000668096 -0.00657275   0.0194704 -0.00877597   0.0126663 1 0 0
              149.09   6.6651  9.58591 -55.0761  39.0901  43.4276 0.675134  -0.61342 -0.370364 -0.197707  0.00274228 0.000669174 -0.00657346   0.0193504 -0.00848309   0.0130061 1 0 0
              149.09  6.79321  9.55228 -55.0582  39.0848  43.4302 0.680516 -0.671664 -0.343847 -0.146887  0.00269567 0.000695837  -0.0065819   0.0201192 -0.00810665   0.0124164 1 0 0
             149.191  7.65434  9.60677 -55.0013  39.0427   43.386 0.678982 -0.532868 -0.436666 -0.111554  0.00271527 0.000684126 -0.00655719   0.0189914 -0.00946987   0.0112511 1 0 0
             149.191  7.67348  9.67359 -54.8906  39.0223  43.3945 0.684564  -0.76176 -0.341904 -0.066683  0.00268216 0.000711544 -0.00659435   0.0215435 -0.00770959   0.0108469 1 0 0
              149.29  7.78102  9.79357 -54.4454  38.9447  43.3563 0.680379 -0.800396 -0.424027 0.0071169  0.00268216 0.000711544 -0.00659435   0.0215435 -0.00770959   0.0108469 1 0 0
              149.29  7.72368  9.80712 -54.4355  38.9388  43.3585 0.675489   -0.87352  -0.398178 -0.0472493  0.00269296 0.000714287 -0.00659699   0.0222391 -0.00692651   0.0116057 1 0 0
              149.39  6.40977  9.69922 -54.2166  38.8717  43.2975 0.673417 -0.807213 -0.527023 0.0960799  0.00269708  0.00071442 -0.00656267   0.0202031 -0.00754466   0.0116182 1 0 0
              149.39  6.30024  9.75211 -54.0576  38.8631  43.3052 0.671297 -0.904032 -0.443003 0.0693879  0.00272997 0.000726442  -0.0066162    0.021619 -0.00701651   0.0121136 1 0 0
              149.49  6.02239  10.9556 -53.9558 38.8124  43.247 0.68906 -0.660054 -0.485986   0.13847  0.00276574 0.000702043 -0.00659486   0.0196499 -0.00883517   0.0116761 1 0 0
              149.49  6.11621  11.0693 -53.9302  38.7946  43.2534 0.693095 -0.859831 -0.417279  0.168732  0.00272696 0.000685577 -0.00660441    0.021905 -0.00711898   0.0114318 1 0 0
              149.59  5.89142  10.7451 -53.7189  38.7264  43.2047 0.708399 -0.752476 -0.378233  0.129538  0.00273774 0.000680624 -0.00658772   0.0205143 -0.00759325   0.0111285 1 0 0
              149.59  5.96976  10.6624 -53.5855  38.7198  43.2181 0.702068 -0.832418 -0.229142  0.058411  0.00273376 0.000759854 -0.00664288    0.022363 -0.00764571   0.0123863 1 0 0
              149.69 6.56111  9.5004 -55.808  38.7002  43.1254 0.712016 -0.496419 -0.555555 0.0151003  0.00273857 0.000645971 -0.00654608   0.0164709 -0.00872453   0.0107256 1 0 0
              149.69  6.60751  9.53805 -55.9099 38.6607 43.1641 0.70466  -0.949491  -0.128613 -0.0834015  0.00270337 0.000774089 -0.00654026   0.0236117 -0.00659754   0.0130501 1 0 0
              149.79  7.08039  7.89376 -56.3569  38.5566  43.1438 0.677573  -1.05086 -0.173686 -0.248883   0.0027259 0.000792558 -0.00653118  0.0232183 -0.0058757  0.0137978 1 0 0
              149.79  7.14685  7.94755 -56.1668   38.549   43.158 0.679582   -1.13889 -0.0138581  -0.233442  0.00271582 0.000759225  -0.0065866   0.0257271 -0.00594922    0.013997 1 0 0
              149.89  7.37971  7.81797 -56.5457  38.4365  43.1548 0.655821   -1.17243 -0.0308179  -0.265432  0.00272546 0.000758982 -0.00658297  0.0255927 -0.0061802   0.013819 1 0 0
              149.89  7.32108  8.05905 -56.5089 38.4539 43.1394 0.66121 -0.966698 -0.205324 -0.199433  0.00275516 0.000660114 -0.00658289    0.022301 -0.00755889   0.0126716 1 0 0
              149.99  7.71369  8.40128 -56.1207  38.3887  43.1344 0.653464  -0.843986  -0.124726 -0.0333078  0.00276743 0.000658796 -0.00656792  0.0220405 -0.0104995  0.0125488 1 0 0
              149.99  7.77998  8.42208 -56.0151  38.3908  43.1065 0.668005 -0.812525   -0.4346  0.114869    0.002719 0.000578015 -0.00659972   0.0188503 -0.00927314   0.0100375 1 0 0
              150.09  8.46595  8.56583 -55.3806  38.3426  43.0456 0.688988 -0.591958 -0.536092  0.330855  0.00274248 0.000551967 -0.00655632  0.0168369 -0.0105762   0.010088 1 0 0
              150.09  8.53351  8.52672 -55.1951  38.3219  43.0497 0.690436 -0.830352 -0.495187  0.331638  0.00270543 0.000576348 -0.00661419   0.0188886 -0.00811537   0.0100124 1 0 0
              150.19  7.17354   9.6574 -54.3927  38.2708  43.0049 0.720016 -0.513205 -0.429599   0.28191  0.00270718 0.000571721 -0.00659447   0.0182836 -0.00947481   0.0103176 1 0 0
              150.19  6.93454  9.76434 -54.2847  38.2473   43.019 0.709782 -0.788243 -0.276022  0.161742  0.00272322 0.000647202 -0.00665863   0.0213448 -0.00732292   0.0119462 1 0 0
             150.291  5.67663  10.4654 -52.0876  38.1688  42.9835 0.712544 -0.718798 -0.314291 0.0222934  0.00271982 0.000634954 -0.00664396   0.0210062 -0.00668188   0.0123584 1 0 0
             150.291  5.73512  10.4351 -51.8853  38.1628  42.9901 0.711003   -0.78575  -0.243523 0.00300231  0.00271038  0.00065667 -0.00671957   0.0221357 -0.00640139   0.0127614 1 0 0
              150.39  5.08074    11.16 -50.5601  38.0954  42.9627 0.695564 -0.717197 -0.260781  -0.11765  0.00274067  0.00064682 -0.00670166   0.0215637 -0.00674271   0.0135226 1 0 0
              150.39 5.17682 11.1828 -50.565  38.1017  42.9624 0.700472  -0.642246  -0.265704 -0.0653344  0.00270945 0.000642068 -0.00669994  0.0210507 -0.0076314  0.0127925 1 0 0
              150.49  5.18518  10.5793 -49.0381 38.0702 42.9327 0.70226 -0.442551 -0.295472 -0.052449  0.00270607 0.000684529 -0.00669816   0.0196604 -0.00943619   0.0118937 1 0 0
              150.49  5.20526  10.5884 -49.0398  38.0626  42.9272 0.708997 -0.525879  -0.35633 0.0102142  0.00269008 0.000680008 -0.00669853   0.0198473 -0.00813805    0.010917 1 0 0
              150.59  5.26742  10.4411 -48.4861  38.0124  42.8891 0.706397  -0.49911  -0.40569 -0.038434  0.00268738 0.000681813 -0.00669896   0.0197964 -0.00824322   0.0110829 1 0 0
              150.59  5.27761  10.4921 -48.5498  38.0104  42.8915 0.705988  -0.521885  -0.379364 -0.0438134  0.00267961 0.000675801   -0.006678   0.0202072 -0.00821601   0.0112231 1 0 0
              150.69  4.35906  10.1376 -47.3429 37.9608   42.85 0.69479  -0.530834  -0.461007 -0.0917851  0.00269679 0.000687733 -0.00666486   0.0200053 -0.00834399   0.0115138 1 0 0
              150.69  4.28961  10.1336 -47.2264  37.9549  42.8462 0.695684  -0.597819  -0.504311 -0.0870702   0.0027293  0.00068461 -0.00670117   0.0201439 -0.00727334   0.0113716 1 0 0
              150.79 4.46861 10.6372 -46.925  37.8938  42.7909 0.689798  -0.622901  -0.585109 -0.0250291   0.0027293  0.00068461 -0.00670117   0.0201439 -0.00727334   0.0113716 1 0 0
              150.79  4.58636  10.7953 -46.9689  37.8971  42.7934 0.686845  -0.585269  -0.556568 -0.0529101  0.00269708 0.000639126 -0.00668428   0.0200563 -0.00787984   0.0118007 1 0 0
              150.89  4.53735  11.9126 -47.1099  37.8681  42.7257 0.689336 -0.426978 -0.621815  0.107185  0.00270491 0.000631427  -0.0066735   0.0180873 -0.00919106   0.0116357 1 0 0
              150.89  4.53991  11.9108 -47.1011  37.8489  42.7305 0.695233 -0.647291 -0.568996  0.153552  0.00266866 0.000686966 -0.00668039   0.0203726 -0.00766346   0.0113025 1 0 0
              150.99  2.54638  11.2665 -47.9607  37.7986  42.6632 0.701764 -0.532781 -0.529188   0.06667  0.00267378 0.000672601 -0.00665149   0.0190701 -0.00741452    0.011387 1 0 0
              150.99   2.3512  11.1653 -47.9665  37.7929  42.6803 0.701907 -0.597984 -0.338477 0.0613429  0.00273838  0.00069875 -0.00665461   0.0214869 -0.00835156   0.0120386 1 0 0
              151.09  2.95411  10.5694 -48.0579  37.7626  42.6508 0.727369 -0.435835 -0.308869  0.121632  0.00273453 0.000727508 -0.00664337  0.0205633 -0.0102915  0.0103773 1 0 0
              151.09  3.31373  10.6002 -47.8831 37.7487 42.6557 0.72793 -0.596751 -0.256454  0.120501  0.00263047 0.000711164 -0.00670144   0.0224731 -0.00911566    0.010702 1 0 0
              151.19  4.92937  8.96718 -47.5697  37.7263  42.5908 0.741084 -0.401729 -0.449967 0.0811243  0.00261648 0.000729226 -0.00666102   0.0186101 -0.00942101  0.00964395 1 0 0
              151.19  4.97211  8.89399 -47.4454  37.7056  42.6085 0.724218 -0.654631 -0.256316 -0.105555  0.00260879 0.000744105 -0.00669552   0.0222898 -0.00832723   0.0128203 1 0 0
              151.29 6.13624 8.60461 -46.461   37.641  42.5817 0.709445 -0.662385 -0.285014 -0.177441  0.00260879 0.000744105 -0.00669552   0.0222898 -0.00832723   0.0128203 1 0 0
              151.29  6.10026  8.76742 -46.3353  37.6337  42.5834 0.701967 -0.750091 -0.266091 -0.255704  0.00262624 0.000686071 -0.00672952   0.0231032 -0.00748735    0.013942 1 0 0
              151.39   7.0407  8.40017 -45.6642 37.6163 42.5345 0.67646 -0.516932  -0.40276 -0.228529  0.00262651 0.000716089 -0.00667112   0.019095 -0.0100201  0.0135451 1 0 0
              151.39  7.07136  8.40973 -45.4741  37.5945  42.5356 0.682794 -0.770474 -0.391295 -0.178992  0.00260386 0.000724772 -0.00672704  0.0215545 -0.0076568  0.0128945 1 0 0
              151.49  7.63419  8.32528 -45.3649  37.5538   42.471 0.675179  -0.625061  -0.538239 -0.0780819    0.002622 0.000728455 -0.00669032   0.0184311 -0.00884309   0.0119762 1 0 0
              151.49  7.59217  8.46302 -45.3304  37.5267  42.4791 0.680002   -0.93312   -0.45503 -0.0450349  0.00258999 0.000754512 -0.00670296   0.0217464 -0.00682271    0.011673 1 0 0
              151.59  6.76688  8.11509 -45.1581  37.4543  42.4048 0.668216 -0.863495 -0.617724 0.0393818  0.00261103 0.000754443 -0.00665289   0.0192784 -0.00660466   0.0121183 1 0 0
              151.59 6.69849 8.20975 -45.007   37.432  42.4162 0.678058  -1.12025 -0.492046  0.121683  0.00264596 0.000709483 -0.00669588   0.0229696 -0.00532955   0.0113077 1 0 0
              151.69  6.66476  8.18326 -45.0636  37.3242  42.3547 0.705936 -0.995502  -0.49925  0.221004  0.00264879 0.000734253 -0.00669388   0.0223137 -0.00470848    0.010391 1 0 0
              151.69  6.66472  8.37589 -45.0822  37.3336  42.3705 0.695956 -0.886522 -0.312431  0.123515  0.00267858 0.000686359 -0.00668258   0.0229531 -0.00722123   0.0121729 1 0 0
              151.79  5.03492  8.62533 -44.2367  37.2703  42.3471 0.716284 -0.689111 -0.230948  0.111579  0.00268607 0.000677983 -0.00669065   0.0222402 -0.00856958   0.0113891 1 0 0
              151.79  4.86081  8.66277 -44.1969  37.2831  42.3415 0.714303 -0.545243 -0.292687 0.0981224  0.00275804  0.00063175 -0.00668582  0.0204822 -0.0092986  0.0114233 1 0 0
              151.89  4.19347  9.04537 -44.2689  37.2566  42.3024 0.719676 -0.416244 -0.355202 0.0445315   0.0027826 0.000603339 -0.00665657  0.0187914 -0.0102249   0.011433 1 0 0
              151.89  4.36672  9.05779 -44.2632  37.2584  42.3056 0.718613 -0.395354 -0.318516 0.0352573  0.00272491 0.000599077 -0.00665865   0.018931 -0.0107759  0.0116305 1 0 0
              151.99   4.0882   8.8135 -44.8631  37.2244  42.2741 0.717529  -0.374011  -0.319186 -0.0546039  0.00273425 0.000614844 -0.00663863  0.0186055 -0.0111608  0.0117058 1 0 0
              151.99  4.21468  8.76436 -44.8169  37.2138  42.2738 0.720588  -0.496197  -0.325268 -0.0302602  0.00268982 0.000636595  -0.0066548   0.0197312 -0.00996389     0.01143 1 0 0
              152.09  5.14137    8.261 -45.1521  37.1592  42.2085 0.702606 -0.517862  -0.55557 -0.152819   0.0026977 0.000664195 -0.00662592    0.018411 -0.00813882   0.0118316 1 0 0
              152.09  5.31082  8.33136 -45.0372  37.1428   42.216 0.705889 -0.705164 -0.472934 -0.129669  0.00263326 0.000683176 -0.00666535  0.0207451 -0.0072087  0.0117695 1 0 0
              152.19 5.78199 8.72287 -45.123   37.094  42.1502 0.706076  -0.576323  -0.619535 -0.0509472  0.00262924 0.000648507 -0.00665031   0.0192449 -0.00755147   0.0106494 1 0 0
              152.19  5.70152  8.75533 -45.1342  37.0833  42.1658 0.700212  -0.70193 -0.443221 -0.117397  0.00265566 0.000628292 -0.00664199   0.0220052 -0.00780375    0.011983 1 0 0
              152.29  5.22774  9.07094 -44.9413  37.0151   42.128 0.682402  -0.697614  -0.456659 -0.0724703   0.0026746 0.000623167 -0.00662486   0.0223699 -0.00831979   0.0128329 1 0 0
              152.29 5.20317 9.14673 -44.836  37.0154  42.1247 0.682034  -0.692954   -0.49379 -0.0750768  0.00268408 0.000594268 -0.00665333   0.0219775 -0.00802765   0.0127787 1 0 0
              152.39  3.27441  9.51103 -44.3817  36.9436  42.0681 0.672885 -0.762438 -0.555732 0.0206551  0.00272489 0.000620312 -0.00662369   0.0215579 -0.00784107   0.0133337 1 0 0
              152.39  3.30183  9.57773 -44.2282  36.9512  42.0579 0.685446 -0.666571 -0.672224  0.149148  0.00272441 0.000552615 -0.00666586   0.0200328 -0.00787097    0.011457 1 0 0
              152.49  2.11734  10.2386 -45.0516  36.9232  41.9655 0.698822 -0.432976 -0.705134  0.122309  0.00274583 0.000505234 -0.00659505   0.0170396 -0.00826938   0.0110308 1 0 0
              152.49 2.26301  10.311 -44.961   36.912  41.9784 0.706673 -0.560729 -0.556854  0.195617  0.00270398 0.000474878 -0.00662731   0.0197793 -0.00846937   0.0104792 1 0 0
              152.59  3.12561  9.25418 -44.6716  36.8976  41.9572 0.742823 -0.312343 -0.344845  0.238479  0.00267798 0.000510517 -0.00664802  0.0195064 -0.0121659 0.00927362 1 0 0
              152.59  3.43512  9.14619 -44.6353  36.8761  41.9642 0.735529 -0.568691 -0.269445  0.153163  0.00257638 0.000566313 -0.00666665  0.0223678 -0.0103467  0.0108788 1 0 0
              152.69  3.98435  8.10255 -45.6309  36.8594  41.8735 0.752776 -0.379524 -0.585163   0.10352  0.00257955 0.000557796 -0.00658157   0.0171203 -0.00929088  0.00945109 1 0 0
              152.69  3.99729  8.14305 -45.4544  36.8127  41.8953 0.740228 -0.917642 -0.344946 -0.049101  0.00254082 0.000668981 -0.00665247   0.0234557 -0.00644597   0.0121329 1 0 0
             152.792  5.57903  7.90817 -45.7455  36.7359  41.8503 0.716538 -0.870327 -0.408256  -0.19754  0.00255691 0.000647321 -0.00663097  0.0220875 -0.0068939  0.0128632 1 0 0
             152.792  5.68189  8.04881 -45.6606  36.7175  41.8646 0.706713  -1.09038 -0.252386 -0.303916  0.00253235 0.000595154 -0.00664693   0.0254827 -0.00599079   0.0147039 1 0 0
              152.89  6.21507  7.65176 -45.8896  36.6593  41.8347 0.698048  -0.88359 -0.285416 -0.159921  0.00250842 0.000593958 -0.00659233   0.0227128 -0.00881942   0.0130188 1 0 0
              152.89  6.08536  7.57138 -45.6489  36.6482  41.8283 0.697249  -1.01353 -0.356595 -0.173381  0.00252718 0.000619976 -0.00667081  0.0231531 -0.0069104  0.0130402 1 0 0
              152.99 6.21669 7.62181 -46.603  36.5852  41.7548 0.699148  -0.828377  -0.552426 0.00892878  0.00252696 0.000576868 -0.00662839    0.019419 -0.00739527    0.011591 1 0 0
              152.99  6.13655  7.71345 -46.5835  36.5739  41.7628 0.693968  -0.957305  -0.465049 -0.0480297  0.00254311 0.000589815 -0.00663358    0.021159 -0.00684944   0.0124526 1 0 0
              153.09   5.6292  7.45009 -46.4867  36.4656  41.7265 0.685053  -0.99897 -0.407729 0.0435401  0.00254773  0.00062025 -0.00662014    0.022051 -0.00659449   0.0133662 1 0 0
              153.09  5.54143  7.46008 -46.3034  36.4739  41.7194 0.688365 -0.899338 -0.489309 0.0811343  0.00258141 0.000616302 -0.00667857   0.0204277 -0.00693617   0.0126858 1 0 0
              153.19  4.09046  7.90629 -46.8084  36.4016   41.673 0.690028    -0.68608   -0.419965 -0.00714696  0.00259444 0.000642014 -0.00666023   0.0199307 -0.00735155   0.0129995 1 0 0
              153.19  4.04052  8.01548 -46.8396  36.4087   41.671 0.704374 -0.599091 -0.443949  0.136343  0.00260986 0.000604119 -0.00664479   0.0191553 -0.00822475   0.0109881 1 0 0
              153.29 3.17684 8.26022 -45.692  36.4125   41.644 0.720153 -0.236468 -0.381734 0.0989494  0.00262954 0.000619162 -0.00663313   0.017303 -0.0123379  0.0106678 1 0 0
              153.29 3.27066 8.35068 -45.476  36.3976  41.6468 0.722681 -0.406042 -0.352584  0.117941  0.00258563 0.000615009 -0.00671328  0.0189847 -0.0110438  0.0105264 1 0 0
              153.39  3.57291  8.77207 -44.9365 36.3489 41.5745 0.71925  -0.457827  -0.583667 -0.0106761  0.00256393 0.000616469 -0.00668418   0.0175817 -0.00907286    0.010935 1 0 0
              153.39  3.73808  8.84073 -44.9001  36.3286  41.5864 0.722718 -0.689713 -0.455384 0.0095722  0.00251204  0.00058301 -0.00669168   0.0210085 -0.00795339   0.0110704 1 0 0
              153.49  4.55926  8.70468 -44.2591   36.271  41.5303 0.726328  -0.617668  -0.540143 -0.0428513  0.00251425 0.000604429  -0.0066865   0.0200728 -0.00810797   0.0104224 1 0 0
              153.49  4.65255  8.68561 -44.2634  36.2632  41.5401 0.719427 -0.709476 -0.428681 -0.115187  0.00248475  0.00062185 -0.00668483   0.0218591 -0.00818278   0.0116904 1 0 0
              153.59  5.81986  8.78701 -44.2893  36.2125  41.4846 0.708899 -0.604088 -0.563606 -0.115635  0.00247761 0.000607273 -0.00665742   0.0204901 -0.00895822   0.0113297 1 0 0
              153.59   5.7959  8.78068 -44.3593  36.2085  41.4878 0.701797 -0.651331 -0.528239 -0.188196  0.00247851 0.000623426 -0.00663519   0.0210674 -0.00876578   0.0123289 1 0 0
              153.69  5.83078  8.67923 -43.8561 36.1498 41.4136 0.67704  -0.61233 -0.702746  -0.14389  0.00247558 0.000618953 -0.00662218    0.019921 -0.00816905   0.0127197 1 0 0
              153.69  5.71816  8.68446 -43.7149  36.1442   41.414 0.680216 -0.671382 -0.701179 -0.115093   0.0025204  0.00061304 -0.00666612   0.0205355 -0.00763786   0.0123554 1 0 0
              153.79 4.66598  8.5305 -43.506   36.082  41.3272 0.656655 -0.670535 -0.831904 -0.035447  0.00253481 0.000641747 -0.00664681   0.0194817 -0.00711235   0.0135397 1 0 0
              153.79  4.54551  8.64811 -43.4344  36.0801  41.3313 0.674513 -0.680147 -0.782533  0.149818  0.00258126 0.000610248 -0.00666418   0.0203858 -0.00771971   0.0111344 1 0 0
              153.89  3.77207  9.28041 -42.8351  36.0457  41.2608 0.698158 -0.432853 -0.648304  0.184181  0.00258949 0.000614002 -0.00665468   0.0191978 -0.00958582   0.0107257 1 0 0
              153.89  3.77414  9.40449 -42.8166  36.0397  41.2634 0.707328 -0.496734 -0.622448  0.273374   0.0025827 0.000594032 -0.00666025   0.0201241 -0.00936476  0.00968351 1 0 0
              153.99  2.69713  8.35601 -40.3716  36.0057   41.208 0.729013 -0.442343 -0.538338  0.190551  0.00258629 0.000588093 -0.00666586  0.0193633 -0.0101421 0.00971472 1 0 0
              153.99  2.67171  8.25367 -40.1863  36.0046  41.2164 0.720971 -0.457016 -0.440819  0.110073  0.00259906 0.000615605 -0.00672928   0.020233 -0.0108722  0.0109967 1 0 0
              154.09  3.97069  7.64711 -41.3909  35.9757  41.1288 0.738543 -0.371022 -0.627525 0.0776165  0.00261665 0.000619627  -0.0066748   0.0172856 -0.00940328  0.00967901 1 0 0
              154.09  4.22303  7.65643 -41.4785  35.9555  41.1474 0.732288  -0.598889  -0.418789 0.00420577  0.00253457 0.000644792 -0.00665205   0.0212886 -0.00943483   0.0112264 1 0 0
             154.191  5.56897  6.98909 -40.8198   35.911   41.099 0.729563  -0.525973  -0.475039 -0.0569483  0.00254453 0.000648351   -0.006653   0.0201214 -0.00993049   0.0110899 1 0 0
             154.191  5.57157   7.0145 -40.7509  35.899 41.1108 0.71672 -0.662117 -0.344693 -0.188755  0.00255231 0.000684864 -0.00667572   0.0222124 -0.00987252   0.0130038 1 0 0
              154.29  6.33599  7.33922 -40.2359  35.8632  41.0592 0.695704 -0.545151 -0.459602 -0.218605  0.00256666 0.000654438 -0.00666364   0.020021 -0.0104878  0.0127309 1 0 0
              154.29  6.27904  7.48892 -40.1928  35.8433  41.0601 0.698615 -0.764162 -0.454854 -0.201196  0.00258737 0.000603366 -0.00666796   0.0222895 -0.00858581   0.0125466 1 0 0
              154.39  7.13297  8.41273 -40.0019  35.7621  41.0142 0.695523  -0.836429  -0.481375 -0.0620908  0.00257346 0.000575508 -0.00666587   0.0225053 -0.00868562   0.0115517 1 0 0
              154.39  7.12338  8.39682 -40.0748   35.766  41.0051 0.688366  -0.79772 -0.588879 -0.131814  0.00256565 0.000571993 -0.00664645   0.0210754 -0.00784906   0.0122571 1 0 0
              154.49  7.21629  8.61527 -40.1091  35.7442  40.9066 0.695042 -0.520081  -0.80308  0.137268  0.00256525 0.000553561 -0.00660854   0.0160314 -0.00874758   0.0108799 1 0 0
              154.49    7.071  8.54206 -39.9406  35.7193  40.9162 0.694756 -0.798583 -0.698416  0.123936  0.00258906 0.000653901 -0.00667246  0.0193083 -0.0074521  0.0112771 1 0 0
              154.59  5.94569  8.80152 -39.8514  35.6403  40.8415 0.703658 -0.696774 -0.635797 0.0957367   0.0025801 0.000662176 -0.00667761   0.0191214 -0.00673825   0.0116483 1 0 0
              154.59  5.79072  8.84866 -39.9657  35.6239  40.8508 0.715943 -0.870087 -0.538824   0.21127  0.00262464 0.000652328 -0.00664197   0.0218852 -0.00638073    0.010389 1 0 0
              154.69  3.73786  9.44634 -39.4954  35.5465  40.8004 0.732393 -0.809089 -0.489942  0.149196  0.00263786 0.000671384 -0.00664635 0.0214588 -0.006697 0.0104614 1 0 0
              154.69   3.7064  9.59947 -39.4588  35.5606  40.8144 0.716422   -0.653479   -0.329371 -0.00220385  0.00267388 0.000626593 -0.00665195  0.0209791 -0.0094259  0.0128029 1 0 0
              154.79  2.88968  9.13525 -39.4712 35.5062 40.7716 0.71221   -0.62957  -0.387765 -0.0661721  0.00267701 0.000637713 -0.00664865   0.0198054 -0.00949489   0.0126748 1 0 0
              154.79  2.97901  9.11173 -39.4802 35.5145 40.7771 0.71513  -0.532462  -0.323944 -0.0333751  0.00267538 0.000637949 -0.00664088  0.0194636 -0.0108782  0.0122959 1 0 0
              154.89  2.90284  8.42339 -40.2612  35.4652  40.7341 0.704159 -0.512556 -0.376998 -0.153438  0.00267808   0.0006498 -0.00665377   0.018782 -0.0105526  0.0123404 1 0 0
              154.89  3.00072  8.49858 -40.3204  35.4667  40.7373 0.710983  -0.491363   -0.34091 -0.0849216  0.00264076 0.000627687 -0.00663418   0.019014 -0.0111741  0.0114639 1 0 0
              154.99  4.36192   7.8789 -40.9775  35.4187  40.7016 0.699305 -0.463106 -0.387673 -0.143015  0.00264076 0.000627687 -0.00663418   0.019014 -0.0111741  0.0114639 1 0 0
              154.99  4.50507  7.83283 -41.0159  35.4152  40.6976 0.702199 -0.501699 -0.433119 -0.115802  0.00259447 0.000644686 -0.00662289  0.0190557 -0.0104042  0.0110465 1 0 0
              155.09  4.9586  8.0515 -41.677  35.4006  40.6248 0.700835  -0.301688  -0.632088 -0.0408591  0.00258025 0.000673747 -0.00659616  0.0160818 -0.0106284 0.00987203 1 0 0
              155.09  4.91406  8.19803 -41.5559  35.3745  40.6363 0.705512 -0.584299 -0.514286 -0.012029  0.00260472 0.000616382 -0.00662414   0.0200162 -0.00926794  0.00984621 1 0 0
              155.19  4.04661  8.62646 -41.5347   35.317   40.582 0.707478  -0.58342 -0.579944 0.0616752  0.00260472 0.000616382 -0.00662414   0.0200162 -0.00926794  0.00984621 1 0 0
              155.19  3.94726  8.63318 -41.4444  35.3013  40.5837 0.701873   -0.762226   -0.558829 -0.00325828  0.00264153 0.000611305 -0.00665159  0.0218352 -0.0077606  0.0108429 1 0 0
             155.291  4.00251   10.191 -40.8429  35.2214   40.523 0.709555 -0.794401 -0.615629  0.149719  0.00264153 0.000611305 -0.00665159  0.0218352 -0.0077606  0.0108429 1 0 0
             155.291  4.13165  10.3513 -40.7502  35.2269  40.5172 0.694213   -0.739074   -0.682186 -0.00433941   0.0026044 0.000555627   -0.006676   0.0204453 -0.00747178   0.0127751 1 0 0
              155.39  3.38644  11.0595 -40.8065  35.2008    40.41 0.709085 -0.434267 -0.760946 0.0606059  0.00260567 0.000587679 -0.00664894   0.0161323 -0.00717721   0.0108466 1 0 0
              155.39  3.26532  11.0232 -40.7819   35.191  40.4308 0.705059  -0.542369   -0.51961 0.00765247  0.00265497 0.000616306 -0.00666332  0.0191195 -0.0084937  0.0121753 1 0 0
              155.49  4.97505  10.0913 -40.1445  35.1751  40.3584 0.727324 -0.320076 -0.624095 0.0941187  0.00266047 0.000664933 -0.00667309   0.0164344 -0.00934189   0.0101999 1 0 0
              155.49  5.22519  10.0817 -40.2161  35.1473  40.3831 0.718834  -0.644817  -0.341183 -0.0035256  0.00257358 0.000663011 -0.00665239   0.0218688 -0.00919178   0.0125647 1 0 0
              155.59 5.84275 8.89027 -40.611  35.0959  40.2993 0.707275 -0.597903 -0.576015 -0.132574  0.00258239 0.000696382 -0.00662039   0.0186179 -0.00698155   0.0122082 1 0 0
              155.59  5.73348  8.95175 -40.5471  35.0756  40.3315 0.700494 -0.826344 -0.230406 -0.214413  0.00261805 0.000662452 -0.00662914   0.0237519 -0.00830558   0.0143339 1 0 0
              155.69  6.69333  8.35181 -39.6175   35.015  40.3063 0.698877 -0.739113 -0.289349  -0.16534  0.00259786 0.000706303 -0.00664658  0.0227561 -0.0096788  0.0125805 1 0 0
              155.69  6.65845  8.61153 -39.5706  35.0109  40.3119 0.699897 -0.781626 -0.229188 -0.158444  0.00261101   0.0006199 -0.00665133    0.023753 -0.00990021   0.0126548 1 0 0
              155.79  7.27467  8.30582 -38.3256  34.9343  40.2787 0.679232 -0.838752 -0.326656 -0.140355  0.00261768  0.00061999 -0.00665488   0.0230069 -0.00979841    0.012998 1 0 0
              155.79  7.29908  8.31947 -38.2911  34.9493  40.2654 0.683061  -0.66879 -0.472101 -0.092928  0.00261542 0.000618959 -0.00666857    0.020125 -0.00989678   0.0119609 1 0 0
              155.89  7.36541  9.08093 -37.6234 34.8853 40.2115 0.67838    -0.68647   -0.506509 -0.00390157  0.00261311 0.000619636 -0.00666489   0.0196168 -0.00976946   0.0117874 1 0 0
              155.89  7.26419  9.17781 -37.6769  34.8922  40.1976 0.679904 -0.607237 -0.661701 0.0156814  0.00263581 0.000574456 -0.00664545   0.0175784 -0.00889015   0.0111124 1 0 0
              155.99  7.29579  8.97922 -37.1026  34.8181  40.1374 0.690512  -0.65143 -0.608275  0.173924  0.00264768 0.000590835 -0.00664993    0.018515 -0.00866663   0.0111925 1 0 0
              155.99  7.36248  8.93919 -37.1304  34.8207  40.1282 0.694276 -0.620546 -0.713941  0.217662  0.00260719 0.000577358 -0.00664237   0.0175368 -0.00800246   0.0103927 1 0 0
              156.09  5.23119  9.30115 -37.0359  34.7666  40.0651 0.707329 -0.494063 -0.571555   0.12813  0.00262419 0.000603056 -0.00663337   0.0175022 -0.00800506   0.0108439 1 0 0
              156.09  5.05075  9.40851 -36.9768  34.7675  40.0724 0.702445 -0.486548 -0.489081 0.0779826  0.00268515 0.000563666 -0.00665014   0.0179995 -0.00880773   0.0117227 1 0 0
              156.19  3.54403  9.42893 -36.7328  34.7099   40.019 0.712812 -0.536071 -0.520191  0.054026  0.00270226   0.0005847 -0.00665404   0.0183502 -0.00816248   0.0113678 1 0 0
              156.19  3.63491  9.45038 -36.7617  34.7041  40.0269 0.719919 -0.594258 -0.434909  0.120355  0.00267621 0.000586494 -0.00664861   0.0197919 -0.00870292   0.0107049 1 0 0
              156.29  3.66535  9.02775 -37.2444  34.6471  39.9865 0.735995 -0.584882 -0.432168 0.0795289  0.00266079 0.000579808 -0.00664252   0.0198803 -0.00917863   0.0101891 1 0 0
              156.29  3.80443  8.94757 -37.2584  34.6487  39.9903 0.726922   -0.572595   -0.390326 -0.00780659  0.00262452 0.000609709 -0.00663868   0.0198792 -0.00961262   0.0113476 1 0 0
              156.39  4.41655  8.61875 -37.1907  34.5921  39.9496 0.722068  -0.562684  -0.431182 -0.0793133  0.00262452 0.000609709 -0.00663868   0.0198792 -0.00961262   0.0113476 1 0 0
              156.39 4.48843 8.64872 -37.169 34.5936 39.9477  0.7199  -0.547046  -0.452486 -0.0995455  0.00260233 0.000599359 -0.00664513   0.0195072 -0.00950402   0.0115609 1 0 0
              156.49  5.36997  8.77403 -37.5011   34.532   39.902 0.708533 -0.568259 -0.490169 -0.137578  0.00258836 0.000583745 -0.00663894   0.0200649 -0.00921916   0.0115443 1 0 0
              156.49  5.40006   8.7766 -37.5135   34.539  39.8978 0.699357 -0.491493 -0.537675 -0.225239  0.00257934 0.000574976 -0.00663577  0.0186977 -0.0092567  0.0125836 1 0 0
              156.59  5.22151  8.57816 -37.2289  34.4897  39.8402 0.679163 -0.485998 -0.612047 -0.169079  0.00257934 0.000574976 -0.00663577  0.0186977 -0.0092567  0.0125836 1 0 0
              156.59  5.08391  8.57611 -37.1848 34.4905 39.8368 0.68326 -0.475696 -0.648654 -0.128656  0.00262052 0.000567393 -0.00664987    0.018404 -0.00902072   0.0119944 1 0 0
              156.69  3.96496   8.7943 -36.8843  34.4468  39.7684 0.679383 -0.489315 -0.729958 0.0300458  0.00263626 0.000587708 -0.00665518   0.0181995 -0.00924947   0.0118012 1 0 0
              156.69  3.90371  8.87515 -36.8425  34.4452  39.7699 0.684085 -0.502788 -0.713236 0.0748476  0.00265778 0.000561781 -0.00666685   0.0185608 -0.00936516   0.0112493 1 0 0
              156.79  3.82253  10.5904 -37.7004  34.3947  39.6993 0.697735  -0.48064 -0.642343  0.134869  0.00265778 0.000561781 -0.00666685   0.0185608 -0.00936516   0.0112493 1 0 0
              156.79  3.93124  10.7534 -37.7644  34.3814  39.6969 0.704169  -0.62961 -0.673736  0.191356  0.00260753 0.000526456 -0.00664711   0.020004 -0.0079175  0.0105597 1 0 0
              156.89  2.31357  9.85294 -37.7018  34.2888  39.6207 0.709884 -0.812543  -0.64568  0.102728  0.00261271 0.000571425 -0.00665103   0.0208098 -0.00566178    0.011317 1 0 0
              156.89  2.15311  9.75515 -37.7132 34.2939 39.6242 0.71252 -0.757139  -0.60857  0.129835  0.00267706 0.000597476 -0.00664391   0.0206065 -0.00644019   0.0109792 1 0 0
              156.99  2.74132  8.75703 -40.2617  34.2283  39.5734 0.720231 -0.710966 -0.532958 0.0316888  0.00269026 0.000600528 -0.00663213   0.0204728 -0.00725035   0.0110513 1 0 0
              156.99  2.95463  8.74075 -40.3258   34.244  39.5825 0.718014 -0.530136 -0.428847 0.0164168  0.00261127 0.000609037 -0.00661009    0.019408 -0.00987584   0.0111769 1 0 0
              157.09 3.39856 6.99584 -40.863 34.2074 39.5334 0.71626   -0.47433  -0.473966 -0.0639459  0.00260764 0.000653904 -0.00661979  0.0180595 -0.0103871  0.0108345 1 0 0
              157.09  3.35869  7.04827 -40.7723  34.2002  39.5383 0.718729  -0.554387   -0.42192 -0.0438102  0.00262693 0.000632848  -0.0066465  0.0193786 -0.0102203  0.0107227 1 0 0
              157.19 3.97974  7.1012 -41.471  34.1505  39.4873 0.711429  -0.562622  -0.485326 -0.0978381  0.00262555 0.000630959 -0.00665259  0.0186971 -0.0101532  0.0105579 1 0 0
              157.19  4.00641  7.27678 -41.4776  34.1461   39.497 0.703996 -0.613616 -0.380378 -0.173683  0.00262051 0.000588598 -0.00664493  0.0200433 -0.0106837  0.0117917 1 0 0
              157.29  4.74944  7.43552 -41.1312    34.09    39.44 0.691431  -0.618404  -0.496633 -0.0813009  0.00263992 0.000608417  -0.0066483  0.0187969 -0.0102402   0.011522 1 0 0
              157.29  4.89815  7.55137 -40.9485  34.0701  39.4395 0.698116  -0.839518  -0.506633 -0.0256377  0.00256257 0.000606922 -0.00670707   0.0208055 -0.00840344   0.0108513 1 0 0
              157.39 4.86405 8.17863 -40.435 33.9895 39.3693 0.71903 -0.817861 -0.592631  0.224592   0.0025135 0.000557307 -0.00668757   0.0198213 -0.00766939  0.00966827 1 0 0
              157.39  4.60427  8.14059 -40.3964   33.985  39.3772 0.706143 -0.879505 -0.492844  0.088494  0.00259598 0.000580675 -0.00670104    0.021097 -0.00789799   0.0117306 1 0 0
              157.49  3.37825  8.84216 -39.5634  33.9078  39.3398 0.716471   -0.7349 -0.366418 0.0930115  0.00259982 0.000587816 -0.00670544   0.0212452 -0.00859525   0.0119262 1 0 0
              157.49   3.2742  8.91947 -39.5227  33.9128  39.3387 0.709607 -0.680775  -0.37748 0.0271735  0.00264515 0.000544923 -0.00671151   0.0205695 -0.00884031   0.0127132 1 0 0
              157.59  2.70553  8.97469 -38.4888  33.8716  39.2868 0.719594 -0.504902 -0.433903 0.0254931  0.00264135 0.000497834 -0.00668911   0.0187926 -0.00912534   0.0118637 1 0 0
              157.59  2.72074  8.86466 -38.4077  33.8644  39.2843 0.724523 -0.584641 -0.463338 0.0711917   0.0026229 0.000540704 -0.00672116   0.0193824 -0.00825436   0.0113163 1 0 0
              157.69  3.06618  8.89092 -37.8667  33.8045  39.2285 0.738597 -0.600368 -0.531423 0.0389663  0.00260432 0.000526151 -0.00671962   0.0192169 -0.00780513   0.0105259 1 0 0
              157.69  3.11893  8.96299 -37.9073  33.8034   39.237 0.731779  -0.617622   -0.43157 -0.0303226  0.00258073 0.000498006  -0.0067051   0.0201177 -0.00867503    0.011663 1 0 0
              157.79  4.38855  8.49831 -38.4208  33.7419  39.1748 0.714802 -0.624253  -0.54999 -0.152962  0.00260256 0.000528372 -0.00670764   0.0191859 -0.00768956   0.0121701 1 0 0
              157.79  4.49339  8.57298 -38.5715  33.7361  39.1847 0.714419 -0.688476 -0.438969  -0.16004  0.00256861 0.000519228  -0.0066598   0.0207734 -0.00832503   0.0125312 1 0 0
              157.89   6.3883   8.5376 -40.1385  33.6765  39.1239 0.693408 -0.617325 -0.563868 -0.210223  0.00256988 0.000538116 -0.00666276   0.0196673 -0.00788697   0.0125133 1 0 0
              157.89  6.39945  8.55681 -40.1931   33.678  39.1362 0.693407 -0.596671 -0.422772  -0.21094  0.00259409 0.000547957  -0.0066401   0.0205494 -0.00937375   0.0127736 1 0 0
              157.99  6.16967  8.34807 -41.1752  33.6479  39.0668 0.681386 -0.418056 -0.603391 -0.148359  0.00257417 0.000535184  -0.0066275   0.0182036 -0.00928316    0.011847 1 0 0
              157.99  5.93923  8.42259 -41.0885   33.633  39.0793 0.686331 -0.572693 -0.472306 -0.110552   0.0026499 0.000533184 -0.00664898    0.020964 -0.00925431     0.01172 1 0 0
              158.09 4.87736 8.86487   -42.5  33.5899  39.0167 0.677004  -0.492736  -0.617793 -0.0376396  0.00264272 0.000544767 -0.00665898   0.0198357 -0.00929171   0.0115869 1 0 0
              158.09    4.802  9.01515 -42.5885  33.5822  39.0274 0.680702   -0.575786   -0.503633 -0.00594445  0.00267377 0.000553371 -0.00663331  0.0215746 -0.0096639   0.011454 1 0 0
              158.19  3.84875  10.1593 -41.9099  33.5275  38.9629 0.685737 -0.565378 -0.643551   0.15457  0.00265655 0.000546343 -0.00664247   0.0209517 -0.00942903   0.0115141 1 0 0
              158.19  3.84392  10.2808 -41.6888 33.5217 38.9616 0.69883   -0.6257 -0.660702  0.280903  0.00265863  0.00051584 -0.00671151   0.0215758 -0.00891953  0.00993845 1 0 0
             158.291  2.29438  11.4871 -42.9472  33.4938   38.875 0.718898 -0.385264 -0.655176  0.188007  0.00262724 0.000446103 -0.00667336   0.0191267 -0.00902279  0.00989951 1 0 0
             158.291  2.14542  11.4743 -43.0753  33.4871  38.8864 0.715722 -0.454489 -0.533148  0.152735  0.00266784 0.000452774 -0.00663801   0.0208051 -0.00951059   0.0107192 1 0 0
              158.39  2.29729  11.0073 -41.1103  33.4389  38.8536 0.740194 -0.513421 -0.411193  0.180427  0.00264511 0.000475264  -0.0066663  0.0216673 -0.0104863  0.0102791 1 0 0
              158.39   2.4735  10.9148 -40.7136  33.4381  38.8474 0.730197 -0.532979 -0.480841 0.0789922  0.00261082   0.0005004 -0.00679502  0.020942 -0.009589 0.0115243 1 0 0
              158.49  3.65984  9.74665 -42.0156  33.4173  38.7564 0.733411   -0.414068   -0.670082 -0.00164675  0.00258594 0.000520128  -0.0067373 0.0170165 -0.009056 0.0106478 1 0 0
              158.49  3.70207  9.70731 -42.2296  33.3984  38.7718 0.726042  -0.627497   -0.50288 -0.0855638  0.00255764 0.000530701 -0.00666541   0.0203982 -0.00873909   0.0124315 1 0 0
              158.59  5.16327  8.16314 -42.1483   33.331  38.7043 0.709101 -0.669831 -0.589167 -0.186874  0.00255727 0.000553643 -0.00666413   0.0196794 -0.00761206   0.0125401 1 0 0
              158.59   5.1115   8.2193 -42.0246  33.3182  38.7199 0.702459 -0.812964 -0.422572  -0.26065  0.00258103 0.000527422 -0.00669645   0.0224376 -0.00784747   0.0140226 1 0 0
              158.69  5.66186  7.49286 -42.1716  33.2607   38.655 0.689013 -0.730079 -0.574898 -0.176666   0.0025549  0.00053807 -0.00669054    0.020244 -0.00816527   0.0127793 1 0 0
              158.69  5.48299  7.51647 -42.1614  33.2498  38.6658 0.686852 -0.847092 -0.460913 -0.205075  0.00260784 0.000547628 -0.00668965    0.022378 -0.00812987   0.0134535 1 0 0
              158.79  5.70161  7.66685 -41.6958  33.1562   38.602 0.668973 -0.909337 -0.572591 -0.134073  0.00260553 0.000541875 -0.00670049   0.0219937 -0.00691842   0.0133586 1 0 0
              158.79  5.64973  7.78097 -41.7044 33.1626 38.6052 0.67426  -0.833142  -0.536035 -0.0799433  0.00264509 0.000497278 -0.00669111   0.0217135 -0.00793366    0.012741 1 0 0
              158.89  5.90284  8.37394 -41.1924   33.097  38.5584 0.689175 -0.721302 -0.504323  0.173517  0.00265991 0.000473768 -0.00669456  0.0212938 -0.0092382  0.0119339 1 0 0
              158.89  5.90881  8.44229 -41.2146 33.1058 38.5538 0.68957   -0.6207 -0.552119  0.183748  0.00265566 0.000454007 -0.00668653   0.0199152 -0.00971088   0.0116652 1 0 0
              158.99   4.1969  8.98026 -41.5317  33.0831  38.4778 0.717206 -0.311648 -0.545837  0.212062  0.00263346 0.000482759 -0.00666354   0.0170518 -0.00990129   0.0106089 1 0 0
              158.99  3.8884 8.94469 -41.516  33.0672  38.4884 0.720149 -0.482415  -0.43941  0.232303  0.00272085  0.00050733 -0.00667927   0.0196969 -0.00940293   0.0106234 1 0 0
              159.09  2.15308  9.02309 -40.8528  33.0299  38.4538 0.743904 -0.40769 -0.38276 0.175115  0.00272624 0.000503585 -0.00669077  0.0196094 -0.0103113  0.0104468 1 0 0
              159.09  2.22146  9.01918 -40.7925  33.0163  38.4572 0.735673 -0.562017 -0.348438 0.0839672  0.00269527 0.000533576 -0.00672701   0.0211177 -0.00925214   0.0117616 1 0 0
              159.19  2.14203  9.93454 -40.5406  32.9596  38.4103 0.737987  -0.604303  -0.464495 0.00941519  0.00267796 0.000522915  -0.0067262   0.0206581 -0.00889113   0.0117793 1 0 0
              159.19  2.2898 10.0179 -40.595  32.9566    38.41 0.730645  -0.643429  -0.465965 -0.0627063  0.00262866 0.000499872 -0.00670819   0.0209085 -0.00849703    0.012801 1 0 0
              159.29  3.40536  9.68185 -41.1131  32.8705  38.3148 0.712445 -0.735824  -0.72161 -0.179877  0.00263273 0.000528412 -0.00669455   0.0197135 -0.00468666   0.0129831 1 0 0
              159.29  3.55348    9.638 -41.1618 32.8752 38.3296  0.7148  -0.67904  -0.56059 -0.154777  0.00264152  0.00056172 -0.00667251   0.0205338 -0.00664757     0.01287 1 0 0
             159.392  4.23797  9.77871 -41.2863  32.8045  38.2724 0.686874 -0.651005  -0.60024 -0.243598  0.00265503 0.000577499 -0.00668533   0.0207578 -0.00657004   0.0135425 1 0 0
             159.392  4.22248  9.89451 -41.3183  32.8215  38.2804 0.694454 -0.456985 -0.512501 -0.161449  0.00270503 0.000520069 -0.00666712   0.0198817 -0.00904988   0.0124951 1 0 0
              159.49  4.42798  10.2324 -40.7823  32.8181  38.2415 0.692006  -0.23933 -0.520766 -0.060877  0.00273553 0.000513009 -0.00666626  0.0186769 -0.0117256  0.0115942 1 0 0
              159.49  4.37407  10.3175 -40.6533  32.8106  38.2434 0.698497   -0.319413   -0.501178 -0.00203841  0.00275716 0.000490499 -0.00670537  0.0197524 -0.0112556  0.0109405 1 0 0
              159.59  4.37627  10.5358 -40.4945  32.7548  38.1613 0.689823 -0.451166 -0.726069 0.0217834  0.00273165 0.000513659  -0.0066881   0.0195955 -0.00849406   0.0115188 1 0 0
              159.59   4.3531  10.5714 -40.4566  32.7481  38.1645 0.699771 -0.516601 -0.695021  0.114725  0.00273867 0.000510428 -0.00669817   0.0207295 -0.00831299   0.0103933 1 0 0
              159.69  3.91175  11.7222 -40.0483  32.7006  38.0855 0.718267 -0.495412 -0.726403  0.228635  0.00273526 0.000496949 -0.00669507   0.0200858 -0.00821968   0.0103303 1 0 0
              159.69  3.90116  11.8293 -40.0312  32.6991  38.0902 0.710275 -0.515074 -0.675712  0.147973  0.00274427 0.000475332 -0.00669819   0.0204792 -0.00844095   0.0114705 1 0 0
              159.79  2.80671  11.5611 -39.5902   32.649  38.0245 0.720454 -0.510325 -0.561489  0.113507  0.00273086 0.000470668 -0.00668664   0.0201661 -0.00811886    0.011614 1 0 0
              159.79  2.73362  11.3917 -39.4897  32.6465  38.0249 0.720297 -0.539494 -0.557666  0.109944  0.00275753 0.000521178 -0.00671976   0.0204618 -0.00788821   0.0117101 1 0 0
              159.89   3.2705  9.41845 -40.7149  32.5948  37.9715 0.732255 -0.535597 -0.525872  0.049713  0.00275734 0.000542886 -0.00672111   0.0204284 -0.00809333   0.0114107 1 0 0
              159.89  3.37074    9.336 -40.9596  32.5935  37.9723 0.723629  -0.555248   -0.51567 -0.0345784  0.00271452 0.000582815 -0.00665243   0.0204597 -0.00798307   0.0125079 1 0 0
              159.99  4.11044  7.19957 -41.9299  32.5546  37.8988 0.723119  -0.502045  -0.645069 -0.0865317  0.00270475 0.000553808 -0.00662572    0.018763 -0.00779834   0.0116431 1 0 0
              159.99 4.18814 7.25027 -41.708  32.5445  37.9114 0.718555 -0.609763   -0.5105 -0.137838  0.00269973 0.000567934 -0.00669407   0.0207589 -0.00812372    0.012628 1 0 0
             160.092  5.35829  6.47118 -43.3907  32.5521  37.8564 0.717004 -0.285111 -0.571793 -0.123854  0.00269982 0.000516635 -0.00663029  0.0175675 -0.0112499  0.0111228 1 0 0
             160.092  5.30202   6.6081 -43.3366  32.5132  37.8679 0.720111 -0.710517 -0.460371 -0.121586  0.00273206 0.000466831 -0.00663566   0.0228178 -0.00837409   0.0114819 1 0 0
              160.19  6.24367  6.09755 -43.8972 32.4478 37.7851 0.70484  -0.734891  -0.731214 -0.0796607  0.00276228 0.000494076 -0.00660031   0.0207631 -0.00700648   0.0114475 1 0 0
              160.19  6.34748  6.15553 -43.6788  32.4289  37.7968 0.697233 -0.945155 -0.608616 -0.166808  0.00273071 0.000496032 -0.00665923    0.023803 -0.00609511   0.0128456 1 0 0
              160.29  7.26944  6.73572 -44.8023    32.39  37.7136 0.688632 -0.652134 -0.744059 0.0244896  0.00274218 0.000454639 -0.00661668    0.020116 -0.00785971   0.0125283 1 0 0
              160.29 7.24834 6.76362  -44.62  32.3598   37.717 0.696692 -0.972675 -0.723447 0.0822205   0.0026875 0.000520262 -0.00667238   0.0232012 -0.00527837   0.0116939 1 0 0
              160.39 7.27905 6.99431 -44.026  32.2679  37.6455 0.713264 -0.829672 -0.679062  0.203059   0.0026875 0.000520262 -0.00667238   0.0232012 -0.00527837   0.0116939 1 0 0
              160.39  7.15443  6.97253 -43.9781  32.2715  37.6343 0.713433 -0.792788 -0.800587  0.208471   0.0027044 0.000485136 -0.00668288   0.0218033 -0.00457778   0.0113753 1 0 0
              160.49  4.65897  7.70301 -43.2616  32.2292  37.5464 0.748411 -0.506268 -0.764965  0.202878  0.00268604  0.00042429 -0.00664916   0.0199077 -0.00548721   0.0100182 1 0 0
              160.49   4.2859  7.74252 -43.0813  32.2343  37.5549 0.733984  -0.45778 -0.666213 0.0614407  0.00284921 0.000414895 -0.00670712   0.0201753 -0.00648157   0.0120419 1 0 0
              160.59  3.92348   8.5115 -41.4464 32.2174 37.4969 0.73288  -0.277336  -0.645408 -0.0656996    0.002883 0.000393553 -0.00669502   0.0194058 -0.00815045   0.0121892 1 0 0
              160.59 4.10529 8.64015 -41.405  32.2163  37.5061 0.726132 -0.291149 -0.545959 -0.133358  0.00284587 0.000371094 -0.00670992  0.0203251 -0.0088576  0.0132571 1 0 0
              160.69  5.11965  9.49556 -39.7977  32.1798  37.4412 0.712185  -0.29852  -0.60779 -0.176835    0.002826 0.000369782 -0.00670983   0.0203139 -0.00801543    0.013011 1 0 0
              160.69   5.1699  9.40826 -39.8092  32.1763  37.4388 0.715758 -0.335509 -0.636868 -0.143743  0.00279733 0.000398067  -0.0067091   0.0204666 -0.00745447   0.0125496 1 0 0
              160.79  5.49699  9.96712 -37.6155  32.1739  37.3811 0.702745 -0.127647 -0.644204 -0.161224  0.00282824 0.000391315 -0.00670109   0.0194628 -0.00917217   0.0123036 1 0 0
              160.79  5.38964  9.97536 -37.5371  32.1621  37.3749 0.710231  -0.258615  -0.718701 -0.0891566  0.00282136 0.000400382  -0.0067275   0.0202615 -0.00745463   0.0113059 1 0 0
              160.89  5.20324  10.4528 -35.6417  32.1368  37.2979 0.699948 -0.261593 -0.826363 -0.101056  0.00282136 0.000400382  -0.0067275   0.0202615 -0.00745463   0.0113059 1 0 0
              160.89  5.18202  10.4642 -35.6305  32.1325  37.2945 0.701169  -0.309277  -0.864848 -0.0912786  0.00281165 0.000399172 -0.00673122    0.020465 -0.00670766   0.0111312 1 0 0
              160.99  5.82948  11.3349 -35.8797  32.1063  37.2033 0.689177   -0.316731   -0.957005 -0.00508398  0.00281355 0.000404972 -0.00672876   0.0201367 -0.00697678   0.0115664 1 0 0
              160.99  5.83902  11.3674 -36.2085  32.1024  37.2005 0.696005  -0.35761 -0.991806 0.0610027   0.0027776  0.00040933 -0.00663039   0.0204553 -0.00640084   0.0106749 1 0 0
             161.091  6.42621  11.3505 -36.8049  32.0831  37.0797 0.718569 -0.298733  -1.06546  0.265245  0.00278435 0.000396792 -0.00662286   0.0185809 -0.00616974  0.00995345 1 0 0
             161.091  6.53325  11.4177 -36.7921  32.0751  37.1012 0.714998 -0.389498 -0.825322  0.217015  0.00279177 0.000437201 -0.00661487   0.0210611 -0.00782549   0.0112686 1 0 0
              161.19  4.15151  10.8036 -40.2546  32.0048  36.9815 0.715656  -0.59931 -0.912699 0.0281495  0.00273727 0.000458309 -0.00663063   0.0207927 -0.00394568   0.0118109 1 0 0
              161.19  3.91186  10.6714 -40.4462  32.0101  37.0068 0.716278 -0.531769 -0.627912 0.0324539  0.00281922 0.000508071 -0.00656854    0.022339 -0.00744259   0.0124451 1 0 0
              161.29   5.1346  9.47642 -42.1559   31.988  36.9934 0.748606  -0.34091 -0.347061 0.0926433  0.00280419 0.000518795 -0.00659809 0.0229308 -0.011828 0.0106547 1 0 0
              161.29  5.51066  9.65635 -42.0972  31.9939  36.9962 0.732753  -0.285763  -0.314565 -0.0577193  0.00270004 0.000464598 -0.00660948   0.022278 -0.0124886  0.0127134 1 0 0
              161.39 6.34288 10.4634 -44.482 31.9867 36.9027 0.71829 -0.232182  -0.63481 -0.151018  0.00266517 0.000481585  -0.0065785  0.0182886 -0.0101598  0.0119671 1 0 0
              161.39  6.24998  10.5765 -44.3662  31.9732  36.9113 0.715261 -0.379195 -0.542995 -0.188602   0.0027015 0.000476035 -0.00661513   0.0203262 -0.00965782   0.0127275 1 0 0
              161.49   8.3327  11.2033 -45.6043  31.9993  36.8273 0.719841 -0.0991628  -0.704824 -0.0858046  0.00267493  0.00042344 -0.00657878  0.0161015 -0.0116272  0.0105133 1 0 0
              161.49  8.40061  11.2078 -45.4673  31.9534  36.8455 0.718756 -0.617104 -0.508222 -0.131085  0.00264972 0.000475283 -0.00660995   0.0226662 -0.00824893   0.0119227 1 0 0
              161.59  9.49284  11.0342 -47.1227  31.8652  36.7258 0.700189 -0.775204 -0.855645 -0.136085  0.00263941 0.000492425 -0.00656821   0.0202936 -0.00332248   0.0113491 1 0 0
              161.59  9.48106  11.0211 -47.0027  31.8393  36.7509 0.693212  -1.05998 -0.583804 -0.228913    0.002651 0.000634435 -0.00661197     0.02479 -0.00270652   0.0133083 1 0 0
             161.691  9.42892  10.6009 -47.9041  31.7429  36.6948 0.667516  -1.03464 -0.599512  -0.13566  0.00269409 0.000632611  -0.0066009   0.0244063 -0.00341379   0.0139283 1 0 0
             161.691  9.29321  10.6631 -47.8406  31.7539  36.6986 0.671436  -0.905952  -0.557208 -0.0903275  0.00276872 0.000594164 -0.00660855   0.0238833 -0.00504013   0.0135321 1 0 0
              161.79  8.61162   9.5222 -46.1637  31.7089  36.6771 0.683122 -0.623842 -0.342997  0.141575  0.00285086    0.000611 -0.00659142   0.0237279 -0.00879247   0.0134273 1 0 0
              161.79  8.63273  9.61759 -45.8817  31.7235  36.6525 0.687352 -0.461846 -0.614964  0.199554  0.00285298 0.000531003 -0.00666008   0.0197806 -0.00836891   0.0117601 1 0 0
              161.89  6.41551  10.3283 -44.7654 31.7218  36.596 0.71449 -0.195764 -0.509979  0.229302  0.00287882 0.000528156 -0.00662401 0.0180247 -0.010619 0.0111497 1 0 0
              161.89  6.33771  10.4967 -44.6719 31.7175 36.5864 0.71742 -0.243217 -0.618454  0.257774  0.00286381 0.000453141 -0.00664612   0.0175201 -0.00939542    0.010494 1 0 0
              161.99  4.22277  10.4185 -44.7848  31.6802  36.5221 0.737785 -0.350717 -0.590077  0.116056   0.0028468 0.000463079 -0.00661572   0.0177482 -0.00860826   0.0104056 1 0 0
              161.99  4.28711  10.3536 -44.7862  31.6637   36.524 0.736213 -0.536788 -0.571798 0.0897877  0.00280033 0.000513843 -0.00663451   0.0194277 -0.00703298    0.010852 1 0 0
              162.09  3.40779  10.3902 -45.2757  31.6055  36.4653 0.726971  -0.637335  -0.610322 -0.0115105  0.00285516 0.000538096 -0.00661404   0.0192297 -0.00699535   0.0118327 1 0 0
              162.09  3.68021  10.4892 -45.2809  31.5902  36.4649 0.735474 -0.805889 -0.619165 0.0630477   0.0027672 0.000513163 -0.00661227   0.0209051 -0.00535545   0.0109658 1 0 0
              162.19  4.94959  10.3997 -46.5852  31.5506  36.3641 0.749152 -0.525587  -0.78068 0.0593631  0.00273133 0.000530655 -0.00659004   0.0169733 -0.00531254  0.00936182 1 0 0
              162.19  5.02881  10.3711 -46.5272  31.5356  36.3951 0.734482 -0.703858 -0.425388 -0.100179  0.00274794 0.000648146 -0.00660482   0.0213379 -0.00657024   0.0123245 1 0 0
              162.29  3.85663  10.9391 -47.1856  31.4694  36.3586 0.708573 -0.671857 -0.425069 -0.211086  0.00279429 0.000656489 -0.00659205   0.0214697 -0.00698604    0.013298 1 0 0
              162.29  3.75545  11.0978 -47.1475  31.4681  36.3682 0.702266  -0.68976 -0.313953 -0.276511  0.00284838 0.000632168 -0.00660195  0.0225336 -0.0076555  0.0144264 1 0 0
              162.39  2.85666  11.2018 -47.2973 31.3859 36.3453 0.66831  -0.80272 -0.332755 -0.288994  0.00288005 0.000667431 -0.00660397   0.0235592 -0.00757197   0.0151089 1 0 0
              162.39  2.91825  11.2385 -47.2559  31.4047  36.3249 0.680758 -0.583925 -0.561224 -0.149145 0.00286852 0.00056285 -0.0066121   0.0199627 -0.00791667   0.0125805 1 0 0
              162.49  3.53721  11.7584 -47.3915  31.3526   36.268 0.675446   -0.603945   -0.628256 -0.00365789  0.00287909  0.00056962 -0.00660513   0.0197851 -0.00861096   0.0122655 1 0 0
              162.49  3.69676  11.8149 -47.3378  31.3604  36.2528 0.690655  -0.50741 -0.797958  0.153702  0.00282826 0.000493825 -0.00662634   0.0178074 -0.00825781  0.00974474 1 0 0
              162.59  4.22761  14.1507 -48.1265  31.3114  36.1679 0.713161 -0.458655 -0.748994  0.238871  0.00283333 0.000483305 -0.00661361   0.0174714 -0.00807831   0.0096647 1 0 0
              162.59  4.29387  14.2425 -48.1228  31.3028  36.1688 0.716817  -0.55398 -0.739357  0.270577  0.00279262  0.00048049 -0.00661477   0.0184297 -0.00726354  0.00938371 1 0 0
              162.69  2.77485  13.6569 -47.9337   31.255  36.1073 0.743067 -0.511869  -0.56511  0.261014  0.00280393 0.000497689 -0.00660217   0.0182756 -0.00771749  0.00942253 1 0 0
              162.69  2.60224  13.4746 -47.7966 31.2402  36.115 0.74398 -0.681167 -0.471646  0.261655  0.00285249 0.000606205 -0.00666855   0.0204629 -0.00679474  0.00989387 1 0 0
              162.79 2.25188 12.2095 -49.639  31.1667  36.0698 0.764546 -0.750665 -0.439207  0.138834   0.0028428 0.000607582 -0.00666502   0.0206278 -0.00659614  0.00987912 1 0 0
              162.79  2.41042  12.1268 -49.8274  31.1669   36.076 0.751624  -0.759176  -0.365604 0.00630008  0.00279467 0.000655812  -0.0066065   0.0209698 -0.00703575   0.0117708 1 0 0
              162.89  4.04706  10.6915 -51.1236  31.0877  36.0388 0.742425 -0.802647  -0.35577 -0.115069   0.0027871 0.000668402 -0.00660955    0.020811 -0.00695792   0.0120864 1 0 0
              162.89  4.21406  10.7106 -51.0812  31.0908  36.0389 0.734254 -0.772991 -0.354092  -0.20064  0.00274254 0.000659382 -0.00662059   0.0203535 -0.00724397   0.0131551 1 0 0
              162.99  4.39729  10.2527 -52.0165  31.0154  36.0007 0.717789 -0.806759 -0.367971 -0.194203  0.00274284 0.000641193  -0.0066272   0.0201193 -0.00731162   0.0126785 1 0 0
              162.99  4.20138  10.3342 -52.0264  31.0238  36.0036 0.702693 -0.722469 -0.331884 -0.341255  0.00282373 0.000609689 -0.00661617   0.0194951 -0.00830891    0.014599 1 0 0
              163.09 4.82108 9.76345 -52.352   30.969  35.9673 0.710421  -0.662089   -0.35885 -0.0505976  0.00280503 0.000588161 -0.00660868   0.0189845 -0.00965013   0.0121209 1 0 0
              163.09  4.80288  9.67755 -52.2458  30.9575  35.9634 0.711564  -0.790758  -0.405138 -0.0453683  0.00279217 0.000623249 -0.00665194   0.0194575 -0.00796901   0.0119831 1 0 0
              163.19  5.03702  9.37603 -52.0423  30.8825  35.9221 0.717346 -0.772278 -0.410658  0.144285  0.00279204 0.000618522 -0.00664378   0.0191868 -0.00824821   0.0118722 1 0 0
              163.19  5.01954  9.40685 -51.9799  30.8724  35.9206 0.721104 -0.883794 -0.428972  0.175328  0.00278904 0.000613592 -0.00666344   0.0199161 -0.00691472   0.0114376 1 0 0
              163.29  3.41688  9.70693 -52.7654 30.8026  35.873 0.74035 -0.677313 -0.391401  0.145671  0.00280103 0.000608886 -0.00666216   0.0190059 -0.00727721   0.0111649 1 0 0
              163.29  3.25871  9.80971 -52.8095  30.7969  35.8793 0.733214 -0.746368 -0.319027 0.0684024  0.00284234 0.000619238 -0.00665463   0.0200428 -0.00698848   0.0122971 1 0 0
              163.39  1.42726  9.41059 -52.4717  30.7309  35.8458 0.733403   -0.653454   -0.325146 -0.00410154  0.00285385 0.000620881 -0.00665815   0.0196767 -0.00708637   0.0125161 1 0 0
              163.39  1.39879  9.41907 -52.4139  30.7253  35.8452 0.740656 -0.713109 -0.334073 0.0667154  0.00285223 0.000624629 -0.00668146   0.0201492 -0.00646692   0.0116443 1 0 0
              163.49 0.816545  9.27999 -52.0182   30.661  35.8067 0.744765     -0.6741   -0.401591 -0.00886682  0.00284373 0.000623076 -0.00668519   0.0197969 -0.00674566   0.0114862 1 0 0
              163.49 0.871026  9.30516 -52.0145  30.6663  35.8088 0.746773 -0.611826 -0.377251 0.0164325  0.00283236 0.000615293 -0.00668611   0.0196354 -0.00765481   0.0111179 1 0 0
              163.59    1.366  9.38327 -51.7018  30.6103  35.7661 0.750995  -0.575608  -0.437556 -0.0334273   0.0028262 0.000601479 -0.00668695   0.0193428 -0.00785311   0.0105502 1 0 0
              163.59  1.49241  9.38515 -51.7078    30.61  35.7658 0.749632  -0.580371  -0.441352 -0.0476613  0.00278572 0.000600617 -0.00668544   0.0193119 -0.00778915   0.0107286 1 0 0
              163.69    3.164  9.74954 -51.3984  30.5573  35.7111 0.739253  -0.53191 -0.549584 -0.113205  0.00278731 0.000595452 -0.00668288   0.0187626 -0.00774323   0.0107984 1 0 0
              163.69  3.28875  9.81758 -51.3699  30.5534  35.7134 0.728084 -0.582937 -0.525999 -0.228923  0.00274274 0.000579781 -0.00669024   0.0191575 -0.00737718    0.012349 1 0 0
              163.79  3.65085  10.0328 -50.3201  30.4952  35.6567 0.707721 -0.583747 -0.613775 -0.167485  0.00274274 0.000579781 -0.00669024   0.0191575 -0.00737718    0.012349 1 0 0
              163.79  3.49167  9.98023 -50.2728  30.4919  35.6571 0.708052 -0.621214 -0.608462 -0.166212   0.0027897 0.000597191 -0.00670446    0.019511 -0.00698785    0.012372 1 0 0
              163.89  3.14309  9.79824 -49.9493  30.4367  35.5891 0.698378 -0.608894 -0.703981 -0.027542  0.00279826 0.000606554 -0.00670411   0.0190276 -0.00731612   0.0121769 1 0 0
              163.89  3.06073   9.8338 -50.0734  30.4328  35.5909 0.702737 -0.650679 -0.684082 0.0149347  0.00280952 0.000615597 -0.00666721   0.0196151 -0.00707612   0.0117022 1 0 0
              163.99  2.84862  10.6572 -49.1783  30.3918  35.5187 0.717167  -0.48701 -0.686456  0.161311   0.0028652 0.000606853 -0.00665225   0.0185799 -0.00828153   0.0113342 1 0 0
              163.99  2.94093  10.7997 -48.9695  30.3806  35.5207 0.721922 -0.610877 -0.663017  0.203023  0.00282504 0.000584306 -0.00671909   0.0198292 -0.00729268   0.0109463 1 0 0
              164.09 0.910755  10.3876 -48.6863  30.3435  35.4298 0.753908 -0.463869 -0.688431  0.204546  0.00278161 0.000531931 -0.00668781   0.0174902 -0.00711373  0.00941046 1 0 0
              164.09 0.615737  10.2952 -48.7118  30.3287  35.4498 0.754002 -0.627938 -0.458973  0.196482  0.00286673 0.000575234 -0.00669135   0.0212458 -0.00727167   0.0102075 1 0 0
             164.192  1.56147  9.40706 -48.6575    30.28  35.4233 0.780103 -0.548781 -0.345848  0.160057  0.00284429 0.000582608 -0.00672168   0.0217634 -0.00912102  0.00968415 1 0 0
             164.192   1.7905  9.42566 -48.7817  30.2722  35.4269 0.761247  -0.647615  -0.308794 -0.0343153  0.00275317 0.000609062 -0.00669181    0.022432 -0.00845625   0.0123192 1 0 0
              164.29 2.30484 8.46858 -48.456  30.2064  35.3978 0.753428 -0.699283 -0.302416 -0.116246  0.00275317 0.000609062 -0.00669181    0.022432 -0.00845625   0.0123192 1 0 0
              164.29   2.2554  8.48533 -48.4313   30.207  35.3859 0.748521  -0.69665 -0.439646 -0.166896   0.0027653 0.000595576 -0.00670273   0.0209141 -0.00729626   0.0127483 1 0 0
              164.39  3.34208  8.23474 -48.5962  30.1631   35.318 0.724659 -0.602097 -0.609457 -0.241234   0.0027658 0.000591037 -0.00669229   0.0184888 -0.00788597   0.0125707 1 0 0
              164.39  3.33363  8.25441 -48.6279 30.1548 35.3152 0.72125 -0.700871 -0.642538 -0.281522  0.00275712 0.000588764 -0.00668333   0.0189237 -0.00653142   0.0131343 1 0 0
              164.49  4.03117  8.43656 -48.2324  30.0802  35.2479 0.695661 -0.781526 -0.704638 -0.219919  0.00275712 0.000588764 -0.00668333   0.0189237 -0.00653142   0.0131343 1 0 0
              164.49  3.95307   8.5132 -48.1333  30.0732  35.2471 0.703353  -0.85506 -0.713598 -0.146285  0.00276615 0.000578832 -0.00671244   0.0195502 -0.00580131   0.0122037 1 0 0
              164.59  4.38805  8.74022 -48.4184 30.0211 35.1448 0.70555 -0.700673  -0.88702 0.0858991   0.0027822 0.000510517 -0.00668336   0.0166552 -0.00639427   0.0111878 1 0 0
              164.59  4.34538    8.733 -48.4256   30.004  35.1639 0.709112 -0.887587 -0.667912  0.113227  0.00279541 0.000585116 -0.00667684   0.0202133 -0.00633992   0.0113231 1 0 0
              164.69  4.40015  8.12809 -48.0889  29.9219  35.1026 0.741766  -0.73805 -0.584225   0.27925  0.00281638 0.000632254 -0.00667596  0.0204116 -0.0066517  0.0105494 1 0 0
              164.69   4.3938  8.21309 -47.9902   29.923  35.1208 0.732262 -0.733146 -0.372429  0.183758  0.00283919 0.000617859  -0.0067063   0.0223697 -0.00838166   0.0123038 1 0 0
              164.79  1.50538  8.71132 -47.1735  29.8561  35.0897 0.745416 -0.635493 -0.281319 0.0946222  0.00283919 0.000617859  -0.0067063   0.0223697 -0.00838166   0.0123038 1 0 0
              164.79  1.19392  8.88401 -47.0865   29.862  35.0833 0.750394  -0.56511 -0.353787   0.14835   0.0029332 0.000532299 -0.00671718   0.0212474 -0.00850604   0.0114678 1 0 0
              164.89 0.831951  9.31348  -46.161  29.8064  35.0464 0.761048 -0.551915  -0.38664 0.0730633   0.0029332 0.000532299 -0.00671718   0.0212474 -0.00850604   0.0114678 1 0 0
              164.89  1.12433  9.38545 -46.1997  29.8166  35.0361 0.755579 -0.438684  -0.50777 0.0230535   0.0028411  0.00047401 -0.00669558   0.0191109 -0.00857934   0.0118079 1 0 0
              164.99  1.46551  9.38982 -45.6151  29.7778  34.9836 0.754375   -0.37267  -0.521674 -0.0481399  0.00284264 0.000479697 -0.00669566   0.0189132 -0.00873196   0.0118612 1 0 0
              164.99 1.52801 9.29931 -45.658  29.7824  34.9785 0.750631 -0.321509 -0.582447  -0.08491  0.00282243 0.000501259 -0.00668425   0.0177511 -0.00868644   0.0121937 1 0 0
              165.09  1.32701  9.70431 -44.8212  29.7692  34.9127 0.743073 -0.191047 -0.666817 -0.130536  0.00281477 0.000501964 -0.00668642   0.0166598 -0.00928218   0.0116317 1 0 0
              165.09  1.23204  9.68546 -44.7716  29.7516  34.9165 0.745437 -0.391712 -0.622496 -0.114406  0.00280734 0.000563818 -0.00670809   0.0187562 -0.00784293   0.0116995 1 0 0
              165.19  1.62012  9.83695 -43.8637   29.733  34.8301 0.745859  -0.279607  -0.811566 -0.0427978  0.00280177 0.000510956 -0.00670761   0.0170226 -0.00795673   0.0105618 1 0 0
              165.19  1.64408  9.80843 -43.8817  29.7065  34.8455 0.742786  -0.572531  -0.635561 -0.0883675  0.00276878 0.000588447 -0.00669935   0.0209955 -0.00684982   0.0117849 1 0 0
              165.29  2.37523  9.83414 -44.2886  29.6544  34.7769 0.739477 -0.548379 -0.705875 0.0147164  0.00277139  0.00058275 -0.00670946   0.0207384 -0.00700679   0.0116558 1 0 0
              165.29  2.35705  9.84591 -44.4328 29.6456 34.7835 0.73244  -0.653721  -0.631452 -0.0638946  0.00276611 0.000592108  -0.0066644    0.022266 -0.00667656   0.0130187 1 0 0
              165.39    2.394  9.82678 -44.0355   29.596  34.7193 0.738457 -0.584397 -0.642804  0.120611  0.00278725 0.000598922  -0.0066604   0.0213867 -0.00761193   0.0125924 1 0 0
              165.39   2.3788  9.93291 -43.9179  29.5933  34.7171 0.733598 -0.617884 -0.668563  0.069984  0.00277843 0.000569375 -0.00669705   0.0213521 -0.00708777    0.013222 1 0 0
              165.49   1.1475  9.78116 -44.7942  29.5418  34.6516 0.741649 -0.537615 -0.556461 0.0211312  0.00278602 0.000551972 -0.00668442   0.0208319 -0.00716663   0.0128753 1 0 0
              165.49 0.971992  9.69191 -44.8827  29.5456  34.6456 0.748683 -0.492492 -0.624034   0.09522  0.00283322 0.000562229 -0.00665538   0.0200072 -0.00700148   0.0117701 1 0 0
              165.59  1.92269   8.7126 -45.4781  29.5472  34.5773 0.760568 -0.235314 -0.626576 0.0596112  0.00288278 0.000553276 -0.00664461   0.0173126 -0.00905029   0.0109589 1 0 0
              165.59  2.25264  8.84304 -45.4354  29.5359  34.5954 0.755452   -0.364924   -0.421444 -0.00139893  0.00279067 0.000528481 -0.00665648   0.0204177 -0.00974364    0.012325 1 0 0
              165.69  3.66886  8.04588 -47.0827  29.5303  34.5128 0.767425    -0.2049  -0.598887 0.00101744  0.00277147 0.000531796 -0.00663382   0.0168243 -0.00916968   0.0104591 1 0 0
              165.69  3.70875  7.98756 -47.0583  29.4919  34.5336 0.768746    -0.63146   -0.361781 -0.00770248  0.00272739 0.000700419 -0.00665055  0.0225507 -0.0072701  0.0112545 1 0 0
              165.79  4.83446  7.73447 -46.7986  29.4323  34.5135 0.764036  -0.645424    -0.3371 -0.0589219  0.00277318 0.000707653 -0.00664057   0.0232422 -0.00845694   0.0114833 1 0 0
              165.79  4.85207  7.84935 -46.6738  29.4267  34.5121 0.752214 -0.714931 -0.354362 -0.186761  0.00276291 0.000674009 -0.00668054   0.0234601 -0.00754808   0.0130984 1 0 0
              165.89  5.25034  8.14299 -46.9332  29.3658  34.4461 0.716775 -0.716587 -0.547901 -0.259168  0.00277891 0.000662215 -0.00662584   0.0213235 -0.00688547   0.0138936 1 0 0
              165.89   5.237 8.21324 -46.782  29.3646  34.4394 0.724189 -0.725035 -0.623819 -0.183957  0.00279362  0.00063937 -0.00667307   0.0207586 -0.00620688      0.0127 1 0 0
              165.99  5.21758  8.81614 -47.0724  29.3033  34.3812 0.709819 -0.725752 -0.644055 -0.100399  0.00279954 0.000649763 -0.00667435   0.0204204 -0.00742244   0.0127096 1 0 0
              165.99  5.18097   8.8329 -47.1497  29.3074   34.371 0.711733  -0.677249  -0.766059 -0.0779964  0.00280353 0.000635981  -0.0066527   0.0188094 -0.00686646   0.0121186 1 0 0
              166.09   5.9267  8.16609 -47.7572  29.2692  34.2859 0.729471 -0.548151 -0.802561  0.219872  0.00280085 0.000615107 -0.00661763   0.0169195 -0.00847117   0.0108206 1 0 0
              166.09  5.99807  7.96914 -47.5817  29.2591  34.2917 0.728291 -0.663685 -0.737518  0.201472  0.00277592 0.000708065  -0.0066815   0.0183716 -0.00790828   0.0111977 1 0 0
              166.19  5.28904   7.2216 -48.5512  29.1989  34.2125 0.761793 -0.487105 -0.644151  0.220499  0.00276362 0.000706966 -0.00668737  0.0180084 -0.0073546  0.0102587 1 0 0
              166.19  5.15862   7.3214 -48.6708  29.1817   34.226 0.769188 -0.679514 -0.489586  0.283886  0.00279681 0.000698259 -0.00666081   0.0213761 -0.00677823  0.00976786 1 0 0
              166.29  2.31368  7.59864 -47.1377  29.1472  34.2356 0.794031 -0.476896 -0.163974  0.228827  0.00279814 0.000686623 -0.00669869  0.0229717 -0.0110194  0.0103483 1 0 0
              166.29  2.15392  7.65444 -47.0064  29.1503  34.2246 0.774323 -0.452853 -0.287597 0.0321337  0.00284409 0.000636418 -0.00672226  0.0213178 -0.0099954  0.0126298 1 0 0
              166.39  1.27338  8.01404 -46.8223  29.1294  34.1464 0.763838 -0.341546 -0.570779 -0.104746  0.00281656 0.000547795 -0.00665212   0.017779 -0.0092115  0.0127688 1 0 0
              166.39  1.40194  8.02564 -46.8152   29.109  34.1432 0.767537  -0.559459  -0.606451 -0.0794749  0.00272989 0.000567246  -0.0066604  0.0192745 -0.0068939  0.0125208 1 0 0
              166.49  1.59508   8.2374 -46.3156  29.0601  34.0778 0.759392  -0.53449 -0.661495 -0.145168  0.00275409  0.00057115 -0.00664597   0.0187928 -0.00722803   0.0122486 1 0 0
              166.49  1.7846 8.26302 -46.295  29.0505  34.0876 0.758461 -0.646713 -0.549891 -0.161489   0.0026964 0.000572078 -0.00664902   0.0209295 -0.00711235   0.0127567 1 0 0
              166.59  2.75653  8.97802 -46.1853  28.9858  34.0306 0.738638 -0.652468 -0.594784 -0.222989   0.0026964 0.000572078 -0.00664902   0.0209295 -0.00711235   0.0127567 1 0 0
              166.59  2.77939  9.01114 -46.2309  28.9829  34.0257 0.741978 -0.683382 -0.651814 -0.191075  0.00266851 0.000556044 -0.00663669   0.0207281 -0.00636199   0.0122864 1 0 0
              166.69  3.22512  9.15054 -45.8387  28.9344  33.9566 0.741554   -0.58331  -0.724946 -0.0394213  0.00269963 0.000511149 -0.00662094   0.0199216 -0.00741179    0.011081 1 0 0
              166.69  3.19807  9.00568 -45.7625  28.9354  33.9619 0.737136  -0.575836  -0.663479 -0.0830163  0.00272182 0.000564192 -0.00664701   0.0203238 -0.00796832   0.0117368 1 0 0
              166.79   2.5199  9.02871 -46.1821   28.885  33.8827 0.734399 -0.587489 -0.785743 0.0658947   0.0027428  0.00055394 -0.00664594   0.0194656 -0.00797936    0.011642 1 0 0
              166.79  2.44835  9.07578 -46.2504  28.8831   33.889 0.735256 -0.606763 -0.709887 0.0726797  0.00276387 0.000546898 -0.00662399   0.0204053 -0.00847463   0.0117228 1 0 0
              166.89  2.72479  10.4731 -46.9379   28.847  33.8255 0.763936 -0.457265 -0.639038  0.258169  0.00276233 0.000541572 -0.00661912  0.0197051 -0.0104111  0.0107391 1 0 0
              166.89  2.82246  10.5884 -46.9767  28.8385  33.8291 0.758961 -0.556621 -0.598336  0.200031  0.00270958 0.000551919  -0.0066077   0.0207589 -0.00983745   0.0116162 1 0 0
              166.99 0.478169  9.46227 -46.6208  28.8026  33.7762 0.780783 -0.440982 -0.442336  0.160914  0.00272578 0.000537255 -0.00657253   0.019923 -0.0105053    0.01105 1 0 0
              166.99 0.258734  9.29279 -46.2725  28.7853  33.7723 0.776966 -0.635616 -0.485665   0.10952  0.00278586 0.000612409 -0.00669825   0.0209724 -0.00826814   0.0118208 1 0 0
              167.09 0.749976  8.39705 -47.5409  28.7168  33.7154 0.785046  -0.681899  -0.514414 0.00714927  0.00278024 0.000625996 -0.00669766   0.0207407 -0.00768891   0.0116492 1 0 0
              167.09 0.987181  8.51355 -47.7362  28.7125  33.7138 0.779131  -0.735212  -0.534914 -0.0552673  0.00269758 0.000593741 -0.00664156   0.0208902 -0.00695814   0.0125534 1 0 0
              167.19  2.23843  7.73857 -48.3197  28.6415  33.6865 0.785521  -0.778636  -0.384997 -0.0529358  0.00269309 0.000557469 -0.00659586   0.0220886 -0.00859019   0.0115389 1 0 0
              167.19  2.34314  7.59254 -48.0608  28.6466   33.678 0.774311  -0.72803 -0.487573 -0.165469  0.00265702 0.000568369 -0.00668038   0.0205066 -0.00825169   0.0127937 1 0 0
              167.29  3.56704  7.38732 -48.9835  28.5723  33.6296 0.756095 -0.763205 -0.466437 -0.209391  0.00266412 0.000567469 -0.00667963   0.0205084 -0.00824043   0.0126757 1 0 0
              167.29   3.4833  7.38408 -49.0103  28.5712  33.6153 0.759326 -0.777216 -0.629906 -0.175869  0.00266776 0.000547912 -0.00667936    0.019098 -0.00679843   0.0120121 1 0 0
              167.39  4.13035   7.2627 -49.0433  28.4913  33.5581 0.744897 -0.845595  -0.61302 -0.105592     0.00269 0.000555936 -0.00667779 0.0193297 -0.007215 0.0120441 1 0 0
              167.39 4.12879 7.29269 -48.992  28.4921  33.5545 0.739383 -0.840488 -0.654589 -0.160894  0.00268974 0.000543255 -0.00669361   0.0187664 -0.00686274   0.0127317 1 0 0
              167.49  4.72091  7.54171 -49.6168  28.4027  33.4965 0.743459 -0.892558 -0.606511 0.0941081  0.00269898 0.000530748 -0.00667843   0.0193509 -0.00701919   0.0119487 1 0 0
              167.49  4.69943  7.50217 -49.6004  28.4085  33.5017 0.739612 -0.827718 -0.546354 0.0574974  0.00274178 0.000543647 -0.00667898   0.0193594 -0.00804483    0.012516 1 0 0
              167.59  3.95107  7.83197 -51.1927  28.3406  33.4448 0.763689 -0.635415  -0.47535  0.156992  0.00275952 0.000518423 -0.00666583    0.018787 -0.00830942   0.0116064 1 0 0
              167.59 3.80369  7.7557 -51.301  28.3326  33.4501 0.770115 -0.720494 -0.416411  0.218009  0.00279698 0.000576003 -0.00663592   0.0200793 -0.00798005   0.0109377 1 0 0
              167.69  1.09736  7.52674 -51.9765  28.2707  33.4144 0.800893 -0.633766 -0.383371  0.193728  0.00278469  0.00055002 -0.00664227   0.0200797 -0.00855855   0.0100301 1 0 0
              167.69 0.926868  7.44311 -51.8691  28.2748  33.4287 0.788717 -0.596125 -0.221385 0.0714654  0.00284067 0.000562825 -0.00668263  0.0213534 -0.0101394  0.0120076 1 0 0
              167.79 1.65933 7.60495  -52.55   28.215  33.4028 0.791535  -0.601718  -0.290495 -0.0160915  0.00284067 0.000562825 -0.00668263  0.0213534 -0.0101394  0.0120076 1 0 0
              167.79 2.02719 7.72382 -52.528  28.2187  33.4037 0.783547   -0.56339  -0.281746 -0.0986625  0.00273141  0.00052661 -0.00668812 0.0210224 -0.010652 0.0131491 1 0 0
              167.89  3.27149  8.44493 -52.9735   28.152  33.3575 0.761549 -0.592339 -0.379457 -0.207331  0.00275088 0.000562928 -0.00667231   0.0203996 -0.00917365   0.0137539 1 0 0
              167.89  3.39047  8.57749 -52.9545  28.1518  33.3543 0.762814 -0.593331 -0.415959 -0.193912  0.00270793 0.000513835 -0.00667692   0.0200698 -0.00891748   0.0135322 1 0 0
              167.99  4.41799  8.87702 -53.1158  28.1008  33.2961 0.736471  -0.53164  -0.54916 -0.255069  0.00270706 0.000504936 -0.00667867   0.0190088 -0.00872817   0.0137261 1 0 0
              167.99  4.35312  8.88418 -53.0941  28.0928  33.2952 0.745393 -0.615033 -0.561724 -0.171651  0.00272193 0.000507057  -0.0066835   0.0196594 -0.00774084   0.0125945 1 0 0
              168.09  4.63805  9.26048 -52.7037  28.0526  33.2204 0.742323  -0.499283   -0.71926 -0.0899202  0.00272246 0.000502761 -0.00667524   0.0180732 -0.00852544   0.0113269 1 0 0
              168.09  4.59373  9.23624 -52.6521  28.0391   33.235 0.743193  -0.651941  -0.555772 -0.0874429  0.00272764  0.00058597 -0.00669219   0.020798 -0.0080777   0.011654 1 0 0
              168.19  5.01609   10.007 -52.0897  27.9679  33.1781 0.734991  -0.684995  -0.619294 -0.0195169  0.00273037 0.000601169 -0.00669759    0.021172 -0.00781641   0.0118745 1 0 0
              168.19  5.04487  10.1104 -52.0478   27.965  33.1776 0.735958  -0.717479  -0.625564 -0.0111628  0.00271644 0.000569869 -0.00670817   0.0213649 -0.00745101   0.0117626 1 0 0
              168.29  4.80921  11.7568 -50.8242  27.8907  33.1118 0.732345 -0.768486 -0.677497  0.110113  0.00273242 0.000580685 -0.00670629   0.0212418 -0.00743915   0.0125177 1 0 0
              168.29  4.78157  11.8761 -50.7741  27.8959  33.1053 0.735967 -0.703553 -0.757708  0.149821  0.00274623 0.000533756 -0.00671884   0.0199669 -0.00758296   0.0117363 1 0 0
              168.39  3.18248  12.3496 -51.3751  27.8503  33.0211 0.757974  -0.50899 -0.667945  0.154269  0.00276621 0.000547388 -0.00670429   0.0182278 -0.00807859   0.0107891 1 0 0
              168.39  3.10995   12.313 -51.4365 27.8552 33.0372 0.74311  -0.462571  -0.482565 0.00472249  0.00284451 0.000614032 -0.00668538   0.0192596 -0.00970037   0.0131257 1 0 0
              168.49 3.10879 11.3379 -51.274  27.8185  33.0416 0.792224 -0.414588 -0.185797  0.189263  0.00292279 0.000734686 -0.00670779  0.0219943 -0.0124998  0.0105414 1 0 0
              168.49  3.31483  11.3673 -51.3316  27.8137  33.0231 0.787596  -0.47097 -0.389228  0.138555  0.00281962 0.000700438 -0.00669336  0.0202606 -0.0103994  0.0107216 1 0 0
              168.59  4.23543  10.1004 -52.4179  27.7542   32.956 0.775166  -0.569747   -0.51294 -0.0525292  0.00281009 0.000701161 -0.00669536   0.0188141 -0.00854557   0.0117683 1 0 0
              168.59    4.374  10.1298 -52.5418  27.7511   32.959 0.767559 -0.610382 -0.479392  -0.13036  0.00276154 0.000698975  -0.0066577    0.019303 -0.00830886   0.0129556 1 0 0
              168.69  5.84996  9.52979 -52.7558  27.6984  32.9099 0.753055 -0.559703 -0.494506 -0.176189  0.00274846  0.00070359 -0.00665944   0.0189642 -0.00871734   0.0127652 1 0 0
              168.69  5.82474   9.5587 -52.6814  27.6957   32.915 0.746085  -0.59562 -0.437327  -0.24987  0.00276049  0.00071677 -0.00668072   0.0196263 -0.00867863     0.01384 1 0 0
              168.79  6.09055  9.02917 -52.0836  27.6356  32.8637 0.727038 -0.645325 -0.505211 -0.195402  0.00277443 0.000709431 -0.00668456   0.0192422 -0.00866956   0.0134626 1 0 0
              168.79  6.02367  9.05547 -52.0448  27.6281  32.8652 0.731248 -0.729403 -0.487962 -0.156415  0.00278652 0.000713733 -0.00669854   0.0200978 -0.00796095   0.0130105 1 0 0
              168.89 5.85584 9.49185 -51.901 27.5484 32.8165 0.72857  -0.794813  -0.493954 -0.0335789  0.00278695 0.000702541 -0.00669153   0.0204343 -0.00779734   0.0123792 1 0 0
              168.89 5.79109 9.53685 -51.944  27.5498  32.8135 0.731975  -0.775313  -0.530879 0.00367633  0.00280415 0.000687233 -0.00667751   0.0199527 -0.00778495   0.0117709 1 0 0
              168.99  5.19188  9.08823 -50.7753  27.4835  32.7646 0.755298 -0.697632 -0.502758    0.2358  0.00281835 0.000686775 -0.00666973  0.0198203 -0.0088389   0.010712 1 0 0
              168.99  5.22927  9.03288 -50.6313  27.4838  32.7597 0.754092 -0.696261  -0.55734  0.223956   0.0028007 0.000680797 -0.00671456    0.019247 -0.00846408   0.0107364 1 0 0
              169.09  4.31028  9.17225 -50.2258  27.4276   32.707 0.772341  -0.51903 -0.467432  0.184096   0.0028317 0.000686626 -0.00671727   0.0189326 -0.00870492   0.0110034 1 0 0
              169.09  4.32217  9.22771 -50.3046  27.4299  32.7097 0.761247 -0.498863 -0.436911 0.0698847  0.00283555 0.000671969 -0.00668918   0.0188721 -0.00897986   0.0125109 1 0 0
              169.19  2.71703  8.71969 -49.1297  27.3756  32.6672 0.768457 -0.498429 -0.428106 0.0307511  0.00284941 0.000678034 -0.00669225   0.0191705 -0.00857024   0.0123379 1 0 0
              169.19  2.73255  8.66637 -49.0556  27.3772  32.6671 0.768716 -0.480249 -0.429017 0.0344633   0.0028487 0.000692328 -0.00671478   0.0190105 -0.00876844   0.0122744 1 0 0
              169.29  2.20236  8.82839 -48.4085  27.3403    32.63 0.769809   -0.44161  -0.435375 -0.0330849  0.00285824 0.000692191 -0.00670847    0.018997 -0.00991734   0.0122283 1 0 0
              169.29  2.35119   8.9383 -48.4125  27.3297  32.6233 0.774693  -0.556724  -0.511239 0.00912251  0.00277069 0.000662067 -0.00671126   0.0192619 -0.00824618   0.0116146 1 0 0
              169.39  2.85144  9.15592 -47.6497  27.2764  32.5727 0.770093  -0.535474  -0.542313 -0.0851736  0.00277393 0.000674608 -0.00670935   0.0192891 -0.00843099   0.0116042 1 0 0
              169.39  2.93401  9.22997 -47.6572  27.2724  32.5713 0.772748  -0.578361  -0.559436 -0.0612353  0.00273803 0.000653652 -0.00670653   0.0195225 -0.00789431   0.0113035 1 0 0
              169.49  4.54853  9.48071 -47.3501  27.235 32.5006  0.7717  -0.435984  -0.661791 -0.0578847  0.00271643 0.000630738 -0.00670891  0.0181928 -0.0083175  0.0106239 1 0 0
              169.49  4.55932  9.47327 -47.3988  27.2294  32.5123 0.758824 -0.510145 -0.525938  -0.19402  0.00271305 0.000642912 -0.00669302   0.0199843 -0.00864315   0.0128481 1 0 0
              169.59  4.10301  9.06147 -46.0979 27.1889 32.4772 0.74653 -0.444561 -0.487632 -0.109715  0.00273008  0.00064587 -0.00667768  0.0206933 -0.0101717  0.0127313 1 0 0
              169.59  3.97655  8.95482 -45.9322  27.1868   32.474 0.744936 -0.467687  -0.52234 -0.127039  0.00276126 0.000670001 -0.00673039   0.0205165 -0.00964653   0.0128868 1 0 0
              169.69 2.79795 9.31865 -45.636  27.1366  32.4002 0.751241 -0.536845 -0.705713   0.06868  0.00276641 0.000639012 -0.00671732  0.0198731 -0.0089994  0.0118484 1 0 0
              169.69  2.77708  9.38527 -45.7406  27.1364  32.4004 0.746087 -0.541858 -0.703815  0.015038  0.00276652 0.000618634 -0.00668229   0.0198372 -0.00891942   0.0125368 1 0 0
              169.79  2.74822  10.2226 -44.7719  27.0819  32.3265 0.752586 -0.519953 -0.709527 0.0815656  0.00276739 0.000615585 -0.00668927   0.0197166 -0.00886335   0.0125792 1 0 0
              169.79 2.86806 10.2737 -44.704  27.0787    32.32 0.756448  -0.55474 -0.785147  0.118857  0.00273688 0.000599484 -0.00670836   0.0193815 -0.00785631   0.0119485 1 0 0
              169.89  1.43566  10.5312 -43.8795  27.0369  32.2362 0.753064  -0.48864 -0.718934 0.0234104   0.0027445 0.000631482 -0.00670859   0.0179845 -0.00778299   0.0125605 1 0 0
              169.89  1.29269  10.5608 -43.9532   27.031   32.242 0.759557 -0.551231 -0.652579 0.0879688  0.00278244  0.00062844 -0.00668861   0.0193686 -0.00781871   0.0118704 1 0 0
              169.99 1.78501 9.88456 -44.784   26.993  32.1735 0.807911 -0.472024 -0.632572  0.234324  0.00281328 0.000635596 -0.00669322   0.0186494 -0.00865549   0.0086945 1 0 0
              169.99  2.09323  9.88331 -44.9376  26.9847  32.1894 0.794352 -0.568892 -0.456229 0.0867571  0.00271822 0.000689949 -0.00664594   0.0206706 -0.00933039    0.010986 1 0 0
              170.09 2.83542 8.15793 -45.598  26.9157  32.1376 0.810144 -0.678637 -0.479666 0.0507336  0.00271529 0.000680429 -0.00665529   0.020846 -0.0086322  0.0102046 1 0 0
              170.09  2.91627  8.02185 -45.6102  26.9162  32.1483 0.796769 -0.681675 -0.356835 -0.082699  0.00269358 0.000724149 -0.00664864   0.0217533 -0.00972707   0.0122563 1 0 0
              170.19  4.16737   7.7118 -46.7406  26.8407  32.1174 0.768146 -0.755654 -0.339643  -0.23901   0.0026935 0.000708465 -0.00665187    0.022204 -0.00961142   0.0134414 1 0 0
              170.19  4.17546  7.82535 -46.7779  26.8479   32.112 0.759048 -0.677169 -0.400623 -0.329861  0.00268944 0.000651264  -0.0066393   0.0207898 -0.00976965   0.0144891 1 0 0
              170.29  4.57462  7.30071 -47.5467  26.7776  32.0501 0.709066 -0.755387 -0.550838 -0.360202  0.00271586 0.000662271  -0.0066289    0.019533 -0.00891158   0.0155681 1 0 0
              170.29  4.57349  7.38039 -47.4365  26.7811  32.0412 0.721619 -0.708323  -0.65317 -0.224547    0.002713 0.000604242 -0.00666454   0.0183723 -0.00862425   0.0135821 1 0 0
              170.39  4.98114  6.84509 -48.0555  26.7121  31.9559 0.715574   -0.707584   -0.757809 0.000927264  0.00269512 0.000597232 -0.00666482   0.0172744 -0.00793563   0.0127617 1 0 0
              170.39  4.96378  6.80716 -48.0502  26.7125  31.9651 0.728828 -0.698529 -0.651046  0.137187  0.00273179 0.000633362 -0.00666255  0.018417 -0.009035 0.0111678 1 0 0
              170.49  4.48756  6.23402 -47.3996  26.6404  31.9365 0.775341 -0.591428 -0.417859  0.356065  0.00275395    0.000699 -0.00668746  0.0207736 -0.0102522 0.00978822 1 0 0
              170.49  4.37716   6.2881 -47.3333  26.6448   31.933 0.774154 -0.542266 -0.456254   0.34578  0.00279402 0.000659497 -0.00670284  0.0199936 -0.0103932 0.00985506 1 0 0
              170.59  2.22002   7.1774 -47.8688 26.6374 31.8637 0.78171 -0.238223 -0.542191  0.144097   0.0028469  0.00057174 -0.00663062  0.0167715 -0.0111888   0.011079 1 0 0
              170.59  2.23447    7.282 -47.7954  26.6198  31.8691 0.789352 -0.435353  -0.47676  0.212736  0.00281454 0.000585675    -0.00667   0.0191709 -0.00988145   0.0102919 1 0 0
              170.69 2.50337 7.77257 -47.652   26.578  31.8078 0.801178 -0.417825 -0.555333   0.10312  0.00281794 0.000577309 -0.00665713   0.0183595 -0.00928049   0.0105202 1 0 0
              170.69  2.77229  7.73332 -47.5576  26.5644  31.8188 0.799179 -0.574919 -0.425125 0.0741581  0.00273161 0.000640394 -0.00669293   0.0208981 -0.00883803   0.0111683 1 0 0
              170.79  3.43053  8.21588 -47.5889  26.5219  31.7656 0.807565 -0.491886 -0.498301 0.0360575  0.00273496 0.000599286 -0.00668317   0.0197634 -0.00917565   0.0107689 1 0 0
              170.79  3.44854  8.16888 -47.5927  26.5109  31.7727 0.798786  -0.618686  -0.416333 -0.0558262  0.00271857   0.0006492 -0.00668252   0.0214737 -0.00856917   0.0121803 1 0 0
              170.89  4.6137 8.74898 -47.617  26.4042  31.7604 0.782681 -0.829311  -0.29806  -0.17138  0.00271972 0.000669698 -0.00667831   0.0250904 -0.00756586   0.0131043 1 0 0
              170.89   4.7119  8.70239 -47.6441  26.4276  31.7401 0.775854 -0.555643 -0.540068 -0.233945  0.00269805 0.000589863 -0.00667131   0.0202912 -0.00819839   0.0133334 1 0 0
              170.99   5.4183  8.99577 -47.8358  26.3738  31.6829 0.749798 -0.526448 -0.609618 -0.269871  0.00269805 0.000589863 -0.00667131   0.0202912 -0.00819839   0.0133334 1 0 0
              170.99  5.31508  8.89723 -47.8449  26.3992  31.6654 0.751154 -0.229617 -0.819821 -0.240249  0.00275015  0.00052565 -0.00667009   0.0158231 -0.00940724   0.0123863 1 0 0
              171.09  5.74434  9.55218 -47.9451  26.3876  31.5828 0.730847  -0.15867  -0.88833 -0.156998  0.00277594 0.000520722 -0.00666326  0.0155614 -0.0101043  0.0123686 1 0 0
              171.09  5.76457  9.56417 -47.9755  26.3867  31.5827 0.737952  -0.164958  -0.890295 -0.0846065  0.00276756 0.000521098 -0.00665383  0.0157336 -0.0101238  0.0114191 1 0 0
              171.19  5.01046  9.62293 -48.3484  26.3952  31.4705 0.752717 -0.0730979   -1.07896   0.183408  0.00279197 0.000504868 -0.00663639  0.0136775 -0.0109572  0.0101665 1 0 0
              171.19  4.97828   9.6774 -48.2951  26.3608  31.4954 0.759545 -0.456162 -0.795023  0.225836  0.00276656  0.00067723 -0.00665801   0.0194387 -0.00958954    0.010377 1 0 0
              171.29 3.69505 10.1687 -49.788  26.3186  31.4207 0.784829 -0.374772 -0.656465  0.225931  0.00276656  0.00067723 -0.00665801   0.0194387 -0.00958954    0.010377 1 0 0
              171.29  3.63637  10.2211 -49.9439  26.2985  31.4357 0.781673 -0.606398 -0.482121  0.179914    0.002757 0.000775898 -0.00662742  0.0227804 -0.0086651  0.0114438 1 0 0
              171.39  1.62096  8.66281 -48.7714  26.2588  31.4003 0.794656 -0.521844 -0.364873  0.116624  0.00281143 0.000763774 -0.00660721  0.0221818 -0.0100512  0.0115678 1 0 0
              171.39 1.59892 8.48923 -48.381  26.2538  31.3945 0.787864 -0.581217 -0.428643 0.0466633  0.00282876 0.000814603 -0.00674081  0.0218498 -0.0088955  0.0123653 1 0 0
              171.49  2.62083   8.1577 -49.3284  26.1905  31.3257 0.772871 -0.630945 -0.566035 -0.133604  0.00281124 0.000813425 -0.00673968   0.0205482 -0.00750923   0.0130204 1 0 0
              171.49  2.84116  8.32896 -49.5766 26.1965 31.3207 0.77482 -0.559442 -0.624554 -0.110525  0.00273517 0.000762556 -0.00666412   0.0193585 -0.00779314    0.012532 1 0 0
              171.59 4.57707 8.58229 -49.194  26.1259  31.2746 0.757346 -0.677616 -0.563213 -0.194134  0.00272356 0.000755532 -0.00666956   0.0208971 -0.00792318   0.0129654 1 0 0
              171.59  4.58781  8.60108 -49.0677  26.142 31.2614  0.7592 -0.491601 -0.710961 -0.171664  0.00274018 0.000673447  -0.0067104   0.018053 -0.0085914  0.0123474 1 0 0
              171.69  5.9469 8.89202 -48.913  26.0939  31.1862 0.743072 -0.515397 -0.740566 -0.186139  0.00273357 0.000658948 -0.00671385   0.0178046 -0.00859014   0.0120697 1 0 0
              171.69  5.90111  8.84129 -48.9704  26.1026  31.1849 0.752925  -0.409736  -0.755481 -0.0817271   0.0027612 0.000663224  -0.0066974   0.0170027 -0.00962681   0.0106808 1 0 0
              171.79  6.68354   9.0266 -48.6869  26.0626   31.115 0.750646   -0.453527   -0.757069 -0.00190665  0.00276806 0.000658576 -0.00669489  0.0172387 -0.0102126  0.0105143 1 0 0
              171.79  6.64777  8.94775 -48.6676 26.0595  31.118 0.74626   -0.49224  -0.721364 -0.0493601  0.00277879 0.000684646 -0.00670251  0.0178467 -0.0100216  0.0112623 1 0 0
              171.89  6.70509  9.46738 -49.4203  26.0092  31.0435 0.747712 -0.527574 -0.736668  0.140389  0.00277163  0.00068061 -0.00670699   0.0176713 -0.00998898   0.0114014 1 0 0
              171.89   6.6159  9.51533 -49.5648  25.9974  31.0495 0.747806 -0.666856 -0.666338  0.136378  0.00276753 0.000729316 -0.00666859    0.019398 -0.00918412   0.0115939 1 0 0
              171.99  6.58616  9.55869 -50.6517  25.9312  30.9835 0.769024 -0.572126 -0.573453  0.223855  0.00275279 0.000725669 -0.00667114  0.0193805 -0.0089238   0.011599 1 0 0
              171.99  6.56915  9.53594 -50.6711  25.9284  30.9889 0.770579 -0.603651 -0.510816  0.238767   0.0027631 0.000751804 -0.00666742   0.0202496 -0.00910708    0.011566 1 0 0
              172.09  3.13801  8.77746 -49.8959  25.8844  30.9254 0.772227 -0.478664  -0.53083 0.0624624  0.00281533 0.000770758 -0.00666255   0.0186524 -0.00876318   0.0124171 1 0 0
              172.09  2.93342  8.79745 -49.5887  25.8829   30.934 0.775398 -0.494118 -0.430711 0.0949248  0.00289311 0.000761559 -0.00675664   0.0199392 -0.00945141   0.0122345 1 0 0
              172.19  2.26162  9.09249 -49.2489  25.8433  30.8955 0.801471 -0.467588  -0.43527  0.094552  0.00286396 0.000725818 -0.00675149  0.0200674 -0.0106479  0.0107348 1 0 0
              172.19   2.4817  9.10919 -49.3949  25.8449  30.8972 0.797462 -0.451609 -0.416765 0.0518409  0.00279813 0.000724751 -0.00670659  0.0200439 -0.0109337  0.0113075 1 0 0
              172.29  3.29619   9.1501 -49.4067   25.825  30.8375 0.794393  -0.321539  -0.521655 -0.0365615  0.00280899 0.000680767 -0.00668596  0.0179719 -0.0116829  0.0113972 1 0 0
              172.29  3.45845   9.1131 -49.3497  25.8102  30.8403 0.790072  -0.498708  -0.491632 -0.0869419  0.00273826 0.000715713 -0.00670489  0.0195781 -0.0101509   0.012233 1 0 0
              172.39  4.21415  9.47315 -49.7574  25.771 30.7739 0.79479  -0.425466  -0.609238 -0.0658072  0.00272435 0.000673652 -0.00668934   0.0184971 -0.00999161   0.0109084 1 0 0
              172.39  4.20823  9.46706 -49.7222  25.7516  30.7761 0.788881 -0.654793  -0.58302 -0.136347   0.0027197 0.000683436 -0.00669789   0.0206066 -0.00765101   0.0121044 1 0 0
              172.49  4.67854  9.73975 -49.8963  25.6942  30.7047 0.773721 -0.608693 -0.698901 -0.126401  0.00272264 0.000662937  -0.0067003   0.0196643 -0.00768264   0.0120675 1 0 0
              172.49  4.64544  9.63532 -49.9016  25.6854  30.7077 0.766297 -0.712315 -0.662972 -0.207428  0.00271188 0.000725479  -0.0067034   0.0206256 -0.00686146   0.0132202 1 0 0
              172.59  4.55509  9.48719 -50.1925  25.6139  30.6387 0.751606  -0.727883   -0.71482 -0.0680083  0.00271188 0.000725479  -0.0067034   0.0206256 -0.00686146   0.0132202 1 0 0
              172.59  4.46492  9.49587 -50.2046  25.6193  30.6378 0.755612  -0.662298  -0.724636 -0.0233074  0.00275493 0.000705708 -0.00669705   0.0201232 -0.00747393   0.0126037 1 0 0
              172.69  3.64676  10.3943 -50.2469  25.5725  30.5906 0.757273 -0.562873 -0.602994  0.100176  0.00284407  0.00072291 -0.00667044   0.0206461 -0.00975186   0.0132109 1 0 0
              172.69  3.66924  10.4881 -50.1179   25.583  30.5805 0.759018 -0.438694  -0.72194  0.122481  0.00285295 0.000621377 -0.00670317  0.0186526 -0.0101025  0.0126251 1 0 0
              172.79 1.67905 11.0074 -50.796  25.5557  30.5062 0.771836 -0.347183 -0.617277 0.0623991  0.00286335 0.000579357  -0.0066945  0.0176185 -0.0104388    0.01214 1 0 0
              172.79  1.58489  10.9339 -50.7582  25.5519  30.5035 0.779115 -0.389891 -0.648182  0.137748  0.00287541 0.000600904 -0.00671017    0.017805 -0.00983628   0.0111441 1 0 0
              172.89  2.96903  9.85884 -51.1355  25.4882  30.4425 0.799127 -0.541388 -0.588591 0.0929022  0.00285375 0.000677435 -0.00673402   0.0188511 -0.00873451   0.0106249 1 0 0
              172.89  3.39584  9.93654 -51.3195  25.4858  30.4485 0.798974 -0.570887 -0.523561 0.0904597  0.00270579 0.000667608 -0.00667445   0.0197314 -0.00897098   0.0108252 1 0 0
              172.99   4.6918  9.09433 -52.8841 25.4439 30.3867 0.80897 -0.519402 -0.548506 0.0347429  0.00270891 0.000647853 -0.00667026  0.0184826 -0.0094041  0.0102084 1 0 0
              172.99   4.6955  9.05703 -52.8875  25.4358  30.3948 0.799587  -0.618179  -0.457817 -0.0709538  0.00270854 0.000666701 -0.00666597   0.0200451 -0.00895041   0.0119538 1 0 0
              173.09 5.99756 8.43667 -53.933  25.3924  30.3319 0.790896 -0.553459 -0.591077  -0.10759  0.00272277 0.000670272 -0.00666289   0.0182534 -0.00962052   0.0116559 1 0 0
              173.09  6.05118  8.47605 -53.9364  25.3778   30.345 0.783351 -0.724259 -0.443864 -0.194763  0.00268948 0.000732961 -0.00666216   0.0207898 -0.00879683   0.0130855 1 0 0
              173.19  6.14869  8.33266 -54.2007  25.3189   30.294 0.757061 -0.699346 -0.517276 -0.188289  0.00270686 0.000732399  -0.0066525   0.0198271 -0.00951729   0.0135473 1 0 0
              173.19  5.97749  8.40351 -54.0781  25.3094  30.3004 0.753248 -0.809857  -0.44404 -0.231478  0.00276152 0.000728209 -0.00668934   0.0212948 -0.00875712   0.0142348 1 0 0
              173.29   6.0098  9.07055 -53.5462  25.2546  30.2287 0.733922 -0.699257 -0.608761 -0.109558  0.00277338  0.00071586 -0.00670075   0.0188073 -0.00939158   0.0140493 1 0 0
              173.29  5.99325  9.27191 -53.5231  25.2409  30.2317 0.745106  -0.860045  -0.576425 0.00666481  0.00277152  0.00066254 -0.00670177   0.0206199 -0.00794748   0.0124618 1 0 0
              173.39  6.57041  10.4144 -52.8741   25.195  30.1503 0.778679 -0.571686 -0.644511  0.276284  0.00277505 0.000665349 -0.00667002   0.0177064 -0.00957964   0.0104176 1 0 0
              173.39 6.66658 10.5343 -52.739  25.1719  30.1618 0.777782 -0.841926 -0.516484  0.262868  0.00268658 0.000735688 -0.00672505   0.0208074 -0.00767397   0.0108447 1 0 0
              173.49  3.33097  10.8033 -51.4895  25.0952  30.1176 0.799744  -0.72355 -0.392916  0.183355  0.00268658 0.000735688 -0.00672505   0.0208074 -0.00767397   0.0108447 1 0 0
              173.49  2.97392  10.7134 -51.4214  25.0967  30.1205 0.790934 -0.708733 -0.358324  0.091302  0.00282156 0.000769595 -0.00675042   0.0208334 -0.00788579   0.0120838 1 0 0
              173.59  1.73177  10.6205 -50.8642 25.0111 30.0925 0.77683   -0.78054  -0.354792 -0.0865954  0.00284942 0.000800846 -0.00676378    0.021728 -0.00719783   0.0135539 1 0 0
              173.59  1.94291  10.6906 -50.9949  25.0331  30.0869 0.782187  -0.518305  -0.420409 -0.0184182  0.00278951 0.000777122 -0.00671745  0.0190449 -0.0097071  0.0121935 1 0 0
              173.69  2.14894  11.5342 -52.0146  25.0052  30.0385 0.786119  -0.409872  -0.476669 -0.0274127  0.00280033 0.000766971 -0.00670505  0.0177817 -0.0110996  0.0112943 1 0 0
              173.69  2.32666  11.5825 -52.0822  25.0157  30.0338 0.789834 -0.289086 -0.530085 0.0162359  0.00276422  0.00071562 -0.00668238  0.0164693 -0.0119282  0.0105082 1 0 0
              173.79  3.28236  11.1426 -52.6789   25.019  29.9626 0.801117  -0.106812  -0.636852 0.00886743  0.00279811 0.000695397 -0.00666082  0.0144451 -0.0129256 0.00918886 1 0 0
              173.79  3.42406  11.1299 -52.5496  24.9914  29.9721 0.798772  -0.430156  -0.531325 -0.0231753  0.00272763 0.000755678 -0.00670443  0.0177715 -0.0103382  0.0101791 1 0 0
             173.891 4.32144 11.1883 -54.056  24.9604  29.8977 0.814556 -0.365635 -0.690069 0.0546264  0.00270352  0.00071169 -0.00669997  0.0166219 -0.0103714 0.00852849 1 0 0
             173.891  4.30478  11.1569 -54.1439  24.9301  29.9154 0.799979 -0.723098 -0.490103  -0.10932  0.00272234 0.000697451 -0.00666197   0.0212389 -0.00765281   0.0116444 1 0 0
              173.99  4.83901   11.022 -54.4901  24.8731  29.8459 0.776234 -0.657381  -0.64024 -0.111381  0.00274667 0.000741917 -0.00665652   0.0192457 -0.00775546   0.0124245 1 0 0
              173.99  4.86475  11.1021 -54.4271  24.8524  29.8576 0.770082 -0.904887 -0.507545 -0.187515  0.00272747 0.000747801 -0.00667292   0.0223685 -0.00580865   0.0139665 1 0 0
              174.09  4.61389  10.7169 -55.3037  24.807 29.7805 0.75607  -0.711589  -0.685839 -0.0250084  0.00276839 0.000772163 -0.00664381   0.0189964 -0.00789426   0.0137195 1 0 0
              174.09  4.59663  10.8802 -55.1474  24.7927  29.7896 0.758092   -0.878022   -0.581883 -0.00606951  0.00275015 0.000797676 -0.00669118    0.021191 -0.00685093   0.0137886 1 0 0
              174.19  3.98566  11.7317 -56.2884  24.7377  29.7277 0.773518 -0.660187 -0.536126 0.0659369  0.00281521 0.000752715 -0.00667178   0.0199455 -0.00851672   0.0127646 1 0 0
              174.19  3.95916  11.8795 -56.3128  24.7262  29.7251 0.781426 -0.789196 -0.569396  0.145123  0.00277536 0.000727584 -0.00667167   0.0206354 -0.00701914   0.0117282 1 0 0
              174.29  3.11296  10.2653 -56.0406  24.6818  29.6709 0.792868 -0.592339 -0.480668  0.104369  0.00283777  0.00071401 -0.00663376   0.0192655 -0.00878494   0.0115834 1 0 0
              174.29  3.21034  10.1453 -55.7987  24.6793  29.6723 0.798461 -0.620259 -0.464696  0.162746    0.002816 0.000753082 -0.00671791   0.0197551 -0.00864788   0.0108994 1 0 0
              174.39  4.21681  9.95878 -56.2858  24.6328  29.6288 0.811085 -0.505707   -0.4034 0.0865681  0.00282687 0.000771227 -0.00670597   0.0193563 -0.00939164   0.0108288 1 0 0
              174.39 4.35841 10.1691 -56.288  24.6287  29.6251 0.807394 -0.555664 -0.447715  0.045499  0.00278191 0.000707661 -0.00670209   0.0191049 -0.00844846   0.0113266 1 0 0
              174.49  4.25012  9.43059 -55.4405    24.63  29.5628 0.802676  -0.297849  -0.519692 -0.0479366  0.00281436 0.000736732 -0.00666127  0.0154535 -0.0115826  0.0112936 1 0 0
              174.49 4.28011 9.45312 -55.226  24.6023  29.5717 0.799739  -0.618541  -0.421373 -0.0864792  0.00274511 0.000812152 -0.00675028   0.0184695 -0.00872263   0.0120537 1 0 0
              174.59  4.75809  9.08167 -55.1978  24.5372  29.5303 0.787803 -0.692098 -0.401674 -0.145419  0.00274511 0.000812152 -0.00675028   0.0184695 -0.00872263   0.0120537 1 0 0
              174.59  4.78473  9.12524 -55.2476  24.5193  29.5331 0.789644 -0.893525 -0.374627 -0.131317  0.00268909 0.000838241 -0.00674502   0.0201235 -0.00672491    0.011963 1 0 0
              174.69  5.59389  8.45687 -55.5997   24.433  29.4908 0.773268 -0.955695 -0.401586 -0.107058  0.00272876 0.000857682  -0.0067218  0.0194828 -0.0070733  0.0122229 1 0 0
              174.69  5.66652  8.54611 -55.5474  24.4346  29.4896 0.774998  -0.936642  -0.415224 -0.0880857  0.00271245   0.0008221 -0.00673449   0.0192572 -0.00721717   0.0119526 1 0 0
              174.79  5.61109  8.15788 -56.6514  24.3406  29.4388 0.765932    -0.98037   -0.447586 -0.00133395  0.00273437  0.00083414 -0.00673252   0.0185377 -0.00696982   0.0121466 1 0 0
              174.79   5.6211  8.22366 -56.7173  24.3539  29.4471 0.762608  -0.825999  -0.350965 -0.0331875   0.0027938 0.000813442 -0.00669671    0.018504 -0.00918246   0.0128083 1 0 0
              174.89  5.51777  7.40028 -56.8748  24.2651  29.4278 0.771184 -0.792499 -0.247597 0.0855098  0.00281488 0.000869059 -0.00671575   0.0196592 -0.00926656   0.0126385 1 0 0
              174.89 5.51606 7.46207 -56.769  24.2784  29.4197 0.775937 -0.637496 -0.337769  0.138869  0.00284776 0.000785044 -0.00673258  0.0178145 -0.0104632   0.011822 1 0 0
              174.99  3.44244  8.26964 -56.6854  24.2253  29.3801 0.790289  -0.51879 -0.342879   0.10759  0.00284045 0.000758222 -0.00673461  0.0171865 -0.0104927  0.0115015 1 0 0
              174.99  3.21344  8.41116 -56.7161  24.229 29.3757 0.79594 -0.473444  -0.39243  0.169371  0.00291306 0.000699945 -0.00671659  0.0164689 -0.0107435  0.0106267 1 0 0
              175.09  2.55721  8.76463 -57.3688  24.1826  29.3367 0.811074 -0.468176 -0.392007  0.125997  0.00291306 0.000699945 -0.00671659  0.0164689 -0.0107435  0.0106267 1 0 0
              175.09 2.76369 8.77115 -57.428  24.1797  29.3383 0.810482 -0.502862 -0.374687  0.118185  0.00284676 0.000700698 -0.00669923  0.0169058 -0.0104544  0.0107822 1 0 0
              175.19  2.32461  8.55504 -57.9187  24.1317  29.3086 0.826571 -0.501447 -0.360617 0.0747481  0.00285071 0.000706065 -0.00669915  0.0174585 -0.0111068   0.010292 1 0 0
              175.19  2.36509  8.47492 -57.8293  24.121 29.3055 0.82231 -0.624275 -0.394393 0.0255993  0.00280353 0.000741888 -0.00673255   0.0177507 -0.00952847   0.0108967 1 0 0
              175.29  3.51005   8.8597 -58.0646  24.0583  29.2634 0.820009   -0.61864  -0.448054 -0.0579481  0.00280353 0.000741888 -0.00673255   0.0177507 -0.00952847   0.0108967 1 0 0
              175.29  3.65715  8.93858 -58.0777  24.0487  29.2644 0.811702 -0.734873 -0.434665 -0.151451  0.00273829 0.000726767 -0.00672713   0.0184625 -0.00826872   0.0121681 1 0 0
              175.39  4.14874  9.53177 -58.0571  23.9845   29.225 0.797019 -0.685438 -0.457171 -0.142495  0.00273478 0.000719764 -0.00672145   0.0185869 -0.00897093   0.0120512 1 0 0
              175.39  4.03462  9.46566 -58.0365  23.9848  29.2243 0.786449 -0.685416 -0.464395 -0.254505  0.00276982  0.00073789 -0.00672912   0.0182667 -0.00881234   0.0135987 1 0 0
              175.49 4.01757 9.77765 -57.508 23.9153 29.1736 0.76638 -0.702223 -0.539855 -0.150849  0.00276982  0.00073789 -0.00672912   0.0182667 -0.00881234   0.0135987 1 0 0
              175.49  3.94871  9.77196 -57.4705  23.9189  29.1699 0.762835 -0.662928 -0.581084 -0.187444  0.00279623 0.000717134 -0.00674013   0.0175095 -0.00896231    0.013974 1 0 0
              175.59   2.8753   10.563 -56.3326 23.8737 29.1161 0.74101  -0.611923  -0.592785 -0.0892364  0.00285099 0.000728396 -0.00670877  0.0170199 -0.0106482  0.0147227 1 0 0
              175.59  2.81872  10.7465 -56.1614  23.8643  29.1078 0.761533 -0.712385 -0.694759  0.124234  0.00282995 0.000659095 -0.00676178   0.0170063 -0.00911777   0.0117974 1 0 0
              175.69   2.1121  11.9378 -57.2966  23.8162  29.0388 0.786475 -0.516939  -0.58529  0.161377  0.00284363 0.000633863 -0.00674717  0.0162724 -0.0101597  0.0109406 1 0 0
              175.69  2.00689  11.9034 -57.5222  23.8022  29.0445 0.786268 -0.671593 -0.523025  0.157131  0.00282592 0.000697262 -0.00669125   0.0178867 -0.00886845   0.0112232 1 0 0
              175.79  1.69447  10.5896 -57.0784  23.7253  29.0093 0.818048 -0.727505 -0.395517  0.215024  0.00283086 0.000728067 -0.00670066  0.0190715 -0.0088585  0.0103231 1 0 0
              175.79  1.85869  10.3944 -56.8687  23.7168  29.0037 0.819692 -0.827228  -0.45911  0.230415  0.00276051 0.000785171 -0.00677714  0.0190288 -0.0073773  0.0100693 1 0 0
             175.891 2.78683  9.3727 -58.341  23.6553  28.9436 0.848939 -0.723912 -0.508388  0.174816  0.00275744 0.000727074 -0.00675592   0.0175165 -0.00819394  0.00897482 1 0 0
             175.891  2.80404  9.28254 -58.6033  23.6541  28.9549 0.829213  -0.741605  -0.383361 -0.0326493  0.00274921 0.000783802  -0.0066679   0.0184877 -0.00871719   0.0118993 1 0 0
              175.99  4.58148  8.39888 -58.6568  23.5769  28.9302 0.808928 -0.799578  -0.32868 -0.185321  0.00274765  0.00079671 -0.00667029   0.0191463 -0.00909172   0.0128523 1 0 0
              175.99  4.69632  8.38551 -58.5232 23.5808 28.9294 0.80025 -0.757686  -0.33831 -0.282567  0.00272005 0.000795602 -0.00671104   0.0185415 -0.00948989   0.0141704 1 0 0
              176.09   5.9436  8.48631 -58.5267  23.5099   28.886 0.761197 -0.781091 -0.395434 -0.314445  0.00271209 0.000795301 -0.00671635   0.0175447 -0.00966133   0.0148683 1 0 0
              176.09  5.77707  8.55059 -58.5439  23.5111  28.8825 0.761134  -0.76783 -0.435411 -0.314699  0.00275883 0.000762741 -0.00671089   0.0170281 -0.00956022   0.0147926 1 0 0
              176.19  5.61854  8.89725 -58.2756   23.432  28.8395 0.733704 -0.814341 -0.416826 -0.226131  0.00275883 0.000762741 -0.00671089   0.0170281 -0.00956022   0.0147926 1 0 0
              176.19  5.48495  8.97112 -58.2578  23.4336  28.8424 0.744329 -0.789445 -0.385899 -0.105856  0.00281491 0.000744296 -0.00671145  0.0174437 -0.0101748  0.0133309 1 0 0
              176.29   5.3044  8.60796 -57.7147  23.3467  28.8016 0.736272 -0.837116 -0.388431 0.0448162  0.00280859 0.000781222  -0.0067239   0.0173745 -0.00970293   0.0137745 1 0 0
              176.29  5.27322  8.63813 -57.7124  23.3454  28.7989 0.753194  -0.84374 -0.422814  0.234618  0.00281137 0.000758443 -0.00672374   0.0174056 -0.00967914   0.0112834 1 0 0
              176.39  3.03398  9.19244 -57.9636  23.2853  28.7725 0.794415 -0.602422  -0.27176  0.276553  0.00283398  0.00075954 -0.00670345   0.017733 -0.0111132  0.0101801 1 0 0
              176.39  2.83177  9.26929 -57.9763  23.2835  28.7706 0.799344 -0.620628 -0.294595  0.328323  0.00288211 0.000733295 -0.00669891  0.0176961 -0.0108276 0.00946096 1 0 0
              176.49 2.00636 9.24682 -57.924  23.2415  28.7786 0.832546 -0.489673 -0.110272  0.300893  0.00294667 0.000759088 -0.00670992  0.0193038 -0.0132026 0.00977782 1 0 0
              176.49  2.27022  9.19625 -57.8961  23.2321  28.7624 0.830004 -0.603451 -0.298116  0.270828  0.00283033 0.000758714 -0.00671531   0.017853 -0.0107648 0.00982916 1 0 0
              176.59  1.86804  9.54694 -57.9508  23.1722  28.7318 0.852642 -0.617773 -0.321785   0.19801  0.00283033 0.000758714 -0.00671531   0.017853 -0.0107648 0.00982916 1 0 0
              176.59  1.92742  9.58357 -57.9068  23.1638   28.719 0.840304   -0.7226 -0.472788 0.0587798  0.00280711 0.000743684 -0.00672838   0.0164319 -0.00838643   0.0115339 1 0 0
              176.69  2.45262  9.30164 -58.5232  23.1074   28.661 0.828555  -0.63525 -0.539951 -0.101166  0.00281441 0.000722066 -0.00672791   0.0150438 -0.00903554    0.012291 1 0 0
              176.69 2.55134 9.12048 -58.616  23.0928  28.6628 0.820085 -0.801678 -0.519893 -0.196165  0.00273644 0.000810697 -0.00670791    0.016063 -0.00728738   0.0136301 1 0 0
              176.79  3.81149  9.27326 -59.0141  23.0052  28.6059 0.785756 -0.820537 -0.595806 -0.304039  0.00272207 0.000830055 -0.00671617   0.0161388 -0.00673164   0.0144433 1 0 0
              176.79  3.80125  9.36796 -59.0737  23.0049  28.6183 0.784198 -0.823218 -0.451863 -0.321071  0.00273619 0.000821766 -0.00669225   0.0177447 -0.00755474    0.014958 1 0 0
              176.89 3.64735  9.6613 -58.681  22.8978  28.6137 0.755739 -0.954725 -0.281515   -0.2671  0.00274707 0.000855386 -0.00669792   0.0212121 -0.00744767   0.0153968 1 0 0
              176.89  3.49599  9.64879 -58.5789  22.9232  28.6006 0.762692 -0.654164 -0.439728 -0.181904  0.00281121 0.000840814 -0.00673334  0.0175047 -0.0102457  0.0137606 1 0 0
              176.99   2.6149  9.64897 -58.2297  22.8749  28.5754 0.753488  -0.595645  -0.373749 -0.0463217  0.00281809 0.000861737 -0.00673281  0.0183344 -0.0121661  0.0136743 1 0 0
              176.99  2.56858  9.71117 -58.2579   22.892   28.554 0.765799 -0.390671 -0.624387 0.0922483   0.0028553 0.000722637  -0.0067143  0.0147335 -0.0130751  0.0113174 1 0 0
              177.09  2.42258  11.1952 -58.0696  22.8549  28.4957 0.771371 -0.369817 -0.589583  0.151546  0.00287375 0.000750377 -0.00670596 0.0148078 -0.013513 0.0121645 1 0 0
              177.09   2.5739   11.447 -58.0602  22.8477  28.4891 0.784013 -0.447134 -0.665837  0.289604  0.00280201   0.0006622 -0.00670741  0.0147624 -0.0122924  0.0102752 1 0 0
              177.19 0.722686  10.7636 -57.7685  22.7925  28.4083 0.799937 -0.472895 -0.651423  0.192014  0.00278872 0.000699992 -0.00669887  0.0138392 -0.0106272   0.010689 1 0 0
              177.19 0.658554  10.6893 -57.6314  22.7787    28.42 0.807904 -0.631782 -0.508281  0.278619  0.00282129 0.000702574 -0.00674592   0.0168524 -0.00967631  0.00997907 1 0 0
              177.29  2.07505  10.1991 -58.6673  22.7055  28.3671 0.836271  -0.68097 -0.513174  0.209189  0.00281263 0.000696884 -0.00676607   0.0171556 -0.00894271   0.0096996 1 0 0
              177.29  2.30721    10.16 -58.9188  22.7028  28.3829 0.826989 -0.717886 -0.333191  0.106939  0.00273127 0.000723588 -0.00669085   0.0192882 -0.00971065   0.0115759 1 0 0
              177.39  3.64421  9.54281 -59.5984  22.616 28.3488 0.81341  -0.838166  -0.318069 -0.0847877  0.00272778 0.000727131 -0.00669829   0.019322 -0.0087379  0.0130196 1 0 0
              177.39 3.58374 9.50088 -59.464  22.6253  28.3568 0.807482 -0.732697 -0.225184 -0.144514  0.00278194 0.000740322 -0.00673575 0.0195845 -0.010459 0.0139257 1 0 0
              177.49 5.04565 9.33961 -59.894  22.5507  28.3439 0.792702 -0.785476 -0.180277 -0.180241  0.00281028  0.00075502 -0.00672693  0.0201952 -0.0108039  0.0138178 1 0 0
              177.49   5.1342   9.3926 -59.8543  22.5618  28.3354 0.791575 -0.655253 -0.276646 -0.187583  0.00278746  0.00073085 -0.00674076  0.0181715 -0.0118529  0.0136634 1 0 0
              177.59  6.24214  9.19544 -59.8375  22.5129  28.3127 0.784756  -0.610819  -0.248161 -0.0745664  0.00279185 0.000715298 -0.00673385  0.0179187 -0.0135804  0.0130566 1 0 0
              177.59  6.25345  9.14911 -59.7533  22.5092  28.3015 0.784109  -0.655604  -0.376808 -0.0832653  0.00275612 0.000695926 -0.00676975  0.0167143 -0.0123641  0.0128506 1 0 0
              177.69  6.24718  8.82747 -60.1878   22.442  28.2646 0.779516 -0.698416 -0.362736  0.021899  0.00275612 0.000695926 -0.00676975  0.0167143 -0.0123641  0.0128506 1 0 0
              177.69  6.12293  8.86014 -60.2203  22.4292  28.2549 0.782077 -0.842852 -0.472404 0.0458802  0.00275469 0.000680826 -0.00676623  0.0163568 -0.0101528  0.0122073 1 0 0
              177.79  6.16504   7.9165 -59.8189  22.3376  28.2016 0.798587 -0.824955 -0.509176  0.190849  0.00275518 0.000693243 -0.00675924    0.016339 -0.00950373   0.0118148 1 0 0
              177.79  6.15377  7.85624 -59.7037  22.3316  28.2054 0.796297 -0.893246 -0.466968  0.164556  0.00276779 0.000702997 -0.00679843   0.0172173 -0.00885375   0.0122506 1 0 0
              177.89 3.60057 8.48101 -59.853  22.2386  28.1639 0.808388 -0.848217  -0.40073  0.102914  0.00277357 0.000672121 -0.00680014   0.0177004 -0.00817161   0.0123157 1 0 0
              177.89  3.30948  8.51997 -59.8828  22.2502  28.1678 0.806072 -0.712347 -0.356106 0.0817393  0.00287033 0.000660687 -0.00678803    0.01737 -0.0100703  0.0127865 1 0 0
              177.99  3.03096  8.63474 -60.1257  22.1806  28.1316 0.811059  -0.680876  -0.367116 0.00672483  0.00287033 0.000660687 -0.00678803    0.01737 -0.0100703  0.0127865 1 0 0
              177.99  3.26919   8.6064 -60.1428  22.1965  28.1387 0.810181  -0.505541  -0.286024 0.00139883  0.00283138 0.000667708 -0.00677759   0.017279 -0.0125518  0.0130171 1 0 0
              178.09  3.4013 8.78436 -60.466  22.1208  28.1231 0.807276  -0.619013   -0.24482 -0.0650932   0.0028334 0.000696382 -0.00680896  0.0189329 -0.0114786  0.0131906 1 0 0
              178.09  3.49959   8.8143 -60.5447  22.1398  28.1189 0.806376  -0.407064  -0.295527 -0.0654292  0.00280847 0.000680733 -0.00678655  0.0169883 -0.0138446  0.0130323 1 0 0
              178.19  4.20212   9.3042 -59.9938  22.1122  28.0978 0.809313  -0.310066  -0.305284 -0.0472654  0.00279639  0.00067615 -0.00679108  0.0174713 -0.0149591  0.0122609 1 0 0
              178.19  4.22763  9.33071 -59.9108  22.1078  28.0857 0.809899  -0.356194  -0.437327 -0.0416444   0.0027608 0.000638043   -0.006815  0.0162476 -0.0137024   0.011922 1 0 0
              178.29  4.62927  10.0053 -59.2482  22.0839   28.015 0.781123 -0.289522 -0.627193 -0.190916  0.00278596 0.000631355 -0.00680618   0.014335 -0.0135915  0.0131098 1 0 0
              178.29  4.68677  10.1049 -59.1687  22.0591  28.0171 0.788861 -0.553083 -0.602467  -0.11592  0.00272429 0.000627612 -0.00682834  0.0162765 -0.0107738  0.0122098 1 0 0
              178.39  4.99858  10.2774 -58.4539  22.0043  27.9541 0.778229  -0.535611  -0.650739 -0.0923992  0.00272429 0.000627612 -0.00682834  0.0162765 -0.0107738  0.0122098 1 0 0
              178.39  4.99522  10.2076 -58.4879  21.9908  27.9604 0.783814  -0.692508  -0.580051 -0.0383132  0.00271663 0.000656245 -0.00681926   0.0182626 -0.00932477   0.0116555 1 0 0
              178.49  4.32385  9.95388 -58.3544  21.9178  27.8996 0.788019 -0.783252 -0.629411   0.14851  0.00271663 0.000656245 -0.00681926   0.0182626 -0.00932477   0.0116555 1 0 0
              178.49  4.21073  9.92859 -58.3676  21.9203  27.9057 0.787481 -0.753886 -0.558146  0.142506  0.00277329 0.000682246 -0.00681355 0.0188415 -0.010034 0.0119085 1 0 0
             178.591  4.04549  10.0966 -58.2837   21.846  27.8513 0.807336 -0.688985 -0.492359  0.191995  0.00277329 0.000682246 -0.00681355 0.0188415 -0.010034 0.0119085 1 0 0
             178.591  4.03229  10.1237 -58.3307  21.8557  27.8476 0.806602 -0.576705 -0.536632  0.185611  0.00279388 0.000650167 -0.00679377  0.0176783 -0.0110144  0.0118747 1 0 0
              178.69  2.04269  9.10011 -57.7793  21.7996  27.7991 0.820794 -0.571772 -0.458961  0.119602  0.00279388 0.000650167 -0.00679377  0.0176783 -0.0110144  0.0118747 1 0 0
              178.69  1.92203  9.01236 -57.6428  21.8137  27.8018 0.811319 -0.409959 -0.426591 0.0110972  0.00284337 0.000676264 -0.00683078  0.016722 -0.013112 0.0134255 1 0 0
              178.79  3.49389  9.38122 -58.5082  21.7747  27.7641 0.814328  -0.389893  -0.362351 -0.0472841  0.00282614  0.00067156 -0.00683027  0.0170032 -0.0133615  0.0129467 1 0 0
              178.79  3.77412  9.49415 -58.7135  21.7757  27.7648 0.814173  -0.379199  -0.355536 -0.0487318  0.00273581 0.000642007 -0.00676609  0.0170206 -0.0135432  0.0129771 1 0 0
              178.89 4.99621 8.64171 -58.682  21.7581  27.7022 0.816532  -0.282087  -0.456868 -0.0404208  0.00272795 0.000587565 -0.00674104  0.0145832 -0.0138495  0.0119848 1 0 0
              178.89  4.97451  8.49207 -58.4932 21.7351 27.7102 0.81446  -0.546595  -0.359684 -0.0649008 0.00271598 0.00067518 -0.0068141  0.0171875 -0.0114286   0.012546 1 0 0
              178.99 5.32339 8.61894 -58.774  21.6795  27.6796 0.808178  -0.573904   -0.31559 -0.0764388  0.00272278 0.000671353 -0.00680118  0.0174628 -0.0115457  0.0124386 1 0 0
              178.99  5.25429  8.66502 -58.7746  21.6648  27.6839 0.804436 -0.741131 -0.263363 -0.122752  0.00273851  0.00066181 -0.00680026   0.0191172 -0.00973447   0.0131812 1 0 0
              179.09  5.44284  8.62377 -58.1692  21.5914  27.6493 0.794494 -0.767512 -0.313181 -0.093028  0.00274455 0.000660957  -0.0067917   0.0184851 -0.00966331   0.0129991 1 0 0
              179.09  5.39155   8.6522 -58.0997  21.5878   27.651 0.793732 -0.809989 -0.292178  -0.10195  0.00275406 0.000664857 -0.00681408   0.0189509 -0.00929634   0.0131426 1 0 0
              179.19  5.51813  9.64765 -57.6451  21.5078  27.6329 0.789374 -0.829734 -0.221644 -0.026081   0.0027683 0.000658264 -0.00681534   0.0195407 -0.00987124   0.0130483 1 0 0
              179.19   5.5157  9.62712 -57.6552  21.5167  27.6234 0.791305  -0.724908  -0.334798 -0.0049504  0.00278088 0.000612798 -0.00680863  0.0176938 -0.0103989  0.0125518 1 0 0
              179.29  4.86818  9.26568 -55.9776  21.4654  27.5951 0.822852 -0.613061 -0.296676   0.27108 0.00280446 0.00055216 -0.0067875   0.017493 -0.0120325  0.0108706 1 0 0
              179.29  4.75553  9.04817 -55.8332   21.472   27.592 0.811783  -0.53791 -0.337202  0.141579  0.00286101 0.000588537  -0.0068306  0.0163056 -0.0124314  0.0124274 1 0 0
              179.39  2.61642  9.41143 -54.6253  21.4268   27.565 0.801272  -0.415179  -0.232752 -0.0557832   0.0028696 0.000609651 -0.00683316  0.0161003 -0.0125092  0.0140808 1 0 0
              179.39  2.36511  9.52382 -54.6997  21.4196  27.5564 0.808433 -0.490223 -0.327853 0.0211467   0.0029008 0.000561066 -0.00681306  0.0157392 -0.0111602  0.0128855 1 0 0
              179.49 0.816788  9.34684 -54.1789  21.3732  27.5157 0.804439  -0.496491  -0.368962 -0.0177378  0.00293446 0.000534622  -0.0068147  0.0150476 -0.0110686  0.0130827 1 0 0
              179.49  1.05705  9.31345 -54.2705   21.371  27.5271 0.808792 -0.520098 -0.241129 0.0287957   0.0028557 0.000565172 -0.00679305  0.0166658 -0.0117568  0.0127429 1 0 0
              179.59   1.1097  9.02592 -54.8654  21.3359  27.4846 0.838291 -0.420862 -0.342697   0.13374  0.00280233 0.000571267 -0.00678078  0.0153186 -0.0121341  0.0105073 1 0 0
              179.59  1.10407  9.04833 -54.9583    21.32  27.5003 0.832583 -0.599594 -0.162662 0.0694771  0.00279593 0.000577429 -0.00675273 0.0186195 -0.011427 0.0119397 1 0 0
              179.69 1.10755 9.23185 -55.853  21.2339  27.4758 0.807459 -0.723026  -0.21781 -0.117288  0.00282392 0.000580081 -0.00675698   0.0188953 -0.00936692   0.0142369 1 0 0
              179.69  1.21523  9.27214 -55.9002  21.2369  27.4862 0.812171  -0.688796   -0.10032 -0.0678873  0.00282186 0.000593431 -0.00673868  0.0200019 -0.0105447   0.013766 1 0 0
              179.79  2.19753  9.59414 -56.3926 21.1669 27.4764 0.79929 -0.669079 -0.120694 -0.120597  0.00281442 0.000605891 -0.00674387  0.0201446 -0.0104596   0.014126 1 0 0
              179.79  2.19681  9.72082 -56.3511 21.1785 27.4745 0.80855  -0.535776  -0.143577 -0.0145959  0.00283519 0.000546565 -0.00675531  0.0192359 -0.0117821  0.0126056 1 0 0
              179.89  2.86644  9.92193 -56.3596  21.1473  27.4601 0.799839  -0.423466  -0.173674 -0.0730118   0.0028326   0.0005445 -0.00674851  0.0184808 -0.0131292  0.0128994 1 0 0
              179.89  2.84725  9.87337 -56.3017  21.1518  27.4489 0.805796   -0.368669   -0.309197 -0.00370741  0.00284124 0.000553374 -0.00676898  0.0166232 -0.0128559  0.0115748 1 0 0
              179.99   3.5007  9.78366 -55.5346  21.1216  27.4072 0.808333  -0.330439  -0.404703 0.00638132  0.00283358 0.000556797 -0.00676861  0.0158522 -0.0129711  0.0111964 1 0 0
              179.99  3.47189  9.77995 -55.4815   21.111  27.4033 0.805889  -0.453769  -0.449922 -0.0231818  0.00279843 0.000566629 -0.00679015 0.0160993 -0.011336 0.0115319 1 0 0
              180.09  2.99715  10.3587 -53.8236  21.0476  27.3661 0.806342 -0.567673 -0.434837 0.0380353  0.00282019 0.000566277 -0.00678276  0.0172555 -0.0107259  0.0116902 1 0 0
              180.09  3.03295  10.2671 -53.7352  21.0475  27.3635 0.802871   -0.569941   -0.465419 -0.00293224  0.00280727 0.000583027  -0.0068113  0.0168507 -0.0104729  0.0121492 1 0 0
              180.19  3.32083   11.081 -50.8415  21.0101  27.3292 0.784623   -0.437412   -0.420241 -0.00762172  0.00286313 0.000564539 -0.00682069  0.0166533 -0.0120105  0.0139335 1 0 0
              180.19   3.4458  11.0969 -50.7807  21.0033  27.3228 0.790891 -0.519628 -0.499939 0.0661991  0.00278886 0.000547876 -0.00684313  0.0165891 -0.0106665  0.0128737 1 0 0
              180.29  2.48569  11.9636 -49.4909  20.9695  27.2796 0.803261 -0.375288  -0.38704 0.0665629   0.0028067 0.000534657  -0.0068285  0.0163169 -0.0114744  0.0122269 1 0 0
              180.29  2.25549  11.9053 -49.6309  20.9612  27.2813 0.800934 -0.470971 -0.366188 0.0396008  0.00284503 0.000578785 -0.00679487  0.0171671 -0.0106295  0.0127065 1 0 0
              180.39  2.61278  11.5121 -49.3103 20.9164 27.2439 0.79848  -0.451594  -0.342801 -0.0242029  0.00284518 0.000583396 -0.00679956  0.0168383 -0.0106104  0.0130109 1 0 0
              180.39  2.75522  11.4239 -49.4455  20.9083  27.2433 0.802644  -0.54601  -0.34993 0.0238668  0.00276924 0.000626394 -0.00677024   0.0176379 -0.00965119   0.0124937 1 0 0
              180.49  3.59543  10.7159 -50.0097  20.8532  27.2074 0.805072   -0.547939   -0.318739 -0.00998216   0.0027447 0.000629902 -0.00677549   0.0175201 -0.00948166   0.0122942 1 0 0
              180.49  3.53897  10.7328 -50.0988  20.8587    27.22 0.805268   -0.484563   -0.166818 -0.00710014  0.00280192 0.000649088 -0.00673737  0.0184951 -0.0112994  0.0125301 1 0 0
              180.59  4.08592  9.96785 -49.7869  20.8093  27.2019 0.802394  -0.516699   -0.20344 -0.0342928  0.00280192 0.000649088 -0.00673737  0.0184951 -0.0112994  0.0125301 1 0 0
              180.59  4.08499  9.91937 -49.7042   20.819  27.2033 0.803523  -0.404869  -0.185184 -0.0201373  0.00283515 0.000644381 -0.00675496  0.0178331 -0.0125774  0.0123037 1 0 0
              180.69  5.17755  9.54285 -49.5659 20.7686  27.179 0.79623  -0.503364  -0.229457 -0.0354128  0.00281093 0.000650011 -0.00675996  0.0177855 -0.0120053  0.0127127 1 0 0
              180.69  5.13487  9.60138 -49.6112  20.7731  27.1757 0.795198  -0.450091  -0.269541 -0.0473351  0.00282588 0.000618805 -0.00674445  0.0169564 -0.0122071  0.0127487 1 0 0
             180.798  5.31109  9.58206 -49.7107   20.715  27.1387 0.804331 -0.555179 -0.311743 0.0444231  0.00282341 0.000601211  -0.0067545  0.0169325 -0.0116662  0.0118277 1 0 0
             180.798 5.28272 9.57123 -49.785  20.7166   27.139 0.800289    -0.536989    -0.307349 -0.000809304  0.00282782 0.000607208  -0.0067315  0.0167146 -0.0118381  0.0124751 1 0 0
              180.89  5.14596  8.86973 -49.8594  20.6655  27.1113 0.802148 -0.561614 -0.310998 0.0628865  0.00282782 0.000607208  -0.0067315  0.0167146 -0.0118381  0.0124751 1 0 0
              180.89  5.16152  8.74383 -49.8594  20.6639  27.1104 0.800544 -0.581683 -0.323042 0.0427395  0.00281706 0.000646196 -0.00673634  0.0167004 -0.0115041  0.0127236 1 0 0
              180.99  5.80253  8.48056 -49.5783 20.6216 27.0736 0.80344 -0.410703 -0.349115  0.111795  0.00280857 0.000639569 -0.00673002  0.0158496 -0.0119768  0.0131917 1 0 0
              180.99  5.73267  8.57271 -49.5369  20.6134  27.0766 0.804576 -0.505218 -0.313813  0.123892  0.00282033 0.000630958 -0.00674416  0.0169559 -0.0113201  0.0131295 1 0 0
              181.09 3.36184 9.05387 -48.519  20.568 27.0668 0.80206  -0.374711   -0.14867 -0.0463136  0.00283134  0.00065799 -0.00672898  0.017959  -0.01176 0.0139965 1 0 0
              181.09   3.1215  9.16692 -48.4248 20.5712 27.0648 0.80798 -0.337263 -0.173321 0.0235492  0.00290905 0.000623629 -0.00675406  0.0175108 -0.0120441  0.0129388 1 0 0
              181.19  2.65303  9.29497 -47.1063  20.5523  27.0458 0.808698  -0.233215  -0.199235 0.00558175  0.00292164 0.000643783 -0.00678508   0.016877 -0.0128231  0.0129295 1 0 0
              181.19  2.95542  9.30524 -47.1766 20.5425 27.0356 0.82047 -0.348608 -0.326516  0.145796  0.00277845 0.000631875  -0.0067648 0.0168837 -0.010752 0.0109246 1 0 0
              181.29  3.00775  8.80185 -45.5852  20.5178  27.0085 0.826953 -0.251028 -0.298015 0.0751742  0.00280158 0.000643315 -0.00675444  0.0167692 -0.0113345  0.0114469 1 0 0
              181.29 3.05872 8.74847 -45.483  20.5188  27.0062 0.825502 -0.239988 -0.325644 0.0583724  0.00278834 0.000650173 -0.00678684  0.0163653 -0.0111945  0.0116091 1 0 0
              181.39 3.13859 8.37255 -43.479   20.487  26.9711 0.820252  -0.278269  -0.384991 -0.0101612  0.00279975 0.000649113 -0.00681582  0.0166342 -0.0107729  0.0124364 1 0 0
              181.39   3.1355  8.38198 -43.5354  20.4812  26.9677 0.825983 -0.342604 -0.426892 0.0498759  0.00277758 0.000650164 -0.00680038   0.0169377 -0.00983007   0.0116122 1 0 0
              181.49  4.13009  8.47714 -41.9521  20.4404  26.9221 0.811122  -0.362829   -0.48651 -0.0700292  0.00277741 0.000657343 -0.00682544   0.0171392 -0.00935167    0.012944 1 0 0
              181.49  4.20585  8.55807 -42.0616   20.451  26.9271 0.812728  -0.240202  -0.424641 -0.0512401  0.00278369 0.000625715 -0.00678802  0.0165812 -0.0110722  0.0127081 1 0 0
              181.59  4.67157  8.42176 -40.7977  20.4351  26.8743 0.794532 -0.190699 -0.530363 -0.148971  0.00279908 0.000625174 -0.00682361  0.0157439 -0.0110642  0.0134076 1 0 0
              181.59  4.59421  8.44106 -40.9459 20.4344 26.8774 0.80211   -0.19684  -0.491781 -0.0587021  0.00282321 0.000633189 -0.00677675  0.0163045 -0.0114686  0.0122779 1 0 0
              181.69 5.43688 8.24728 -40.829  20.4163  26.8098 0.782962 -0.180996 -0.651472 -0.110228  0.00283946 0.000643656 -0.00677981  0.0154312 -0.0106466  0.0131275 1 0 0
              181.69  5.60101  8.28883 -40.9254  20.4174  26.8234 0.792792  -0.168164  -0.489909 0.00387764  0.00282194 0.000664711 -0.00674625  0.0168702 -0.0124712  0.0119395 1 0 0
              181.79  4.58084   8.3073 -41.0615  20.3994  26.7598 0.803876 -0.203083  -0.64871   0.11853  0.00283093 0.000664253 -0.00677198   0.016506 -0.0119722  0.0112608 1 0 0
              181.79  4.43102  8.36241 -41.1373  20.3992  26.7678 0.804428 -0.202237  -0.54995  0.125099  0.00289531 0.000667002 -0.00674594  0.0173368 -0.0129206  0.0113871 1 0 0
              181.89  5.26765    8.818 -42.6238  20.3921  26.7055 0.816606 -0.122578  -0.56967  0.196475  0.00290797 0.000641851  -0.0067305  0.0163015 -0.0132107  0.0116163 1 0 0
              181.89 5.56154 8.81325 -42.684  20.3813  26.7084 0.819785 -0.246602 -0.539707  0.233118  0.00279864 0.000680471 -0.00671375  0.0178245 -0.0124979  0.0112596 1 0 0
             181.991  3.73543  7.95724 -44.3223  20.3494  26.6329 0.831156 -0.257029 -0.553738  0.102932  0.00274587 0.000680473 -0.00671725  0.0170462 -0.0103454  0.0114546 1 0 0
             181.991  3.38169  7.90629 -44.3786  20.3493  26.6455 0.819894   -0.25252  -0.405142 -0.0231883  0.00289687 0.000724275 -0.00669989  0.0180644 -0.0115634  0.0134199 1 0 0
              182.09 3.44243 8.04447 -43.969 20.3268 26.6458 0.82601 -0.256486 -0.176279 0.0203402  0.00295451 0.000714179 -0.00669037  0.0197528 -0.0139565  0.0133218 1 0 0
              182.09  3.80474  8.05623 -43.6293  20.3294  26.6278 0.831138 -0.227473 -0.385652 0.0782419  0.00281935 0.000656539 -0.00679435  0.0176739 -0.0123929  0.0121679 1 0 0
              182.19  4.47476  8.47331 -44.6112  20.3121  26.5575 0.829827  -0.224292  -0.500489 0.00555852   0.0027721 0.000591464 -0.00679725  0.0156063 -0.0108668  0.0122232 1 0 0
              182.19  4.39412  8.37981 -44.8083  20.3126   26.553 0.826426  -0.219318  -0.550202 -0.0299143  0.00277772 0.000612404 -0.00674084  0.0150508 -0.0104259  0.0125961 1 0 0
              182.29  5.17342  8.15459 -44.9923  20.3294  26.5065 0.833016  -0.0193873   -0.492587 -0.00363916  0.00281006 0.000599732 -0.00673866   0.013662 -0.0127018  0.0117859 1 0 0
              182.29  5.17393  8.17061 -44.8992  20.3083  26.5111 0.825762  -0.255635  -0.443095 -0.0843955  0.00277673 0.000658383 -0.00677928 0.0160616 -0.010902 0.0130251 1 0 0
              182.39  5.80422  8.64088 -44.5763   20.269  26.4578 0.816551  -0.352336  -0.490386 -0.0722697  0.00276984 0.000612536 -0.00676754   0.0161826 -0.00990411   0.0131119 1 0 0
              182.39  5.84161  8.49255 -44.5082  20.2607  26.4684 0.814953  -0.446766   -0.36875 -0.0921884  0.00276796 0.000704491 -0.00679442  0.0180724 -0.0100852  0.0136501 1 0 0
              182.49  6.22267  9.62672 -42.6324  20.2231  26.4626 0.807798  -0.424985  -0.218454 -0.0850877  0.00282128 0.000704562   -0.006803  0.0192366 -0.0119945  0.0138391 1 0 0
              182.49  6.17753  9.65391 -42.4872  20.2234  26.4517 0.811202  -0.425013  -0.345376 -0.0454062   0.0028137 0.000660213 -0.00684778  0.0182018 -0.0109426  0.0130473 1 0 0
              182.59 6.08886 10.2287 -41.793  20.2189  26.4112 0.799082 -0.292336 -0.376224 -0.068016  0.00286021 0.000599244 -0.00682782  0.0159329 -0.0126105  0.0134471 1 0 0
              182.59  6.05602  10.1483 -41.8833  20.2072  26.4002 0.804844   -0.425986   -0.508887 -0.00645167  0.00280898  0.00062413 -0.00681133  0.0161601 -0.0103205  0.0123802 1 0 0
              182.69  5.07177  8.57107 -41.5095  20.1889  26.3375 0.820631 -0.343165  -0.58445  0.121933  0.00283701  0.00059917 -0.00679041  0.0144594 -0.0112124  0.0111966 1 0 0
              182.69    4.993  8.42205 -41.5015 20.1685 26.3409 0.81876 -0.575109 -0.552033 0.0958164  0.00281576  0.00070632 -0.00681274   0.0168295 -0.00946584   0.0117441 1 0 0
              182.79 4.74779 8.26021 -40.623  20.0926  26.2912 0.838283 -0.638892  -0.49517  0.203909  0.00282299 0.000706652 -0.00681466  0.0180036 -0.0089351  0.0116161 1 0 0
              182.79  4.87944  8.29778 -40.5688  20.0929  26.2977 0.832506 -0.635163 -0.419103  0.139042  0.00280589 0.000712613 -0.00682758   0.0184742 -0.00960233   0.0126039 1 0 0
              182.89  2.55278  8.11534 -39.9836  20.0594  26.2654 0.830782 -0.454743 -0.311149 0.0194014  0.00285926 0.000661254 -0.00678686  0.0171846 -0.0108396  0.0132278 1 0 0
              182.89  2.39932  8.02519 -39.9179  20.0594  26.2643 0.830366  -0.45498  -0.32231 0.0148335  0.00290614 0.000685494  -0.0068079  0.0170795 -0.0107129  0.0132641 1 0 0
              182.99  2.17022  7.76285 -41.1633  20.0185  26.2139 0.833345 -0.435343 -0.411448 0.0138162  0.00288228 0.000652993 -0.00681546  0.0161311 -0.0100602  0.0129892 1 0 0
              182.99  2.31985  7.75981 -41.4831  20.0255  26.2262 0.833634 -0.351912  -0.27109  0.017832  0.00287467 0.000667771 -0.00671152  0.0164703 -0.0121317  0.0130677 1 0 0
              183.09 0.831642  7.83717 -42.4388  19.9815  26.2011 0.823336  -0.421689   -0.25234 -0.0894397  0.00288252 0.000670352 -0.00672587  0.0167934 -0.0118329  0.0138036 1 0 0
              183.09 0.791472  7.87963 -42.4128  19.9842  26.2028 0.832611  -0.38996  -0.23227 0.0110974   0.0029065 0.000652237 -0.00673127 0.0168261 -0.012326 0.0124984 1 0 0
              183.19  1.87143  7.94295 -44.0531  19.9484   26.173 0.849008  -0.36958 -0.271066 0.0758922  0.00289199 0.000621143 -0.00673023  0.0165248 -0.0122028  0.0112932 1 0 0
              183.19  2.15122   7.8701 -44.1341   19.945  26.1737 0.844025   -0.4112 -0.264297 0.0187616  0.00279704 0.000655662 -0.00670694  0.0168697 -0.0119244  0.0120921 1 0 0
              183.29  2.90154  7.64274 -45.8946  19.9283  26.1423 0.854089 -0.269052 -0.285329 0.0345166  0.00278698 0.000613526  -0.0066897 0.0155344 -0.012716 0.0112251 1 0 0
              183.29   2.8418  7.58653 -45.8401 19.9147 26.1442 0.84754  -0.425413  -0.268226 -0.0395785  0.00278045 0.000670851 -0.00670951  0.0169706 -0.0114244  0.0123534 1 0 0
              183.39  3.40978  6.70434 -47.2805  19.8737   26.116 0.843673  -0.424686  -0.312218 -0.0479851  0.00282425  0.00065394 -0.00669189  0.0169144 -0.0116087  0.0122837 1 0 0
              183.39  3.54968  6.57235 -47.2127  19.8627  26.1123 0.837761 -0.554184 -0.359891 -0.116475   0.0027456 0.000712654 -0.00671972   0.0174729 -0.00996633   0.0131662 1 0 0
              183.49  3.62647  6.37766 -47.5408  19.7932  26.0667 0.818685 -0.629914 -0.462098 -0.142093  0.00276126 0.000693844 -0.00671275    0.017753 -0.00886817   0.0136908 1 0 0
              183.49  3.65564  6.37147 -47.3846   19.801  26.0658 0.817268 -0.539966 -0.470064 -0.156374  0.00277555 0.000670819 -0.00675968   0.0169007 -0.00964968   0.0138402 1 0 0
              183.59 2.89187 7.31072  -46.14   19.785  26.0368 0.806266  -0.372362  -0.417417 -0.0713588  0.00285876 0.000623706 -0.00673344  0.0162014 -0.0126863  0.0137854 1 0 0
              183.59  2.83297  7.32985 -45.9273  19.7776  26.0276 0.813406  -0.460071  -0.528902 0.00897861  0.00283955  0.00060702 -0.00679885  0.0159841 -0.0109729  0.0125756 1 0 0
              183.69  3.48181  8.49956 -44.9072  19.7318  25.9737 0.817778 -0.432452 -0.509039 0.0387015  0.00281688 0.000585711 -0.00679794  0.0159829 -0.0109579   0.012674 1 0 0
              183.69  3.52387    8.412 -44.9847  19.7294  25.9711 0.820884 -0.460689 -0.540654 0.0744281  0.00278628 0.000611644 -0.00677679  0.0159842 -0.0104575  0.0121747 1 0 0
              183.79  2.30105  8.76762 -44.5165  19.6562  25.9229 0.810666  -0.682911  -0.496217 -0.0485898  0.00276998 0.000628967 -0.00677503   0.0170964 -0.00936095   0.0132443 1 0 0
              183.79   2.1419  8.72549 -44.5407  19.6667  25.9193 0.819038 -0.560751 -0.537599 0.0475643  0.00283134 0.000609023 -0.00676049  0.0158072 -0.0101676  0.0118328 1 0 0
              183.89  5.34314  9.62031 -47.6838  19.6252  25.8492 0.826251  -0.51356 -0.584785 0.0292154  0.00281234 0.000572186  -0.0067405  0.0141326 -0.0102091  0.0113017 1 0 0
              183.89  5.7078 9.61501 -48.025  19.6239   25.867 0.825394  -0.52872 -0.377185 0.0210985  0.00272957 0.000632629 -0.00662095  0.0161275 -0.0119453  0.0117744 1 0 0
              183.99 7.44438 8.52467 -50.441  19.5773  25.8215 0.816857  -0.525491   -0.38066 -0.0869152  0.00273295  0.00063827 -0.00662371  0.0151064 -0.0117374  0.0121053 1 0 0
              183.99  7.39513  8.30282 -50.1692  19.5674  25.8371 0.817812  -0.638163  -0.202631 -0.0789763  0.00278256 0.000755747 -0.00670922  0.0177303 -0.0121026  0.0124464 1 0 0
              184.09  8.85149  7.34444 -51.5118  19.5252  25.8093 0.811254  -0.544833  -0.278892 -0.0944992  0.00277762 0.000726311 -0.00670692  0.0164951 -0.0131609  0.0121313 1 0 0
              184.09  8.70811   7.4324 -51.5285  19.5093  25.8147 0.806346  -0.73495 -0.213669 -0.153482  0.00279387 0.000751515 -0.00670621  0.0185343 -0.0115877  0.0129691 1 0 0
              184.19  8.84895  7.20096 -50.9397  19.4195  25.7765 0.784407  -0.835588  -0.325243 -0.0995525 0.00276449 0.00074076  -0.006718 0.0181859 -0.010042 0.0134588 1 0 0
              184.19    8.713  7.26066 -50.7228  19.4181  25.7745 0.787615  -0.851456  -0.349623 -0.0623115  0.00280531 0.000710698   -0.006781   0.018122 -0.0097682  0.0128988 1 0 0
             184.292  8.07636  8.08829 -49.3567  19.3427  25.7358 0.788484 -0.771198 -0.376235  0.145606  0.00282907 0.000684625   -0.006785  0.0175254 -0.0101366  0.0131089 1 0 0
             184.292  8.06147  8.16551 -49.3032  19.3514  25.7328 0.794484 -0.670341  -0.41209  0.215854  0.00285439 0.000634264 -0.00679272  0.0165257 -0.0110226  0.0121969 1 0 0
              184.39  6.55987  9.01794 -48.4441  19.3027  25.6911 0.819849 -0.450816   -0.3661  0.147631  0.00284463 0.000622849 -0.00679656  0.0159932 -0.0113618  0.0117867 1 0 0
              184.39  6.38415  9.07526 -48.4904  19.3055   25.685 0.825806 -0.415064 -0.438828  0.218935  0.00289236 0.000601734 -0.00677501  0.0150538 -0.0112841  0.0106009 1 0 0
              184.49 5.02139 10.3674 -46.669  19.2988  25.6508 0.850775  -0.24351 -0.443945  0.176818  0.00290068 0.000593754 -0.00677246  0.0141973 -0.0140193  0.0101327 1 0 0
              184.49  5.10838  10.4301 -46.6283  19.2932  25.6554 0.835379 -0.309325 -0.394588 0.0010542  0.00287986 0.000578758 -0.00678973   0.014888 -0.0134934  0.0125245 1 0 0
              184.59  6.61564  10.6156 -47.1067 19.2861 25.6086 0.82556 -0.141217 -0.434312  -0.07424  0.00287981 0.000576194 -0.00677394  0.0135599 -0.0143002  0.0129568 1 0 0
              184.59  6.80116  10.4635 -47.2031  19.2535  25.6078 0.828572  -0.529759  -0.447159 -0.0474183  0.00280684  0.00063169 -0.00674851 0.0170714 -0.010131 0.0128239 1 0 0
              184.69  7.20221  10.6029 -46.0894  19.2059  25.5595 0.822001  -0.483349  -0.543016 -0.0790444  0.00279677 0.000627778 -0.00675115  0.0169477 -0.0103425  0.0128328 1 0 0
              184.69  7.04104  10.6389 -46.0492  19.1913  25.5585 0.822188 -0.654387  -0.55561 -0.076966   0.0028038 0.000650322 -0.00677093   0.0182617 -0.00861025   0.0128234 1 0 0
             184.791  7.85783  11.3072 -45.5639  19.1452  25.4806 0.808348 -0.535222 -0.728776 -0.162426  0.00281806 0.000597845 -0.00675756   0.0165121 -0.00875158   0.0126496 1 0 0
             184.791  7.90436   11.285 -45.5479   19.139  25.4856 0.806065 -0.604546 -0.673808 -0.188031  0.00279995 0.000619407 -0.00676361   0.0175609 -0.00851379   0.0131663 1 0 0
              184.89  8.56968  11.3743 -44.2424  19.1544  25.4293 0.806561  -0.177936  -0.686884 -0.0551565   0.0028083 0.000579363 -0.00677907  0.0151746 -0.0132042   0.011964 1 0 0
              184.89   8.3778  11.3204 -44.1915  19.1308  25.4296 0.800692  -0.45342 -0.681738 -0.119408  0.00285791 0.000600429 -0.00679486  0.0176703 -0.0102536  0.0129694 1 0 0
              184.99  7.41405  11.6629 -43.8149  19.0847  25.3556 0.797151 -0.487919 -0.797935 0.0958259  0.00285791 0.000600429 -0.00679486  0.0176703 -0.0102536  0.0129694 1 0 0
              184.99  7.21646  11.7001 -43.9375   19.075  25.3517 0.795374 -0.594798 -0.842489 0.0748307  0.00286932 0.000607693 -0.00676263    0.018168 -0.00885679   0.0131231 1 0 0
              185.09  5.66343  12.4797 -44.2788  19.0191    25.27 0.809364  -0.49824 -0.742185  0.114163  0.00286932 0.000607693 -0.00676263    0.018168 -0.00885679   0.0131231 1 0 0
              185.09  5.58201  12.5147 -44.3725  19.0282   25.267 0.815197 -0.390335  -0.77817  0.180428  0.00290771 0.000562103 -0.00672376   0.0171055 -0.00961112   0.0121071 1 0 0
              185.19  3.02978  12.3857 -43.5507  18.9925  25.2145 0.825344 -0.422134 -0.619546 0.0873397  0.00295999 0.000574732 -0.00669405  0.0178138 -0.0108305  0.0125554 1 0 0
              185.19  3.17626   12.301 -43.2496  19.0173  25.2211 0.824656 -0.131903 -0.541182 0.0842628  0.00297997 0.000571081 -0.00675738  0.0158538 -0.0142968  0.0124804 1 0 0
              185.29  5.6819  12.384 -43.728  19.0205  25.1454 0.838977 -0.00429125   -0.608947   0.0263835  0.00293904 0.000549405 -0.00673173  0.0141238 -0.0139256  0.0112488 1 0 0
              185.29  5.97988  12.3932 -43.8528  19.0081  25.1431 0.835651 -0.148349 -0.636426 -0.012865  0.00280823 0.000569733 -0.00670182  0.0151071 -0.0123179  0.0119175 1 0 0
              185.39  7.04402  11.9117 -42.7069  18.9921  25.0785 0.831375  -0.177002  -0.681179 -0.0656735  0.00280823 0.000569733 -0.00670182  0.0151071 -0.0123179  0.0119175 1 0 0
              185.39  6.92359  11.8639 -42.5452  18.9747  25.0812 0.822287 -0.377339 -0.646773 -0.167399  0.00283507 0.000617346  -0.0067612  0.0170001 -0.0105906   0.013579 1 0 0
              185.49  7.74883  12.5925 -42.4432  18.9351  25.0079 0.796404 -0.419444 -0.755574 -0.236275  0.00283818 0.000613159 -0.00675523  0.0167239 -0.0102991  0.0139715 1 0 0
              185.49  7.67892   12.668 -42.5294  18.9238   25.004 0.800133 -0.549319 -0.801536 -0.193691  0.00282135 0.000609288 -0.00673081   0.0176701 -0.00875577   0.0133644 1 0 0
              185.59  8.38648   12.997 -42.6921  18.8761   24.923 0.796101  -0.538081  -0.860003 -0.0815762  0.00283186 0.000593307 -0.00671591   0.0175401 -0.00950011   0.0123522 1 0 0
              185.59  8.36746  12.9166 -42.6761  18.8785  24.9226 0.793745 -0.511511 -0.862795 -0.105985  0.00284267 0.000611442 -0.00672382  0.0171871 -0.0096656  0.0126375 1 0 0
              185.69  8.54521  13.0484 -43.8694  18.8259  24.8272 0.784752  -0.53332 -0.940387 0.0599773  0.00283838 0.000611026 -0.00671906  0.0168376 -0.0092478  0.0129192 1 0 0
              185.69  8.48783  13.0573 -43.9177  18.8315  24.8307 0.787377 -0.468667 -0.900786 0.0889638  0.00287375 0.000604078 -0.00669907  0.0166714 -0.0102546   0.012635 1 0 0
              185.79  8.55451  12.7679 -43.8881  18.8126  24.7616 0.820297 -0.221129 -0.678389  0.273167  0.00289718 0.000605608 -0.00669409  0.0164925 -0.0123232  0.0117959 1 0 0
              185.79  8.52793  12.7637 -43.7985  18.8112  24.7621 0.819226 -0.237953 -0.672282  0.260772  0.00290998  0.00060818 -0.00672324  0.0166549 -0.0121919  0.0119866 1 0 0
              185.89  5.80948   12.366 -42.9178  18.7897  24.7018 0.843643 -0.215999 -0.577866  0.210302  0.00290998  0.00060818 -0.00672324  0.0166549 -0.0121919  0.0119866 1 0 0
              185.89   5.5201  12.3495 -42.7971  18.7868  24.7002 0.837816 -0.249565  -0.59595  0.146211  0.00300701 0.000612613 -0.00676409   0.016602 -0.0115393  0.0127765 1 0 0
              185.99  3.39544  12.7445 -43.1716  18.7618  24.6393 0.864627 -0.311963 -0.636032  0.109824  0.00302181  0.00058462 -0.00675117  0.0167905 -0.0120148  0.0114496 1 0 0
              185.99  3.58529  12.7827 -43.2559  18.7587  24.6331 0.851612 -0.351358 -0.711583 -0.042009  0.00293814 0.000571095 -0.00672887  0.0160336 -0.0107373  0.0132858 1 0 0
              186.09  4.10031  12.2879 -44.5265  18.7194  24.5614 0.844727 -0.407788 -0.708981 -0.114403  0.00293814 0.000571095 -0.00672887  0.0160336 -0.0107373  0.0132858 1 0 0
              186.09  4.31168  12.2186 -44.6682  18.7142  24.5576 0.840523 -0.471727 -0.754656 -0.164804  0.00284195 0.000601846 -0.00669449    0.016067 -0.00969788   0.0139247 1 0 0
              186.19  4.8179 11.3199 -45.499   18.674  24.4567 0.817565 -0.395093 -0.904965 -0.249126  0.00284373 0.000588663 -0.00672209   0.0145383 -0.00864829    0.013706 1 0 0
              186.19  4.83434  11.2764 -45.4933  18.6715  24.4696 0.818479  -0.42211 -0.752552 -0.239297  0.00286753 0.000638746 -0.00671956   0.0161551 -0.00976219   0.0140094 1 0 0
              186.29   4.6988  10.3396 -45.6546  18.6352   24.388 0.805888  -0.373193   -0.85392 -0.0869217  0.00287946 0.000631763  -0.0067265   0.0159302 -0.00985571   0.0134508 1 0 0
              186.29  4.68192  10.3398 -45.6465  18.6371  24.4041 0.811737 -0.347952 -0.663746 -0.021471  0.00293347 0.000670583 -0.00672576  0.0175852 -0.0117908  0.0130746 1 0 0
              186.39  3.63993  10.2331 -46.0336  18.6031  24.3345 0.816971  -0.34681 -0.711723  0.141578  0.00293347 0.000670583 -0.00672576  0.0175852 -0.0117908  0.0130746 1 0 0
              186.39  3.56191  10.3414 -46.0476  18.6061  24.3355 0.822061 -0.309853 -0.699438  0.198015   0.0029714 0.000633408 -0.00671702 0.0175222 -0.012286 0.0123426 1 0 0
              186.49  2.6498 11.8976 -47.039  18.5722  24.2705 0.842623  -0.31033 -0.554597  0.168637  0.00295904 0.000630526 -0.00671884  0.0176858 -0.0120901  0.0124518 1 0 0
              186.49  2.71441  12.0527 -47.0817  18.5726  24.2604 0.846253 -0.304025 -0.672126  0.208841  0.00290643 0.000550888 -0.00670418  0.0166808 -0.0111931  0.0116803 1 0 0
              186.59  1.90107  10.7442 -46.3343    18.55  24.2063 0.875461 -0.293234 -0.504166  0.193876  0.00295396 0.000551498 -0.00666249  0.0165233 -0.0120045  0.0108185 1 0 0
              186.59  1.94217  10.5277 -46.0462  18.5472  24.1951 0.867503 -0.329216 -0.635722  0.103731  0.00293543 0.000602454 -0.00675989  0.0153224 -0.0104762  0.0117325 1 0 0
              186.69  2.82696   9.7424 -45.9559  18.5157  24.1168 0.865176  -0.299808  -0.669649 -0.0387624  0.00291393 0.000586189 -0.00677848   0.0143373 -0.00952068   0.0120016 1 0 0
              186.69  2.98671  9.78158 -46.0542  18.5155   24.128 0.856062 -0.304384   -0.5365 -0.140506  0.00288459 0.000607474 -0.00674224  0.0153735 -0.0106174   0.013595 1 0 0
              186.79  3.92444  9.99633 -45.7216  18.4813  24.0736 0.839175 -0.394582 -0.559197 -0.184624  0.00288459 0.000607474 -0.00674224  0.0153735 -0.0106174   0.013595 1 0 0
              186.79  3.92045  10.0953 -45.6836  18.4747  24.0816 0.839049 -0.470518 -0.467235 -0.186363  0.00289064 0.000611577 -0.00675088  0.0168832 -0.0107052  0.0138707 1 0 0
              186.89  5.78016  10.1783 -45.4134  18.4194  24.0449 0.812019 -0.550874 -0.408801 -0.247447   0.0029105 0.000641486 -0.00674129  0.0175426 -0.0108982  0.0145263 1 0 0
              186.89  5.96694  10.2289 -45.4066  18.4214  24.0399 0.818882 -0.528224 -0.468438 -0.168547  0.00285003 0.000606245 -0.00674522  0.0169836 -0.0106812  0.0133551 1 0 0
              186.99  6.93084  10.7478 -44.7385  18.3579  23.9996 0.801155 -0.648856 -0.455368 -0.157197  0.00285981 0.000624452 -0.00673577  0.0176634 -0.0106868  0.0135341 1 0 0
              186.99  6.81617  10.8203 -44.7167  18.3647  23.9866 0.809583  -0.572694  -0.609735 -0.0590962  0.00288152 0.000547938 -0.00674336  0.0158323 -0.0101894  0.0118275 1 0 0
              187.09  8.39983  11.0562 -44.8532  18.3119   23.915 0.817922 -0.590086 -0.660319  0.138332  0.00289492 0.000518025 -0.00673025  0.0150462 -0.0102086  0.0111409 1 0 0
              187.09  8.53388  10.9513 -44.9056  18.3135  23.9147 0.817772 -0.572124 -0.664621    0.1367  0.00285461 0.000546138 -0.00671826  0.0148371 -0.0103469  0.0111422 1 0 0
              187.19  8.47961  10.0613 -43.8518   18.267  23.8551 0.845031 -0.455043 -0.607022  0.332749  0.00286767 0.000550539 -0.00670823   0.014757 -0.0109741   0.010915 1 0 0
              187.19  8.29995  9.97946 -43.7064  18.2673  23.8637 0.835988 -0.452577 -0.504762  0.229981  0.00295961 0.000596984 -0.00675326  0.0153623 -0.0116178  0.0125375 1 0 0
              187.29  5.29773   10.067 -43.4622  18.2162  23.8151 0.843968 -0.397574 -0.440431  0.060611  0.00296782  0.00058892 -0.00675336   0.015733 -0.0108176  0.0133552 1 0 0
              187.29 5.13051 10.0702 -43.541  18.2181  23.8239 0.845129 -0.373889 -0.337813   0.07343  0.00304205 0.000609518 -0.00673345   0.016451 -0.0119523  0.0134801 1 0 0
              187.39  4.51434    10.14 -41.2616  18.1826   23.789 0.847688  -0.336189   -0.37975 -0.0135004  0.00304205 0.000609518 -0.00673345   0.016451 -0.0119523  0.0134801 1 0 0
              187.39   4.7111  10.1778 -41.0824  18.1783  23.7804 0.856053  -0.38557 -0.478091 0.0793638  0.00296169 0.000584423 -0.00678692  0.0162587 -0.0107539   0.012088 1 0 0
              187.49  5.00562  10.3462 -39.5772  18.1545  23.7166 0.866608 -0.270394  -0.57079 0.0623076  0.00295219 0.000558945 -0.00676623  0.0149947 -0.0106426  0.0114374 1 0 0
              187.49  5.05217  10.3259 -39.7027  18.1541  23.7254 0.861214  -0.276701  -0.467791 0.00238667  0.00294945 0.000589651 -0.00672835 0.0157737 -0.011511 0.0124518 1 0 0
              187.59  3.99864  10.4402 -38.0941  18.1299  23.7023 0.854185 -0.219715 -0.384157 -0.096902   0.0029483 0.000600198 -0.00672516  0.0168785 -0.0127955  0.0130152 1 0 0
              187.59  3.80864  10.4125 -38.0576  18.1282   23.693 0.853485 -0.240217 -0.491873 -0.104523  0.00298126 0.000590425  -0.0067368  0.0161945 -0.0115338  0.0128777 1 0 0
              187.69   2.6867  10.3386 -35.8918  18.1071  23.6306 0.835097 -0.232578 -0.666767 -0.206544  0.00298202 0.000577027 -0.00673229  0.0156918 -0.0112968  0.0129851 1 0 0
              187.69  2.70559  10.3559 -35.8239  18.1014    23.62 0.837546 -0.301242 -0.790478 -0.178978  0.00294182 0.000561709 -0.00675426   0.0155083 -0.00953257   0.0124537 1 0 0
              187.79 4.20717 11.4972 -34.459  18.0765  23.5298 0.828441  -0.266405  -0.928691 -0.0662506  0.00293948 0.000529488 -0.00674795   0.0150791 -0.00950106   0.0119574 1 0 0
              187.79  4.50006  11.5585 -34.4819  18.0735  23.5329 0.823475 -0.301369 -0.893878 -0.121023  0.00284624 0.000523656 -0.00673728   0.0155661 -0.00960903   0.0127846 1 0 0
              187.89  3.58352  11.7767 -34.1527  18.0354  23.4103 0.813376  -0.37494  -1.13874 0.0750336  0.00282265 0.000496747  -0.0067132   0.0147039 -0.00769353   0.0131096 1 0 0
              187.89  3.29416  11.5912 -34.3368  18.0374  23.4259 0.818142 -0.349516 -0.954989  0.126587  0.00296076 0.000592216 -0.00665346   0.015796 -0.0098023  0.0127976 1 0 0
              187.99  2.69197  12.9828 -36.1515  18.0409  23.3608 0.839003 -0.101488 -0.649961   0.15204  0.00300069 0.000547971 -0.00666262  0.0148138 -0.0125395   0.012482 1 0 0
              187.99  2.64223  13.0763 -36.3734  18.0337  23.3746 0.841498 -0.182653 -0.484693  0.179242  0.00303687 0.000587168  -0.0065939  0.0168459 -0.0137047  0.0126176 1 0 0
              188.09  1.39026  12.6727 -37.4195  17.9721  23.3458 0.858093 -0.460836 -0.333545   0.10908  0.00306552 0.000662907 -0.00658968  0.0195916 -0.0130258  0.0130176 1 0 0
              188.09  1.60926  12.5901 -37.2361  17.9728  23.3292 0.859381 -0.451588 -0.528088  0.125012  0.00296967 0.000660115 -0.00665095  0.0181237 -0.0110739  0.0123959 1 0 0
              188.19  2.77689  11.9217 -38.9259  17.9268   23.278 0.863421  -0.474215  -0.504052 -0.0312474  0.00296967 0.000660115 -0.00665095  0.0181237 -0.0110739  0.0123959 1 0 0
              188.19  3.03483  11.8721 -38.9811  17.9429  23.2639 0.859537  -0.291026  -0.666447 -0.0704289   0.0028801 0.000616119 -0.00663956  0.0148827 -0.0108295  0.0121967 1 0 0
              188.29 5.00558 11.5055 -39.122  17.9266  23.1916 0.847576 -0.258412 -0.742604 -0.127863  0.00289369 0.000602929 -0.00662382  0.0138828 -0.0113099  0.0121157 1 0 0
              188.29  5.10193  11.5529 -38.9219  17.9223  23.1835 0.845198 -0.309534 -0.838987 -0.155041  0.00284702 0.000580328 -0.00669168  0.0135652 -0.0099255  0.0123368 1 0 0
              188.39  5.97782  11.3844 -39.0119  17.9179  23.0824 0.839658  -0.217164  -0.985374 -0.0701122  0.00285874 0.000536723 -0.00666423  0.0114891 -0.0104622  0.0113097 1 0 0
              188.39   5.8684  11.2801 -38.8996  17.8949  23.0957 0.831679 -0.482962 -0.831158 -0.163725  0.00287903  0.00065906 -0.00669556   0.0150449 -0.00969739   0.0132262 1 0 0
             188.491  6.77521  11.2656 -39.7548  17.8413  22.9929 0.808197 -0.534125 -0.947219 -0.147821  0.00288259 0.000668974 -0.00669822   0.0143139 -0.00864209    0.013745 1 0 0
             188.491  6.79785  11.3418 -39.8219  17.8288  23.0139 0.812503  -0.681699   -0.70299 -0.0999575  0.00289099 0.000700383 -0.00666273   0.0178166 -0.00989831   0.0139359 1 0 0
              188.59  7.49996  10.3877 -40.0193  17.7573  22.9591 0.822556 -0.669518 -0.609071  0.131269  0.00289923 0.000703336 -0.00662986   0.018858 -0.0105909  0.0133586 1 0 0
              188.59  7.46465  10.2753 -39.9547 17.7605 22.9629 0.82731 -0.629476 -0.562237  0.186847  0.00291688 0.000734444 -0.00665215  0.0189832 -0.0115408   0.012679 1 0 0
              188.69  5.77136  10.0511 -38.8289  17.7011  22.9282 0.855646 -0.524058 -0.357628  0.241029  0.00293437 0.000735952 -0.00665954  0.0199964 -0.0124422  0.0125633 1 0 0
              188.69  5.54789  10.2064 -38.6593  17.7141  22.9101 0.854082 -0.373433 -0.564065  0.226431  0.00298925 0.000586017  -0.0066838  0.0169542 -0.0116853  0.0121067 1 0 0
             188.794  1.92967   10.477 -36.9607  17.6748  22.8561 0.873051  -0.40386 -0.520231  0.145945  0.00298925 0.000586017  -0.0066838  0.0169542 -0.0116853  0.0121067 1 0 0
             188.794  1.79393  10.5747 -36.8687  17.6846  22.8354 0.873752 -0.292545 -0.758043  0.155961  0.00301407 0.000500652 -0.00668584  0.0139993 -0.0101923  0.0113214 1 0 0
              188.89  1.53256  10.6757 -36.8468  17.6856  22.7651 0.882992 -0.168223 -0.762501 0.0515625  0.00303712 0.000489278 -0.00662638  0.0124598 -0.0118292  0.0112693 1 0 0
              188.89 1.84475 10.6732 -36.924  17.6782  22.7639 0.877431 -0.260181 -0.778429 -0.014513  0.00291903 0.000504076 -0.00660686  0.0131457 -0.0109368  0.0122823 1 0 0
              188.99  2.44868  10.6746 -37.1372  17.6502  22.6771 0.874959   -0.28339  -0.851587 -0.0821554  0.00292625 0.000493705  -0.0066061  0.0128811 -0.0104484  0.0119713 1 0 0
              188.99  2.59481  10.6098 -37.1538  17.6304   22.687 0.868063 -0.520438 -0.737515 -0.164615  0.00286494 0.000585801 -0.00659916   0.0159574 -0.00982748   0.0136265 1 0 0
              189.09  3.84669  10.5732 -38.2044  17.5728  22.6105 0.850824 -0.516503 -0.777189 -0.206282  0.00286673 0.000577921 -0.00658802   0.0163559 -0.00946101   0.0135163 1 0 0
              189.09  3.90437  10.4752 -38.2492  17.5688  22.6217 0.851052 -0.563285 -0.647686 -0.205645  0.00286817 0.000639796 -0.00657169  0.0178136 -0.0104455  0.0138259 1 0 0
              189.19  4.15468  10.2993 -37.6028  17.5609  22.5963 0.828628 -0.290138 -0.524185 -0.139111  0.00296712 0.000619658 -0.00655313  0.0169678 -0.0149155  0.0141881 1 0 0
              189.19  4.15316  10.3648 -37.3889  17.5441  22.5813 0.832122 -0.482256 -0.701208 -0.101454  0.00289802 0.000610734 -0.00662328  0.0176265 -0.0116724  0.0135712 1 0 0
              189.29  3.06674  10.9704 -37.4707  17.4665  22.4483 0.825649 -0.664643  -1.11111 0.0286197  0.00283308 0.000593155 -0.00664209   0.0167456 -0.00727046   0.0133345 1 0 0
              189.29  3.00674  10.9909 -37.6386  17.4761  22.4542 0.832621 -0.552902  -1.04193  0.106881   0.0028887 0.000577532 -0.00658725   0.0163283 -0.00888449   0.0123286 1 0 0
              189.39  1.89686  13.2232 -39.0796  17.4202  22.3785 0.821515 -0.585514  -0.85987 0.0101105  0.00294482  0.00057169 -0.00660142   0.017154 -0.0105726  0.0144558 1 0 0
              189.39   1.9651   13.313 -39.3146  17.4345  22.3794 0.837338 -0.418922 -0.849702  0.186325  0.00295349 0.000500106  -0.0065225  0.0160232 -0.0120807  0.0119188 1 0 0
              189.49 2.30112  13.055 -40.347  17.3949  22.2815 0.865124 -0.421624 -0.805809  0.213401    0.002954 0.000508171  -0.0065259  0.0150545 -0.0110161    0.01089 1 0 0
              189.49 2.57011 12.8878 -40.163   17.403  22.2907 0.872044 -0.328473 -0.701742  0.290201  0.00292384 0.000548087 -0.00656776  0.0151822 -0.0128449 0.00993029 1 0 0
              189.59  3.45707  12.1796 -42.2933  17.3716  22.2218 0.893722 -0.319269 -0.694086  0.145409  0.00292384 0.000548087 -0.00656776  0.0151822 -0.0128449 0.00993029 1 0 0
              189.59  3.46531  12.1437 -42.5522  17.3677  22.2296 0.886014 -0.365611 -0.602256 0.0587527   0.0029184 0.000590626 -0.00648737  0.0161083 -0.0133031  0.0113426 1 0 0
             189.691  5.21131  11.6021 -43.5668 17.3245 22.1725 0.88005  -0.410041  -0.589572 -0.0540578  0.00293046 0.000591485 -0.00646756  0.0164242 -0.0133299  0.0119927 1 0 0
             189.691  5.44459  11.5523 -43.2678  17.3144  22.1687 0.866857 -0.530595 -0.631631 -0.202564  0.00285707 0.000613048 -0.00656986  0.0167742 -0.0117463  0.0139955 1 0 0
              189.79  5.37213  11.6064 -43.9498  17.2564  22.0788 0.831022 -0.604141 -0.801146 -0.287594  0.00286788   0.0005796 -0.00658411  0.0155545 -0.0101539   0.014648 1 0 0
              189.79  5.23212  11.5585 -43.9646  17.2535  22.0773 0.835826 -0.638298 -0.818835 -0.232625  0.00290805 0.000595298 -0.00658159   0.0158813 -0.00969855   0.0138579 1 0 0
              189.89  5.34709  10.9436 -44.3098  17.1783  22.0019 0.812153  -0.72038 -0.803917 -0.145758  0.00291039  0.00060828 -0.00657815   0.0167015 -0.00958932   0.0144293 1 0 0
              189.89 5.32215  10.932  -44.32  17.1832   21.998 0.821506 -0.663721 -0.849879 -0.039161  0.00292288 0.000584427 -0.00657359   0.0160905 -0.00982223   0.0128975 1 0 0
              189.99 5.75743 10.1142  -43.55  17.1157  21.9155 0.841267 -0.629735 -0.835948  0.267079  0.00292957 0.000588283 -0.00656821  0.0164732 -0.0100363  0.0122343 1 0 0
              189.99 5.77285 10.0694 -43.332  17.1294  21.9165 0.844354 -0.470503  -0.82428  0.303572  0.00296333 0.000574236 -0.00663392  0.0152478 -0.0116312  0.0116589 1 0 0
              190.09  2.92892  10.1201 -42.6642  17.0836  21.8693 0.858841 -0.364049 -0.530951   0.15759  0.00297186 0.000601281 -0.00660975  0.0167604 -0.0124196   0.012953 1 0 0
              190.09 2.58098 10.2316 -42.669  17.0903  21.8603 0.863235 -0.283684 -0.637052  0.209098  0.00308031 0.000571049 -0.00659977  0.0150906 -0.0122121  0.0118717 1 0 0
              190.19  1.29247  10.3221 -41.2642  17.0679  21.8187 0.886965 -0.234873 -0.530906  0.132747  0.00305578 0.000559048 -0.00658502 0.0161073 -0.013703  0.011577 1 0 0
              190.19  1.57011  10.3216 -41.1464 17.0681 21.8004 0.88625 -0.234324 -0.742276  0.125755   0.0029422 0.000524614 -0.00661441  0.0142138 -0.0116853   0.011258 1 0 0
              190.29 1.77691 11.2566 -39.983  17.0485  21.7148 0.882395  -0.249305  -0.848993 -0.0263027  0.00292642 0.000501606 -0.00659476  0.0134414 -0.0115309  0.0118522 1 0 0
              190.29   1.8157  11.2549 -39.8919 17.0388 21.7107 0.88049  -0.363871  -0.898469 -0.0502912  0.00289373 0.000510469 -0.00662474  0.0140997 -0.0100158  0.0122779 1 0 0
              190.39  2.86006  11.0665 -38.7166  16.9972  21.6373 0.877178 -0.371623 -0.822441 -0.116857  0.00289087 0.000524808 -0.00660392  0.0152995 -0.0106645  0.0120416 1 0 0
              190.39  2.91542  10.9226 -38.6588 16.9899 21.6342 0.87164 -0.457422 -0.859623 -0.179659  0.00285379 0.000578025 -0.00662676   0.0156768 -0.00954053   0.0129484 1 0 0
              190.49 3.43872 11.1384 -37.979  16.9476  21.5678 0.844885 -0.430105  -0.82066 -0.219503  0.00285043 0.000576164  -0.0066222 0.0164982 -0.010961 0.0136846 1 0 0
              190.49  3.28616  11.0496 -38.1132   16.951  21.5639 0.849016 -0.391422 -0.865014 -0.172231   0.0028892 0.000594279 -0.00658256  0.0158571 -0.0108375  0.0128979 1 0 0
              190.59  4.18016  10.9972 -37.1645  16.9013  21.4706 0.834777  -0.442786  -0.977771 -0.0283219  0.00286127 0.000588608 -0.00659208  0.0162769 -0.0102262  0.0133603 1 0 0
              190.59  4.03878  11.0009 -37.1381  16.9068  21.4648 0.835935  -0.378675   -1.04586 -0.0152829  0.00290478 0.000560464 -0.00660241  0.0151244 -0.0100286  0.0129381 1 0 0
              190.69  3.51313  11.5909 -36.6284  16.8723  21.3584 0.846414 -0.370936   -1.0693  0.143652  0.00291115 0.000556392 -0.00660212  0.0149469 -0.0102726     0.0127 1 0 0
              190.69  3.38987  11.6901 -36.6719  16.8773  21.3641 0.852958 -0.308226 -0.998422   0.21916  0.00298072 0.000527127 -0.00658267  0.0150388 -0.0115375  0.0117712 1 0 0
              190.79  2.58284   12.899 -36.9917  16.8466   21.271 0.872865 -0.319866 -0.852047  0.171073  0.00298072 0.000527127 -0.00658267  0.0150388 -0.0115375  0.0117712 1 0 0
              190.79 2.59357  12.924 -37.072  16.8487  21.2758 0.874772 -0.294703 -0.795864  0.192897  0.00298633 0.000523966 -0.00655451  0.0152665 -0.0123516  0.0115589 1 0 0
              190.89  2.84818  12.6591 -39.0311  16.8138  21.2179 0.878102  -0.35102  -0.59995 0.0248812  0.00298151 0.000561235 -0.00653775  0.0159154 -0.0130354  0.0125889 1 0 0
              190.89  2.86441  12.5419 -39.1843  16.8135  21.2162 0.879701 -0.354494 -0.618727 0.0427266  0.00296166 0.000597813 -0.00649358  0.015854 -0.012819 0.0123153 1 0 0
              190.99 3.05161 10.3418 -40.399  16.7757  21.1317 0.872112  -0.440581  -0.767481 -0.0946265  0.00296095 0.000602039 -0.00651249 0.0146666 -0.011576 0.0124166 1 0 0
              190.99  3.22842  10.2315 -40.2841  16.7673  21.1394 0.873739   -0.54162  -0.676129 -0.0777598  0.00291719  0.00066399 -0.00654914  0.0164781 -0.0116933  0.0125809 1 0 0
              191.09  5.07681  9.49391 -41.2141  16.6953  21.0531 0.856361 -0.668741 -0.810159 -0.183948  0.00289523 0.000675855 -0.00656998  0.0165601 -0.0100372  0.0128992 1 0 0
              191.09  5.06033  9.60041 -41.2672  16.697 21.0608 0.86022 -0.648084 -0.718245 -0.140616  0.00291887 0.000653695  -0.0065429  0.0172496 -0.0111707  0.0124899 1 0 0
              191.19   5.3916  9.79589 -41.5202  16.6081  20.9802 0.842622  -0.831539   -0.81422 -0.0788483  0.00289595 0.000654954 -0.00655497   0.0180193 -0.00986127   0.0129843 1 0 0
              191.19   5.2982  9.85107 -41.5427  16.6226  20.9824 0.839552 -0.665609 -0.785244 -0.109079  0.00296231 0.000604805 -0.00654172  0.0166031 -0.0115217  0.0133333 1 0 0
              191.29  5.91889  10.0553 -42.8382  16.5794  20.8661 0.836596 -0.566894 -0.973297    0.1305  0.00288384 0.000511879 -0.00657985  0.0135833 -0.0107695  0.0130572 1 0 0
              191.29  5.67473  9.90682 -42.9947  16.5755   20.878 0.846011 -0.607419 -0.831806  0.235986  0.00298514 0.000607562 -0.00653061  0.0153405 -0.0118335  0.0120375 1 0 0
              191.39  3.71815  9.44902 -43.4598  16.5023  20.8373 0.876694 -0.578535 -0.490437  0.263455  0.00300417 0.000664123 -0.00652906  0.0178576 -0.0127927  0.0122958 1 0 0
              191.39  3.40958  9.35222 -43.4754  16.5086   20.831 0.879461 -0.507821 -0.560365  0.294033  0.00309199 0.000656597 -0.00651814  0.0166746 -0.0127974  0.0116728 1 0 0
              191.49  1.52595  9.00955 -43.2562   16.474  20.7764 0.904365  -0.37644 -0.514338  0.226521   0.0031435 0.000623779 -0.00650783  0.0159002 -0.0132544  0.0117864 1 0 0
              191.49  1.89631  9.04885 -43.1296   16.474  20.7736 0.897201 -0.378829  -0.54806  0.147998  0.00303456 0.000603896 -0.00654375  0.0154666 -0.0128803   0.012751 1 0 0
              191.59 0.408022  9.23177 -42.8746  16.4305  20.7079 0.884798 -0.436847 -0.642462 -0.107026  0.00306404 0.000625991 -0.00654247  0.0150965 -0.0120307  0.0139726 1 0 0
              191.59 0.512138  9.37005 -42.8256 16.4288 20.7034 0.88716  -0.456957  -0.695833 -0.0814265  0.00302143 0.000577474 -0.00655729  0.0148738 -0.0113639  0.0135827 1 0 0
              191.69  1.98723  9.33513 -42.6904 16.3748 20.6263 0.87968  -0.50991 -0.768063 -0.158703  0.00300203 0.000567105 -0.00656438   0.015055 -0.0109266  0.0132595 1 0 0
              191.69  2.23932  9.30978 -42.7374  16.3693  20.6231 0.876991 -0.574415 -0.807448 -0.189397  0.00290264 0.000580219 -0.00655213   0.0152544 -0.00999205   0.0136981 1 0 0
              191.79  4.0245   9.456 -42.149  16.3052  20.5438 0.855216 -0.591324 -0.834779 -0.231118  0.00288404 0.000593384 -0.00654767  0.0157835 -0.0097895  0.0137893 1 0 0
              191.79  3.90595  9.43522 -42.1697  16.3051  20.5407 0.862098 -0.591061 -0.871744 -0.155038  0.00291251 0.000594379 -0.00654293    0.015617 -0.00946317   0.0127321 1 0 0
              191.89  3.74818  9.25413 -41.4797  16.2424  20.4635 0.846215  -0.619089  -0.879832 -0.0647472  0.00291094 0.000599582 -0.00653463   0.0163756 -0.00987598   0.0131311 1 0 0
              191.89 3.60593 9.21717 -41.416   16.253  20.4604 0.849537  -0.496275  -0.913836 -0.0258294   0.0029774 0.000576607  -0.0065535  0.0150102 -0.0106443  0.0124419 1 0 0
             191.991  3.15897  9.95607 -41.3116  16.1999  20.3868 0.840581 -0.540136 -0.871053 0.0713796  0.00296965 0.000596167 -0.00653517  0.0160023 -0.0116473  0.0137345 1 0 0
             191.991   3.0107  9.99726 -41.2891  16.2082  20.3797 0.846016 -0.445767 -0.949649  0.132269    0.003025 0.000555159  -0.0065425  0.0145898 -0.0117436   0.012694 1 0 0
              192.09  2.54308  11.9646 -41.7484 16.1625 20.2933 0.85433 -0.452788 -0.818827 0.0945207  0.00305664 0.000564533 -0.00653157  0.0147819 -0.0119392   0.013264 1 0 0
              192.09  2.65578  12.0621 -41.7553  16.162 20.2843 0.86068  -0.46089 -0.927558  0.165539  0.00301851 0.000532684 -0.00652583  0.0140634 -0.0107893  0.0120361 1 0 0
              192.19  3.10737   12.047 -43.1288  16.1049  20.1875 0.880671 -0.540548 -0.833286  0.166554  0.00301694 0.000541649 -0.00652351   0.0139743 -0.00959047   0.0116578 1 0 0
              192.19  3.14936  11.8809 -43.2377   16.105  20.1988 0.884085 -0.536561 -0.700718  0.203843  0.00302846 0.000616075 -0.00648721  0.0151448 -0.0108994  0.0114367 1 0 0
              192.29  3.57938   9.7682 -46.1938  16.0621  20.1187 0.908069  -0.49723 -0.674875  0.157258    0.003016  0.00060561 -0.00646998  0.0139762 -0.0106438  0.0106059 1 0 0
              192.29  3.71296  9.59722 -46.2183 16.0485 20.1387 0.90235 -0.645673 -0.449259 0.0929601  0.00300277 0.000733482 -0.00646713  0.0171335 -0.0113504  0.0121593 1 0 0
              192.39  4.23256  7.75546 -47.1343  15.9631    20.12 0.886897 -0.761156 -0.309009 -0.125674  0.00305615 0.000762887 -0.00645981  0.0190162 -0.0115903  0.0139028 1 0 0
              192.39  4.30492  7.78607 -46.9813 15.9646 20.1124 0.88272 -0.748447 -0.396285 -0.171467  0.00302567  0.00073292 -0.00651028  0.0179895 -0.0109181  0.0143049 1 0 0
              192.49  4.69833  7.12492 -47.2609  15.8878    20.07 0.860332 -0.799672 -0.440998 -0.194911  0.00303725  0.00073162 -0.00651337  0.0178953 -0.0108592  0.0145509 1 0 0
              192.49  4.73531  7.26983 -47.1477  15.8978  20.0561 0.864396 -0.683326 -0.604521 -0.146273   0.0030231 0.000632071 -0.00654558  0.0154167 -0.0106445  0.0135724 1 0 0
             192.591  5.22636  7.27328 -46.4023  15.8285  19.9713 0.848701  -0.717296  -0.739452 -0.0702893   0.0030295 0.000629449 -0.00657397   0.0141475 -0.00963598   0.0136743 1 0 0
             192.591  5.26014  7.45603 -46.3369  15.8392  19.9736 0.854485   -0.589406   -0.712501 -0.00424302  0.00304507 0.000554311 -0.00658823  0.0134247 -0.0111797  0.0128435 1 0 0
              192.69  5.33721  7.27035 -45.6697  15.7825  19.9131 0.876529 -0.536004 -0.604124  0.257205  0.00309425  0.00059016 -0.00660326  0.0138561 -0.0117809  0.0122458 1 0 0
              192.69  5.38764  7.27595 -45.8261  15.7787  19.9142 0.879237 -0.578017 -0.592315  0.286097  0.00307055 0.000595186 -0.00655595  0.0144189 -0.0115079  0.0118624 1 0 0
              192.79  2.12595  7.70464 -45.4032  15.7256   19.866 0.903894 -0.484698 -0.469566  0.188342  0.00312007 0.000610892 -0.00657457  0.0147358 -0.0115992  0.0118916 1 0 0
              192.79 2.00874  7.7984  -45.45 15.7254 19.8725 0.90339 -0.486345 -0.394513   0.18185  0.00317258 0.000601707 -0.00656336  0.0154321 -0.0122109  0.0121091 1 0 0
              192.89 0.941577  7.97203 -45.4251  15.6699  19.8177 0.893095   -0.533503   -0.484367 -0.00749407  0.00321449 0.000624843 -0.00658143  0.0147756 -0.0110138  0.0137059 1 0 0
              192.89  1.26253  8.07685 -45.5213  15.6639  19.8214 0.898704 -0.601795 -0.442284 0.0520789  0.00310551 0.000613826 -0.00655604  0.0158922 -0.0108128   0.013032 1 0 0
              192.99  1.35074  8.03286 -46.1334  15.6017  19.7672 0.900808  -0.621134  -0.494566 -0.0238056  0.00309459 0.000609316 -0.00657021  0.0154658 -0.0102414  0.0129005 1 0 0
              192.99  1.54806  8.08585 -46.2766   15.601  19.7748 0.904751 -0.626905 -0.406682 0.0205542  0.00304637 0.000614755 -0.00652314  0.0164062 -0.0109864   0.012439 1 0 0
              193.09  2.37951  7.64746 -46.4824  15.5334  19.7461 0.893551 -0.647746 -0.367018 -0.117139  0.00305896  0.00064098 -0.00650087  0.0172399 -0.0113388  0.0131141 1 0 0
              193.09  2.42232  7.61323 -46.3227 15.5421 19.7418 0.89627  -0.549214  -0.416113 -0.0855322  0.00306157  0.00062315 -0.00655002  0.0159617 -0.0118578  0.0125357 1 0 0
              193.19 3.39386  8.1253 -46.847  15.4875  19.6977 0.884834 -0.554788 -0.456653 -0.119214  0.00306157  0.00062315 -0.00655002  0.0159617 -0.0118578  0.0125357 1 0 0
              193.19  3.47712  8.26223 -46.9292  15.4897  19.6862 0.885203 -0.526039 -0.593641 -0.115798 0.00301219 0.00055097 -0.0065256  0.0144159 -0.0109389  0.0122573 1 0 0
              193.29  4.80314  8.47976 -47.5583  15.4187  19.6309 0.877219   -0.648485   -0.626744 -0.00332527  0.00298903 0.000559589  -0.0065182  0.0155713 -0.0105093  0.0125314 1 0 0
              193.29  4.75102  8.29894 -47.5092   15.421  19.6162 0.875234  -0.625754  -0.791573 -0.0232246  0.00297457 0.000569316 -0.00654373  0.0137814 -0.0093073  0.0124757 1 0 0
              193.39  3.34537  8.89808 -48.6744  15.3582  19.5241 0.874474 -0.672689 -0.880332  0.107009  0.00293468 0.000550886 -0.00651594   0.0130458 -0.00878811   0.0127848 1 0 0
              193.39 2.92603 8.93202 -48.769   15.357    19.53 0.874971 -0.683565 -0.812122  0.111794   0.0030735   0.0005622 -0.00648599   0.0137921 -0.00920309   0.0128653 1 0 0
              193.49  1.33563  9.74371 -50.8151  15.2985  19.4873 0.884027 -0.608172 -0.543584 0.0686444  0.00308202 0.000569181 -0.00650407 0.0151715 -0.011256  0.013388 1 0 0
              193.49  1.26376  9.71775 -50.9331  15.2961  19.4882 0.886615 -0.633852 -0.533933 0.0955214  0.00309459 0.000586426 -0.00646985  0.0155282 -0.0110932  0.0130651 1 0 0
              193.59  2.08545  9.41208 -52.5682   15.229  19.4443 0.890158 -0.653897 -0.448233 0.0205127  0.00309153 0.000599972  -0.0064731  0.0159313 -0.0112227  0.0134226 1 0 0
              193.59  2.25084  9.36126 -52.4811   15.228  19.4389 0.892645 -0.667057 -0.510507 0.0475321  0.00303006 0.000605203 -0.00650204  0.0154551 -0.0106204  0.0129736 1 0 0
              193.69 3.21123 9.39763 -54.619  15.1612  19.3883 0.900696  -0.671757  -0.486684 -0.0341701  0.00300361 0.000590209 -0.00649822  0.0155415 -0.0105103  0.0122378 1 0 0
              193.69  3.17449  9.33726 -54.7202  15.1651  19.3908 0.899836  -0.628307  -0.458671 -0.0423894  0.00302265 0.000607982 -0.00646545  0.0154897 -0.0111797  0.0123623 1 0 0
              193.79  5.22858  9.38901 -53.7734  15.0966  19.3854 0.896356  -0.696917   -0.28885 -0.0854318   0.0030401 0.000610047 -0.00649759  0.0179701 -0.0127881  0.0125002 1 0 0
              193.79  5.19021  9.21061 -53.5534  15.1012  19.3638 0.890162 -0.654069 -0.528477 -0.149402  0.00303401 0.000605485 -0.00657865  0.0148988 -0.0114997  0.0127984 1 0 0
              193.89  6.16966  9.66401 -53.1867  15.0059  19.3162 0.851202 -0.867116 -0.513859 -0.238977  0.00302763 0.000619278 -0.00653734  0.0159812 -0.0100512  0.0146325 1 0 0
              193.89  6.25772  9.63184 -53.0736  15.0157  19.2949 0.852822 -0.758426 -0.755111 -0.218593  0.00299533 0.000546519 -0.00658183   0.0127074 -0.00956889   0.0137855 1 0 0
              193.99 7.36598 9.67589 -53.194  14.9614  19.2118 0.840627  -0.683939  -0.797777 -0.0427467  0.00298334 0.000523098 -0.00656311  0.0114159 -0.0107046  0.0135038 1 0 0
              193.99  7.21801    9.631 -53.2679  14.9524  19.2132 0.847253 -0.779909 -0.784443 0.0230515   0.0030032 0.000561045 -0.00654652   0.0123862 -0.00986425   0.0126615 1 0 0
              194.09  6.80491   9.8906 -53.0211  14.8485  19.1629 0.855782 -0.853259 -0.588776  0.172897  0.00300279 0.000626716 -0.00656222  0.0147899 -0.0093331  0.0134309 1 0 0
              194.09  6.78421  9.89005 -53.0161  14.8501  19.1668 0.866211 -0.834203 -0.545984   0.28385  0.00302432 0.000634792 -0.00656206  0.0153402 -0.0100393  0.0120957 1 0 0
              194.19 3.30099 10.4015 -53.474  14.7771  19.1477 0.882445 -0.729856  -0.29848  0.160863   0.0030641 0.000673438 -0.00658172  0.0167399 -0.0113395   0.013046 1 0 0
              194.19  2.80144  10.5026 -53.6396  14.7791  19.1354 0.892284 -0.704817 -0.436932  0.268401  0.00317835 0.000605526 -0.00651613  0.0153786 -0.0107707  0.0112886 1 0 0
              194.29  2.34546  10.2065 -53.8317  14.7223  19.1066 0.935788 -0.594166 -0.359564  0.278902  0.00315083 0.000610667 -0.00652627  0.0159962 -0.0121025     0.0101 1 0 0
              194.29  2.65771  10.0605 -53.7642   14.732  19.1013 0.927119 -0.494534 -0.417668  0.191866  0.00307167 0.000627963  -0.0065386  0.0144314 -0.0127067  0.0110409 1 0 0
              194.39  2.25384  10.3655 -53.7416 14.6707 19.0608 0.91349  -0.599094  -0.440093 -0.0271664  0.00309146   0.0005932 -0.00655086 0.0146589  -0.01216 0.0130859 1 0 0
              194.39  2.31896  10.3294 -53.7923  14.6679  19.0557 0.908179  -0.630921  -0.496342 -0.0841377  0.00305298 0.000597201 -0.00653794  0.0141506 -0.0113839  0.0137396 1 0 0
              194.49 3.49513 9.64581 -53.818 14.6067 19.0029 0.89927 -0.634609 -0.544797  -0.15866  0.00300533 0.000602059 -0.00652311  0.0140058 -0.0114879   0.013331 1 0 0
              194.49  3.48381  9.50269 -53.7475  14.6013  19.0011 0.894619 -0.693311 -0.563175 -0.208358  0.00299514 0.000650174 -0.00654956  0.0141038 -0.0106968  0.0139858 1 0 0
              194.59  5.24017  10.1308 -54.0168  14.5295  18.9308 0.871753  -0.69057  -0.67118 -0.237856   0.0029362 0.000628555 -0.00657832  0.0136419 -0.0100812  0.0138412 1 0 0
              194.59  5.07043  10.2752 -54.1981    14.52  18.9363 0.871857 -0.791467 -0.611022 -0.239891  0.00296635 0.000617492 -0.00651907   0.0150233 -0.00939579    0.014055 1 0 0
              194.69  5.59148  10.2259 -53.4643  14.4317  18.9011 0.848028 -0.851433 -0.525501 -0.146523  0.00298163 0.000657679 -0.00653273   0.016901 -0.0100324  0.0147943 1 0 0
              194.69  5.46924  10.1865 -53.4023  14.4352  18.8927 0.853881  -0.809859  -0.620139 -0.0832723  0.00301621 0.000637186 -0.00655274   0.0157385 -0.00988232   0.0137056 1 0 0
              194.79  4.21158  10.6587 -53.0749  14.3372  18.8446 0.847275 -0.914273 -0.571783 0.0598279  0.00299217 0.000689609 -0.00654054   0.0171774 -0.00955812   0.0144679 1 0 0
              194.79   3.9013  10.7813 -53.1153  14.3531  18.8274 0.856138 -0.727239 -0.767417  0.161172  0.00310412  0.00055386 -0.00651813   0.014095 -0.0102623  0.0126089 1 0 0
              194.89  1.93545  12.3046 -53.4167  14.2937  18.7946 0.859372 -0.614027 -0.439486 0.0666711  0.00313783 0.000590169 -0.00651084  0.015723 -0.012105 0.0139941 1 0 0
              194.89  1.87756  12.3717 -53.4789  14.3076  18.7745 0.871901 -0.462639 -0.668013  0.206134  0.00314434 0.000477357 -0.00647257  0.0126339 -0.0122082  0.0115251 1 0 0
              194.99  2.45139  11.2415 -53.7072  14.2658   18.735 0.905139 -0.426286 -0.483984  0.222266 0.00313935 0.00052565 -0.0064721   0.013959 -0.0134963  0.0108552 1 0 0
              194.99  2.76452  11.0028 -53.6403  14.2651  18.7233 0.904066 -0.437209 -0.618572  0.211506  0.00302429 0.000572285 -0.00649793  0.0125601 -0.0124035   0.010676 1 0 0
              195.09  2.83721   9.5589 -54.2434 14.1964 18.6566 0.89751  -0.576252  -0.642164 -0.0292402  0.00306151 0.000588804 -0.00649316   0.012899 -0.0106051  0.0122073 1 0 0
              195.09 2.93459 9.51437 -54.235  14.1908  18.6542 0.897647  -0.636752   -0.67012 -0.0293076  0.00301595 0.000606048 -0.00650178   0.0130358 -0.00975471    0.012204 1 0 0
              195.19 4.69739  9.2219 -53.711  14.1169  18.6168 0.882127 -0.728103 -0.556096 -0.142341  0.00303353 0.000631062  -0.0064813  0.0149951 -0.0105456  0.0132222 1 0 0
              195.19  4.86108  9.27927 -53.5225  14.1162  18.6166 0.877328 -0.737815 -0.559566 -0.193196  0.00298876 0.000609701 -0.00653851  0.0149239 -0.0103954    0.01389 1 0 0
              195.29  5.95418  9.00554 -52.5189   14.031  18.5557 0.861018  -0.82583 -0.593369 -0.147279  0.00297985 0.000603068 -0.00654798   0.0150322 -0.00975927   0.0137665 1 0 0
              195.29  5.87167  8.94449 -52.4222  14.0357   18.558 0.863974 -0.774337 -0.567208 -0.115226  0.00302706 0.000617353 -0.00657679  0.0149948 -0.0105364  0.0133926 1 0 0
              195.39  5.64581  8.94991 -51.3425  13.9646  18.5086 0.853832  -0.786158  -0.539842 0.00257159  0.00302861 0.000626214 -0.00657108  0.0150733 -0.0112696  0.0137572 1 0 0
              195.39  5.42387  9.06485 -51.3859  13.9682  18.5095 0.859779 -0.743429 -0.528808 0.0692671  0.00311002 0.000587842  -0.0065516  0.0150161 -0.0118656  0.0129166 1 0 0
              195.49  6.14557   9.3574 -51.1404  13.8936  18.4551 0.878624  -0.68212 -0.514577  0.235285  0.00311002 0.000587842  -0.0065516  0.0150161 -0.0118656  0.0129166 1 0 0
              195.49  6.27375  9.35251 -51.2205  13.8927  18.4517 0.878362  -0.69245 -0.554548  0.232634  0.00305482 0.000582204 -0.00652829  0.0146895 -0.0114724  0.0128621 1 0 0
             195.591  3.11544  9.94422 -51.8239 13.8293 18.4016 0.89786 -0.606372 -0.451605  0.147711  0.00304143 0.000585766 -0.00652725 0.0146554 -0.011406 0.0127109 1 0 0
             195.591  2.62592  9.96711 -51.8818  13.8251   18.399 0.898417 -0.649328 -0.478561   0.15275  0.00319317 0.000580814 -0.00650878  0.0147237 -0.0107088  0.0125775 1 0 0
              195.69  1.93965  9.64178 -52.0128  13.7681  18.3635 0.911181 -0.620986 -0.445111  0.073125  0.00321355 0.000583545 -0.00649947  0.0151639 -0.0117312  0.0126473 1 0 0
              195.69  2.31099  9.64884 -51.9653  13.7649  18.3625 0.907284 -0.656661 -0.458242 0.0305579  0.00310124 0.000581332 -0.00651437  0.0152095 -0.0112092  0.0132523 1 0 0
              195.79  2.65295  9.59739 -52.2043   13.696  18.3137 0.917356   -0.684489   -0.508414 -0.00125921  0.00308285 0.000596511 -0.00652681   0.015395 -0.0111254  0.0124379 1 0 0
              195.79  2.71355  9.59773 -52.2085  13.6954  18.3105 0.911173  -0.693797  -0.545833 -0.0677398   0.0030532 0.000589021 -0.00652724  0.0149381 -0.0107275   0.013246 1 0 0
              195.89 3.62937 9.76372 -51.666  13.6333  18.2629 0.912293  -0.625849    -0.5509 -0.0866877  0.00306687 0.000580795 -0.00651858  0.0153695 -0.0114614  0.0124024 1 0 0
              195.89  3.61421  9.71518 -51.5417  13.6349   18.259 0.903975 -0.612853 -0.597059 -0.176565  0.00307292 0.000580364 -0.00655789 0.0145881 -0.011192 0.0134817 1 0 0
              195.99  3.26453  9.83104 -50.5755  13.5746  18.1981 0.878853 -0.615089  -0.65376 -0.186585  0.00306995  0.00059711 -0.00655359  0.0146194 -0.0112125  0.0139943 1 0 0
              195.99  3.09913  9.91925 -50.5448  13.5707  18.1917 0.876126 -0.659711 -0.729376    -0.218  0.00309859  0.00055852 -0.00656218  0.0141278 -0.0101291  0.0142659 1 0 0
              196.09 3.66304 10.3228 -50.585  13.5096  18.1251 0.857886  -0.658036  -0.747651 -0.0604618  0.00309111 0.000567388 -0.00655522   0.014423 -0.0109913   0.014774 1 0 0
              196.09  3.67136  10.3739 -50.7843  13.5069  18.1208 0.862744   -0.688611   -0.797417 -0.00730662  0.00306109 0.000549329 -0.00649534  0.0142864 -0.0103372  0.0139851 1 0 0
              196.19  2.69981  11.4896 -49.8798 13.4353 18.0439  0.8718 -0.687049 -0.756716   0.13805  0.00305342 0.000589017 -0.00652178  0.0144934 -0.0104203   0.014093 1 0 0
              196.19 2.50162 11.7586 -49.851  13.4395  18.0453 0.882497 -0.635862 -0.741558  0.249958  0.00313591   0.0004993 -0.00652377  0.0145376 -0.0111198  0.0126153 1 0 0
              196.29 -0.776835   11.9111  -50.9515  13.4032  17.9659 0.918166 -0.506433 -0.653545  0.241958  0.00319149 0.000463619 -0.00652681  0.0128865 -0.0119173  0.0112064 1 0 0
              196.29 -0.851159   11.7377  -51.0392  13.3891   17.975 0.919574 -0.665881  -0.54726  0.256902    0.003193  0.00057146 -0.00652134  0.0152077 -0.0111531  0.0114411 1 0 0
              196.39 -0.0897156    10.0812   -53.2407  13.3201  17.9224 0.939985 -0.699079 -0.512012  0.118644    0.003193  0.00057146 -0.00652134  0.0152077 -0.0111531  0.0114411 1 0 0
              196.39 0.319393  9.86889 -53.4588 13.3134 17.9312 0.93528 -0.773697 -0.414053 0.0670247  0.00305775 0.000673669 -0.00645644  0.0166299 -0.0112042   0.012428 1 0 0
              196.49  1.19453  8.25674 -54.1812  13.2211  17.8861 0.929895  -0.907668  -0.460812 -0.0599337  0.00304492  0.00067999 -0.00646245 0.0168637 -0.010418 0.0128353 1 0 0
              196.49   1.2177  8.32751 -53.8964  13.2245  17.8892 0.921589 -0.872429   -0.4258 -0.144811  0.00306089 0.000658731 -0.00654562  0.0167859 -0.0110876  0.0139717 1 0 0
              196.59  3.17444   8.0208 -53.5999  13.1366   17.844 0.905911 -0.880073 -0.457192 -0.177282  0.00306089 0.000658731 -0.00654562  0.0167859 -0.0110876  0.0139717 1 0 0
              196.59  3.20145  8.16907 -53.5774  13.1437  17.8364 0.897977 -0.802106 -0.546425 -0.260907  0.00305389 0.000577543  -0.0065571  0.0151371 -0.0112848  0.0148756 1 0 0
              196.69 3.60973 8.45666 -52.469   13.051  17.7948 0.861762 -0.959692 -0.501391 -0.238285  0.00306568 0.000631284 -0.00656167  0.0161159 -0.0114419  0.0159885 1 0 0
              196.69  3.51509  8.60372 -52.4472   13.061  17.7828 0.863709 -0.848251 -0.639378  -0.21685  0.00310136 0.000533588 -0.00656859  0.0139106 -0.0116344   0.015427 1 0 0
              196.79 4.88297 8.43332 -51.678  12.9751  17.7206 0.852578  -0.824493   -0.59254 0.00635339  0.00310136 0.000533588 -0.00656859  0.0139106 -0.0116344   0.015427 1 0 0
              196.79  4.79511  8.46854 -51.6991  12.9772  17.7128 0.863379 -0.802493 -0.683039  0.118298  0.00311879 0.000490964 -0.00656492  0.0130302 -0.0112787  0.0137553 1 0 0
              196.89  2.99477  9.30806 -50.8926  12.9056  17.6495 0.877412 -0.656282 -0.582091  0.122766  0.00311879 0.000490964 -0.00656492  0.0130302 -0.0112787  0.0137553 1 0 0
              196.89   2.7244  9.32476 -50.9159 12.9026 17.6495 0.89024 -0.685827 -0.583412  0.258688  0.00318415 0.000493205 -0.00656155  0.0134962 -0.0111044  0.0119665 1 0 0
              196.99  1.76086  9.32771 -50.4593  12.8403  17.6023 0.913941 -0.629983 -0.514925  0.179312  0.00318546  0.00048953 -0.00656902 0.0138702 -0.011807 0.0119968 1 0 0
              196.99  1.97608    9.197 -50.5541  12.8381  17.6123 0.920364 -0.651428 -0.401467  0.247157  0.00312465 0.000557174 -0.00654891   0.015325 -0.0125563  0.0113401 1 0 0
              197.09  1.63174  9.75849 -50.7085  12.7651  17.5859 0.919864 -0.717029 -0.341246  0.065186  0.00315524 0.000543331  -0.0065455  0.0161629 -0.0127079  0.0128807 1 0 0
              197.09  1.78744  9.66104 -50.7127 12.7676 17.5824 0.91825  -0.69117 -0.383288  0.048822  0.00310552 0.000560775 -0.00654472  0.0154865 -0.0126465  0.0129924 1 0 0
              197.19  2.38863  8.82175 -51.6489  12.7032  17.5554 0.932981  -0.646077  -0.324414 0.00953661  0.00310281 0.000538982 -0.00652858  0.0160986 -0.0133342  0.0120106 1 0 0
              197.19  2.42564  8.61248 -51.6025 12.7004 17.5442 0.92672  -0.677018  -0.453779 -0.0623922  0.00306366 0.000581191 -0.00655153  0.0148528 -0.0119743  0.0127386 1 0 0
              197.29 3.39855 8.28975 -51.911  12.6338  17.4943 0.916304 -0.658934 -0.550289   -0.1329  0.00306366 0.000581191 -0.00655153  0.0148528 -0.0119743  0.0127386 1 0 0
              197.29  3.50594  8.34065 -51.8918  12.6333  17.4877 0.908044 -0.668137  -0.62758 -0.222812  0.00301702 0.000550029 -0.00655798 0.0139514 -0.011236 0.0137885 1 0 0
              197.39  4.56913  8.44832 -51.1348  12.563  17.419 0.88317 -0.710014 -0.736459 -0.139024  0.00304507 0.000544496 -0.00655214  0.0138881 -0.0110527  0.0142771 1 0 0
              197.39  4.62087  8.41619 -51.0348 12.5588 17.4163 0.88134   -0.7546 -0.768778 -0.158838  0.00301607 0.000551597 -0.00658377  0.0138591 -0.0103283   0.014495 1 0 0
              197.49  4.73703  9.51377 -50.3388  12.4785  17.3359 0.874602 -0.798382 -0.826328  0.041201  0.00300938 0.000550411 -0.00658924  0.0139866 -0.0100847  0.0145101 1 0 0
              197.49  4.55723  9.63025 -50.3709  12.4793  17.3414 0.878579 -0.788209 -0.763586 0.0855657  0.00308244 0.000535449 -0.00657541  0.0146255 -0.0106814  0.0140572 1 0 0
              197.59  2.87156  11.0643 -51.2914  12.4011  17.2714 0.889457 -0.746602 -0.638556  0.067849  0.00307973  0.00054151 -0.00657215  0.0148239 -0.0106544  0.0139677 1 0 0
              197.59  2.70001  11.0746 -51.4339  12.4076  17.2759 0.895271  -0.67594 -0.584616  0.131278  0.00315644 0.000540021 -0.00652581  0.0149527 -0.0118372  0.0132317 1 0 0
              197.69  2.70456  10.3459 -51.4583  12.3333  17.2292 0.899792 -0.700899 -0.486841 0.0328076   0.0031771 0.000566891 -0.00655121  0.0155167 -0.0117589  0.0137253 1 0 0
              197.69  2.95736  10.2746 -51.4826   12.344   17.233 0.900029 -0.591755 -0.443346 0.0361225  0.00312629 0.000579378 -0.00653387  0.0151162 -0.0132684  0.0136789 1 0 0
              197.79  4.20524  9.83866 -53.6605   12.286  17.1882 0.896658  -0.587057  -0.451084 -0.0921509  0.00312629 0.000579378 -0.00653387  0.0151162 -0.0132684  0.0136789 1 0 0
              197.79  4.25978  9.85655 -53.7785  12.2826   17.184 0.899702   -0.62069  -0.500805 -0.0607082  0.00308809 0.000572424 -0.00650126  0.0149383 -0.0125583  0.0131903 1 0 0
              197.89  6.00762  9.54973 -52.6283  12.1957  17.1549 0.890841 -0.763982 -0.438716  -0.11484  0.00311414 0.000606381 -0.00650955  0.0171051 -0.0122709  0.0135719 1 0 0
              197.89  6.13742  9.53811 -52.4088  12.2039  17.1361 0.890236 -0.678664 -0.652005 -0.119745   0.0030692 0.000548277 -0.00658374  0.0141882 -0.0116458  0.0130835 1 0 0
              197.99  6.50958  9.61362 -51.6086  12.1339  17.0691 0.878624  -0.723156  -0.675941 -0.0866425   0.0030692 0.000548277 -0.00658374  0.0141882 -0.0116458  0.0130835 1 0 0
              197.99  6.39084  9.60577 -51.6016 12.1372 17.0578  0.8805  -0.687894  -0.801119 -0.0652656  0.00309511 0.000514629 -0.00658854  0.0126526 -0.0111249   0.012473 1 0 0
              198.09  5.61536  9.76594 -50.6657  12.043 17.0166 0.86377  -0.831373  -0.594798 0.00213911   0.0031658 0.000543313 -0.00661569  0.0155852 -0.0111216  0.0141274 1 0 0
              198.09  5.75685  9.64516 -50.7614  12.0588  17.0019 0.869264 -0.670162 -0.761522  0.057433  0.00312918 0.000504228 -0.00658148  0.0127941 -0.0116616  0.0129771 1 0 0
              198.19  5.69607  9.88125 -50.6259   11.992   16.928 0.887737 -0.586542 -0.703317   0.21158  0.00311738 0.000504163 -0.00658017  0.0129629 -0.0116663  0.0129207 1 0 0
              198.19  5.57494  9.88191 -50.7433  11.9936  16.9233 0.892949 -0.569991 -0.756981  0.267053   0.0031408 0.000488132 -0.00654275   0.012427 -0.0114981  0.0120531 1 0 0
              198.29  2.90611  9.59323 -50.4569  11.9382  16.8472 0.920964 -0.498643 -0.725378  0.224923  0.00312966 0.000475544 -0.00655054  0.0123902 -0.0111327  0.0116795 1 0 0
              198.29  2.79191  9.53974 -50.4443   11.936  16.8611 0.918749  -0.51924 -0.568965  0.199856  0.00319241 0.000529523 -0.00656832  0.0140811 -0.0120972  0.0124004 1 0 0
              198.39  2.14324  10.2984 -49.5121  11.9023  16.8175 0.939144 -0.422377 -0.547447 0.0854258  0.00316071 0.000517483 -0.00657256  0.0143777 -0.0136663  0.0120499 1 0 0
              198.39   2.1491  10.2865 -49.4917  11.8907  16.8213 0.932476 -0.538474 -0.505132 0.0165018    0.003144 0.000546574 -0.00658663  0.0155785 -0.0127505  0.0131308 1 0 0
              198.49  2.63121  10.3812 -48.5619 11.8383 16.7767 0.91203 -0.549146 -0.528115 -0.168044  0.00316199 0.000531002 -0.00656899  0.015759 -0.013286 0.0144127 1 0 0
              198.49   2.7556  10.2972 -48.4503  11.8316  16.7707 0.913462 -0.625244 -0.598554 -0.155778  0.00310644 0.000553379 -0.00660608  0.0156982 -0.0119398   0.014184 1 0 0
              198.59   3.8988  10.6821 -47.3892   11.775  16.7203 0.876123 -0.572465 -0.628971 -0.325456  0.00309179 0.000531193  -0.0066101  0.0160981 -0.0127971  0.0154121 1 0 0
              198.59 3.84294 10.6738 -47.395  11.7732   16.705 0.883083 -0.597225 -0.801921 -0.256112  0.00307906 0.000505949 -0.00661324  0.014764 -0.011108 0.0141274 1 0 0
              198.69  4.93775  11.8182 -45.9024  11.7054  16.6148 0.859192 -0.622386 -0.914055 -0.155346  0.00306712 0.000507807 -0.00661728  0.0148342 -0.0103491  0.0142191 1 0 0
              198.69  4.82101    11.83 -45.9228  11.7108  16.6039 0.866338  -0.568403   -1.03807 -0.0799234  0.00309211 0.000468541 -0.00661315   0.0133918 -0.00987893   0.0128786 1 0 0
             198.791  3.71947   11.551 -45.6817  11.6507  16.5024 0.865758 -0.629987  -1.04772  0.180658  0.00309055 0.000479802 -0.00660415  0.0135898 -0.0100006  0.0133809 1 0 0
             198.791  3.55657  11.4693 -45.7864  11.6549  16.5072 0.871479 -0.583487 -0.990667  0.239755  0.00315461 0.000514521 -0.00657023  0.013858 -0.010964 0.0127129 1 0 0
              198.89  1.64621  11.3648 -47.3421  11.5992  16.4139 0.897141 -0.543043 -0.871204  0.202958  0.00315167 0.000511709 -0.00656986  0.0139076 -0.0111213  0.0127376 1 0 0
              198.89   1.5352  11.3706 -47.5231  11.5996  16.4222 0.901888 -0.534933 -0.777797  0.251432  0.00317523 0.000512325 -0.00651562   0.014905 -0.0121284  0.0122866 1 0 0
              198.99  1.18823  9.82443 -47.9195  11.5384   16.363 0.926062 -0.601999 -0.606922  0.188426  0.00316972 0.000503002 -0.00651355  0.0158377 -0.0124841  0.0122156 1 0 0
              198.99  1.34349  9.59725 -47.8018  11.5401  16.3638 0.928874 -0.584217 -0.596873  0.218391  0.00313197 0.000569914  -0.0065488  0.0158404 -0.0127697  0.0118111 1 0 0
              199.09 2.85474 8.58051  -48.99  11.4826   16.298 0.941944 -0.560746 -0.621659 0.0778159   0.0031193 0.000574071 -0.00655942  0.0155181 -0.0123525  0.0118735 1 0 0
              199.09  3.09504  8.67221 -49.0381  11.4851  16.3012 0.938093 -0.534513 -0.586264 0.0385443  0.00304222 0.000546636 -0.00653922  0.0155601 -0.0129321  0.0124216 1 0 0
              199.19  5.01238   8.0185 -48.8166  11.4139  16.2578 0.932934  -0.656355  -0.525025 -0.0699022  0.00301298 0.000544823 -0.00652344  0.0169767 -0.0128805  0.0129814 1 0 0
              199.19  4.96907  7.92801 -48.6647  11.4223  16.2477 0.924324 -0.567717 -0.634195 -0.154679  0.00303509 0.000584307  -0.0065803  0.0147949 -0.0127906  0.0139007 1 0 0
              199.29  6.66262  8.09909 -48.8104  11.3715  16.1783 0.892828 -0.565688 -0.700068 -0.249776  0.00298698 0.000553076 -0.00657083  0.0141103 -0.0129785  0.0147945 1 0 0
              199.29  6.49781  8.05737 -48.8319  11.3675  16.1695 0.890993 -0.606777 -0.794848 -0.268282    0.003049 0.000571588 -0.00656554  0.0134158 -0.0116355  0.0148463 1 0 0
              199.39  7.86764  8.54518 -48.3355  11.2979  16.0885 0.873096 -0.702929 -0.853676 -0.135532  0.00303435 0.000576641 -0.00656776  0.0137969 -0.0113826  0.0144919 1 0 0
              199.39 7.75022 8.62231 -48.322  11.2972  16.0879 0.874547 -0.708679 -0.861508 -0.120821  0.00307536 0.000550582 -0.00656905  0.0138031 -0.0112609  0.0142603 1 0 0
              199.49  9.27821  9.53609 -48.2036  11.2239  15.9997 0.877079 -0.704998 -0.853431  0.160466  0.00307536 0.000550582 -0.00656905  0.0138031 -0.0112609  0.0142603 1 0 0
              199.49  9.33031   9.5549 -48.2449  11.2205  16.0027 0.884242 -0.735923 -0.823177  0.230435   0.0030555 0.000544379 -0.00655338  0.0145441 -0.0113491  0.0133406 1 0 0
              199.59  5.82005  10.1619 -48.9495  11.1697  15.9547 0.915206 -0.530853  -0.51184  0.202301  0.00305957 0.000546428 -0.00655699  0.0153576 -0.0132837  0.0129561 1 0 0
              199.59   5.5479  10.1192 -48.9866  11.1703  15.9532 0.915411  -0.52424 -0.527453  0.204579   0.0031491 0.000562519 -0.00654651  0.0151373 -0.0131992  0.0128658 1 0 0
              199.69   4.4605  9.83757 -48.7955  11.1094  15.9136 0.928418 -0.580643 -0.451069 0.0969426  0.00317959 0.000553323 -0.00656152  0.0160287 -0.0133219  0.0133647 1 0 0
              199.69 4.65708 9.78194 -48.685  11.1107  15.9037 0.929206 -0.566153 -0.561093  0.107272  0.00312351 0.000576731 -0.00659499   0.014733 -0.0125357  0.0128985 1 0 0
             199.791  4.32259  9.42682 -49.2987  11.0525   15.836 0.932639   -0.595286   -0.643001 -0.00119049  0.00313603 0.000579826 -0.00658112  0.0141844 -0.0119787  0.0127789 1 0 0
             199.791  4.47683  9.49361 -49.3861  11.0496  15.8324 0.930579  -0.626444  -0.683361 -0.0224481  0.00308326 0.000560919 -0.00655062  0.0139858 -0.0112621  0.0130008 1 0 0
             199.891  5.30306  8.54702 -48.8637  10.9986  15.7898 0.936794  -0.562659  -0.594494 -0.0518014  0.00303919 0.000559847 -0.00656165  0.0151937 -0.0134107  0.0124213 1 0 0
             199.891   5.3458  8.42802 -48.7238  10.9949  15.7812 0.926965 -0.605311 -0.687851 -0.152688  0.00303341   0.0005961 -0.00661183  0.0143251 -0.0120027  0.0136427 1 0 0
              199.99  5.75965  8.93029 -48.4603  10.9305  15.7137 0.890101 -0.621737 -0.732502 -0.277987   0.0030461 0.000576768 -0.00660579  0.0145867 -0.0118013  0.0151008 1 0 0
              199.99 5.71847 9.01294 -48.448 10.9298 15.7053 0.88881 -0.629387 -0.833535 -0.292092  0.00306268 0.000549863 -0.00660733  0.0135553 -0.0107932   0.015053 1 0 0
              200.09  6.87902  9.59965 -48.1556   10.86  15.618 0.87185 -0.682733 -0.918471 -0.100586  0.00307277 0.000542007  -0.0066074  0.0138848 -0.0104942  0.0146912 1 0 0
              200.09  6.97225   9.6091 -48.2035  10.8568   15.614 0.877391  -0.714858  -0.963819 -0.0440797  0.00303727 0.000539446 -0.00659239   0.0138203 -0.00984807   0.0137734 1 0 0
              200.19  6.46548   10.348 -48.6035   10.783  15.5156 0.883769 -0.758911 -0.988462  0.136954  0.00303727 0.000539446 -0.00659239   0.0138203 -0.00984807   0.0137734 1 0 0
              200.19 6.25207 10.3312 -48.707 10.7876 15.5193 0.89067 -0.705423 -0.944488  0.210602  0.00312749 0.000548581  -0.0065592  0.0139512 -0.0108025  0.0129245 1 0 0
              200.29  4.74683  11.7951 -50.8595   10.691  15.4804 0.881985   -0.845634   -0.514004 -0.00110054  0.00314537 0.000620844  -0.0065836  0.0171903 -0.0111981  0.0154254 1 0 0
              200.29  4.60968  11.8243 -51.1416  10.7114  15.4682 0.895448 -0.623945 -0.641616  0.141987  0.00318877 0.000538808 -0.00647539  0.0145057 -0.0126007   0.013156 1 0 0
              200.39  6.37934  11.0304 -53.2982  10.6733  15.4299 0.924482 -0.526053 -0.449961  0.115393  0.00318912 0.000539419 -0.00648316  0.0146592 -0.0151975  0.0121526 1 0 0
              200.39  6.53534  10.8735 -53.2792  10.6767   15.417 0.926439 -0.492639 -0.592713  0.137131  0.00312281 0.000554989 -0.00649413  0.0129789 -0.0144718  0.0114486 1 0 0
              200.49  7.79269  9.18502 -55.9499  10.6537  15.3291 0.940625 -0.408268 -0.734429 0.0388258  0.00305676 0.000505768 -0.00647056  0.0103401 -0.0147838  0.0102603 1 0 0
              200.49  7.65273  9.01271 -56.0079  10.6268  15.3398 0.930316  -0.694851  -0.618019 -0.0797706   0.0030728 0.000629567 -0.00647601   0.013369 -0.0123009  0.0121719 1 0 0
              200.59  10.3528  8.31891 -56.9569  10.5272  15.2826 0.926821  -0.842106  -0.641238 -0.0570117  0.00304235 0.000652905 -0.00648804  0.0149546 -0.0110639  0.0120408 1 0 0
              200.59  10.4686  8.40332 -56.7795  10.5159  15.2876 0.912304 -0.962985 -0.587769 -0.207132  0.00299536 0.000650817 -0.00654087   0.0160629 -0.00977001   0.0140737 1 0 0
              200.69  10.0912  8.50128 -55.4402  10.4467  15.2151 0.878992  -0.82175 -0.698417 -0.198479  0.00300017 0.000591398 -0.00652266  0.0143719 -0.0106846    0.01501 1 0 0
              200.69  9.67072  8.45601 -55.1363   10.436  15.2168 0.880191 -0.934738 -0.681454 -0.190411  0.00311477 0.000614775 -0.00662199   0.0153093 -0.00950516   0.0148032 1 0 0
              200.79  10.1754  9.28531 -52.4402  10.3409  15.1506 0.873334 -0.951102 -0.691948  0.057663  0.00311741 0.000615007 -0.00662853   0.0155801 -0.00964979    0.014742 1 0 0
