            0.389957  3.46642  15.0187 0.362874 -0.00077975 -0.00497681  0.00291533 0.00157195  0.0030588 0.00447805  7.03183e-10 -3.52768e-08 -8.73894e-09  6.59982e-09  2.33695e-08 -1.22366e-08 1 0 0 7359
            0.389957  3.46642  15.0187 0.362874 -0.00077975 -0.00497681  0.00291533 0.00157195  0.0030588 0.00447805  7.03183e-10 -3.52768e-08 -8.73894e-09  6.59982e-09  2.33695e-08 -1.22366e-08 1 0 0 0
            0.489962  3.52716  14.9769 0.280471 -0.00663213   0.0107403 -0.00180767  -0.0493322   0.0917722 -0.00857248 -1.25704e-05 -1.73254e-06  6.26287e-06  6.23058e-06 -1.22685e-05  4.45272e-06 1 0 0 7319
            0.489962  3.53066    15.03 0.458509  -0.0100024   -0.003342 -0.00105037   -0.069968   0.0142426 -0.00517852 -6.35133e-06 -8.34915e-06 -7.23905e-06  9.35419e-06 -1.26183e-06  4.13012e-06 1 0 0 0
            0.589916  3.54994  15.0074 0.453048  -0.0130666  0.00492514 -0.00202237  -0.0419454   0.0687436 -0.00823209 -1.19466e-05 -7.91354e-06  4.25161e-07 -1.06549e-06 -1.93034e-05  3.67061e-06 1 0 0 7360
            0.589916  3.55343  14.9638 0.501756  -0.0176282  0.00530589 -0.00357249 -0.0736916  0.0711097 -0.0210555 -1.01733e-05  -3.6545e-06 -6.03911e-06   9.7093e-06 -2.01606e-05  9.89422e-06 1 0 0 0
            0.690405  3.58821  14.8585 0.507423  -0.0166104   0.0100435 -0.00819709 -0.0186563  0.0568147 -0.0378786  -1.5252e-05  5.01476e-06 -3.46423e-07 -5.80617e-05 -1.20674e-05   6.1486e-06 1 0 0 7452
            0.690405  3.66169  14.9302 0.564544  -0.0206487  0.00833833 -0.00441111 -0.0442221   0.042953 -0.0147938 -2.05633e-05 -8.54732e-06 -7.71296e-06 -1.84901e-05  1.72295e-06  -3.4155e-06 1 0 0 0
            0.789947   3.6195  14.8508 0.324348  -0.0158129  0.00796498 -0.00439675   0.0182928   0.0147493 -0.00287176 -2.29091e-05 -1.67296e-06  1.32517e-05 -0.000189653   4.8182e-05 -7.83696e-05 1 0 0 7414
            0.789947  3.67807  14.8961 0.477537  -0.0196198   0.0209727 -0.00435001 -0.00298388   0.0934329 -0.00314288 -2.45908e-05 -7.23082e-06 -5.63269e-07 -0.000136839 -0.000133049 -5.33093e-05 1 0 0 0
            0.889948  3.56618  14.8315 0.354746  -0.0141962   0.0200409 -0.00533813    0.037747   0.0320814 -0.00477122 -1.49395e-05 -1.49383e-06 -1.57656e-06 -0.000256432  3.75533e-05 -9.21096e-05 1 0 0 7400
            0.889948 3.53301 14.8679 0.35401  -0.0165063   0.0169364 -0.00657975   0.022479  0.0158334 -0.0125424 -1.13728e-05 -4.13906e-06 -2.14966e-06 -0.000208783  9.05747e-05 -5.66232e-05 1 0 0 0
            0.990273  3.63851  14.7705 0.310021  -0.0117879   0.0116814 -0.00478629  0.0417356 -0.0230897 0.00843925  -1.5708e-05 -4.65883e-06 -1.45801e-05 -0.000265898  0.000223694 -0.000148711 1 0 0 7356
            0.990273  3.65905  14.7463 0.289196 -0.0206349  0.0153932 -0.0113351   -0.0202968 -0.000679003   -0.0319502 -1.68755e-05   3.8418e-06 -1.23285e-05 -7.53173e-05  0.000148144  6.99543e-05 1 0 0 0
             1.09014  3.66802  14.7913 0.242649 -0.0174435   0.010033 -0.0062917  0.0281993 -0.0347451  0.0263578 -1.44172e-05 -5.24968e-06 -1.88158e-05 -0.000164196  0.000263436 -0.000218079 1 0 0 7296
             1.09014  3.62099  14.7711 0.265918  -0.0187662  0.00522809 -0.00712317  0.0186107 -0.0665887  0.0185355 -1.07291e-05 -2.55527e-06 -2.20848e-05 -0.000136925  0.000393078 -0.000184561 1 0 0 0
             1.18994 3.73881 14.7088 0.28303  -0.0163911   0.0034589 -0.00402658  0.0263055 -0.0270266  0.0284229 -1.58376e-05 -4.77823e-06 -2.70476e-05 -0.000149933  0.000236731 -0.000221517 1 0 0 7321
             1.18994  3.68402  14.6891 0.315503  -0.0146716  0.00359181 -0.00675416  0.0402399 -0.0258594 0.00773474 -8.42025e-06 -3.93488e-06 -3.08044e-05 -0.000224306  0.000238043 -0.000152391 1 0 0 0
             1.29029  3.69135  14.6392 0.307447   -0.011526  0.00607981 -0.00475936 0.0379909 0.0120702 0.0187874 -8.12363e-06 -1.89224e-06 -2.65674e-05 -0.000182324  7.91232e-05 -0.000172253 1 0 0 7383
             1.29029  3.69135  14.6392 0.307447   -0.011526  0.00607981 -0.00475936 0.0379909 0.0120702 0.0187874 -8.12363e-06 -1.89224e-06 -2.65674e-05 -0.000182324  7.91232e-05 -0.000172253 1 0 0 0
             1.39007  3.69752  14.6247 0.266102 -0.00937678  0.00715324 0.000412055  0.0237818 0.00944912   0.046538 -4.27754e-06 -2.85661e-06 -3.10525e-05 -0.000107153  6.12044e-05 -0.000264367 1 0 0 7221
             1.39007  3.64721  14.5926 0.255923 -0.00850013   0.0011613 -0.00409958  0.0295199 -0.0385453 0.00661745 -1.62857e-06  5.53846e-07 -3.08718e-05 -0.000168697  0.000255071 -0.000127588 1 0 0 0
             1.48999 3.72153 14.6176 0.23189  -0.0115111  0.00271735 -0.00220018 -0.0130127 0.00115923  0.0162658 -1.15025e-06  7.58423e-07 -3.68044e-05  2.79711e-05  8.45275e-05 -0.000123913 1 0 0 7229
             1.48999  3.73451  14.6752 0.229008    -0.015276 -0.000303489   0.00496006 -0.0394715 -0.0205294  0.0823682  -4.0143e-06 -4.38441e-06 -3.64557e-05   0.00019541  0.000151777 -0.000359899 1 0 0 0
             1.59028  3.72073  14.6019 0.189513 -0.0189067  0.0013406 0.00639835 -0.0413075 0.00575161  0.0266048  6.89735e-06 -5.55316e-08 -4.35469e-05  0.000131979  7.35842e-05 -0.000120688 1 0 0 7259
             1.59028  3.74264   14.587 0.195455 -0.0201105  0.0030631 0.00238106  -0.0531889   0.0172519 -0.00781837  5.17412e-06  2.36222e-06 -4.41964e-05 0.000140456  3.7929e-05 2.86591e-05 1 0 0 0
              1.6902 3.74828 14.5985 0.15083   -0.0204847   0.00923112 -0.000244423 -0.00966433   0.0582965  -0.0241581  1.00763e-05 -2.00217e-06 -4.37716e-05 -2.67685e-05  -0.00013032  5.38042e-05 1 0 0 7288
              1.6902  3.74538  14.5894 0.242647  -0.0177624 -0.00200849 -0.00267308  0.0130092  -0.048877 -0.0459029  6.24474e-06 -3.16018e-06 -5.60335e-05 -0.00013316 0.000287834 8.99237e-05 1 0 0 0
             1.78999  3.80493  14.4929 0.130449  -0.0164672 -0.00177968 -0.00523728   0.0124225 -0.00922877  -0.0235642  5.80481e-06  2.26052e-06 -5.11224e-05 -0.000118019   0.00012012  2.47997e-05 1 0 0 7191
             1.78999  3.77918  14.4642 0.191476 -0.00752956    0.004551 -0.00405811   0.0853979   0.0392441 -0.00406205  1.36987e-05  5.13252e-07 -5.73284e-05 -0.000373687 -7.57219e-05 -0.000111399 1 0 0 0
             1.89025   3.7532  14.4458 0.092592 -0.00995761   0.0081814 -0.00145272 0.00138353  0.0353169  0.0229685  1.16628e-05   4.1363e-06 -5.59813e-05 -4.95589e-06 -6.84451e-05 -0.000127927 1 0 0 7320
             1.89025  3.64491  14.5219 0.062684 -0.00263979    0.012905  0.00599048 0.0653628 0.0767833  0.109282   2.6007e-05  -8.4306e-06 -5.11141e-05 -0.000156652 -0.000252506  -0.00052236 1 0 0 0
             1.99011  3.76525  14.3951 0.105992 -0.0108802  0.0121453 0.00926162 -0.0433989  0.0225636  0.0487585  1.21764e-05  4.96549e-06 -6.32187e-05  0.000196918 -2.25887e-05 -0.000202719 1 0 0 7191
             1.99011  3.70584  14.4033 0.101362 -0.00887297   0.0113208   0.0106682 -0.0278339  0.0167548  0.0594982  1.88077e-05  3.05707e-06 -6.26467e-05   0.00014926 -1.72281e-06 -0.000262155 1 0 0 0
             2.09006  3.75815  14.4072 0.132988 -0.0163013  0.0129425 0.00781647 -0.0679394  0.0159572  -0.027095   1.5519e-05  6.42065e-06 -7.03731e-05 0.000225419 2.35914e-05  0.00013011 1 0 0 7184
             2.09006  3.73461  14.4525 0.118472 -0.0179954  0.0170248  0.0149562 -0.0796595   0.049839   0.042874 2.00811e-05 1.90159e-06 -6.7824e-05  0.000343976 -0.000126497 -0.000129863 1 0 0 0
              2.1903  3.76651  14.3606 0.155238 -0.0259369  0.0164943  0.0100877  -0.0840448 -0.00927003   -0.049413  1.38886e-05  5.79799e-06 -7.77167e-05 0.000290892 0.000100221 0.000232362 1 0 0 7169
              2.1903  3.71594  14.3952 0.114196 -0.0219201  0.0187519  0.0158229 -0.0401099  0.0145201 0.00924629  2.02636e-05 -8.76267e-07 -7.21034e-05  0.000183865 -1.04714e-05 -4.06168e-05 1 0 0 0
              2.2901  3.77521   14.342 0.106222 -0.0228775  0.0151839 0.00522759 -0.0181842 -0.0352008  -0.101931  1.63963e-05  5.18623e-06 -7.71712e-05 -4.18075e-07  0.000205649  0.000382986 1 0 0 7110
              2.2901  3.80263  14.4164 0.154438 -0.0267888  0.0146347  0.0130454 -0.0515434 -0.0403145   -0.02736  1.42326e-05 -1.88843e-06 -8.24448e-05 0.000207052 0.000207524 0.000115732 1 0 0 0
             2.39008  3.75266  14.3231 0.106336 -0.0264404 0.00655648 0.00340537 0.000302681  -0.0833896   -0.102481  1.66383e-05  3.72098e-06 -8.58632e-05 -3.24812e-05   0.00037079  0.000351092 1 0 0 7103
             2.39008   3.65806   14.3132 0.0873653   -0.02638 0.00174915 0.00239484 -0.000835618    -0.124226    -0.116792  2.50329e-05  5.10313e-06 -8.43487e-05 -4.28153e-05  0.000539973  0.000399431 1 0 0 0
             2.49067     3.74333     14.3276 -0.00232176  -0.0237643 -0.00549711 -0.00506051   0.023787 -0.0765869 -0.0758756 2.22413e-05  3.8194e-06 -9.0205e-05 -0.000106333  0.000335119  0.000227022 1 0 0 7183
             2.49067  3.78291  14.3592 0.049609  -0.0204919 -0.00315419  0.00334796   0.0553712  -0.0533168 0.000910482  2.05138e-05 -2.44059e-06 -9.55746e-05 -0.000147763  0.000218409 -0.000110375 1 0 0 0
              2.5901    3.75996    14.3582 -0.0686918  -0.0180501 -0.00184663  0.00285257  0.0281347 0.00623585 -0.0042548  3.18458e-05  5.51128e-06 -9.75403e-05 -3.35198e-05 -3.18395e-05 -4.14644e-05 1 0 0 7142
              2.5901      3.78884      14.4383 -0.000955375  -0.0237361 -0.00900131  0.00989645 -0.0210414 -0.0597556  0.0647591  2.58853e-05 -1.30025e-06  -0.00010627  0.000231626  0.000215569 -0.000289061 1 0 0 0
             2.68994   3.77903   14.2607 -0.114239  -0.0264212 -0.00511017  0.00851877 -0.0215428  0.0315398 -0.0212277  3.63111e-05   9.5104e-06 -0.000105974  0.000162127 -0.000126477   0.00010015 1 0 0 7204
             2.68994    3.78345    14.2795 -0.0597578  -0.0263715 -0.00819266  0.00726488 -0.0229206 0.00159171 -0.0361477  3.55572e-05  6.81054e-06 -0.000112852  0.000152361 -1.66355e-06  0.000154956 1 0 0 0
             2.79041    3.78554    14.2485 -0.0290373  -0.0253307  0.00213471 0.000472969 0.00670858  0.0907681 -0.0595022  4.28134e-05  1.17409e-05 -0.000114296  2.43437e-05 -0.000348468  0.000250486 1 0 0 7300
             2.79041   3.76981    14.282 0.0116903  -0.0266896 -0.00832933  0.00495635 -0.00178383 0.000745222  -0.0198468  4.01224e-05  7.84712e-06 -0.000120465 0.000100653 8.02414e-06 7.10012e-05 1 0 0 0
              2.8901   3.76698   14.1849 0.0838676  -0.0262797 -0.00158926  0.00210299  0.0130557  0.0648347 -0.0304505  4.23045e-05  8.85801e-06 -0.000122458  5.31799e-05 -0.000267922   0.00011671 1 0 0 7085
              2.8901   3.75704   14.2103 0.0830874  -0.0282889 -0.00513695  0.00486695 -0.00732336   0.0279638 -0.00112897  4.08529e-05  7.19808e-06 -0.000122925    0.0001646 -0.000125234  6.94261e-06 1 0 0 0
             2.99001   3.76949   14.1861 0.0259089 -0.0263152  0.0014416 0.00104509  0.0187202  0.0650093 -0.0378529  4.74985e-05  9.35612e-06 -0.000123323  2.00942e-05 -0.000280218  0.000151375 1 0 0 7190
             2.99001   3.7961  14.2287 0.092997  -0.0285773 -0.00765334  0.00842532 -0.00497349  -0.0235021   0.0373977  4.06188e-05   5.0285e-06 -0.000132589  0.000195241   6.1204e-05 -0.000160422 1 0 0 0
             3.09026  3.77579  14.2132 0.014457  -0.0254772 -0.00191517  0.00680548  0.0376308  0.0540383 -0.0200874  4.70718e-05  4.60368e-06 -0.000132886 9.46727e-06 -0.00026457 5.04908e-05 1 0 0 7310
             3.09026  3.77039  14.2112 0.044362 -0.0273656 -0.0047396 0.00609427  0.0169658  0.0247895 -0.0296179  4.67991e-05  5.97683e-06 -0.000137054  8.15818e-05 -0.000140827  0.000102966 1 0 0 0
             3.19058    3.79439    14.2658 -0.0109674 -0.0251765  0.0035123  0.0019714 0.0281786 0.0804585 -0.039329  5.06685e-05  6.57797e-06 -0.000138813  4.24808e-05 -0.000370598  0.000157039 1 0 0 7196
             3.19058  3.82708    14.26 0.070095  -0.0258438 -0.00804221 -0.00016928  0.0139762 -0.0345949 -0.0676077  4.05725e-05  7.74789e-06 -0.000150814 6.92087e-05 0.000108377 0.000258111 1 0 0 0
             3.28994    3.76162    14.2537 -0.0163505  -0.0235099 -0.00333021 -0.00437791  0.0295505  0.0460049 -0.0375165 5.16568e-05 1.47086e-05 -0.00014658  6.15044e-05 -0.000242966  0.000149669 1 0 0 7071
             3.28994    3.76536    14.3013 -0.0051526  -0.0258033  0.00255326 0.000644789 0.0115434  0.106297 0.0164602  5.62251e-05  1.01494e-05 -0.000146534  0.000191739 -0.000503105 -3.95212e-05 1 0 0 0
             3.39026    3.75847    14.3473 -0.0367234 -0.0236837  0.0134822 0.00281719 0.0247104  0.107014 0.0198664  5.83445e-05  9.84192e-06 -0.000152724  0.000167887 -0.000529169 -7.59997e-05 1 0 0 7110
             3.39026    3.76272    14.3538 -0.0265351   -0.022511  0.00661046 0.000781049   0.0341385   0.0369504 -0.00486148  5.37267e-05  8.19902e-06 -0.000154945  0.000103737 -0.000232514  -3.5492e-07 1 0 0 0
             3.49014  3.78251  14.3717 -0.10362  -0.0209621  0.00918113 0.000749116  0.0154025  0.0255338 0.00026934  5.57573e-05  1.36521e-05 -0.000160292  0.000183831 -0.000188578  1.32176e-05 1 0 0 7124
             3.49014    3.76121    14.3791 -0.0614971  -0.0206643 -0.00776509  0.00208636  0.0121171  -0.144014 0.00854151  4.85489e-05  1.25542e-05 -0.000168202 0.000205679 0.000515758 -6.5121e-05 1 0 0 0
             3.58996   3.73764   14.4187 -0.141641 -0.0203237 -0.0115623 0.00206242 0.00645457 -0.0389514 0.00283502  5.94677e-05  1.39057e-05 -0.000167512  0.000247371  6.41426e-05 -5.51031e-06 1 0 0 7148
             3.58996   3.74544   14.4223 -0.130175 -0.0216127 -0.0076564 0.00201171 -0.00604427 0.000465561  0.00352307  6.15556e-05  1.42609e-05 -0.000168285  0.000299148 -9.99545e-05  1.55058e-05 1 0 0 0
             3.69036    3.7614   14.4018 -0.196354  -0.0227743 -0.00303532  0.00177249 -0.00658936   0.0466902 -0.00219103  6.77444e-05  1.78476e-05 -0.000167807   0.00030561 -0.000292618  6.28713e-05 1 0 0 7208
             3.69036   3.77245   14.4358 -0.163693  -0.0231453 -0.00466625    0.001546  -0.0109899   0.0296879 -0.00533455  6.62381e-05   1.3534e-05 -0.000171879  0.000321054 -0.000220191  7.64973e-05 1 0 0 0
             3.79017    3.7636   14.4497 -0.173073  -0.0224144  0.00218033 -0.00081325 0.00953453  0.0679662 -0.0230044  6.96476e-05  1.84268e-05 -0.000174055  0.000238613 -0.000386077  0.000138489 1 0 0 7249
             3.79017   3.75226   14.4667 -0.148102  -0.0239995 -0.00343715 0.000489596 -0.00760052   0.0101852  -0.0119495  6.78231e-05  1.72478e-05 -0.000178103  0.000320196 -0.000145488  9.32958e-05 1 0 0 0
             3.89027   3.75521   14.5377 -0.211127  -0.0216023 0.000761374 0.000270774  0.0315782  0.0426915 -0.0010595  7.07351e-05  1.24504e-05 -0.000177061  0.000196863 -0.000317887   1.4525e-05 1 0 0 7366
             3.89027   3.77062   14.5467 -0.185946   -0.0248097  -0.00104297 -0.000583133 -0.00396079   0.0211954   -0.012453  6.81234e-05  1.34891e-05 -0.000180627  0.000329686 -0.000221512  9.49693e-05 1 0 0 0
             3.99027   3.77847   14.5628 -0.273652  -0.0221149  0.00238383 -0.00137082    0.030732   0.0367605 -0.00483814  7.26024e-05  1.52927e-05 -0.000184656  0.000196834 -0.000290115  4.02626e-05 1 0 0 7353
             3.99027   3.78779   14.5737 -0.246125   -0.0228956 -0.000775075 -0.000164926  0.0221152  0.0035091 0.00712367  7.00104e-05  1.42642e-05 -0.000188615  0.000245411 -0.000152441 -1.12142e-05 1 0 0 0
              4.0901   3.73946   14.6569 -0.306685   -0.0167753    0.0016195 -0.000669352   0.0646415   0.0262283 -0.00279472  7.62846e-05  1.67113e-05 -0.000192267  7.92373e-05  -0.00025581 -3.25033e-06 1 0 0 7299
              4.0901   3.71023   14.6634 -0.282806  -0.0193055 -0.00327317 -0.00126724  0.0352938 -0.0269756  -0.012108  7.70325e-05  1.78184e-05 -0.000196326  0.000188983 -2.31685e-05  5.32528e-05 1 0 0 0
             4.19003   3.72834   14.6439 -0.332782  -0.0144549 -0.00280592 -0.00119559  0.0549986 0.00528907 0.00346671 7.62138e-05 1.98313e-05 -0.00019756  0.000141156 -0.000179991 -1.60808e-05 1 0 0 7329
             4.19003   3.71863   14.6224 -0.285331 -0.00968032 -0.00603627 -0.00363257    0.10336 -0.0279173 -0.0245104   7.6641e-05  1.85915e-05 -0.000204133 -9.25885e-05 -3.43832e-05   4.3338e-05 1 0 0 0
             4.29029   3.73804   14.7165 -0.253132 -0.00673612 -0.00453603 -0.00329982  0.0295911  0.0133868 0.00721611  8.03768e-05  2.49666e-05 -0.000213892  0.000260057 -0.000223721 -3.25786e-06 1 0 0 7263
             4.29029   3.71223   14.6904 -0.248431  -0.0077618 -0.00773032 -0.00824947  0.0170445 -0.0198564 -0.0521931  8.14495e-05  2.91799e-05 -0.000215379  0.000242864 -6.22342e-05  0.000259636 1 0 0 0
             4.39011   3.69612   14.7743 -0.313424  -0.0116641 -0.00470635 -0.00847285 -0.0362262  0.0319813 0.00463396  8.75981e-05   2.7268e-05 -0.000217086  0.000550317 -0.000317702  9.85526e-05 1 0 0 7261
             4.39011   3.72053   14.7709 -0.290695  -0.0124984 -0.00636446  -0.0064107 -0.0450149    0.01384  0.0280294 8.38241e-05 2.81798e-05 -0.00022038  0.000613025 -0.000246608  1.43065e-06 1 0 0 0
             4.48995   3.73047   14.8486 -0.400245  -0.0174277  -0.0013958 3.16829e-05 -0.0464604  0.0544413  0.0687518  8.66837e-05  2.54665e-05 -0.000223073  0.000664078 -0.000438726  -0.00016682 1 0 0 7338
             4.48995   3.69768   14.8408 -0.373139  -0.0173251 -0.00378969 -0.00264521 -0.0474339  0.0270849  0.0390731 9.00854e-05 2.62657e-05 -0.00022708   0.00063302 -0.000311008 -4.38309e-05 1 0 0 0
             4.59033   3.66012   14.8777 -0.501991  -0.0160958 0.000496374  0.00120259 0.0167671 0.0461177 0.0440245  9.22578e-05  2.17614e-05 -0.000233187  0.000365169 -0.000406544 -0.000115522 1 0 0 7324
             4.59033    3.6726   14.8549 -0.486302  -0.0131814 -0.00292546 -0.00358683  0.0448865 0.00889081 -0.0101941  8.84761e-05   2.2507e-05 -0.000235955   0.00018195 -0.000233203  8.05904e-05 1 0 0 0
             4.69038   3.60892   14.7914 -0.561478 -0.00923698 -0.00204062 -0.00243898  0.0437439 0.00881085   0.013172  9.50743e-05  2.51639e-05 -0.000240295  0.000241383 -0.000241203 -2.17281e-05 1 0 0 7365
             4.69038   3.63012   14.8132 -0.514836 -0.0137173 -0.0017409 -0.0045632 -0.00564271  0.00925431  -0.0130575  9.38654e-05  2.61779e-05 -0.000246358 0.000418065 -0.00023101 0.000148007 1 0 0 0
             4.79026   3.60858   14.8668 -0.471649  -0.0109357 -0.00212005 -0.00299245   0.0281277 -0.00227569   0.0225423  9.49458e-05  2.43842e-05 -0.000252222  0.000309229 -0.000192499 -4.48619e-05 1 0 0 7283
             4.79026   3.61034   14.8645 -0.452075  -0.0132019 -0.00432486 -0.00374942 0.00326476 -0.0263336  0.0124631  9.3436e-05 2.65263e-05 -0.00025538    0.0004007 -8.28467e-05  1.99839e-05 1 0 0 0
             4.89027   3.56436   14.8119 -0.459197  -0.0124748 -0.00356336 -0.00139423 0.00973892 0.00958041  0.0276665  9.92209e-05    2.616e-05 -0.000257201  0.000383162 -0.000257049 -2.17477e-05 1 0 0 7348
             4.89027     3.588   14.8148 -0.448213  -0.0132785 -0.00371582 -0.00328849 0.000276538  0.00703795  0.00530118  9.62349e-05  2.64334e-05 -0.000258699  0.000396796 -0.000239488   8.7092e-05 1 0 0 0
             4.99012   3.55364    14.794 -0.459085 -0.00958041 -0.00168272 -0.00173557 0.0431792 0.0214946 0.0173628  0.000100309  2.37787e-05 -0.000260629  0.000239851 -0.000323549 -2.82668e-05 1 0 0 7384
             4.99012     3.549   14.7962 -0.448983 -0.00825257 -0.00704916 -0.00261682   0.055836 -0.0377644 0.00597759  9.68168e-05  2.23132e-05 -0.000263057   0.00017083 -6.17066e-05 -8.63392e-06 1 0 0 0
             5.08992   3.60015   14.7639 -0.470765 -0.00416302 -0.00529428 -0.00190035  0.0390392  0.0223496 0.00937384  0.000103001  2.67051e-05 -0.000265286  0.000219091 -0.000341692  1.58197e-05 1 0 0 7319
             5.08992   3.61178   14.7693 -0.470351 -0.00892174  -0.0063949 -0.00192235 -0.0148436 0.00805079 0.00761913 0.000100409 2.98843e-05 -0.00026578  0.000447245 -0.000272629  8.03666e-05 1 0 0 0
             5.19027   3.58765   14.6415 -0.477218 -0.00875688 -0.00204046 -0.00114346 0.00957188   0.047939 0.00718636  0.000110618  3.31066e-05 -0.000270888  0.000372418 -0.000452644   6.8115e-05 1 0 0 7229
             5.19027   3.60073   14.6632 -0.462096 -0.0124185 -0.0028226 -0.0025821 -0.0314333  0.0371795 -0.0110303  0.000108612  3.29379e-05 -0.000273043  0.000527622 -0.000395492  0.000193662 1 0 0 0
             5.29015   3.56593   14.6104 -0.432965  -0.0117024  0.00136457 -0.00195848 0.0108819 0.0440573 0.0124554 0.000113863 3.20585e-05 -0.00027681  0.000365113 -0.000448005   6.2165e-05 1 0 0 7291
             5.29015   3.59395   14.6144 -0.431982   -0.0145569 -0.000267062  -0.00179663 -0.0211971  0.0242956    0.01299  0.000108669  3.38112e-05 -0.000277411  0.000502759 -0.000358209  9.00035e-05 1 0 0 0
             5.38996   3.57108   14.5716 -0.463843  -0.0123628  0.00177291 0.000389351 0.0287888 0.0188147 0.0234693  0.000113119  3.07552e-05 -0.000281645  0.000332416 -0.000374465 -1.67429e-05 1 0 0 7281
             5.38996   3.59001   14.5746 -0.462467  -0.0125883 -0.00365762 -0.00217548   0.0230635  -0.0411133 -0.00740387 0.000106676  3.0592e-05 -0.00028283   0.00031892 -9.85506e-05  0.000112239 1 0 0 0
             5.49025   3.48217   14.6204 -0.598203 -0.00937979  -0.0021804 -0.00137111 0.0386101 0.0178977 0.0120045  0.000115421  3.11482e-05 -0.000281208  0.000309495 -0.000383894  1.08061e-05 1 0 0 7323
             5.49025  3.50394  14.6424 -0.56401   -0.0142438 -0.000853061  -0.00403239 -0.0147338  0.0307152 -0.0203214  0.000114445  3.15499e-05 -0.000285564   0.00050493 -0.000427182   0.00022248 1 0 0 0
             5.59019     3.544   14.6327 -0.528425  -0.0131302  0.00651944 -0.00375594  0.0179397  0.0758618 0.00775519  0.000120294  3.26723e-05 -0.000290413  0.000401798 -0.000654252  8.92183e-05 1 0 0 7219
             5.59019     3.544   14.6327 -0.528425  -0.0131302  0.00651944 -0.00375594  0.0179397  0.0758618 0.00775519  0.000120294  3.26723e-05 -0.000290413  0.000401798 -0.000654252  8.92183e-05 1 0 0 0
             5.68995   3.61217   14.6673 -0.501484 -0.00866511    0.010441 -0.00148141 0.0490985 0.0338232 0.0244021  0.000122095  3.13772e-05 -0.000301551  0.000311329 -0.000502228 -3.00936e-05 1 0 0 7219
             5.68995   3.61217   14.6673 -0.501484 -0.00866511    0.010441 -0.00148141 0.0490985 0.0338232 0.0244021  0.000122095  3.13772e-05 -0.000301551  0.000311329 -0.000502228 -3.00936e-05 1 0 0 0
             5.79255   3.67285   14.6063 -0.506214 -0.00573002   0.0107728 0.000399425   0.0297099 -0.00400646   0.0163815  0.000120059  3.85105e-05 -0.000308034 0.000401569 -0.00033927 3.51733e-05 1 0 0 7578
             5.79255    3.6803   14.6472 -0.512783   -0.0128164 -4.52258e-05 -0.000911282  -0.0455863   -0.127042 -0.00240047  0.000106729  4.04875e-05 -0.000310371 0.000705792  0.00023198 0.000171747 1 0 0 0
             5.89014   3.68175   14.5676 -0.599719    -0.012153  -0.00863749 -0.000295872 0.00771629 -0.0851103 0.00995483  0.000116868  3.94594e-05 -0.000312082 0.000496792 3.24758e-05 8.37321e-05 1 0 0 7134
             5.89014   3.70114   14.5817 -0.605872  -0.0130951 4.73227e-05 -0.00460078 -0.00358208   0.0138791  -0.0400293   0.00012694  3.93584e-05 -0.000307954  0.00049036 -0.00037132  0.00033841 1 0 0 0
             5.99001   3.73671   14.5689 -0.693775  -0.00971784 -0.000157581  -0.00485934   0.0385699 -0.00241724  0.00293425  0.000133168  3.63003e-05 -0.000311942  0.000373805 -0.000337445  6.96422e-05 1 0 0 7384
             5.99001   3.77432   14.5676 -0.677189  -0.0107425 0.000452525 -0.00447267  0.0274457 0.00386049 0.00728965  0.000128919  3.71227e-05 -0.000314124  0.000428187 -0.000367247   6.4182e-05 1 0 0 0
             6.09043   3.79203   14.5075 -0.677339  -0.00750605   0.00112301 -0.000128863  0.0372814 0.00836346  0.0479121  0.000136881   3.5747e-05 -0.000323928  0.000449077 -0.000397925 -0.000122151 1 0 0 7239
             6.09043   3.81508   14.4759 -0.653983 -0.00884306 -0.00504587 -0.00490106   0.0194642  -0.0648177 -0.00774618 0.000128901 4.13536e-05 -0.00032891  0.000455611 -4.35617e-05  0.000133327 1 0 0 0
             6.19016   3.78445   14.4613 -0.652207 -0.00598157  -0.0077245 -0.00315263  0.0316939 -0.0218116  0.0212903  0.000139313  4.22951e-05 -0.000331459  0.000452816 -0.000255789 -1.09531e-05 1 0 0 7268
             6.19016  3.79237  14.4494 -0.63064   -0.0071559 -0.000741541    -0.006397  0.0200275   0.055721 -0.0163919  0.000145615  4.49206e-05 -0.000332875  0.000463109 -0.000595403  0.000200781 1 0 0 0
             6.28997   3.78631   14.5279 -0.632723 -0.00583423  0.00535699  -0.0028206 0.0160015 0.0589233  0.044951  0.000147835  4.14265e-05 -0.000336998  0.000585676 -0.000656368 -7.06207e-05 1 0 0 7332
             6.28997   3.84733    14.508 -0.602768 -0.00439258 -0.00266246 -0.00529562  0.0290645 -0.0274211  0.0155268  0.000134023  4.27345e-05 -0.000342761 0.000487252 -0.00025478 2.40054e-05 1 0 0 0
             6.39034   3.81502   14.5395 -0.637886  -0.00435492  -0.00460686 -0.000346836 0.00382214 -0.0212332  0.0522588  0.000147723  4.41868e-05 -0.000346021  0.000668402 -0.000310638 -0.000117603 1 0 0 7240
             6.39034   3.83234   14.5288 -0.625618 -0.00365302 -0.00993416 -0.00690779 0.00726528 -0.0805773 -0.0224816   0.00014164  4.52125e-05 -0.000348786  0.000558683 -1.33898e-05  0.000210556 1 0 0 0
             6.49013   3.88863   14.6297 -0.668055 -0.00577463  -0.0127759 -0.00455269 -0.0221316 -0.0204256  0.0317223  0.000150114  4.60835e-05 -0.000354061  0.000761755 -0.000302548   1.7039e-05 1 0 0 7255
             6.49013   3.90244   14.6031 -0.691482 -0.00619747 -0.00583919 -0.00953451 -0.0268971   0.058083  -0.025364 0.000153691 5.05301e-05 -0.00034955  0.000716794 -0.000645385  0.000314253 1 0 0 0
             6.58997   3.88281   14.6547 -0.637858 -0.00793418 0.000488242 -0.00343825 -0.00934684   0.0646836    0.070236   0.00015975  4.46048e-05 -0.000358188  0.000781579 -0.000710728 -0.000147825 1 0 0 7223
             6.58997   3.91686   14.6418 -0.666376 -0.00529083  0.00168007 -0.00587077  0.020486 0.0786379 0.0440357 0.000154943 4.43833e-05 -0.00035395  0.000614912 -0.000772608 -5.46078e-05 1 0 0 0
             6.69034   3.82055   14.6485 -0.611437  -0.00365683   0.00566732 -0.000465003 0.0177469 0.0347829 0.0557397   0.0001606 4.74558e-05 -0.00036546  0.000625281 -0.000574793 -0.000108876 1 0 0 7294
             6.69034  3.82403  14.6487 -0.63718 -0.00342491 4.29878e-05 -0.00661214  0.0203223  -0.029574 -0.0146162  0.000154316  4.72909e-05 -0.000363146   0.00052289 -0.000252316  0.000199443 1 0 0 0
             6.79026   3.74248   14.6969 -0.695422 -0.000419557  -0.00351588  -0.00403534  0.0296133 -0.0354414  0.0312732  0.000161271  4.73814e-05 -0.000371698  0.000530482  -0.00026396 -3.69404e-05 1 0 0 7340
             6.79026   3.76431   14.7054 -0.677671 -0.00243583 -0.00846398 -0.00551594 0.00708046 -0.0874847  0.0121206  0.000154485   4.7828e-05 -0.000375296 0.000605774 -1.4025e-05 6.26677e-05 1 0 0 0
             6.89003    3.7393    14.774 -0.709435 -0.00231334  -0.0111213 -0.00115731 0.00408632 -0.0214402  0.0487883   0.00016523  4.48284e-05 -0.000380539  0.000679979 -0.000357757 -9.51952e-05 1 0 0 7259
             6.89003   3.74517   14.7658 -0.710134 -0.000989414   -0.0125038  -0.00518902  0.0172366 -0.0372017 0.00146704 0.000163116 4.48903e-05 -0.00038077  0.000560399 -0.000271404   0.00010823 1 0 0 0
             6.99033   3.72671   14.7399 -0.753736 -0.000461265    -0.010286  -0.00287189 0.00311057  0.0335116  0.0283054  0.000173904  4.80881e-05 -0.000383772  0.000644875 -0.000610164  3.82148e-05 1 0 0 7300
             6.99033   3.72671   14.7399 -0.753736 -0.000461265    -0.010286  -0.00287189 0.00311057  0.0335116  0.0283054  0.000173904  4.80881e-05 -0.000383772  0.000644875 -0.000610164  3.82148e-05 1 0 0 0
             7.09027   3.78833   14.7303 -0.683838 -0.00170631 -0.00391151 0.000768544 -0.0159651  0.0682563  0.0386274  0.000176355  4.85772e-05 -0.000392885  0.000747401 -0.000774911  3.05625e-05 1 0 0 7249
             7.09027   3.81723   14.6768 -0.693633 -0.000236932  -0.00729456  -0.00975352 -0.00379444   0.0288685  -0.0854192  0.000168678  5.52333e-05 -0.000392779  0.00053115 -0.00055356 0.000594536 1 0 0 0
              7.1901   3.76788   14.6513 -0.648264 -0.00327373 -0.00227717  -0.0091908 -0.0247398  0.0498602  0.0186167   0.00017683  5.19143e-05 -0.000394943  0.000794151 -0.000699511  0.000135817 1 0 0 7282
              7.1901   3.77215   14.6466 -0.634914 -0.00264102  -0.0100405  -0.0099107 -0.0195162 -0.0324217 0.00956968  0.000170584  5.18378e-05 -0.000398448  0.000753889 -0.000308397  0.000145881 1 0 0 0
             7.29039   3.65943   14.6256 -0.678397 -0.00378798 -0.00687484 -0.00197533 -0.00539469   0.0382461   0.0872762  0.000181838  4.96053e-05 -0.000399791  0.000774882 -0.000667789 -0.000227209 1 0 0 7308
             7.29039   3.67201   14.6104 -0.671629 -0.00384986 -0.00906127 -0.00529593 -0.0081514  0.0138059   0.050496  0.000178426  5.18879e-05 -0.000401376  0.000739287 -0.000539788 -5.46396e-05 1 0 0 0
             7.39018 3.70312 14.6272 -0.6605  -0.00407935  -0.00723105 -0.000487957 -0.00335985   0.0191083   0.0483062  0.000179755  5.27034e-05 -0.000403139   0.00071523  -0.00058163 -5.52029e-05 1 0 0 7258
             7.39018   3.71235    14.638 -0.638775 -0.00571045 -0.00947757 -0.00438944 -0.0236113  -0.007389  0.0013921  0.000177049  5.25549e-05 -0.000406768  0.000748347 -0.000438857  0.000186521 1 0 0 0
                7.49    3.7604   14.5929 -0.627518  -0.00606763  -0.00933333 -0.000605459 0.00526414 0.00306476  0.0440468  0.000179222  5.01899e-05 -0.000411561   0.00070409 -0.000517379 -3.54467e-05 1 0 0 7279
                7.49    3.7604   14.5929 -0.627518  -0.00606763  -0.00933333 -0.000605459 0.00526414 0.00306476  0.0440468  0.000179222  5.01899e-05 -0.000411561   0.00070409 -0.000517379 -3.54467e-05 1 0 0 0
             7.59031   3.73999   14.5589 -0.669429 -0.00377353 -0.00634137  0.00293946 0.0267618 0.0325615  0.036777  0.000185992   5.0272e-05 -0.000416831 0.000601598 -0.00066597 3.57559e-07 1 0 0 7090
             7.59031    3.7279   14.5418 -0.660236 -0.00484448 -0.00901075 -0.00431791   0.011774 0.00111557 -0.0497983  0.000185819  5.36981e-05 -0.000418944  0.000559189 -0.000484463   0.00043047 1 0 0 0
             7.69013  3.75947  14.5799 -0.72228  -0.0023663 -0.00760273 -0.00503614   0.0279066   0.0149412 0.000856411  0.000190748  5.32242e-05 -0.000423467  0.000567752 -0.000600996  0.000164827 1 0 0 7218
             7.69013   3.78743   14.5814 -0.697381 -0.00242337  -0.0117642 -0.00609169  0.0268116 -0.0341709 -0.0122173  0.000183715  5.27878e-05 -0.000427971  0.000553643 -0.000362854  0.000213388 1 0 0 0
             7.78999   3.78873     14.52 -0.826123 -0.00115017 -0.00974262 -0.00322332 0.0162282 0.0281254 0.0353343  0.000192676   5.6243e-05 -0.000430902  0.000673694 -0.000682761  1.49359e-05 1 0 0 7172
             7.78999   3.78134   14.5276 -0.817843 -0.00335903 -0.00987339 -0.00649257  -0.0102602   0.0256316 -0.00432811  0.000193911  5.68673e-05 -0.000432164  0.000747446 -0.000653808  0.000240455 1 0 0 0
             7.89037   3.77721   14.5477 -0.943887 -0.00515758 -0.00578009 -0.00141677 -0.0177504  0.0452889  0.0614913  0.000195315  5.49513e-05 -0.000437561  0.000855624 -0.000757013 -6.24982e-05 1 0 0 7330
             7.89037   3.76871   14.5311 -0.925485 -0.00688833 -0.00972378  -0.0042619   -0.0389632 -0.000808516    0.0266267  0.000194265  5.85819e-05 -0.000441221  0.000907028 -0.000518527  0.000118768 1 0 0 0
             7.99017   3.78133     14.56 -0.901654  -0.0082125 -0.00505743  0.00015699 -0.00952198   0.0521775   0.0491714  0.000199944  5.33628e-05 -0.000449314  0.000830246 -0.000792533 -2.63216e-06 1 0 0 7224
             7.99017   3.75639   14.5382 -0.905841 -0.00729613 -0.00860533 -0.00417406 -0.000576212    0.0116866  -0.00253423  0.000200498  5.58675e-05 -0.000449635  0.000718083 -0.000579897  0.000226907 1 0 0 0
             8.09001   3.76877    14.452 -0.850046  -0.0058706 -0.00579517 -0.00181171 0.0186451 0.0302994 0.0312173  0.000204552  5.78642e-05 -0.000455757 0.000668438 -0.00068786 5.96139e-05 1 0 0 7115
             8.09001   3.76272    14.438 -0.839484 -0.00594251 -0.00804137 -0.00615194  0.0159321 0.00434892 -0.0205599  0.000203828  5.99774e-05 -0.000457955  0.000612325 -0.000543972  0.000309773 1 0 0 0
             8.19032    3.7292   14.5198 -0.848048 -0.00430335 -0.00570344 -0.00307575 0.0195606 0.0237136 0.0404872  0.000206306  5.42425e-05 -0.000463752  0.000711298 -0.000691832   9.1043e-06 1 0 0 7143
             8.19032   3.72312   14.5155 -0.866095 -0.00607071 -0.00735513 -0.00423048 -0.00161831  0.00462139   0.0261335  0.000205124   5.6585e-05 -0.000461639  0.000791863 -0.000590332  9.95191e-05 1 0 0 0
             8.29106   3.68237   14.4646 -0.958914  -0.00629257  -0.00410145 -6.82538e-05 0.0027199 0.0328927 0.0427423  0.000208394  5.74264e-05 -0.000465651  0.000810707 -0.000760875  1.80385e-05 1 0 0 7063
             8.29106   3.65844   14.4596 -0.978469 -0.00635551 -0.00773942  -0.0042414  -0.0005223 -0.00880406 -0.00569177  0.000207509  5.85907e-05 -0.000463874  0.000760747 -0.000540899  0.000247364 1 0 0 0
             8.39016 3.68355 14.4559 -1.0081 -0.00676185 -0.00701254 -0.00155521 -0.00400067   0.0101113   0.0331541  0.000213759  5.74997e-05 -0.000471154  0.000814001 -0.000643363  7.85663e-05 1 0 0 7043
             8.39016  3.68529  14.4171 -1.00896 -0.00563581  -0.0105388 -0.00580114 0.00659445 -0.0308569 -0.0169379  0.000209555   6.2118e-05 -0.000472321  0.000696396 -0.000432419  0.000296395 1 0 0 0
             8.49034   3.71307   14.4019 -0.998901 -0.00526145    -0.01004 -0.00210913 0.00654394  0.0109059  0.0466573  0.000214475  5.91228e-05 -0.000477477 0.000798211 -0.00065943 7.84511e-06 1 0 0 7096
             8.49034  3.72401  14.3921 -1.00424 -0.00541883 -0.00656484 -0.00404972 0.00418161  0.0498232  0.0246847  0.000215389  6.08822e-05 -0.000476093 0.000784231 -0.00084491 0.000134312 1 0 0 0
             8.59018  3.67733  14.3247 -1.01851  -0.0067296 -0.00129099   0.0011061 -0.0139864  0.0522257  0.0565992 0.000218158   6.195e-05 -0.00048288  0.000913847 -0.000867397  2.95128e-06 1 0 0 7048
             8.59018  3.70331  14.3064 -1.01063   -0.007481 -0.00156512 -0.00519236 -0.0250782  0.0481331 -0.0179012  0.000214189  6.55005e-05 -0.000484356  0.000870028 -0.000822242  0.000387797 1 0 0 0
             8.69106   3.6487  14.2724 -1.00373 -0.00824839  0.00153038 -0.00192784 -0.000308734    0.0240169     0.041637  0.000217024   6.0699e-05 -0.000490466   0.00085542 -0.000757463  5.29477e-05 1 0 0 7265
             8.69106 3.64906  14.258 -0.9848 -0.00755826 -0.00641356 -0.00587469  0.00667613  -0.0700727 -0.00582012   0.00020963  6.17757e-05 -0.000495345  0.000751964 -0.000275993  0.000251496 1 0 0 0
             8.79032  3.64864  14.2087 -1.06208 -0.00756587  -0.0122174 -0.00209538 0.00176458  -0.056921  0.0441348  0.000215673  6.32152e-05 -0.000497668  0.000838304 -0.000364614  1.47587e-08 1 0 0 7029
             8.79032 3.65402 14.2305 -1.0568  -0.0095541 -0.00489625 -0.00139738 -0.0189351  0.0269357   0.052453  0.000223956  6.23758e-05 -0.000496127  0.000955423 -0.000775221  1.20871e-05 1 0 0 0
             8.89182  3.72378  14.3089 -1.14014 -0.00804334 -0.00241997   0.0041782 0.0158399 0.0238744 0.0589257  0.000225787  5.78983e-05 -0.000505664  0.000796093 -0.000789021 -5.24308e-05 1 0 0 7442
             8.89182  3.69925   14.286 -1.12867 -0.00805133  -0.0118747 -0.00170932  0.0135161 -0.0812415 -0.0102371  0.000219012  6.10275e-05 -0.000510243  0.000708435 -0.000243863  0.000263437 1 0 0 0
             8.98999 3.76982 14.2548 -1.1847 -0.00707202  -0.0138074 0.000614364  0.0151238 -0.0127413  0.0308003  0.000228829  6.04546e-05 -0.000512625  0.000796162 -0.000586864  0.000102763 1 0 0 6897
             8.98999 3.78199 14.2496 -1.1925 -0.00795819  -0.0068575 -0.00166475 0.00357568   0.064454 0.00479355  0.000235169  6.28761e-05 -0.000509472  0.000824529 -0.000946912  0.000268616 1 0 0 0
             9.09033  3.77028  14.2389 -1.23541 -0.00648346  0.00127237  0.00158745 0.0174017 0.0834993 0.0391688 0.000237528 6.21452e-05 -0.00051339 0.000797915 -0.00106029 8.60772e-05 1 0 0 7133
             9.09033  3.77028  14.2389 -1.23541 -0.00648346  0.00127237  0.00158745 0.0174017 0.0834993 0.0391688 0.000237528 6.21452e-05 -0.00051339 0.000797915 -0.00106029 8.60772e-05 1 0 0 0
              9.1902  3.74797   14.188 -1.16351 -0.00611021  0.00604164  0.00545798 0.00359131  0.0413914  0.0357563 0.000236966 6.45356e-05 -0.00052607  0.000887795 -0.000856112  0.000103798 1 0 0 7125
              9.1902  3.74192  14.2012 -1.22945    -0.00991  0.00354995 0.000171702 -0.0427762  0.0109664 -0.0279771  0.000232708  6.70906e-05 -0.000517014   0.00102848 -0.000673085  0.000474203 1 0 0 0
             9.29188  3.74477  14.2262 -1.22469  -0.0102672 0.000151809 -0.00106953 -0.00305413  -0.0399861 -0.00893909  0.000234199  6.55615e-05 -0.000530545  0.000853999 -0.000475924  0.000313154 1 0 0 7065
             9.29188  3.73791  14.2118 -1.24777  -0.00549337  -0.00550324 -0.000287616  0.0471332  -0.100095 0.00079443  0.000228512  6.25945e-05 -0.000528503  0.000613984 -0.000186026  0.000179862 1 0 0 0
             9.39033  3.80719  14.2018 -1.36073 -0.0036638 -0.0132314 0.00205559  0.0178811 -0.0797108  0.0262084  0.000232972  6.65549e-05 -0.000540711 0.000807968 -0.00032183 9.28603e-05 1 0 0 7005
             9.39033  3.79185  14.2027 -1.37893  -0.00364565   -0.0115725 -0.000563755   0.0173966  -0.0614127 -0.00464182  0.000236794  6.67414e-05 -0.000537455  0.000773601 -0.000400086  0.000251272 1 0 0 0
              9.4935  3.85245  14.1901 -1.46048 -0.00596039  -0.0136829  0.00212011 -0.0254128 -0.0123987  0.0346559   0.00024393  6.79322e-05 -0.000547279   0.00103836 -0.000621679  0.000142123 1 0 0 7589
              9.4935  3.85469  14.1845 -1.47978   -0.007221 -0.00687387 7.23985e-05 -0.0394618  0.0634872  0.0110352  0.000246861  6.98378e-05 -0.000543387   0.00108603 -0.000996027  0.000309681 1 0 0 0
             9.59001  3.83865  14.2136 -1.48532    -0.010231 -0.000991583   0.00250118 -0.030193 0.0607553 0.0276031  0.000249653  6.69908e-05 -0.000551687   0.00108139 -0.000989685  0.000198213 1 0 0 6483
             9.59001  3.81993  14.1815 -1.48804 -0.00492038 -0.00712722 0.000443641   0.031013 -0.0103643 0.00321732  0.000251237  7.09217e-05 -0.000551868  0.000727352 -0.000622999  0.000221781 1 0 0 0
             9.69157 3.86427 14.1072 -1.4485  -0.0053844 -0.00770626  0.00371492 -0.00900524 -0.00528711   0.0371785  0.000254102  7.36658e-05 -0.000559071  0.000964598 -0.000667777  0.000113475 1 0 0 7447
             9.69157 3.86427 14.1072 -1.4485  -0.0053844 -0.00770626  0.00371492 -0.00900524 -0.00528711   0.0371785  0.000254102  7.36658e-05 -0.000559071  0.000964598 -0.000667777  0.000113475 1 0 0 0
             9.79017  3.84881   14.123 -1.36922 -0.00620747 -0.00734607  0.00677289 -0.0035693 0.00147293  0.0285198  0.000258535  7.23584e-05 -0.000565951  0.000992883 -0.000727382  0.000152744 1 0 0 6868
             9.79017 3.85287 14.1214 -1.3702 -0.00658584 -0.00814424  0.00133519 -0.00937823 -0.00872275  -0.0374444  0.000256591   7.3205e-05 -0.000566173  0.000936082 -0.000653843  0.000486794 1 0 0 0
             9.89018  3.78623  14.1763 -1.45924 -0.00817476 -0.00725303  0.00120018 -0.0137437 0.00831576 0.00654933  0.000261745  7.37645e-05 -0.000573537   0.00101356 -0.000785678  0.000254447 1 0 0 7106
             9.89018  3.77878  14.1623 -1.45073 -0.00479676  -0.0128646 0.000424143   0.0246513  -0.0563924 -0.00263392 0.000258756 7.29001e-05 -0.00057587  0.000800562 -0.000457042  0.000229941 1 0 0 0
             9.99036  3.85994  14.1974 -1.51611  -0.005988  -0.014038 0.00271852  -0.0171719 -0.00582432   0.0281718  0.000262621  7.66848e-05 -0.000581391   0.00104982 -0.000731365    0.0001513 1 0 0 7268
             9.99036  3.85721  14.1702 -1.52478 -0.00285469  -0.0119235 0.000916059   0.018293  0.0180004 0.00836549  0.000264633  7.81874e-05 -0.000579719  0.000848317 -0.000854725   0.00021916 1 0 0 0
             10.0902  3.85291  14.1332 -1.61189 -0.00359548 -0.00871139  0.00386594 -0.00504515   0.0332301   0.0302954  0.000267655  8.18967e-05 -0.000584056   0.00105222 -0.000936192  0.000141274 1 0 0 7098
             10.0902  3.85601  14.1402 -1.61008   -0.005655 -0.00548523  -0.0016363 -0.0301737  0.0691105 -0.0350421  0.000270328  8.30921e-05 -0.000583639  0.00109701 -0.00109254  0.00052916 1 0 0 0
             10.1901  3.89329  14.1436 -1.60788  -0.0079217 0.000765679 -0.00200092 -0.0219981  0.0604718 0.00471939  0.000270344   8.3409e-05 -0.000594762  0.00108602 -0.00107733 0.000327778 1 0 0 7090
             10.1901  3.86907  14.1337 -1.61113 -0.00533918  -0.0102556  -0.0023768   0.00364077   -0.0650251 -0.000103056   0.00026355  8.23508e-05 -0.000596766  0.000931589 -0.000429731  0.000272135 1 0 0 0
             10.2916  3.90693   14.064 -1.60847 -0.00438724  -0.0139224  0.00153415  0.0160551 -0.0345305  0.0450415  0.000272012  8.33386e-05 -0.000604783 0.000981176 -0.00063437 3.55196e-05 1 0 0 7275
             10.2916  3.88038   14.075 -1.61061 -0.00153078  -0.0185325 -0.00270767   0.0459412  -0.0854821 -0.00478433  0.000270946  7.84031e-05 -0.000605431  0.000757128 -0.000358481  0.000241017 1 0 0 0
             10.3903  3.92896  14.0898 -1.77147 -0.00130143  -0.0200946  0.00177771 -0.00317238 -0.00601159   0.0551583  0.000276575  8.51396e-05 -0.000606239  0.00107573  -0.0007646 2.75294e-05 1 0 0 7094
             10.3903   3.9032  14.0801 -1.79644  -0.00326176   -0.0100454 -0.000371519 -0.0252764   0.108813  0.0297699  0.000293875  9.02595e-05 -0.000599276  0.00116743 -0.00132587 0.000227198 1 0 0 0
             10.4923  3.86192  14.1194 -1.93706  -0.00606558 -0.000133515   0.00518807 -0.0275674  0.0963665  0.0569089   0.00029499  8.39938e-05 -0.000611579  0.00122997 -0.00127167 6.45608e-05 1 0 0 7272
             10.4923  3.86311  14.0812 -1.93769  -0.00416227  -0.00807524 -1.68686e-05  -0.0110175   0.0117097 -0.00499375  0.000285303  8.74175e-05 -0.000614105   0.00104899 -0.000812746  0.000340262 1 0 0 0
             10.5905  3.88437  14.0131 -2.02949 -0.00416052 -0.00737997  0.00132471 0.00221341 0.00584087  0.0177778 0.000284078 8.83267e-05  -0.0006231   0.00100014 -0.000794907  0.000225035 1 0 0 7117
             10.5905  3.86798  13.9949 -2.03373 -0.00164963  -0.0101208 -0.00340887  0.0303271 -0.0270826 -0.0390671  0.000281811   8.6922e-05 -0.000623544  0.000786962 -0.000620125  0.000462877 1 0 0 0
             10.6902  3.94849  14.0219 -2.04055 -0.000888282   -0.0120256   -0.0015814 0.00344456 -0.0159066  0.0304348  0.000282172  8.66905e-05 -0.000632474   0.00101956 -0.000695921  0.000129735 1 0 0 7143
             10.6902  3.91604  14.0244 -2.04117  -0.00209035   -0.0130239 -0.000996169 -0.0105659 -0.0273047   0.036991  0.000286431  8.73653e-05 -0.000632649   0.00109772 -0.000633319  0.000107836 1 0 0 0
               10.79 3.94612 13.9539 -1.9473 -0.00466205  -0.0138843  0.00534538 -0.0253811 -0.0049058  0.0695031  0.000288136  9.01353e-05 -0.000642729   0.00122652  -0.00073872 -2.83481e-05 1 0 0 7254
               10.79  3.92562  13.9667 -1.96291 -0.00496435  -0.0094661 0.000797248 -0.0292884  0.0444786  0.0152085 0.000294823 8.88153e-05 -0.00063917   0.00118369 -0.000977434  0.000287481 1 0 0 0
             10.8904  3.84253  14.0472 -1.90913 -0.00628587 -0.00668992  0.00392083 -0.0120874  0.0258612  0.0339267  0.000296487  8.40002e-05 -0.000641765   0.00113013 -0.000900906  0.000147232 1 0 0 7216
             10.8904  3.83218   14.068 -1.94222  -0.0120176 -0.00162401  0.00524446 -0.0758016  0.0800866  0.0476372  0.000300954  8.64131e-05 -0.000635753  0.00148775 -0.00117519 0.000176523 1 0 0 0
             10.9903  3.82523  14.0174 -1.79065 -0.0133533 0.00243665 0.00867786 0.000682202   0.0292004   0.0308401  0.000296952  7.96918e-05 -0.000653518   0.00107471 -0.000948495  0.000142018 1 0 0 7265
             10.9903  3.82008  14.0126 -1.83615  -0.00725605 -0.000356375   0.00390632   0.0715911 -0.00468364  -0.0249527  0.000293304  7.45209e-05 -0.000646661  0.000629431 -0.000768253  0.000338087 1 0 0 0
             11.0901  3.8305 13.9738 -1.8053 -2.70649e-05  -0.00262811   0.00217711 0.0712077 -0.026577 -0.014054  0.000297834  8.09889e-05 -0.000658562  0.000622147 -0.000674585  0.000290997 1 0 0 7273
             11.0901  3.83252  13.9477 -1.83159  -0.00225109  -0.00173395 -0.000787844   0.044573 -0.0158648 -0.0504455  0.000297254  8.77853e-05 -0.000654632   0.0007113 -0.00071147 0.000525007 1 0 0 0
             11.1903  3.83378  13.8632 -1.76641 -0.000648303  -0.00594526  -0.00222297   0.0148168  -0.0464096 -0.00774729  0.000300832  9.22804e-05 -0.000669082  0.000952743 -0.000561279   0.00033391 1 0 0 7110
             11.1903  3.83378  13.8632 -1.76641 -0.000648303  -0.00594526  -0.00222297   0.0148168  -0.0464096 -0.00774729  0.000300832  9.22804e-05 -0.000669082  0.000952743 -0.000561279   0.00033391 1 0 0 0
             11.2902  3.79542  13.8597 -1.76366 -0.00403687 -0.00946162 0.000702826 -0.0401026 -0.0348054  0.0360683  0.000303648  9.40944e-05 -0.000674357  0.00129913 -0.00062614  0.00016722 1 0 0 7267
             11.2902  3.77913  13.8749 -1.75434 -0.00828917  -0.0094837  0.00187157 -0.0889394   -0.03552  0.0489058  0.000306456  9.59702e-05 -0.000676019   0.00156944 -0.000613814  0.000159284 1 0 0 0
             11.3909   3.6913   13.866 -1.73836 -0.0139083 -0.0114898 0.00880918 -0.0464534 -0.0192872  0.0722615  0.000312168  8.79737e-05 -0.000678885   0.00140912   -0.0007468 -1.56466e-05 1 0 0 7104
             11.3909   3.7016  13.8805 -1.75359  -0.0113473 -0.00670398  0.00689172 -0.0157834  0.0356691  0.0504914  0.000315061   8.3124e-05 -0.000674898  0.00122961  -0.0010412 8.58104e-05 1 0 0 0
             11.4904  3.64161  13.8181 -1.77756  -0.0103633 -0.00236297  0.00957841 0.0122413 0.0458628 0.0227121  0.000318786  8.64351e-05 -0.000682686  0.00103405 -0.00109088 0.000200316 1 0 0 7238
             11.4904  3.63102  13.8199 -1.77771 -0.00972667 -0.00638549  0.00483905    0.0171961 -0.000896191   -0.0337719  0.000315543  8.53656e-05 -0.000683799  0.000925962 -0.000825385  0.000479144 1 0 0 0
             11.5902  3.58395  13.8479 -1.82285 -0.00736421 -0.00528885  0.00215245   0.023562  0.0118887 -0.0226933  0.000318066  8.53698e-05 -0.000688821  0.000915097 -0.000925112  0.000427115 1 0 0 7133
             11.5902  3.62222  13.8283 -1.81698 -0.0111202 0.00218946 0.00176202  -0.018569  0.0971134 -0.0276887    0.0003192   9.2556e-05 -0.000688462  0.00114217 -0.00137222 0.000540667 1 0 0 0
               11.69  3.60541  13.7489 -1.80722  -0.0116647  0.00654558 0.000787427 0.000198323   0.0351038 -0.00531814  0.000320418  9.07823e-05 -0.000703584  0.00108561 -0.00105828 0.000387646 1 0 0 7129
               11.69  3.59978  13.7604 -1.83413 -0.0130277 0.00379859 0.00290377 -0.0154821 0.00357837  0.0194045  0.000317612  9.03934e-05 -0.000699859  0.00119661 -0.00089209  0.00025986 1 0 0 0
             11.7904   3.6053  13.6851 -1.79462 -0.0114518 0.00054806 0.00458463  0.0194222 -0.0386079  0.0176299  0.000314653  9.11267e-05 -0.000712653   0.00100102 -0.000681168  0.000216825 1 0 0 7255
             11.7904  3.58494  13.6912 -1.78697   -0.013748 -0.00149581  0.00300004 -0.00774322  -0.0622424 -0.00194056  0.000316418  9.20899e-05 -0.000714403   0.00111446 -0.000537938  0.000350749 1 0 0 0
             11.8902 3.60269 13.5921 -1.7354  -0.0119377 -0.00797914  0.00484051  0.0243684 -0.0649629  0.0224949   0.00032028  9.07673e-05 -0.000726074  0.000991396 -0.000554909   0.00018391 1 0 0 7205
             11.8902 3.55482 13.5945 -1.7516  -0.0108146 -0.00705526  0.00322343  0.0374785 -0.0537843 0.00325194 0.000328591 8.93775e-05 -0.00072312  0.000898469 -0.000610112  0.000277408 1 0 0 0
               11.99  3.58859  13.5377 -1.73221 -0.00931262 -0.00873474  0.00471885 0.0109238 -0.012476 0.0161177  0.000329144  9.59943e-05 -0.000734061    0.0010612 -0.000842991  0.000253157 1 0 0 7242
               11.99 3.56971 13.5448 -1.7673  -0.0133292 -0.00513961  0.00311402   -0.034279   0.0258614 -0.00348082  0.000334061  9.92459e-05 -0.000727784  0.00128106 -0.00103232 0.000433448 1 0 0 0
             12.0904 3.52698 13.5306 -1.8183  -0.0142353 -0.00245652  0.00628182 -0.00340248   0.0236966   0.0399259  0.000335842  9.40362e-05 -0.000736172  0.00119902 -0.00108704 0.000146555 1 0 0 7296
             12.0904  3.51808  13.5193 -1.81472 -0.00948949 -0.00854261  0.00218254   0.0480217  -0.0448312 -0.00861341  0.000331808  9.11922e-05 -0.000737952  0.000848392 -0.000708866  0.000325125 1 0 0 0
             12.1905  3.62418  13.3996 -1.88837 -0.00886516 -0.00889337  0.00424435 0.00280461 0.00310442  0.0257808  0.000337042  9.90758e-05 -0.000746377    0.0011396 -0.000982572  0.000228244 1 0 0 7096
             12.1905  3.62418  13.3996 -1.88837 -0.00886516 -0.00889337  0.00424435 0.00280461 0.00310442  0.0257808  0.000337042  9.90758e-05 -0.000746377    0.0011396 -0.000982572  0.000228244 1 0 0 0
             12.2901  3.61026  13.3612 -1.89399  -0.0124401 -0.00577573  0.00677881 -0.0395181   0.036155  0.0235106   0.00034749  0.000100465 -0.000750998  0.00139449 -0.00112802 0.000305509 1 0 0 7230
             12.2901  3.60702  13.3613 -1.88083  -0.0149021 -0.00751272  0.00511362  -0.068393  0.0161298 0.00244295  0.000346702   0.00010284 -0.000753736  0.00151655 -0.00100358 0.000450993 1 0 0 0
             12.3904  3.62929  13.3108 -1.84711 -0.0215688 -0.0040493 0.00840799 -0.064242 0.0370151 0.0399356 0.000346129 0.000101066 -0.00075506  0.00154804 -0.00113527 0.000264877 1 0 0 7092
             12.3904  3.60496  13.2763 -1.83395   -0.016149 -0.00634349  0.00398178 -0.00378308   0.0114955  -0.0108896  0.000348966  0.000101951 -0.000757674   0.00114902 -0.000991577  0.000463891 1 0 0 0
             12.4902   3.6714    13.28 -1.88954  -0.0185031 -0.00358548  0.00682306 -0.0245381  0.0298796  0.0371038  0.000351353  0.000102997 -0.000757629  0.00135489 -0.00114018 0.000242374 1 0 0 7132
             12.4902  3.67162  13.2807 -1.88769  -0.0176879 -0.00729214  0.00665008 -0.0156348 -0.0117057  0.0342027  0.000347769  0.000101899 -0.000758754   0.00129615 -0.000913293  0.000231303 1 0 0 0
               12.59  3.67153  13.2578 -1.92036   -0.018691 -0.00628623  0.00997333 -0.0029757  0.0120897  0.0330883  0.000355802   9.8658e-05 -0.000765507  0.00128931 -0.00104725 0.000226323 1 0 0 7116
               12.59  3.68101  13.2626 -1.92544  -0.0177566 -0.00480419  0.00593846 0.00678718  0.0290145 -0.0147914 0.000355556 9.70255e-05  -0.0007642  0.00117658 -0.00112648 0.000490822 1 0 0 0
             12.6906  3.68237  13.2481 -1.99982   -0.017869 -0.00215553  0.00633596  -0.002662   0.022866 0.00892869  0.000357375  0.000102581 -0.000769652  0.00123403 -0.00112305 0.000368986 1 0 0 7072
             12.6906  3.72267  13.2389 -2.04033 -0.0225584  0.0100527 0.00530755  -0.0562923    0.164432 -0.00328489  0.000361592  0.000109981 -0.000760582  0.00153479  -0.0018911 0.000562678 1 0 0 0
             12.7902   3.7268  13.1538 -2.06762 -0.0233252  0.0159344 0.00656952 0.00636835   0.036472  0.0134594  0.000357717  0.000102826 -0.000779975  0.00123272 -0.00123262 0.000334429 1 0 0 7264
             12.7902 3.71984 13.1408 -2.1255 -0.0172795  0.0130721 0.00395038   0.0783618 0.000592245  -0.0172997  0.000353207  9.80247e-05 -0.000770963 0.000799758 -0.00104503 0.000402501 1 0 0 0
             12.8901  3.77584  13.1159 -2.00784 -0.0146371  0.0064462 0.00746784  0.0259164 -0.0710657  0.0433742  0.000350982  9.98629e-05 -0.000793629   0.00116344 -0.000634593  9.37703e-05 1 0 0 7152
             12.8901  3.72286   13.101 -1.99225  -0.0163069 -0.00489232  0.00591898  0.012128 -0.201784 0.0224496  0.000350563  0.000102994 -0.000798745  0.00118246 0.000108073 0.000175729 1 0 0 0
             12.9904 3.56266 13.1915 -1.9874 -0.0192629 -0.0168757  0.0089791 -0.0330185  -0.113182  0.0332048  0.000365514   0.00010347 -0.000797675  0.00149649 -0.00041223 0.000198733 1 0 0 7240
             12.9904 3.56266 13.1915 -1.9874 -0.0192629 -0.0168757  0.0089791 -0.0330185  -0.113182  0.0332048  0.000365514   0.00010347 -0.000797675  0.00149649 -0.00041223 0.000198733 1 0 0 0
             13.0902   3.507 13.1363 -2.0329 -0.0231027 -0.0188218 0.00995736  -0.0389529 -0.00603173  0.00691481  0.00037922 0.000104808 -0.00080305   0.0015156 -0.00103083 0.000404048 1 0 0 7136
             13.0902   3.507 13.1363 -2.0329 -0.0231027 -0.0188218 0.00995736  -0.0389529 -0.00603173  0.00691481  0.00037922 0.000104808 -0.00080305   0.0015156 -0.00103083 0.000404048 1 0 0 0
             13.1901  3.57157  13.1172 -2.15649 -0.0247715  -0.011353 0.00964905  -0.0142876   0.0900351 -0.00232368  0.000376328   0.00010348 -0.000808883  0.00139644 -0.00156676  0.00047167 1 0 0 7071
             13.1901  3.58033  13.1115 -2.17603  -0.0248869 0.000247962   0.0089762   -0.017342    0.225491 -0.00877341  0.000377752  0.000104625 -0.000804737  0.00143239 -0.00233272 0.000566329 1 0 0 0
             13.2904  3.59688  13.1049 -2.08872 -0.0227808   0.016562 0.00942318  0.0267241   0.157466 0.00624003  0.000378535  0.000101852 -0.000823658  0.00122126 -0.00194426 0.000398821 1 0 0 7315
             13.2904  3.59498  13.0833 -2.14254 -0.0206551 0.00591231   0.006977  0.0485981  0.0380631 -0.0245504  0.000373149  0.000105422 -0.000815538  0.00103022 -0.00125504 0.000502164 1 0 0 0
             13.3902  3.53011   12.995 -2.03759 -0.0171437 0.00416928 0.00713738  0.0393955 -0.0238934 0.00579569  0.000375921  0.000110105 -0.000831712   0.00110976 -0.000910874  0.000337184 1 0 0 7067
             13.3902  3.51711   13.006 -2.05134 -0.0214687 0.00365762  0.0055239 -0.00724875   -0.028021  -0.0151561  0.000377421   0.00011022 -0.000829439   0.00134118 -0.000864944  0.000516776 1 0 0 0
               13.49   3.4638  13.0483 -2.02228 -0.0210235 0.00168515 0.00600098 0.00550649 -0.0199572 0.00958735  0.000379497  0.000106459 -0.000838188    0.0013247 -0.000960762  0.000350639 1 0 0 7131
               13.49  3.44827  13.0394 -2.02561 -0.0209029 -0.0026025 0.00843622  0.0070017 -0.0679106   0.037633  0.000380494  0.000107958 -0.000838065   0.00134364 -0.000695847  0.000165673 1 0 0 0
             13.5904  3.44301  12.9622 -1.99826  -0.0225185 -0.00618826   0.0128557  -0.014519 -0.0338906  0.0430235  0.000389485    0.0001049 -0.000847742    0.0014976 -0.000912779  0.000164608 1 0 0 7165
             13.5904  3.46975   12.949 -2.00539  -0.0209834 -0.00544373  0.00800904   0.001916 -0.0256361 -0.0150409 0.000384823 0.000106689 -0.00084657   0.00132803 -0.000945687    0.0004868 1 0 0 0
             13.6902  3.46447  12.9917 -2.03719  -0.0208515 -0.00381691  0.00869407 0.00357893  0.0236333  0.0126297 0.000388441 0.000106985 -0.00085389  0.00138265 -0.00123447  0.00034523 1 0 0 7011
             13.6902  3.44691  12.9738 -2.03911  -0.0197193 -0.00639695  0.00748209   0.0152433 -0.00603407 -0.00215701  0.000390231  0.000109609 -0.000853996  0.00129056 -0.00106151 0.000404927 1 0 0 0
             13.7901  3.47774  12.9812 -2.01355  -0.0191068 -0.00387125  0.00942846 0.0075216 0.0290407 0.0248782  0.000390964  0.000111057 -0.000861957  0.00140758 -0.00129166   0.0002892 1 0 0 7128
             13.7901  3.47607  12.9908 -2.04693 -0.0237475 0.00371429 0.00665578  -0.0459262    0.115665 -0.00792081   0.00039246  0.000111411 -0.000855699   0.0016842  -0.0017666 0.000586322 1 0 0 0
             13.8904  3.47387  12.9976 -2.03858 -0.0255806    0.01105 0.00731554 -0.0140608  0.0666695  0.0114687  0.000395646  0.000108934 -0.000865391  0.00152432 -0.00152648 0.000428044 1 0 0 7033
             13.8904  3.47509  12.9745 -2.04456 -0.0213643 0.00201139 0.00536256    0.03042 -0.0346678  -0.012535  0.000391837  0.000111404 -0.000865256   0.00121819 -0.000944584   0.00047169 1 0 0 0
             13.9903  3.50824  13.0179 -2.07558  -0.0193794 -0.00083694  0.00839609  0.0188669 -0.0255107  0.0377145 0.000394748 0.000107361 -0.00087863   0.0013658  -0.0010117 0.000182093 1 0 0 7111
             13.9903  3.47522  12.9808 -2.11391 -0.0187744 0.00244638 0.00661185  0.026158 0.0101579 0.0178174 0.000400546 0.000114043 -0.00087209  0.00130314 -0.00121226 0.000304226 1 0 0 0
               14.09  3.39058  12.9799 -2.12763   -0.0170817 -4.49962e-05   0.00923786  0.0192291 -0.0342088  0.0249482  0.000407155   0.00010883 -0.000886256   0.00138031 -0.000976288  0.000245285 1 0 0 7205
               14.09 3.43142 12.9466 -2.1093  -0.0140138 -0.00782252  0.00269479  0.0535109  -0.127989 -0.0532745  0.000395971  0.000112593 -0.000890704   0.00105586 -0.000412227  0.000628812 1 0 0 0
             14.1901  3.41858  12.9634 -2.14503 -0.0152736 -0.0139917 0.00456778 -0.0208174 -0.0524145  0.0352807 0.000406972 0.000116527 -0.00089625   0.00158718 -0.000869558  0.000254088 1 0 0 7034
             14.1901  3.41684  12.9406 -2.13522  -0.0177482 -0.00849328  0.00677022 -0.0477826  0.0107524  0.0623183  0.000412644  0.000122774 -0.000897224  0.00178945 -0.00123723 0.000153668 1 0 0 0
               14.29  3.41626  12.9143 -2.12309  -0.0209927 -0.00318802   0.0122036 -0.0273367  0.0549651  0.0553025  0.000417092  0.000119737 -0.000896474  0.00171202 -0.00149159 0.000187837 1 0 0 7058
               14.29  3.41774  12.9266 -2.14206 -0.0208472 0.00375048 0.00721325 -0.0258704   0.125857 0.00256495  0.000421648  0.000117901 -0.000891835   0.0016483 -0.00188202 0.000523796 1 0 0 0
             14.3904  3.36997  12.8973 -2.04269 -0.0206857    0.01022 0.00799821 0.00594974  0.0567342 0.00892861  0.000420683  0.000118498 -0.000906196  0.00148202 -0.00149847  0.00042581 1 0 0 6944
             14.3904  3.34612   12.917 -2.03002  -0.0189522 -0.00461648  0.00726671   0.0201936   -0.108205 -0.00128602  0.000413077  0.000113113 -0.000910802   0.00135363 -0.000544619  0.000403374 1 0 0 0
             14.4901  3.29117  12.9576 -2.11399 -0.0171696 -0.0104008 0.00901547  0.0173518 -0.0532504  0.0205362  0.000416602  0.000112507 -0.000914444   0.00141283 -0.000905187  0.000292168 1 0 0 6903
             14.4901  3.27276  12.9328 -2.10907  -0.0196171 -0.00683899  0.00824818 -0.00999637  -0.0135241   0.0114187  0.000423435  0.000119437 -0.000914965 0.00156199 -0.0011227  0.0003958 1 0 0 0
               14.59  3.27421  13.0038 -2.20073  -0.0197605 -0.00572357   0.0098018 0.0010083 0.0125266 0.0161883 0.000429883 0.000114972 -0.00091878   0.0015391 -0.00131446  0.00035916 1 0 0 7032
               14.59  3.27421  13.0038 -2.20073  -0.0197605 -0.00572357   0.0098018 0.0010083 0.0125266 0.0161883 0.000429883 0.000114972 -0.00091878   0.0015391 -0.00131446  0.00035916 1 0 0 0
             14.6903  3.35426  12.9948 -2.24607  -0.0183383 -0.00122212   0.0111027 0.0195213 0.0514244 0.0140121  0.000431334  0.000117499 -0.000930715  0.00144809 -0.00153673 0.000386459 1 0 0 7051
             14.6903  3.34893  12.9873 -2.25566  -0.0168388 -0.00274191  0.00618223  0.0358923  0.0326627 -0.0440501  0.000430617  0.000117706 -0.000929357 0.00127027  -0.001412 0.00070421 1 0 0 0
             14.7901   3.3054  13.0203 -2.26709 -0.0141268 0.00179828 0.00403199  0.0269276  0.0493619 -0.0163898  0.000435645  0.000121304 -0.000933613  0.00138202 -0.00148946  0.00056422 1 0 0 7076
             14.7901   3.3054  13.0203 -2.26709 -0.0141268 0.00179828 0.00403199  0.0269276  0.0493619 -0.0163898  0.000435645  0.000121304 -0.000933613  0.00138202 -0.00148946  0.00056422 1 0 0 0
             14.8935  3.22951  13.0238 -2.17692 -0.0139844 0.00515512  0.0043483 -0.000903134    0.0265792   0.00557399  0.000436473  0.000125798 -0.000946653  0.00158938  -0.0013762 0.000465345 1 0 0 7399
             14.8935  3.19813  13.0304 -2.19781  -0.0137872 -0.00423475  0.00546689 -0.000627907   -0.0772876    0.0170536  0.000434389   0.00012436 -0.000944362   0.00157993 -0.000772099  0.000356093 1 0 0 0
             14.9903  3.16935  12.9996 -2.22434 -0.0152888 -0.0060483 0.00777397 -0.0154315 -0.0130351   0.025143  0.000434836   0.00012631 -0.000950828  0.00168374 -0.00116576 0.000351824 1 0 0 6727
             14.9903  3.16701  13.0141 -2.21384  -0.0165428 -0.00465348   0.0063108 -0.0300079 0.00238131 0.00713964  0.000435974  0.000123926 -0.000952447  0.00174785 -0.00124723 0.000487632 1 0 0 0
             15.0902  3.16103  13.0765 -2.23402  -0.0184958 -0.00152383  0.00850133 -0.0192596  0.0354871  0.0267711  0.000443652  0.000119963 -0.000958956  0.00173154 -0.00147698 0.000375277 1 0 0 7075
             15.0902  3.17749   13.055 -2.24441 -0.0168518 -0.0025048 0.00629939 -0.000780582    0.0232989  0.000588493  0.000439264  0.000122341 -0.000957506  0.00158575  -0.0014035 0.000502394 1 0 0 0
               15.19  3.24888  13.0268 -2.34153  -0.0172898 0.000421916  0.00729202 -9.83593e-05    0.0302165    0.0125014  0.000436356  0.000125083 -0.000964694  0.00164099 -0.00145958 0.000454039 1 0 0 7054
               15.19  3.26089  13.0378 -2.35214 -0.0175718 0.00668761 0.00545562 -0.000568589    0.0997958  -0.00817042  0.000439926  0.000123458 -0.000961341  0.00163174   -0.001863 0.000605302 1 0 0 0
             15.2903  3.28591   13.074 -2.36522 -0.0150782  0.0119805 0.00571766  0.0286097  0.0444956 0.00562455   0.00044088  0.000124532 -0.000968147  0.00149783 -0.00157369  0.00047271 1 0 0 7013
             15.2903  3.24162   13.077 -2.34885  -0.0135819 -0.00515999  0.00609576  0.0403919  -0.151602 0.00818427  0.000433602  0.000122101 -0.000974354   0.00138606 -0.000419177  0.000365273 1 0 0 0
             15.3905  3.3104 13.0967 -2.4622 -0.0129564 -0.0143683 0.00952867 0.00338904 -0.0870069  0.0395704  0.000438596  0.000123301 -0.000980877    0.0016527 -0.000833544   0.00025835 1 0 0 6990
             15.3905  3.3104 13.0967 -2.4622 -0.0129564 -0.0143683 0.00952867 0.00338904 -0.0870069  0.0395704  0.000438596  0.000123301 -0.000980877    0.0016527 -0.000833544   0.00025835 1 0 0 0
               15.49   3.3901  12.9826 -2.55594 -0.0159634 -0.0139866  0.0122727 -0.0313235  0.0195583  0.0238332   0.00044792  0.000133729 -0.000989906  0.00186433 -0.00141328 0.000439075 1 0 0 6974
               15.49   3.3553  13.0075 -2.59811  -0.0159007 0.000580789  0.00664811 -0.0287179    0.18642 -0.0417601  0.000467047  0.000129998 -0.000978759    0.001801  -0.0023763 0.000897739 1 0 0 0
             15.5904  3.29989  13.0315 -2.59947 -0.0162526  0.0142663 0.00412475 -0.00123747     0.13151  -0.0209232  0.000466652  0.000128011 -0.000994469  0.00167203 -0.00205393 0.000720245 1 0 0 6948
             15.5904  3.32209  13.0277 -2.62264 -0.0153085 0.00683232 0.00659404 0.00761518  0.0489808 0.00696901  0.000455621  0.000127981 -0.000991772   0.0016372 -0.00157534 0.000504819 1 0 0 0
             15.6901  3.35506  13.0102 -2.55368 -0.0130105 0.00854076 0.00890743 0.0259739 0.0125163 0.0276309 0.000452797   0.0001281 -0.00100873  0.00155549 -0.00138209 0.000351378 1 0 0 6916
             15.6901  3.31477  13.0021 -2.54547  -0.0107018 -0.00316755  0.00513762  0.0507986  -0.120037 -0.0179451 0.000448233 0.000126513 -0.00101284   0.00131108 -0.000587344   0.00054008 1 0 0 0
             15.7902  3.33353     12.9 -2.49402 -0.00880983 -0.00965273  0.00570383  0.0159822 -0.0560847 0.00990126 0.000455295 0.000132767 -0.00101848   0.00156891 -0.000970399  0.000451408 1 0 0 7130
             15.7902  3.30568  12.9122 -2.48886   -0.011442 -0.00658986  0.00797079 -0.0138654 -0.0199216  0.0364084 0.000463595 0.000133394 -0.00101871  0.00179012 -0.00118351 0.000344477 1 0 0 0
             15.8903  3.25704   12.905 -2.50325  -0.0137304 -0.00424468   0.0112995 -0.0246498  0.0295849  0.0322432 0.000468823 0.000131076 -0.00102084  0.00188029 -0.00148912 0.000403867 1 0 0 7070
             15.8903  3.25704   12.905 -2.50325  -0.0137304 -0.00424468   0.0112995 -0.0246498  0.0295849  0.0322432 0.000468823 0.000131076 -0.00102084  0.00188029 -0.00148912 0.000403867 1 0 0 0
             15.9902  3.23664  12.8223 -2.58234  -0.0156593 8.06195e-05   0.0138502 -0.0150994  0.0419835  0.0239896 0.000468454 0.000131741 -0.00102087  0.00183954 -0.00160061 0.000440383 1 0 0 6941
             15.9902 3.23718  12.819  -2.603 -0.0135233 0.00340434 0.00703181 0.00807037  0.0811347 -0.0568042  0.00047124 0.000130498 -0.00101624  0.00160177 -0.00181522 0.000918908 1 0 0 0
               16.09  3.28188  12.7991 -2.63409 -0.0125439 0.00999877 0.00572683   0.0101961   0.0623293 -0.00256584 0.000470836  0.00013251 -0.00102753  0.00164301 -0.00174321 0.000597164 1 0 0 7065
               16.09  3.24974  12.7682 -2.66918  -0.011499 0.00602032 0.00548394   0.0220583   0.0154968 -0.00578009 0.000471513 0.000137333 -0.00102235  0.00155462  -0.0014632 0.000582006 1 0 0 0
             16.1919  3.27016  12.6827 -2.63484 -0.0111076 0.00444241 0.00755089 0.00303521 -0.0214467   0.023882 0.000471817 0.000132378 -0.00103579  0.00171033 -0.00125437 0.000416876 1 0 0 7207
             16.1919  3.25134  12.6738 -2.65223  -0.0125823 0.000703692  0.00807296 -0.0141026 -0.0632677  0.0291665 0.000469524 0.000135892  -0.0010341   0.00180685 -0.000996126  0.000389577 1 0 0 0
             16.2909  3.23008  12.5307 -2.65902   -0.013719 -0.00249016   0.0123779 -0.0085835 -0.0298668  0.0439362 0.000476895 0.000139513 -0.00104469  0.00181305 -0.00121006 0.000297004 1 0 0 6924
             16.2909  3.21219  12.5519 -2.67204  -0.0125744 0.000486198   0.0100338 0.00463809 0.00417968  0.0169855 0.000485299 0.000133913 -0.00104079  0.00171324 -0.00140097 0.000452684 1 0 0 0
             16.3904  3.23332  12.5242 -2.68948   -0.013533 0.000458137   0.0123234  -0.0127714 -0.00143539   0.0216153 0.000484408 0.000135579 -0.00105305  0.00183058 -0.00138188 0.000417967 1 0 0 7104
             16.3904  3.21703  12.5243 -2.72095 -0.0148045 0.00302861  0.0097577  -0.0281379   0.0286046 -0.00903861 0.000489209 0.000137668 -0.00104679  0.00188734 -0.00154419 0.000636713 1 0 0 0
             16.4903  3.22417  12.5162 -2.77082 -0.0175982 0.00552984 0.00937219  -0.0259638    0.022705 -0.00162723  0.00048956 0.000138636 -0.00105856  0.00191626 -0.00153935 0.000608935 1 0 0 7015
             16.4903 3.21159 12.5342 -2.7901  -0.016895 0.00595521  0.0106926 -0.0172397  0.0280437  0.0143996 0.000491611 0.000134777 -0.00105477  0.00188892 -0.00157976 0.000501012 1 0 0 0
             16.5901   3.2313  12.5009 -2.81667 -0.0163558 0.00628993  0.0136129  0.00982599 -0.00134494   0.0341897 0.000486136 0.000134487  -0.0010695  0.00174801  -0.0014239 0.000344939 1 0 0 6999
             16.5901  3.18185  12.4975 -2.84227 -0.0152289 0.00194094  0.0108195   0.0222553  -0.0529788 0.000222344 0.000489679 0.000134004 -0.00106582  0.00161209 -0.00110143 0.000518242 1 0 0 0
               16.69  3.22582  12.4514 -2.74669  -0.0132942 -0.00325145   0.0102181   0.0191967  -0.0520002 -0.00645291  0.00048967 0.000133797 -0.00108308  0.00163597 -0.00110539 0.000565886 1 0 0 7065
               16.69  3.19803   12.424 -2.76537  -0.0116202 -0.00376603  0.00916475  0.0387774 -0.0582579 -0.0186219 0.000493625 0.000137314 -0.00107998  0.00149939 -0.00106927 0.000613285 1 0 0 0
             16.7903  3.22284   12.361 -2.72383 -0.0112752 -0.0062998    0.01189 0.00168381 -0.0255891  0.0318471 0.000496093 0.000138835 -0.00109077  0.00183645 -0.00134213 0.000366196 1 0 0 6971
             16.7903  3.19444  12.3626 -2.75531  -0.0104914 -0.00586055    0.010736  0.0103645 -0.0204001  0.0185083  0.00050053 0.000138175 -0.00108493  0.00176764 -0.00137129 0.000440582 1 0 0 0
             16.8901  3.21736  12.2669 -3.02803  -0.0135149 -0.00445898   0.0130547 -0.0340828  0.0146552  0.0233153 0.000504626 0.000143307 -0.00108651  0.00204858 -0.00164252 0.000480655 1 0 0 7227
             16.8901  3.21974  12.2541 -3.05515   -0.0128007 -0.000257083   0.00789317 -0.0275356  0.0631733  -0.036034 0.000507586 0.000145567 -0.00108068  0.00194249 -0.00192081 0.000861971 1 0 0 0
               16.99  3.34984  12.2654 -3.32924 -0.0155479 0.00461915 0.00722314  -0.0289327   0.0486684 0.000925826 0.000505619  0.00014398 -0.00109325  0.00199776 -0.00185274 0.000633469 1 0 0 7011
               16.99  3.30786  12.2301 -3.36813  -0.0096897 -0.00297018  0.00682497   0.0362889  -0.0355236 -0.00297976 0.000505343 0.000145435 -0.00108773  0.00157113 -0.00135933  0.00053875 1 0 0 0
             17.0904  3.43555  12.1638 -3.44695  -0.0106919 -0.00391687  0.00926738  -0.0130149 0.000318449   0.0276179 0.000504522 0.000149507 -0.00110395  0.00193892 -0.00152074 0.000425886 1 0 0 7030
             17.0904  3.41266  12.1769 -3.49474 -0.0120016 -0.0008822 0.00663142  -0.0296968    0.034531 -0.00348688 0.000509339 0.000148903 -0.00109461  0.00201001 -0.00171034 0.000656667 1 0 0 0
             17.1902  3.36122  12.1871 -3.43743 -0.0169614  0.0015121  0.0109795 -0.0511203  0.0251101  0.0506904 0.000514796 0.000146668 -0.00111402  0.00220885 -0.00161456 0.000340641 1 0 0 7150
             17.1902  3.36122  12.1871 -3.43743 -0.0169614  0.0015121  0.0109795 -0.0511203  0.0251101  0.0506904 0.000514796 0.000146668 -0.00111402  0.00220885 -0.00161456 0.000340641 1 0 0 0
             17.2903 3.30479 12.2015 -3.4114  -0.0187286 0.000965478    0.015727 -0.0125983 -0.0126849  0.0472691 0.000516378 0.000146015 -0.00112197  0.00194664 -0.00141672   0.0002997 1 0 0 7032
             17.2903   3.3118  12.1963 -3.43986 -0.0161008 0.00316294  0.0110493   0.0178978   0.0129567 -0.00767904 0.000515008 0.000146147 -0.00111643  0.00169387 -0.00157125  0.00062338 1 0 0 0
             17.3904  3.33226  12.1583 -3.29651  -0.0157293 0.000818976   0.0101476 0.00387551 -0.0308984  -0.010962 0.000518068 0.000144925 -0.00113223  0.00179626 -0.00129593 0.000635511 1 0 0 7182
             17.3904  3.32521  12.1679 -3.32121 -0.0175565 0.00101019  0.0121059  -0.017419 -0.0280313  0.0117285 0.000518474 0.000144272 -0.00112758  0.00195954 -0.00131203 0.000519225 1 0 0 0
             17.4902   3.3415  12.1204 -3.22704   -0.018699 -0.00274664   0.0136263 -0.0105113  -0.037119  0.0192572 0.000520561 0.000148504 -0.00113831  0.00192209 -0.00124502 0.000492867 1 0 0 6968
             17.4902  3.30676  12.1207 -3.24008  -0.0175832 -0.00185702   0.0117539  0.00173045  -0.0269981 -0.00179871 0.000527182 0.000148046 -0.00113573  0.00182185  -0.0013043 0.000616171 1 0 0 0
             17.5901   3.279 12.0823 -3.1336  -0.0178523 -0.00421362   0.0123607 -0.00127594  -0.0230427   0.0052768 0.000527029 0.000145002 -0.00114704  0.00189871 -0.00133638 0.000563972 1 0 0 7018
             17.5901  3.26886  12.0613 -3.15272  -0.0165372 -0.00145166   0.0102874  0.0139074 0.00948027 -0.0187197 0.000529353 0.000148793 -0.00114341  0.00178254 -0.00153854 0.000712978 1 0 0 0
             17.6904  3.29903    12.06 -2.95806  -0.0156445 -0.00343736   0.0108049 0.00804378 -0.0268704 0.00866229 0.000529881 0.000145991 -0.00115947   0.0018407 -0.00134048 0.000534332 1 0 0 7203
             17.6904   3.3058  12.0152 -2.99276  -0.0130443 -0.00786952  0.00691548  0.0372466 -0.0795252 -0.0373444 0.000525633 0.000153791 -0.00115374  0.00157572 -0.00100332 0.000770892 1 0 0 0
             17.7902  3.28746  11.9087 -3.03526   -0.01246 -0.0114545 0.00938216 0.00458051 -0.0280909  0.0358814 0.000531022 0.000155521 -0.00115934  0.00188691 -0.00133639 0.000375528 1 0 0 6967
             17.7902  3.27919  11.9197 -3.01673   -0.016844 -0.00695681  0.00921502 -0.0467379  0.0242838  0.0330466 0.000535471 0.000155683 -0.00116236  0.00221793 -0.00164335 0.000482375 1 0 0 0
               17.89  3.30934  12.0176 -3.01274  -0.0201732 -0.00524649   0.0140396 -0.0324005   0.016825  0.0522414 0.000538003 0.000150785 -0.00117152    0.002188 -0.00163327 0.000327652 1 0 0 7186
               17.89  3.29984  12.0087 -3.03458  -0.0181254 -0.00562109   0.0118332 -0.0094712  0.0119725  0.0268421 0.000538833 0.000151899 -0.00116749  0.00200895 -0.00160221  0.00046052 1 0 0 0
             17.9906  3.36663  11.9356 -2.95931  -0.0179818 -0.00331064   0.0151707 0.0083069 0.0226156 0.0337008 0.000540911  0.00015479 -0.00117917  0.00194207 -0.00168554  0.00041355 1 0 0 7042
             17.9906  3.36085  11.9401 -2.96918  -0.0171783 -0.00455245   0.0110306  0.0158523 0.00783531 -0.0140179 0.000541139 0.000153731 -0.00117735  0.00182501 -0.00157694 0.000706975 1 0 0 0
             18.0903  3.41749  11.9571 -2.95889   -0.016491 -0.00246981   0.0127111 0.00505163   0.023842  0.0216872 0.000544611 0.000153996 -0.00118699  0.00194611 -0.00169508 0.000488522 1 0 0 6983
             18.0903  3.42494  11.9181 -2.98577   -0.0151787 -0.000853892   0.00784553  0.0189152  0.0428299 -0.0351981 0.000543418 0.000160903 -0.00118209  0.00178662 -0.00180005 0.000848105 1 0 0 0
             18.1901  3.44175  11.8938 -3.00282   -0.0143029 -0.000242433    0.0105209   0.0108508 -0.00322034   0.0366481 0.000543467 0.000158813 -0.00119429  0.00194825 -0.00157571 0.000390614 1 0 0 7195
             18.1901  3.44804  11.9098 -3.02205  -0.0171101 -0.00189514  0.00960998 -0.0230609 -0.0231966  0.0248381 0.000539301  0.00015937 -0.00119116  0.00213566 -0.00143193 0.000500948 1 0 0 0
               18.29 3.54852 11.9054 -2.9426  -0.0185224 -0.00489731   0.0141852 -0.0072061 -0.0314425  0.0492523  0.00054415 0.000159788 -0.00120667  0.00210452 -0.00139703 0.000308862 1 0 0 6943
               18.29 3.51575 11.9309 -2.9985  -0.0187116 0.000215418    0.011325 -0.00962387   0.0284859   0.0155794 0.000552969 0.000155981 -0.00119494  0.00209523 -0.00175898 0.000556442 1 0 0 0
             18.3904  3.55461   11.995 -3.01447   -0.017994 -0.00174894   0.0136256  0.0077337 -0.0260163  0.0275164 0.000551059 0.000157367 -0.00120953  0.00196705 -0.00142541 0.000454169 1 0 0 7152
             18.3904  3.54635  11.9841 -3.02111  -0.0177867 -0.00330362   0.0126008 0.00958327 -0.0437634  0.0154435 0.000550904  0.00015927 -0.00120869  0.00193266 -0.00130879 0.000521631 1 0 0 0
             18.4902  3.65537  12.0028 -2.89942  -0.0170961 -0.00603032   0.0149132   0.013287 -0.0264722  0.0209462 0.000557579 0.000157864 -0.00122288   0.0020149   -0.001445 0.000486986 1 0 0 7050
             18.4902  3.62514  12.0048 -2.91447  -0.0150685 -0.00911263   0.0115537  0.0361994 -0.0627591 -0.0180857 0.000559576 0.000155317 -0.00122055  0.00180772 -0.00120873 0.000692788 1 0 0 0
               18.59  3.71134  12.0873 -2.86295 -0.0136778 -0.0118867  0.0138509  0.0116207 -0.0256149  0.0317421 0.000559416 0.000156864 -0.00123114  0.00202388 -0.00149186 0.000441428 1 0 0 7053
               18.59  3.72749  12.0562 -2.86527  -0.0153184 -0.00724221   0.0109572 -0.00735472   0.0271885 -0.00282547 0.000560714 0.000164852 -0.00123031  0.00211045 -0.00180564 0.000715344 1 0 0 0
             18.6903  3.72282  12.0733 -2.91332  -0.0167466 -0.00469961   0.0122133 -0.0121449  0.0219427  0.0148627 0.000570925 0.000163861 -0.00123583  0.00221594 -0.00181873 0.000611629 1 0 0 7221
             18.6903  3.73218  12.0792 -2.91827 -0.0142661 -0.0072523  0.0107054   0.0171145 -0.00846029 -0.00268964 0.000566559 0.000160219 -0.00123517  0.00199973 -0.00163061 0.000673129 1 0 0 0
             18.7902  3.85442  12.0793 -2.98731  -0.0146754 -0.00573731   0.0126427 -0.00538518   0.0195185   0.0223371 0.000566682 0.000167049 -0.00124303  0.00218457 -0.00181646 0.000534313 1 0 0 6995
             18.7902  3.80688  12.0811 -3.01196 -0.0129415 -0.0060507 0.00996079   0.0144917   0.0162506 -0.00904817 0.000574623 0.000165144  -0.0012383   0.0020168  -0.0017883 0.000710157 1 0 0 0
             18.8903  3.87061  12.2526 -2.97598 -0.0128255 -0.0045861  0.0116636 -0.00183396   0.0178298   0.0201077 0.000577034 0.000160556 -0.00125537  0.00218165 -0.00178098 0.000511308 1 0 0 7245
             18.8903  3.87061  12.2526 -2.97598 -0.0128255 -0.0045861  0.0116636 -0.00183396   0.0178298   0.0201077 0.000577034 0.000160556 -0.00125537  0.00218165 -0.00178098 0.000511308 1 0 0 0
             18.9904  3.83804  12.2271 -2.94239   -0.013753 -0.00225834   0.0158178 -0.0083797  0.0232816   0.045472  0.00057658 0.000164096 -0.00125963  0.00224367 -0.00181943 0.000391754 1 0 0 7152
             18.9904  3.83804  12.2271 -2.94239   -0.013753 -0.00225834   0.0158178 -0.0083797  0.0232816   0.045472  0.00057658 0.000164096 -0.00125963  0.00224367 -0.00181943 0.000391754 1 0 0 0
             19.0901  3.81048  12.2097 -2.78246  -0.0151493 -0.00405881   0.0167083 -0.0154519 -0.0240663  0.0014514 0.000580596 0.000166087 -0.00127116  0.00222914 -0.00147734 0.000658454 1 0 0 7060
             19.0901  3.79312  12.2023 -2.84403  -0.0146549 -0.00302009   0.0115074 -0.0111575 -0.0120262 -0.0596622 0.000582579 0.000167948 -0.00125924  0.00211963 -0.00152833  0.00105789 1 0 0 0
               19.19   3.6451  12.1231 -2.76593  -0.0151967 -0.00511633  0.00957638  -0.0030052  -0.0237834 -0.00962228 0.000587523 0.000164454 -0.00127859  0.00212152 -0.00149698 0.000758129 1 0 0 7162
               19.19  3.64774  12.1065 -2.77427 -0.0156688 -0.0115714  0.0109821 -0.00783495  -0.0937593  0.00522691 0.000581114 0.000167755 -0.00127841   0.0021497 -0.00105162 0.000631984 1 0 0 0
              19.291  3.62551  12.0102 -2.77874 -0.0154174  -0.016274  0.0135538 0.00575494   -0.03884  0.0273961 0.000588316 0.000167831  -0.0012829  0.00213191  -0.0014408 0.000460829 1 0 0 6980
              19.291  3.62551  12.0102 -2.77874 -0.0154174  -0.016274  0.0135538 0.00575494   -0.03884  0.0273961 0.000588316 0.000167831  -0.0012829  0.00213191  -0.0014408 0.000460829 1 0 0 0
             19.3905  3.63979  12.0792 -2.76453 -0.0149957 -0.0140223  0.0151692 -0.0019147  0.0343586   0.017346 0.000601454 0.000164413  -0.0012907  0.00216035 -0.00189046 0.000563035 1 0 0 7126
             19.3905  3.65663  12.0456 -2.76529  -0.0137722 -0.00846511   0.0119106  0.0101278  0.0976673 -0.0202341 0.000605817 0.000169925 -0.00128931  0.00205169 -0.00228053 0.000819671 1 0 0 0
               19.49  3.63829  11.9633 -2.71071 -0.0170538 0.00156599  0.0131997 -0.0345331  0.0991837  0.0155037 0.000606685 0.000167843  -0.0013036  0.00242355 -0.00228911 0.000663738 1 0 0 7125
               19.49 3.64192 11.9177 -2.7453 -0.00965468 -0.00480994   0.0091606  0.0474896  0.0287474 -0.0298733 0.000598636 0.000169285  -0.0012983    0.001819 -0.00185077  0.00082039 1 0 0 0
             19.5902 3.58988 11.8769 -2.6421  -0.0115675 -0.00379114   0.0108469 -0.0288972   0.010052  0.0260321 0.000604746 0.000171763 -0.00131623  0.00235841 -0.00173366 0.000558679 1 0 0 7040
             19.5902  3.57101  11.8472 -2.65581 -0.0113185 -0.0121638  0.0103873 -0.0248575 -0.0828738  0.0188588 0.000599885 0.000176893 -0.00131561  0.00229208 -0.00112894 0.000556178 1 0 0 0
             19.6901  3.53905  11.7315 -2.61806 -0.0162752 -0.0139626  0.0143007   -0.050226 -0.00938461   0.0425673 0.000607997 0.000177633 -0.00131667  0.00252641 -0.00160589 0.000478015 1 0 0 7132
             19.6901 3.52627  11.742 -2.6373  -0.0162953 -0.00845223   0.0128228 -0.0505865  0.0529149  0.0261844 0.000615742 0.000176244 -0.00131155   0.0025255 -0.00200038 0.000616033 1 0 0 0
               19.79  3.55416  11.7403 -2.55797  -0.0212873 -0.00195708   0.0161574 -0.051756 0.0640697   0.03457 0.000612911 0.000175222 -0.00132408  0.00254525 -0.00211923 0.000562617 1 0 0 7016
               19.79  3.54321    11.71 -2.59686   -0.015177 -0.00486414   0.0128278    0.016819   0.0331773 -0.00367251 0.000611301 0.000175936 -0.00131704  0.00204408 -0.00192875 0.000713612 1 0 0 0
             19.8907  3.57529  11.6477 -2.66909  -0.0165568 -0.00198447   0.0146428 -0.015802 0.0261143 0.0208275 0.000612526 0.000171111  -0.0013296  0.00229305 -0.00191422 0.000593781 1 0 0 7225
             19.8907  3.56501  11.6358 -2.67846   -0.015845 -0.00708508   0.0144299 -0.00836842  -0.0276116    0.017289  0.00060955 0.000172636 -0.00132887  0.00222371 -0.00156412  0.00058276 1 0 0 0
             19.9906   3.6722  11.5772 -2.73001  -0.0194453 -0.00784635   0.0169829  -0.0430846 -0.00195436   0.0277034 0.000611672 0.000174707 -0.00134132  0.00244117 -0.00170587 0.000580412 1 0 0 7116
             19.9906  3.64979  11.5418 -2.73892  -0.0184004 -0.00634353   0.0139767  -0.0318033   0.0152755 -0.00755613 0.000617799  0.00018041 -0.00133954  0.00232555 -0.00180581 0.000806758 1 0 0 0
             20.0918  3.56635  11.4941 -2.77244  -0.0221048 -0.00342494   0.0157156 -0.0334854   0.031871  0.0210078 0.000627965 0.000174048 -0.00135321  0.00242372 -0.00191939 0.000623579 1 0 0 7099
             20.0918   3.5647  11.4902 -2.79051  -0.0208279 -0.00508608   0.0161421 -0.0188061  0.0133796  0.0262727 0.000625028 0.000172718 -0.00135023  0.00233162 -0.00180798 0.000561249 1 0 0 0
             20.1903  3.65734  11.5913 -2.46149  -0.0231215 -0.00275546   0.0169486 -0.0227048  0.0225846 0.00471202 0.000630906 0.000171447 -0.00136473  0.00236396 -0.00188118 0.000719103 1 0 0 6856
             20.1903  3.65215  11.5778 -2.44712 -0.0186923 -0.0140325  0.0154078 0.0297565 -0.111303   -0.0141 0.000613483  0.00016482 -0.00137074  0.00197481 -0.00105392 0.000714778 1 0 0 0
             20.2901   3.6222   11.485 -2.47392 -0.0197687 -0.0176202  0.0158285  -0.018882 -0.0311342 0.00896496  0.00062073 0.000175646 -0.00136831  0.00229304 -0.00160761 0.000673518 1 0 0 7012
             20.2901  3.61335  11.4579 -2.48667 -0.0176413 -0.0113342  0.0132104 0.00376812  0.0372091 -0.0196337 0.000627569 0.000179705   -0.001365  0.00212644 -0.00205147 0.000868601 1 0 0 0
               20.39  3.71372  11.3935 -2.60453  -0.0219816 -0.00530136   0.0129701  -0.0507237   0.0634219 -0.00153663 0.000627571 0.000180587 -0.00137242  0.00251604 -0.00224526 0.000814937 1 0 0 6953
               20.39  3.68315  11.3645 -2.63811 -0.0192646 -0.0108694  0.0126003  -0.0200996 0.000607424 -0.00616611 0.000627405 0.000183988 -0.00136712  0.00229262 -0.00183979 0.000776413 1 0 0 0
             20.4903 3.73552 11.4393 -2.5771  -0.0242817 -0.00695189   0.0163735 -0.0491372  0.0431063   0.045106 0.000630904 0.000178022 -0.00138289  0.00263383 -0.00213608 0.000495171 1 0 0 7015
             20.4903  3.72882  11.4413 -2.60209 -0.0208815  -0.012819  0.0151606 -0.0115247 -0.0222738  0.0309456 0.000626108 0.000174595 -0.00137879  0.00235024 -0.00171175 0.000511434 1 0 0 0
             20.5902  3.68444  11.5605 -2.65463 -0.0272735 -0.0131448  0.0183244  -0.0687926 -0.00491576   0.0320886 0.000632942 0.000174532 -0.00138738  0.00274538 -0.00181287 0.000600614 1 0 0 6906
             20.5902  3.69928  11.5277 -2.67302  -0.0262533 -0.00889313   0.0166649 -0.0566858  0.0408145  0.0133843 0.000633415 0.000180393 -0.00138337  0.00265409 -0.00211159 0.000733618 1 0 0 0
               20.69  3.73683  11.5739 -2.63641  -0.0313357 -0.00383898   0.0181539 -0.048978 0.0511195 0.0168025 0.000636395 0.000178485  -0.0013892   0.0026438 -0.00220151 0.000742109 1 0 0 6936
               20.69  3.73249   11.554 -2.65558  -0.0288289 -0.00525692   0.0176278 -0.0199845  0.0359253  0.0110865  0.00063537 0.000180339 -0.00138574  0.00244107 -0.00210971 0.000735553 1 0 0 0
             20.7904  3.72552  11.4187 -2.62817  -0.0314618 -0.00271415   0.0182677  -0.024374  0.0223844 0.00264035 0.000635251  0.00018045 -0.00139988  0.00246858 -0.00201711 0.000786041 1 0 0 7150
             20.7904  3.68735  11.4212 -2.61829 -0.0277314 -0.0129594  0.0193151  0.0177604 -0.0935696  0.0145086 0.000633387 0.000175528 -0.00140353  0.00217313 -0.00126488 0.000592165 1 0 0 0
              20.891  3.64379  11.4134 -2.61783 -0.0275781 -0.0186605  0.0189923 -9.08378e-05   -0.0506883  -0.00392525 0.000640518 0.000179388 -0.00141169   0.0023088 -0.00153203 0.000777326 1 0 0 7107
              20.891  3.63941  11.3998 -2.60639 -0.0263499 -0.0137825  0.0177222  0.0150389 0.00601294 -0.0183047 0.000649011 0.000180329 -0.00141255  0.00220781 -0.00190629 0.000883186 1 0 0 0
             20.9903  3.60687  11.4097 -2.62583  -0.0275244 -0.00986078   0.0172258  -0.0173853   0.0439448 -0.00118314 0.000653068 0.000183209 -0.00141519  0.00245507 -0.00216451 0.000845073 1 0 0 6976
             20.9903  3.58973  11.3986 -2.62576 -0.0278562 -0.0139641  0.0186156  -0.0206807 -0.00351421   0.0148785 0.000650374 0.000185505 -0.00141654  0.00248291 -0.00186144 0.000719749 1 0 0 0
             21.0905  3.61747  11.4059 -2.63399 -0.0321208 -0.0116528  0.0182186 -0.0447221  0.0223321  -0.010942 0.000653154 0.000183928 -0.00142892  0.00264971 -0.00208293 0.000896054 1 0 0 6958
             21.0905   3.5955  11.4049 -2.65115 -0.0268011 -0.0190232  0.0184153   0.0170785  -0.0626908 -0.00800825 0.000649692 0.000178513 -0.00142667  0.00222274 -0.00154092  0.00075528 1 0 0 0
             21.1923   3.6739  11.4798 -2.85893 -0.0288349 -0.0196585  0.0155914  -0.0194388 -0.00275785  -0.0344992 0.000658915 0.000185985 -0.00142926   0.0025001 -0.00194593 0.000986445 1 0 0 6938
             21.1923 3.66499 11.4925 -2.8627 -0.0303705 -0.0165007  0.0202981 -0.0348415  0.0318068   0.020052 0.000665606 0.000186079 -0.00142753  0.00268616 -0.00219132 0.000652144 1 0 0 0
             21.2902  3.71524  11.7542 -2.94641 -0.0337296 -0.0102964  0.0190814  -0.027751  0.0653077 -0.0184963 0.000669384 0.000187913 -0.00144303   0.0027219 -0.00239943 0.000905568 1 0 0 6960
             21.2902  3.69749  11.7928 -3.00751  -0.0288639 -0.00634534   0.0223627  0.032395  0.112549 0.0218784 0.000679444 0.000170576 -0.00142834   0.0024193 -0.00273763  0.00059348 1 0 0 0
             21.3904  3.69427   12.101 -3.02861  -0.0250732 -0.00173575   0.0190392  0.0392693  0.0310763 -0.0371773 0.000675775  0.00017733 -0.00144684  0.00233889 -0.00222079 0.000997948 1 0 0 6954
             21.3904  3.69427   12.101 -3.02861  -0.0250732 -0.00173575   0.0190392  0.0392693  0.0310763 -0.0371773 0.000675775  0.00017733 -0.00144684  0.00233889 -0.00222079 0.000997948 1 0 0 0
             21.4904  3.70092  12.0807 -3.18058  -0.0237197 -0.00678725    0.015773  0.0170681 -0.0679108 -0.0260919 0.000670031 0.000185181 -0.00145706  0.00245588 -0.00159785  0.00102706 1 0 0 7003
             21.4904  3.69169  12.0459 -3.24797  -0.0269051 -0.00919073   0.0167708  -0.018253 -0.0944293 -0.0152689 0.000666232 0.000196582 -0.00144488  0.00269164 -0.00140889 0.000987134 1 0 0 0
               21.59  3.63128  11.8477 -3.52475 -0.0275283 -0.0197241  0.0152003 -0.00506447   -0.108422  -0.0122484 0.000666101 0.000197715 -0.00145792  0.00260891 -0.00134597  0.00101438 1 0 0 6859
               21.59  3.52437  11.8149 -3.59624 -0.0207838 -0.0194279  0.0176186 0.0725447 -0.104837 0.0181513 0.000685421 0.000198157 -0.00144355  0.00214362 -0.00141528 0.000700967 1 0 0 0
             21.6904  3.14573  11.5369 -3.98145 -0.0159034 -0.0281767  0.0183044  0.0477293  -0.097723 0.00441865 0.000681652 0.000199245 -0.00145738  0.00235712 -0.00162651 0.000881708 1 0 0 6885
             21.6904  3.17404  11.5674 -3.98503 -0.0192843 -0.0208867  0.0204622 0.00930443  -0.013152  0.0294124 0.000683243 0.000196966 -0.00145489  0.00268548 -0.00218835  0.00080417 1 0 0 0
             21.7902  3.37006   11.492 -3.99334 -0.0172997 -0.0255648  0.0234432  0.0140189 -0.0600722   0.027044 0.000680281 0.000196222  -0.0014707  0.00256749 -0.00202949 0.000759485 1 0 0 6983
             21.7902  3.31766  11.5087 -4.07121 -0.0180152 -0.0318776  0.0269505 0.00832631  -0.133815  0.0679617 0.000680357 0.000193827 -0.00145658  0.00262802 -0.00154455 0.000450818 1 0 0 0
             21.8903   3.4518  11.3079 -4.20055 -0.0188149 -0.0438356   0.030319 -0.0211099  -0.133202  0.0328168 0.000683648 0.000195168 -0.00147369  0.00261223 -0.00166838 0.000760935 1 0 0 6934
             21.8903   3.4654  11.3112 -4.22755 -0.0191626 -0.0336465  0.0274195 -0.0293588  -0.026259 0.00195919 0.000689975 0.000196411 -0.00146575  0.00267619 -0.00237295   0.0010377 1 0 0 0
             21.9904  3.60973  11.0569 -4.55246 -0.0208842 -0.0452585  0.0271757  -0.0175512   -0.153978 -0.00484524 0.000683611 0.000196944 -0.00147909  0.00254019 -0.00192622  0.00102679 1 0 0 7103
             21.9904  3.54907  11.0469 -4.65316 -0.0275453 -0.0399749  0.0305385 -0.0910555 -0.0970953  0.0332755 0.000697152 0.000207691 -0.00145783  0.00310952 -0.00227866 0.000885677 1 0 0 0
             22.0901  3.67027  10.9192 -4.98075 -0.0289918 -0.0616772   0.034604 -0.00501163   -0.256853   0.0325766  0.00068273 0.000190215 -0.00148986  0.00255284   -0.001719 0.000636914 1 0 0 6783
             22.0901  3.62296  11.0221 -5.19872 -0.0433589  -0.048203  0.0390129 -0.161306 -0.107389 0.0831522 0.000697488 0.000187697 -0.00144125  0.00374075 -0.00264216 0.000565025 1 0 0 0
               22.19  3.64517  11.3014 -5.87255 -0.0405689 -0.0752547  0.0412181 0.0255217 -0.272908 0.0116284  0.00069536 0.000183513 -0.00148534   0.0022602 -0.00173404 0.000557511 1 0 0 6877
               22.19  3.61203  11.3285 -6.05219 -0.0364985 -0.0863509  0.0379399  0.0648951   -0.38289 -0.0246513  0.00068902 0.000177845 -0.00144926   0.00187855 -0.000993125  0.000701433 1 0 0 0
             22.2903  3.79188  11.7158 -7.48956 -0.0242572  -0.127248  0.0305507   0.133524  -0.419764 -0.0831732    0.000693 0.000188408 -0.00148471   0.00135915 -0.000817257  0.000916396 1 0 0 7098
             22.2903  3.77168  11.7598 -7.60472 -0.0244341  -0.125975  0.0287244  0.130448 -0.407125 -0.104018 0.000692875 0.000180831  -0.0014607   0.00136237 -0.000891111   0.00107579 1 0 0 0
             22.3905  3.48978  12.4404 -9.67658 -0.0157267  -0.159092  0.0197875  0.0902739  -0.326358 -0.0697261  0.00070611 0.000197705 -0.00148013  0.00177466 -0.00134044  0.00116969 1 0 0 6926
             22.3905  3.48059  12.4223 -9.69869 -0.0282356  -0.144133  0.0233306 -0.0399542  -0.176145 -0.0297188 0.000717451 0.000208552 -0.00147507  0.00284408 -0.00224451  0.00115705 1 0 0 0
               22.49  3.56589  12.5824 -11.0595 -0.0311834  -0.163481  0.0263279 -0.0188968  -0.193001  0.0513255 0.000707966 0.000213031 -0.00150899  0.00288006 -0.00214738 0.000831985 1 0 0 6885
               22.49  3.61151   12.555 -11.1026 -0.0408292  -0.165635  0.0295217 -0.122993 -0.215102 0.0831347 0.000695774 0.000226622  -0.0015011  0.00359041 -0.00187968 0.000737712 1 0 0 0
             22.5904  4.29041  12.3269 -11.8719 -0.0406929  -0.188556  0.0387951 0.0104508 -0.203802  0.101668 0.000690999 0.000225193 -0.00153109  0.00274317 -0.00187285 0.000500232 1 0 0 7149
             22.5904  4.17253  12.3153 -11.9321 -0.0414321  -0.182678   0.036394 0.00223012  -0.145178  0.0748799 0.000715776  0.00022854  -0.0015184    0.002835 -0.00223844  0.00074203 1 0 0 0
             22.6902  3.99792  11.8501 -12.6471 -0.0325833   -0.19889  0.0418155  0.113956 -0.153065 0.0382705 0.000721395 0.000224269  -0.0015412  0.00222364 -0.00209361 0.000661094 1 0 0 7006
             22.6902  3.98498  11.8459 -12.6639 -0.0290156  -0.191363  0.0378319    0.150937  -0.0739053 -0.00601219 0.000728117 0.000223632 -0.00153646  0.00202897 -0.00266188 0.000985479 1 0 0 0
               22.79  3.99046  11.8394 -13.3608 -0.0125025  -0.206459  0.0351387    0.17619  -0.151516 -0.0316976 0.000719048 0.000224605 -0.00155104  0.00188117 -0.00212076  0.00101431 1 0 0 6841
               22.79 3.94815  11.883 -13.388 -0.0248237  -0.215781    0.03478 0.0375576 -0.245942 -0.045805 0.000721801 0.000221599  -0.0015467  0.00263833 -0.00123594  0.00121729 1 0 0 0
             22.8903  4.05739  11.8236 -14.6906  -0.01809 -0.235969 0.0319045  0.0772654  -0.188646 -0.0316186 0.000713309 0.000223136 -0.00154905  0.00256909 -0.00155252  0.00103122 1 0 0 7055
             22.8903  4.00003  11.7579 -14.7356 -0.0204884  -0.233075  0.0347185   0.0548011   -0.159747 -0.00138056 0.000724825 0.000238539  -0.0015406  0.00280814 -0.00171984 0.000867144 1 0 0 0
             22.9902  3.85406   11.621 -15.9123 -0.00918227   -0.244408    0.035906   0.133563  -0.101537 0.00674371 0.000718197 0.000227769 -0.00156233  0.00258221 -0.00203979 0.000607628 1 0 0 6994
             22.9902  3.77304  11.6416 -16.0083 -0.0155802   -0.24419  0.0331889  0.0659243  -0.100414 -0.0284253 0.000731086 0.000228155 -0.00154273  0.00298094 -0.00189369 0.000942461 1 0 0 0
               23.09  3.69403  11.7441 -17.4192 -0.00147304   -0.252212    0.032428     0.16835  -0.0693453 -0.00268715 0.000729812 0.000219129 -0.00156537  0.00266927 -0.00208743 0.000652591 1 0 0 6912
               23.09 3.70926 11.6707  -17.43 -0.00180549   -0.252006   0.0242422   0.158519 -0.0691897 -0.0936187 0.000726515 0.000234902  -0.0015641    0.002598 -0.00202372  0.00131154 1 0 0 0
             23.1902  3.63344  12.2339 -18.9604 0.0209364 -0.257123  0.023223   0.262363 -0.0513352  0.0149077  0.00072447 0.000215253 -0.00157552  0.00244843 -0.00227095 0.000552221 1 0 0 7001
             23.1902  3.64794  12.2578 -19.0172 0.0130129 -0.268804 0.0215845    0.17727  -0.166347 -0.0115786 0.000715075 0.000214022 -0.00156389  0.00272087 -0.00129812 0.000746905 1 0 0 0
             23.2911  3.83132  12.5708 -21.2983 0.0389832 -0.272397 0.0257038    0.287713 -0.00688616   0.0689559 0.000716555 0.000227431 -0.00156722  0.00262338 -0.00223795 0.000468461 1 0 0 7036
             23.2911  3.67058   12.475 -21.3201 0.0368412  -0.26776 0.0239015  0.263922 0.0388393 0.0493415 0.000751965 0.000248567  -0.0015639  0.00284876 -0.00246056 0.000678289 1 0 0 0
             23.3906  2.71068   12.366 -25.3326  0.068652 -0.262124 0.0312455  0.351025 0.0491231 0.0679798 0.000739737 0.000234636 -0.00154956  0.00281228 -0.00269342 0.000387451 1 0 0 6959
             23.3906 2.60089 12.3245 -25.444 0.0628393 -0.281539 0.0221523   0.284582  -0.149306 -0.0475568 0.000740664 0.000248139 -0.00152985  0.00253097 -0.00118211  0.00108982 1 0 0 0
             23.4901  2.63643  12.2628 -28.5834 0.0997692 -0.283455 0.0205068   0.413494 -0.0209038 -0.0165581 0.000713334 0.000239202 -0.00157468  0.00263782 -0.00221404 0.000722217 1 0 0 6771
             23.4901 2.67091 12.2753 -28.458  0.100664 -0.268486 0.0197635   0.422544   0.124505 -0.0175734 0.000721859 0.000234212 -0.00159928  0.00302063 -0.00315918 0.000859547 1 0 0 0
               23.59   3.1155  13.1303 -29.2176  0.148563 -0.257247 0.0234161  0.520605  0.122034 0.0400142 0.000720295 0.000209803 -0.00163739  0.00294983 -0.00313905 0.000339526 1 0 0 6786
               23.59  3.07301  13.1956 -29.1667  0.144436 -0.268071 0.0117548   0.465622 0.00658445 -0.0852334 0.000727246 0.000196632  -0.0016475  0.00268663 -0.00217928  0.00119023 1 0 0 0
             23.6905   3.3854  13.9035 -28.8026   0.192328  -0.263122 0.00969114   0.473812  0.0930276 0.00814081 0.000722357  0.00022538 -0.00166903  0.00275533 -0.00225207 0.000791302 1 0 0 6938
             23.6905  3.43189  13.7814 -28.6796  0.205288 -0.265688 0.0117038  0.615058 0.0651038 0.0375506 0.000720059 0.000245239 -0.00169576   0.0018567 -0.00262872  0.00037739 1 0 0 0
             23.7901  4.33176  12.4654 -27.2859  0.249865 -0.256473 0.0163617  0.425765 0.0853514 0.0262845 0.000713587 0.000272088 -0.00170275  0.00284621 -0.00214229  0.00052265 1 0 0 6922
             23.7901  4.32762  12.4911 -26.9999  0.240467 -0.265226 0.0194268   0.326708 -0.0123328  0.0563385 0.000722221 0.000262786 -0.00176377  0.00315067 -0.00119598  0.00031284 1 0 0 0
               23.89  4.80054  12.5019 -24.8483  0.270901 -0.264504 0.0222094  0.298155 -0.050034  0.011593 0.000736737 0.000226498  -0.0017321  0.00346521 -0.00163275 0.000489595 1 0 0 6885
               23.89  4.83008  12.5031 -24.7413   0.269966   -0.27534 0.00896819  0.278266 -0.174307 -0.142335 0.000732241 0.000220057 -0.00175626   0.00293096 -0.000707854   0.00146604 1 0 0 0
             23.9904  5.02953  14.1818 -23.9651     0.304441      -0.2857 -0.000876564   0.336838  -0.163901 -0.0743802 0.000745787 0.000204055 -0.00171722 0.00292964 -0.0019734 0.00119478 1 0 0 7012
             23.9904  5.07945  14.1454 -24.0035     0.30634    -0.28964 -0.00896565  0.353903 -0.208298 -0.167228 0.000732446  0.00021043 -0.00170968   0.0025376 -0.00169647  0.00178988 1 0 0 0
             24.0902  5.95025  14.8071 -25.5862    0.344174   -0.301536 -0.00842402  0.361161 -0.120616 0.0615913 0.000731332 0.000234073 -0.00167973  0.00280958 -0.00298957 0.000681638 1 0 0 7052
             24.0902  5.82288  14.6537 -25.5674   0.340556  -0.304172 -0.0125588  0.317707  -0.15025 0.0115589 0.000757369 0.000267738 -0.00168632  0.00289344 -0.00262677  0.00105142 1 0 0 0
             24.1901  6.75054  14.3625 -26.5629   0.375028  -0.315016 0.00257633  0.376581 -0.132213  0.165936 0.000737842  0.00024237 -0.00168646  0.00321095 -0.00332798 1.54739e-05 1 0 0 7033
             24.1901  6.77865  14.3881 -26.5354   0.364256  -0.319962 0.00371603  0.269007 -0.192482  0.171568 0.000729991 0.000240695 -0.00169203  0.00370322 -0.00259281 2.38491e-05 1 0 0 0
             24.2905 7.51727  14.982  -26.56  0.405745 -0.339546  0.014015  0.448221  -0.21458 0.0883141 0.000746926 0.000220042 -0.00170975  0.00292013 -0.00307198 0.000304602 1 0 0 7177
             24.2905 7.47348 15.0602 -26.515  0.399696 -0.344274 0.0216454  0.387996 -0.267372  0.167978 0.000756129 0.000204082 -0.00171732   0.00327166  -0.00259606 -0.000279502 1 0 0 0
             24.3903  6.99085  15.9216 -26.4134   0.44744 -0.373201 0.0215153     0.474545    -0.303329 -0.000369295 0.000778362 0.000203476 -0.00171898  0.00247816  -0.0026452 0.000930875 1 0 0 7018
             24.3903  6.78075  15.8363 -26.3356   0.450731   -0.37794 0.00447492  0.497225 -0.354646 -0.188288 0.000826164 0.000216832 -0.00173753  0.00180389 -0.00221827  0.00215185 1 0 0 0
             24.4902  6.98714  15.1928 -24.6304    0.501487   -0.409736 -0.00539893   0.523226  -0.315286 -0.0637671 0.000777033  0.00024992 -0.00177262  0.00201951 -0.00262513  0.00169676 1 0 0 7137
             24.4902  6.93611  15.1087 -24.4151    0.501513    -0.42085 -0.00294148   0.521542  -0.437714 -0.0369449 0.000796485 0.000259237 -0.00181948  0.00168711 -0.00187986  0.00129678 1 0 0 0
             24.5913  7.16813  14.1384 -22.3133   0.547862  -0.460955 0.00466051 0.494743 -0.41864 0.110892 0.000784122 0.000265946 -0.00179472  0.00259368 -0.00211254 0.000825923 1 0 0 7111
             24.5913 7.09806 14.1008 -22.211   0.551627  -0.468692 0.00277034  0.526336 -0.502961 0.0914398 0.000802352 0.000266562 -0.00181693  0.00210248 -0.00166366  0.00078579 1 0 0 0
             24.6905  6.33304  13.2988 -20.3445   0.59238 -0.507908 0.0218541  0.391748 -0.383297  0.217825 0.000814312 0.000272626 -0.00179855  0.00318412 -0.00225973 0.000586576 1 0 0 7119
             24.6905  6.21702  13.1886 -20.2275   0.58734 -0.504341 0.0178673  0.340505 -0.344185  0.170814 0.000844945 0.000299887 -0.00182631  0.00352279 -0.00230718  0.00104156 1 0 0 0
             24.7905  5.19944  11.5682 -19.4717  0.620324 -0.532618 0.0387434  0.317121 -0.277447  0.188265 0.000823461 0.000293046 -0.00178255  0.00360745 -0.00284844 0.000641319 1 0 0 7122
             24.7905  5.21481  11.6653 -19.4422  0.608445 -0.530697 0.0463639  0.203419 -0.265655   0.26657 0.000818135 0.000278241 -0.00178959  0.00452084 -0.00267136  0.00023102 1 0 0 0
               24.89  5.49061  11.6315 -19.8964  0.648298 -0.556651 0.0594857  0.424567 -0.238453  0.104775 0.000787043 0.000250488 -0.00175674  0.00302693 -0.00319808 0.000692082 1 0 0 7061
               24.89  5.41414  11.5721 -19.9285   0.65708 -0.572779 0.0421928   0.502013  -0.411298 -0.0654718 0.000798242 0.000257399 -0.00175204  0.00181894 -0.00211249   0.0016488 1 0 0 0
             24.9905  4.90525  11.6522 -21.1086  0.710642 -0.604097  0.041999   0.558223   -0.26688 -0.0240531 0.000802109 0.000252344 -0.00175537  0.00199263 -0.00279939 0.000943317 1 0 0 7081
             24.9905  4.82025  11.5451 -21.0543   0.70845 -0.608264 0.0356679   0.530457   -0.31471 -0.0956144   0.0008219 0.000274775   -0.001769  0.00194462 -0.00234316  0.00144697 1 0 0 0
             25.0912   4.2354  11.9268 -21.6315  0.759811 -0.629558 0.0354822   0.576604  -0.176465 -0.0217698 0.000811447 0.000253058  -0.0017725  0.00272612 -0.00284599 0.000548962 1 0 0 7137
             25.0912  4.27044  11.9762 -21.5128  0.762149 -0.625617 0.0319969   0.601761  -0.132055 -0.0595327 0.000812524 0.000239607 -0.00179598  0.00262471 -0.00319132 0.000848753 1 0 0 0
               25.19  3.96567  13.6627 -20.8053  0.820918 -0.640808 0.0298684   0.642383  -0.145905 -0.0253043 0.000807396 0.000228411 -0.00179551  0.00298344 -0.00279963 0.000500191 1 0 0 6972
               25.19  3.99607  13.7807 -20.7821  0.832932  -0.63721 0.0408942   0.766136 -0.0994067  0.0990011 0.000807695 0.000196272 -0.00179706   0.00249466  -0.00353288 -0.000505259 1 0 0 0
             25.2903  3.83357  14.7512 -20.0909  0.897357 -0.653342 0.0404477   0.64715 -0.165163 0.0144468 0.000812758 0.000237967 -0.00180397  0.00310984 -0.00238889 0.000763185 1 0 0 7225
             25.2903  3.86063  14.6766 -20.1253  0.901633  -0.64761 0.0328131   0.691412  -0.107651 -0.0673678 0.000807835 0.000254303 -0.00179832  0.00282067 -0.00285948  0.00136531 1 0 0 0
             25.3902  3.75564  13.4944 -20.3842  0.960703 -0.673894  0.030839   0.60115 -0.293767 0.0320439 0.000800517 0.000291793 -0.00180461  0.00337507 -0.00140621  0.00147776 1 0 0 7190
             25.3902  3.74591  13.4313 -20.3923  0.958149 -0.673761 0.0316676  0.572019 -0.293025 0.0426937 0.000801834 0.000306557 -0.00180396  0.00358367 -0.00133706  0.00144554 1 0 0 0
               25.49  3.55879  12.5658 -19.6616   1.01709 -0.710373  0.039533   0.59272 -0.335269  0.100758 0.000815676 0.000280962 -0.00183702   0.00339297 -0.000776487   0.00127367 1 0 0 7028
               25.49  3.46416   12.723 -19.6627   1.02199 -0.700058 0.0506773  0.649728 -0.229174  0.233861 0.000839618 0.000246992 -0.00183247  0.00353108 -0.00170369 0.000322249 1 0 0 0
             25.5903 3.21654 11.6834 -17.592   1.08902 -0.722597 0.0638101  0.635906 -0.188772 0.0828451 0.000837874 0.000275313 -0.00186834  0.00271006 -0.00146967   0.0010465 1 0 0 6935
             25.5903  3.25023  11.6837 -17.5664   1.09969 -0.700851 0.0624949  0.763325 0.0482187 0.0660345 0.000838726 0.000278055 -0.00186852 0.00242606 -0.0034165 0.00123269 1 0 0 0
             25.6902  2.93463  12.5581 -15.5936   1.16803 -0.709386 0.0575434  0.675625 -0.119566 -0.100341 0.000830762 0.000239921 -0.00185917  0.00244585 -0.00221283  0.00193078 1 0 0 7019
             25.6902  3.04635  12.7051 -15.7276   1.17331 -0.724007 0.0494295  0.729565 -0.275722 -0.201534 0.000797903 0.000202463 -0.00182892  0.00156946 -0.00122366  0.00248194 1 0 0 0
               25.79  2.97517  14.9761 -15.1582   1.23619  -0.75023 0.0392635  0.623252 -0.229265 -0.105388 0.000827297 0.000216037 -0.00186564  0.00259582 -0.00111067  0.00158247 1 0 0 7064
               25.79  2.79501  15.0175 -15.1223   1.23542 -0.739739 0.0479052    0.608388   -0.115115 -0.00648613  0.00087193 0.000209765 -0.00187475  0.00310023 -0.00191244 0.000961962 1 0 0 0
             25.8904  2.68571  16.2384 -12.9779   1.29342 -0.751442 0.0511157   0.576693 -0.0996352  0.0428285 0.000853267 0.000235844  -0.0018815  0.00335723 -0.00175457 0.000735863 1 0 0 7134
             25.8904  2.71526  16.1774 -12.9148   1.29906  -0.74613 0.0463782    0.630545  -0.0464454 -0.00161282 0.000852916 0.000248278  -0.0018961  0.00299913 -0.00222837   0.0010167 1 0 0 0
             25.9901  2.33848  15.9683 -9.86165   1.35852 -0.750734 0.0494167   0.613539 -0.0472506  0.0588064 0.000863619 0.000251545 -0.00190671  0.00325694 -0.00209067   0.0010671 1 0 0 7133
             25.9901  2.38486  15.9739 -9.82798   1.36247  -0.75009 0.0501016   0.651432 -0.0407952  0.0672524 0.000856916 0.000248904 -0.00191332  0.00302687 -0.00221067 0.000937712 1 0 0 0
               26.09  2.10724  15.1467 -7.20421   1.42785 -0.755724 0.0600593   0.666861 -0.0710543   0.140482 0.000862727 0.000261138 -0.00191765  0.00304942  -0.0020568 0.000924087 1 0 0 7354
               26.09  2.01812  15.1833 -7.16564   1.42264 -0.760039  0.061324  0.611808 -0.116928  0.153466 0.000880982 0.000253283 -0.00192691  0.00340465 -0.00164676  0.00090767 1 0 0 0
             26.1903  2.79743   14.866 -6.09679   1.48747 -0.769067 0.0783663  0.606926 -0.071974  0.211013 0.000856102  0.00024716 -0.00188028   0.0031049 -0.00186474  0.00110582 1 0 0 7223
             26.1903  2.78513  14.8862 -6.11361   1.49249 -0.771547 0.0852988   0.662263 -0.0939732   0.286655 0.000858232 0.000237046 -0.00187659  0.00285308 -0.00177918 0.000431865 1 0 0 0
             26.2901  1.78689  12.6154 -6.25342   1.55533 -0.765647  0.100858   0.57964 0.0995826 0.0998589 0.000899875 0.000288487 -0.00186166 0.00255427 -0.0024402 0.00117346 1 0 0 7007
             26.2901  1.73766  12.7351 -6.17315   1.54896 -0.770883  0.108975   0.52063 0.0513029  0.178776 0.000908955 0.000265783 -0.00188059  0.00309134 -0.00206646 0.000681083 1 0 0 0
               26.39 0.508317  12.5502 -6.52807    1.6011 -0.751328  0.105435    0.50018   0.221387 -0.0801399 0.000910089 0.000236289 -0.00185895  0.00283282 -0.00285704   0.0019974 1 0 0 6892
               26.39  0.48366  12.6206 -6.43745   1.60122  -0.73481 0.0945929  0.498421  0.380311 -0.195718 0.000931541 0.000222753 -0.00187235  0.00277076 -0.00398568  0.00291843 1 0 0 0
             26.4903 0.185797  13.5241 -3.22565   1.64903 -0.702367 0.0828672  0.466885  0.348087 -0.112865 0.000896394 0.000225144 -0.00193621  0.00286588 -0.00326998  0.00212727 1 0 0 7053
             26.4903 0.204388  13.5115 -3.17755   1.64292 -0.705166  0.080504  0.401931  0.319943 -0.141842 0.000891631 0.000232082 -0.00194827  0.00326191 -0.00301153  0.00243997 1 0 0 0
             26.5903  0.0863776    14.9911 -0.0650497   1.69011 -0.685422 0.0813011   0.466894   0.258106 -0.0336058 0.000907696  0.00019828 -0.00193996  0.00279158 -0.00217009   0.0011664 1 0 0 6991
             26.5903   0.108452    14.9754 -0.0748395   1.69546 -0.681837 0.0822905  0.524548   0.29399 -0.018685 0.000907638 0.000197515 -0.00193649  0.00242334 -0.00245956  0.00095972 1 0 0 0
               26.69 -0.40202  14.8629  3.76346   1.74669  -0.65472 0.0875678  0.510423   0.32004 0.0239917  0.00091196 0.000218624 -0.00196034  0.00244331 -0.00201151 0.000365396 1 0 0 6956
               26.69 -0.416751    14.827   3.83169   1.74435 -0.645979 0.0887893  0.491228  0.400936 0.0343301 0.000925493 0.000231301 -0.00197378  0.00260125 -0.00260558 0.000321064 1 0 0 0
             26.7903 -0.701609   14.0874   6.95911   1.79092  -0.61381 0.0924029  0.47877 0.336376  0.04299 0.000917747 0.000223637 -0.00195821  0.00288164  -0.0018244 0.000356774 1 0 0 7158
             26.7903 -0.49892  14.0139  6.94556   1.78018 -0.608172 0.0906482  0.377371  0.394912 0.0216998 0.000874474 0.000249811 -0.00195556  0.00352826 -0.00232199  0.00069552 1 0 0 0
             26.8902 0.173848   12.419  8.10549   1.82679  -0.57337 0.0894196   0.52056  0.358654 0.0149383 0.000888905 0.000238123 -0.00193696   0.0030817 -0.00174153   0.0011448 1 0 0 6951
             26.8902 0.210981  12.3562  8.12454   1.83109 -0.580588 0.0794715  0.559955  0.279656 -0.097211 0.000873803  0.00024622 -0.00194361  0.00266966 -0.00114052  0.00193689 1 0 0 0
             26.9901 1.51108 12.5294 8.29443   1.88843 -0.548583 0.0793095 0.584862 0.340317 0.047148 0.000882603 0.000214486  -0.0019301  0.00293946 -0.00138068  0.00160711 1 0 0 7020
             26.9901 1.62943 12.4658 8.35735   1.89224 -0.547336 0.0753547   0.621823   0.353393 0.00274602 0.000860635 0.000223694 -0.00194405  0.00258785 -0.00143895  0.00187603 1 0 0 0
             27.0903 2.05051 10.9547 7.76064   1.94296 -0.504305 0.0838036  0.470751  0.411842 0.0825176 0.000908252 0.000261339 -0.00191481  0.00309744 -0.00212597  0.00134235 1 0 0 7032
             27.0903  2.0866 10.9035 7.80567   1.94848 -0.506269 0.0888734 0.529968 0.393107 0.142157 0.000899638 0.000266522 -0.00192612  0.00279198 -0.00193517 0.000800269 1 0 0 0
             27.1902 2.39514 10.1441 7.59294   1.99015 -0.462554 0.0999291  0.443394  0.397578 0.0736309 0.000939624 0.000247216 -0.00192296  0.00353654 -0.00257096 0.000968801 1 0 0 6873
             27.1902 2.38723 10.1197 7.63743     1.998 -0.467707  0.101077  0.521858  0.350868 0.0876026 0.000936196  0.00024306 -0.00193584  0.00304843 -0.00215038 0.000751265 1 0 0 0
               27.29 1.66851 12.5568 6.59191    2.0396 -0.424624  0.103354   0.411391   0.419191 0.00172337 0.000969284  0.00017472  -0.0019157  0.00370093 -0.00291593  0.00125491 1 0 0 6899
               27.29  1.7166 12.5629 6.65345   2.04526 -0.429186  0.098929   0.462487   0.374615 -0.0372508 0.000954236  0.00016724    -0.00193  0.00332768 -0.00252944  0.00147331 1 0 0 0
             27.3903 1.12483 13.3712 7.48999   2.08175 -0.382447 0.0939522   0.364645   0.471707 -0.0516317 0.000971481 0.000204248 -0.00195456  0.00377173 -0.00322473  0.00163639 1 0 0 6835
             27.3903 1.13362 13.2694 7.60776   2.08397 -0.377346  0.090152   0.387859   0.527778 -0.0874888 0.000981936 0.000221909 -0.00197921  0.00349081 -0.00360547  0.00186827 1 0 0 0
             27.4902 0.852435  13.9404   8.8523   2.12602 -0.323758  0.086475    0.44991   0.536382 -0.0252874 0.000971881 0.000208567  -0.0019752  0.00345279 -0.00366555  0.00148918 1 0 0 6978
             27.4902 0.844457  13.8958  8.82424   2.13659  -0.32075 0.0859508   0.553692   0.569654 -0.0284706 0.000975823  0.00020411 -0.00196789  0.00267805 -0.00380056  0.00133203 1 0 0 0
             27.5901 0.0920672   14.8494   10.0724   2.19113 -0.271011 0.0878201  0.546188  0.490025 0.0478266 0.000979928 0.000200496 -0.00199325  0.00297861 -0.00326225  0.00117922 1 0 0 6977
             27.5901 0.0631519   14.7015   10.1045    2.1882 -0.278953 0.0830303    0.514693    0.403777 -0.00902137 0.000976378 0.000237406 -0.00200223  0.00319036 -0.00266932  0.00167659 1 0 0 0
             27.6905 1.02462 13.6241 14.3165   2.23577 -0.245751 0.0943612 0.470663 0.317304 0.167575 0.000947096  0.00023433 -0.00203739  0.00370882 -0.00218611  0.00112452 1 0 0 7126
             27.6905 1.05239 13.5084 14.3383   2.23713 -0.251522 0.0876344  0.484278  0.253184 0.0868849 0.000931589 0.000257622 -0.00204526  0.00353744 -0.00170678  0.00172202 1 0 0 0
             27.7902 1.17528 13.3359 15.1167   2.28503 -0.225988  0.105396 0.460707 0.246006 0.157987 0.000947139 0.000226527 -0.00199198  0.00364441 -0.00188704 0.000944686 1 0 0 6998
             27.7902 1.15317 13.2253 15.0957   2.28393 -0.224697 0.0991162  0.446676  0.258204 0.0897094 0.000952322 0.000252932 -0.00198735  0.00358892 -0.00199359  0.00146981 1 0 0 0
               27.89 -0.0420031    13.9303    14.7217   2.32715 -0.195114   0.11672 0.428716 0.298389 0.169071 0.000982407 0.000187092 -0.00197256  0.00356246 -0.00229457 0.000569898 1 0 0 6952
               27.89 -0.00349841     13.8776     14.8105   2.33544 -0.202076  0.101774  0.503931  0.227957 0.0131734 0.000967893 0.000192212 -0.00199518  0.00290635 -0.00161753  0.00163539 1 0 0 0
             27.9903 -1.81883  14.4044  12.5608   2.37878 -0.164411   0.11151  0.444908  0.417871 0.0503935 0.000985477 0.000203118 -0.00193715  0.00322352 -0.00274907 0.000743811 1 0 0 7221
             27.9903 -1.81883  14.4044  12.5608   2.37878 -0.164411   0.11151  0.444908  0.417871 0.0503935 0.000985477 0.000203118 -0.00193715  0.00322352 -0.00274907 0.000743811 1 0 0 0
             28.0902  -2.435 14.4511 12.3978   2.41333 -0.114119  0.119629  0.303393    0.5266 0.0776712 0.000982567  0.00019043 -0.00202129  0.00382141 -0.00330011  0.00019171 1 0 0 7822
             28.0902 -2.24874   14.296  12.4959  2.42334  -0.1118 0.103639   0.41422  0.556501 -0.110067 0.000946301  0.00021236 -0.00203856  0.00263135 -0.00336889  0.00135709 1 0 0 0
             28.1901 2.26825 14.4822 13.1293   2.45616 -0.059029 0.0973992   0.286942   0.561425 -0.0642706 0.000875613  0.00020638  -0.0020351  0.00335166 -0.00320315  0.00114513 1 0 0 5867
             28.1901 2.33469 14.4421 13.1841    2.44938 -0.0552137  0.0925385  0.215658  0.598127 -0.118612 0.000865398 0.000217015 -0.00204559  0.00368971 -0.00362192  0.00165411 1 0 0 0
             28.2904 3.95826 12.7208 14.5486   2.46784 0.0018529 0.0863548   0.171219   0.600508 -0.0678114 0.000919153 0.000252963 -0.00206187  0.00389308 -0.00300054  0.00115041 1 0 0 6994
             28.2904 3.88781 12.8763 14.3868     2.4723 -0.0261353  0.0927947    0.207875    0.308152 -0.00601281 0.000919266 0.000221493 -0.00202806   0.00430742 -0.000758327  0.000695724 1 0 0 0
             28.3902 3.98675 13.8785 12.5559   2.49537 0.0190886 0.0923266   0.26039  0.506011 0.0416411 0.000963489 0.000183026 -0.00198531  0.00411937 -0.00142723   0.0008798 1 0 0 6806
             28.3902 4.04329  13.734 12.6238   2.50255 0.0303714  0.071609    0.3346  0.629511 -0.197223 0.000959012 0.000209983 -0.00200131  0.00290336 -0.00205067  0.00259178 1 0 0 0
             28.4901 6.15126 13.5893 12.0691   2.53162  0.100005 0.0715667  0.279519  0.676705 0.0956662 0.000931611 0.000223952 -0.00202831  0.00316522 -0.00282971  0.00174019 1 0 0 6718
             28.4901 6.18434 13.6101 12.0055   2.52474  0.104797 0.0739591 0.212951 0.727229 0.121787 0.000923602 0.000221373 -0.00201315  0.00360137 -0.00333442  0.00166878 1 0 0 0
             28.5903 7.76046 12.3666 10.7661   2.54763  0.178411 0.0984645 0.237573 0.718606 0.260601 0.000928432 0.000249165 -0.00202212  0.00348132 -0.00368539 0.000887255 1 0 0 6730
             28.5903 7.73571 12.3647 10.7977   2.54413  0.180879 0.0988984   0.2018 0.743436  0.26475 0.000937077 0.000249132 -0.00202787  0.00370568   -0.003925 0.000933181 1 0 0 0
             28.6902 7.12732 11.5539 11.4424  2.57161 0.242385 0.124495 0.262267 0.578673 0.231086  0.00098584 0.000225631 -0.00205915  0.00327833 -0.00310504 0.000607976 1 0 0 6649
             28.6902 7.12732 11.5539 11.4424  2.57161 0.242385 0.124495 0.262267 0.578673 0.231086  0.00098584 0.000225631 -0.00205915  0.00327833 -0.00310504 0.000607976 1 0 0 0
             28.7901 3.86175 9.82046 9.74602  2.60155 0.287828 0.137016  0.308025  0.423608 0.0858888  0.00102605 0.000252442 -0.00203679  0.00308916 -0.00224253  0.00113167 1 0 0 6674
             28.7901 3.86175 9.82046 9.74602  2.60155 0.287828 0.137016  0.308025  0.423608 0.0858888  0.00102605 0.000252442 -0.00203679  0.00308916 -0.00224253  0.00113167 1 0 0 0
             28.8904 2.11339 10.6627 10.7249  2.63358 0.323387  0.13928   0.346655   0.309202 -0.0130551  0.00102292  0.00018937 -0.00209765  0.00332628 -0.00197886  0.00149469 1 0 0 6551
             28.8904 2.11339 10.6627 10.7249  2.63358 0.323387  0.13928   0.346655   0.309202 -0.0130551  0.00102292  0.00018937 -0.00209765  0.00332628 -0.00197886  0.00149469 1 0 0 0
             28.9902 1.16441 10.8034 10.5168  2.66498 0.357443 0.131555  0.328211  0.360621 -0.117655 0.000997304 0.000201578 -0.00206848  0.00344644 -0.00224365  0.00181681 1 0 0 6779
             28.9902 1.16441 10.8034 10.5168  2.66498 0.357443 0.131555  0.328211  0.360621 -0.117655 0.000997304 0.000201578 -0.00206848  0.00344644 -0.00224365  0.00181681 1 0 0 0
               29.09 1.08332  10.553 11.4281  2.69899  0.39768 0.118081  0.397796  0.415344 -0.139958 0.000981187 0.000217035 -0.00211295  0.00368695 -0.00250055  0.00177612 1 0 0 6698
               29.09 1.08332  10.553 11.4281  2.69899  0.39768 0.118081  0.397796  0.415344 -0.139958 0.000981187 0.000217035 -0.00211295  0.00368695 -0.00250055  0.00177612 1 0 0 0
             29.1902 0.785934  11.9898  11.1056  2.75189 0.445302 0.120101 0.616091 0.488584 0.153949 0.000991434 0.000171912  -0.0020987    0.003324 -0.00283321  0.00101046 1 0 0 6716
             29.1902 0.745151  12.0573  11.1489  2.75082 0.447308 0.123556 0.607821 0.511325 0.188972   0.0010053 0.000157373 -0.00210832  0.00340342 -0.00301582  0.00074294 1 0 0 0
               29.29 1.32038 17.5108 11.3344  2.81611 0.494932  0.15628 0.621628 0.436757 0.483254 0.000983526 8.42014e-05 -0.00211206  0.00314376 -0.00295723 0.000921956 1 0 0 6695
               29.29 1.32038 17.5108 11.3344  2.81611 0.494932  0.15628 0.621628 0.436757 0.483254 0.000983526 8.42014e-05 -0.00211206  0.00314376 -0.00295723 0.000921956 1 0 0 0
             29.3903  1.6542 16.4177 11.0719  2.86708 0.532561 0.205643 0.465574 0.331441 0.515168 0.000972489 0.000221309 -0.00211062  0.00338579 -0.00279311  0.00144651 1 0 0 6884
             29.3903  1.6542 16.4177 11.0719  2.86708 0.532561 0.205643 0.465574 0.331441 0.515168 0.000972489 0.000221309 -0.00211062  0.00338579 -0.00279311  0.00144651 1 0 0 0
             29.4901 1.49965  15.414 10.7573  2.91032 0.561061 0.250244 0.446308 0.279873 0.343075 0.000985568 0.000230768 -0.00212427  0.00370547 -0.00265239  0.00167294 1 0 0 6877
             29.4901 1.51532 15.4292 10.7248  2.91243 0.556569 0.248433 0.465371 0.229474 0.321473 0.000974176 0.000226613 -0.00212027  0.00359726 -0.00224305  0.00180534 1 0 0 0
               29.59 1.72118 14.8058 8.33444  2.95371 0.579582 0.269098  0.418303  0.261365 0.0922313 0.000962482 0.000233398 -0.00208475  0.00413928 -0.00216428   0.0019426 1 0 0 6795
               29.59 1.73795 14.7356 8.44354 2.94878 0.59149 0.26831  0.367243  0.389964 0.0827137 0.000976324 0.000249236 -0.00210555 0.00429857 -0.0032249 0.00209502 1 0 0 0
             29.6904 4.02422 14.4413 10.7422  2.99103 0.626584 0.274631  0.427081  0.356958 0.0255434 0.000956237  0.00022892 -0.00217351  0.00412758 -0.00282887  0.00176604 1 0 0 6732
             29.6904 4.17408 14.4209 10.7768  2.99468 0.624246 0.267662   0.460788   0.332376 -0.0497151 0.000921753 0.000229695   -0.002182  0.00375465 -0.00258554  0.00228037 1 0 0 0
             29.7901 6.61239 15.0437 9.85506  3.04705 0.654188 0.267875   0.535922   0.344766 -0.0600717 0.000932188 0.000223087  -0.0021252  0.00361828 -0.00221464  0.00141708 1 0 0 6696
             29.7901 6.58248 15.1439 9.76385  3.04964 0.646633 0.262977  0.552289  0.270396 -0.106726  0.00092499 0.000201592 -0.00210481  0.00351466 -0.00160306  0.00173428 1 0 0 0
               29.89 6.68144  15.431 8.66602  3.10198 0.686591 0.259953   0.512544   0.484195 -0.0436995 0.000977699 0.000234221 -0.00212846  0.00371131 -0.00214961 0.000879769 1 0 0 6703
               29.89  6.5359 15.4354 8.78489   3.1005 0.689305  0.26014   0.499638   0.512021 -0.0412379  0.00102114 0.000230528 -0.00215375  0.00377112 -0.00237237 0.000897971 1 0 0 0
             29.9903  2.4762  14.562 8.65815  3.14772 0.759492 0.261287  0.502199  0.759598 0.0746998  0.00111177 0.000259394  -0.0021602  0.00380272 -0.00322725 0.000860006 1 0 0 6875
             29.9903  2.4762  14.562 8.65815  3.14772 0.759492 0.261287  0.502199  0.759598 0.0746998  0.00111177 0.000259394  -0.0021602  0.00380272 -0.00322725 0.000860006 1 0 0 0
             30.0901 0.0907857   17.0411   8.97961    3.198 0.839194 0.280893 0.505042 0.760541 0.368155  0.00110766 0.000160054 -0.00219167  0.00385646 -0.00357629  0.00103603 1 0 0 6829
             30.0901 0.087137   17.166  8.91913  3.19841 0.826995  0.29301 0.512567 0.635393 0.500491  0.00108539 0.000132824 -0.00218254   0.00423276  -0.00269677 -1.31429e-06 1 0 0 0
               30.19 0.721223    17.31  7.67799    3.238 0.893518 0.337812 0.331831 0.613607 0.466431  0.00101878 0.000217361 -0.00216864  0.00399098 -0.00345403  0.00165751 1 0 0 6982
               30.19 0.629396  17.2115  7.52263  3.23502 0.902909 0.344472 0.302077 0.718747 0.546622  0.00104402 0.000240786 -0.00213231  0.00426013 -0.00425334   0.0010657 1 0 0 0
             30.2914 -0.864505   15.0792   9.42956  3.26547 0.973959 0.377934 0.312006 0.677864 0.230882  0.00108742 0.000255778 -0.00224236  0.00369326 -0.00400773  0.00253078 1 0 0 6836
             30.2914 -0.919136   15.0924   9.52248  3.27882  0.96123 0.375678 0.452731 0.545733 0.200982  0.00109017 0.000240084 -0.00227066  0.00273727 -0.00282568  0.00248041 1 0 0 0
             30.3902 -2.19259  15.0216  9.25951  3.32081  1.01124 0.379839   0.439804   0.489957 -0.0729053   0.0010602 0.000230825 -0.00221892 0.00312489 -0.0028557 0.00317747 1 0 0 6869
             30.3902 -2.19259  15.0216  9.25951  3.32081  1.01124 0.379839   0.439804   0.489957 -0.0729053   0.0010602 0.000230825 -0.00221892 0.00312489 -0.0028557 0.00317747 1 0 0 0
             30.4904 -3.21995  15.0438  8.71705 3.35921 1.06019 0.37556  0.399819  0.506019 -0.116568   0.0010455 0.000239904 -0.00221853  0.00397834 -0.00288667  0.00232988 1 0 0 6917
             30.4904 -3.28433   15.088  8.77864  3.34943   1.0578 0.374662  0.289017  0.478566 -0.131273  0.00106393 0.000238496 -0.00223312  0.00482554 -0.00284532   0.0026885 1 0 0 0
             30.5904 -4.01893  15.5634  8.40723 3.39241 1.11047 0.37313    0.496667    0.553649 -0.00784361  0.00103955 0.000228138 -0.00222809  0.00427755 -0.00273397  0.00121976 1 0 0 6929
             30.5904 -3.94846  15.6263  8.43926  3.39553  1.11591 0.377904  0.532892  0.611697 0.0427718   0.0010295 0.000210157  -0.0022352  0.00404458 -0.00310803 0.000704198 1 0 0 0
             30.6901 -2.8543 16.5316 8.54863  3.45962  1.17564 0.392208 0.686796 0.600686 0.259065  0.00101731 0.000199694 -0.00225315  0.00366007 -0.00292801 0.000421912 1 0 0 6993
             30.6901 -3.09625  16.7393  8.59199  3.46354  1.16708 0.404315 0.726011 0.517538  0.37258  0.00106609 0.000151397 -0.00226728   0.00373391   -0.0021548 -0.000459803 1 0 0 0
               30.79 -2.8709 17.6165 8.05995  3.53783  1.21623 0.437323 0.753091 0.456766 0.508358  0.00103764 0.000193976 -0.00224494 0.00351128 -0.0022682 0.00124398 1 0 0 6941
               30.79 -2.8709 17.6165 8.05995  3.53783  1.21623 0.437323 0.753091 0.456766 0.508358  0.00103764 0.000193976 -0.00224494 0.00351128 -0.0022682 0.00124398 1 0 0 0
             30.8903 -1.15173  17.0414  7.84207  3.59631  1.26278 0.484558 0.472812 0.446506  0.49711 0.000997231 0.000259858 -0.00226151  0.00382489 -0.00273055  0.00242378 1 0 0 6951
             30.8903 -1.15154  16.8884  7.97904  3.59254  1.26703 0.487521 0.433743 0.492194 0.526302  0.00101298 0.000299086 -0.00228785  0.00411885 -0.00311311  0.00224704 1 0 0 0
             30.9904 0.720036  15.0342  9.68038 3.62859 1.31359 0.53211 0.347435 0.457643 0.384054  0.00101371 0.000296744 -0.00229775  0.00424896 -0.00300437  0.00270072 1 0 0 6716
             30.9904 0.645744  14.8839  9.43884  3.64142  1.31014 0.536063 0.476063 0.407803 0.426928   0.0010103 0.000318132  -0.0022509   0.0034559 -0.00243828  0.00210479 1 0 0 0
               31.09 0.124501  12.6779  8.69653  3.67884  1.36241 0.568835 0.399893 0.588472 0.194571  0.00106301 0.000303019 -0.00226262  0.00420192 -0.00300065  0.00201491 1 0 0 6525
               31.09 -0.0190323    12.7479    8.72513    3.662  1.37077 0.576382 0.237547 0.668379 0.275742  0.00110476 0.000298741  -0.0022636  0.00550066 -0.00384725  0.00168485 1 0 0 0
             31.1901 -0.770284   12.7052   9.53292  3.69855  1.43366 0.583522   0.338828   0.641071 -0.0260325  0.00107951 0.000247645 -0.00227681  0.00452031 -0.00305385  0.00218422 1 0 0 6630
             31.1901 -0.742192   12.6991   9.57274 3.69884 1.43142  0.5813   0.341363   0.616308 -0.0481421  0.00107375  0.00024905 -0.00228628  0.00449234 -0.00285383  0.00236397 1 0 0 0
             31.2904  1.0991 11.9786 12.2668  3.7424 1.49386 0.56736  0.406886  0.688524 -0.202589  0.00103147 0.000267328 -0.00233144  0.00355429 -0.00234685   0.0022517 1 0 0 6451
             31.2904 1.11705 11.8764 12.4641  3.76776  1.49388 0.556242  0.653208  0.702875 -0.292485  0.00103745   0.0002723 -0.00237436   0.0014633 -0.00210176  0.00254921 1 0 0 0
             31.3927 1.16224 11.4992 14.2018  3.81697  1.57589 0.538713  0.531279  0.865507 -0.171442  0.00108379 0.000277431 -0.00232545  0.00297003 -0.00266258   0.0016703 1 0 0 6596
             31.3927 1.02966  11.523 14.2708 3.81644 1.56823 0.53871  0.522567  0.786814 -0.174336  0.00110513 0.000274782 -0.00234297  0.00316842 -0.00206233  0.00173312 1 0 0 0
             31.4901 -1.81297  13.1439  14.8942 3.85527 1.65909 0.54341  0.47868 0.958768 0.177925   0.0011531 0.000263937 -0.00231873  0.00436184 -0.00321291  0.00111187 1 0 0 6344
             31.4901 -1.83492  13.2961  14.9789  3.85537   1.6613 0.538823 0.479661 0.982141 0.134593  0.00116821 0.000227283 -0.00233752  0.00425576 -0.00336847  0.00143419 1 0 0 0
             31.5904 -0.773571   17.2628   15.1182  3.89987   1.7606 0.573178 0.393689  0.92935 0.498268  0.00106562 0.000227817 -0.00232116  0.00440155 -0.00390611  0.00122225 1 0 0 6730
             31.5904 -0.745179   17.2741   15.1117  3.90264  1.76385 0.574657 0.422695 0.964341 0.514491  0.00106205 0.000220844 -0.00231971  0.00415323 -0.00409747  0.00102059 1 0 0 0
             31.6902 -1.64778  15.6054   13.475 3.94378 1.84646  0.6261 0.402336 0.798464 0.521356  0.00110808 0.000343175 -0.00228276  0.00407088 -0.00339551  0.00139307 1 0 0 6649
             31.6902 -1.74673  15.7134  13.5049  3.94205  1.85018 0.622485 0.387522 0.837092 0.488477  0.00113783 0.000318177 -0.00228863   0.0040243 -0.00371768  0.00165247 1 0 0 0
             31.7901 -4.55107  16.3661  13.4641  3.98533  1.92256 0.662539 0.473806 0.684027 0.337105  0.00115608  0.00028466 -0.00232518  0.00404433 -0.00281125  0.00218555 1 0 0 6717
             31.7901 -4.47585  16.4744   13.462  3.98385  1.91086 0.662885 0.460094 0.557834 0.337409  0.00112882  0.00026424 -0.00233011  0.00440689 -0.00187439  0.00231697 1 0 0 0
             31.8905 -5.45257     16.7   12.377  4.03413  1.97028 0.684638  0.499726  0.584754 0.0866723  0.00109668 0.000292801 -0.00234463  0.00403679 -0.00215697  0.00227147 1 0 0 6916
             31.8905 -5.45257     16.7   12.377  4.03413  1.97028 0.684638  0.499726  0.584754 0.0866723  0.00109668 0.000292801 -0.00234463  0.00403679 -0.00215697  0.00227147 1 0 0 0
             31.9902 -5.52566  16.2136  13.0803  4.08638  2.03323 0.682333  0.528734  0.638716 -0.109359   0.0011032 0.000305898 -0.00237738  0.00379527 -0.00243538  0.00198627 1 0 0 6821
             31.9902 -5.64082  16.1384  13.1701  4.09568  2.02289 0.680393  0.625534  0.527845 -0.133096  0.00112674 0.000320903 -0.00239886  0.00320351 -0.00138219  0.00212271 1 0 0 0
             32.0901 -4.17685  14.6206  14.5559  4.14362  2.09352 0.670139   0.505693   0.749886 -0.0674516   0.0010885 0.000339355 -0.00240581  0.00399654 -0.00290043  0.00180228 1 0 0 6676
             32.0901 -4.02814  14.7901  14.5618 4.14136 2.11651 0.67572   0.489101   0.997173 -0.0037592  0.00107187  0.00029714 -0.00240343  0.00381633 -0.00480154 0.000993776 1 0 0 0
             32.1904 -2.97906  16.2973  15.7225  4.19509   2.2114 0.679492 0.613083 0.988236 0.165062  0.00110184 0.000258372 -0.00239889  0.00411563 -0.00416985  0.00174223 1 0 0 6702
             32.1904 -3.25684  16.5621  15.8056 4.20375 2.20638  0.6815 0.698944 0.936161 0.182264  0.00116602 0.000190807 -0.00242518  0.00364868 -0.00354639  0.00151027 1 0 0 0
             32.2903 -4.12911  20.8866  16.2771  4.27049  2.29176 0.717852 0.569779 0.799372 0.561434  0.00111793 0.000221622 -0.00239953  0.00387778 -0.00309291  0.00178013 1 0 0 6857
             32.2903 -4.19817  20.9634  16.2765   4.2663  2.28386 0.720446 0.527056 0.716125 0.584724  0.00112272 0.000212439 -0.00240001  0.00441913 -0.00257026   0.0017774 1 0 0 0
             32.3901 -2.79306  17.3519  17.6267 4.30445 2.35011 0.78411 0.293117 0.657065  0.66088  0.00107713 0.000389142 -0.00242314    0.004464 -0.00248552  0.00207108 1 0 0 6711
             32.3901 -2.79663  17.3294   17.648  4.29963  2.35015 0.783863 0.247066 0.656298 0.658478  0.00108096  0.00040081 -0.00242682  0.00477705 -0.00259742  0.00219681 1 0 0 0
             32.4904 -2.44279  15.3062  18.4437  4.32035  2.42069 0.834401 0.213425 0.744488  0.32929  0.00108916 0.000331683 -0.00240979  0.00498922 -0.00277163  0.00252339 1 0 0 6460
             32.4904 -2.49672  15.4175  18.4493  4.32496  2.41786 0.834744 0.257983 0.716035 0.332132  0.00110004 0.000302577 -0.00241497  0.00475072 -0.00243038  0.00243776 1 0 0 0
             32.5903 -1.98228  16.3926  22.1334  4.35167  2.49586 0.845698   0.232951   0.814844 -0.0876275  0.00113264 0.000267799 -0.00248519  0.00435497 -0.00249711  0.00240405 1 0 0 6479
             32.5903 -1.87796  16.3363  22.2975  4.36422  2.49871 0.833631 0.355193 0.845248  -0.2168  0.00111959 0.000274966 -0.00252143   0.0030651 -0.00242322  0.00315719 1 0 0 0
             32.6901 -2.02312  16.4521  25.0082  4.38785  2.59407 0.821675  0.210298  0.983269 -0.203965   0.0011357  0.00029833 -0.00247008  0.00392587 -0.00344921  0.00161179 1 0 0 6549
             32.6901 -1.98363  16.4702  24.9773  4.38732  2.59697 0.827757  0.204108    1.0135 -0.145193  0.00112587 0.000293594  -0.0024627  0.00401376 -0.00368297  0.00111596 1 0 0 0
             32.7904 -1.45811  14.0623  26.5608  4.39786  2.70564 0.805699  0.101273   1.16513 -0.201208  0.00113971 0.000349028 -0.00243486   0.0042022 -0.00407783  0.00167902 1 0 0 6445
             32.7904 -1.45115  14.0321    26.61  4.40248  2.69346 0.795914  0.150374   1.02602 -0.298812  0.00112951 0.000355889 -0.00245173  0.00412014 -0.00291135  0.00255445 1 0 0 0
             32.8903 -5.50172  16.5705  22.4423  4.41914  2.81235 0.785163  0.229133   1.24997 0.0666505  0.00119576  0.00024707 -0.00233242  0.00450385 -0.00368602  0.00188209 1 0 0 6711
             32.8903 -5.5419 16.6907 22.4703  4.42631  2.79418 0.778982   0.291555    1.05459 0.00117993  0.00118201 0.000224669 -0.00234464  0.00466041 -0.00209571  0.00255293 1 0 0 0
             32.9901 -2.84547  17.7503  22.0726  4.44939   2.9093 0.811259 0.240371  1.07611 0.396516  0.00109651 0.000260413 -0.00241242  0.00490107 -0.00335796 0.000863724 1 0 0 6858
             32.9901 -2.62085  17.6018  22.1459  4.45483  2.90742 0.802654 0.295251  1.05339 0.305452  0.00104037 0.000292346 -0.00242562  0.00438191 -0.00308728  0.00152335 1 0 0 0
             33.0906 1.95744 16.0616 22.0409  4.47938  3.01747 0.835759 0.249728  1.09792 0.216472  0.00104962 0.000330688 -0.00242707  0.00476377  -0.0039669 0.000778661 1 0 0 6678
             33.0906 2.00167 16.1249 22.0855  4.48582  3.02059 0.838988 0.313484  1.13343 0.249221  0.00104292 0.000309457 -0.00244087  0.00429418 -0.00399919 0.000337955 1 0 0 0
             33.1903 0.438256  15.7611  19.9089  4.50978  3.13637 0.833684  0.283475   1.21802 -0.170174  0.00116166 0.000303548 -0.00240506  0.00472474 -0.00413482  0.00169401 1 0 0 6342
             33.1903 0.332309  15.8393  19.8843  4.52132  3.13416 0.826139  0.392129   1.19626 -0.245603  0.00117936  0.00027745 -0.00240335  0.00382853 -0.00360147  0.00207039 1 0 0 0
             33.2901 -1.93099   17.515  18.5913  4.55431  3.25374 0.802623  0.360343   1.22138 -0.201437  0.00117913 0.000278022 -0.00242727     0.00458 -0.00354459   0.0022163 1 0 0 6434
             33.2901 -1.97646  17.4743  18.6093  4.55488  3.24767 0.798892  0.368336   1.15349 -0.238584  0.00118572 0.000289783  -0.0024321  0.00463076 -0.00299233  0.00254878 1 0 0 0
             33.3905 -1.58381  18.0809  19.9349  4.58938  3.36369 0.791361  0.345288   1.15995 0.0075647  0.00113299 0.000306467 -0.00249088   0.0050867 -0.00295116  0.00188196 1 0 0 6749
             33.3905 -1.64917  18.0703   19.904  4.59316  3.36607 0.790323    0.383077     1.18601 -0.00288926  0.00114736 0.000304238 -0.00248301  0.00471789 -0.00303794   0.0018531 1 0 0 0
             33.4903 -0.325451   18.5405   21.2311  4.63032  3.48085 0.804128 0.334384  1.10776 0.225079  0.00112893 0.000299817  -0.0025107  0.00498029 -0.00282996   0.0015404 1 0 0 6608
             33.4903 -0.307272   18.5137   21.3487   4.6385  3.46828 0.796853 0.423278 0.960884 0.152908  0.00111359 0.000300332 -0.00254361  0.00455853 -0.00151026  0.00208401 1 0 0 0
             33.5901 -0.917928    17.105   21.5141  4.66249  3.56449 0.818483 0.141329 0.962352 0.225976  0.00114403 0.000363616 -0.00248834  0.00523123 -0.00239148  0.00198595 1 0 0 6483
             33.5901 -0.933998   16.9337   21.4924  4.65098  3.56545 0.816672 0.012626 0.973011 0.203979  0.00114965 0.000416808 -0.00247855  0.00603627 -0.00287198  0.00244258 1 0 0 0
             33.6899 -3.14066  14.3987  25.4591  4.65598  3.67367 0.842367 0.0604282   1.09074  0.194117  0.00122246 0.000383042 -0.00255186  0.00545002 -0.00351767  0.00139341 1 0 0 6471
             33.6899 -3.14066  14.3987  25.4591  4.65598  3.67367 0.842367 0.0604282   1.09074  0.194117  0.00122246 0.000383042 -0.00255186  0.00545002 -0.00351767  0.00139341 1 0 0 0
             33.7903 -3.40089   12.157  25.8909  4.67678  3.78817 0.855647  0.206763   1.15183 0.0529987  0.00118708 0.000342643 -0.00249892  0.00435276 -0.00354293 0.000925303 1 0 0 6570
             33.7903 -3.16415  12.1693  26.0226  4.67919   3.7912 0.848895   0.228995    1.18452 -0.0108415  0.00113927 0.000339582 -0.00252975  0.00393272 -0.00374265   0.0013647 1 0 0 0
             33.8901 -0.481406   12.1885   28.6829  4.70769  3.90859 0.840789  0.310846   1.19557 -0.121299   0.0011403 0.000291566 -0.00254299  0.00365862 -0.00341792  0.00139269 1 0 0 6379
             33.8901 -0.462988    12.243   28.7195  4.70974  3.89213 0.842417  0.330708   1.00077 -0.106498  0.00112193 0.000283867 -0.00255591  0.00429981 -0.00191636  0.00149679 1 0 0 0
               33.99 -1.84805  13.4482  29.7814  4.73457  4.00615 0.828618   0.234755     1.1836 -0.0493208  0.00120482 0.000267021 -0.00251548   0.0043392 -0.00287665  0.00215199 1 0 0 6390
               33.99 -1.81065  13.4339   29.915  4.73224  4.02028 0.828336   0.212862    1.33013 -0.0494398  0.00121725 0.000268462 -0.00254597  0.00389469 -0.00401124  0.00202885 1 0 0 0
             34.0903 -3.26303  13.4349    29.43  4.75568  4.15153 0.828911 0.235289  1.32147 0.124768  0.00121582 0.000296885 -0.00250508   0.0039927 -0.00366199  0.00268587 1 0 0 6551
             34.0903 -3.10318  13.3854  29.4827  4.75813  4.15797 0.824401  0.260113   1.38705 0.0837546  0.00118524 0.000304387 -0.00251505  0.00347263 -0.00402319  0.00290741 1 0 0 0
             34.1915 -2.09507  13.0674  29.6521   4.7751   4.2813 0.837691 0.141265  1.18032 0.121716   0.0011658 0.000316799 -0.00252648  0.00445814 -0.00340608  0.00300605 1 0 0 6894
             34.1915 -1.99088  13.0067  29.7225  4.77075  4.27452 0.836539 0.102004  1.11085 0.110758  0.00114272 0.000337273 -0.00254315  0.00498786 -0.00311262  0.00324799 1 0 0 0
             34.2906 -3.33472  12.6046  29.9233  4.78264  4.37186 0.857595 0.126444 0.951855  0.16831  0.00119946 0.000331801  -0.0025348  0.00564312 -0.00242301  0.00233389 1 0 0 6557
             34.2906 -3.29842  12.4868  29.9357  4.78009  4.37707 0.859283   0.1031  1.00406 0.186031  0.00119644 0.000359595  -0.0025346    0.005608 -0.00288507  0.00215014 1 0 0 0
             34.3904 -2.66972   11.636  30.7636  4.80041  4.47005 0.879446  0.25823  0.92001 0.124313  0.00117122 0.000328362  -0.0025469  0.00551028 -0.00224988  0.00149563 1 0 0 6620
             34.3904 -2.66972   11.636  30.7636  4.80041  4.47005 0.879446  0.25823  0.92001 0.124313  0.00117122 0.000328362  -0.0025469  0.00551028 -0.00224988  0.00149563 1 0 0 0
             34.4903 -1.33485  11.1064  30.0583  4.83761   4.5614 0.882569    0.440023    0.893539 -0.00229314  0.00115731 0.000313653 -0.00251897  0.00509396 -0.00220251  0.00173669 1 0 0 6626
             34.4903 -1.33485  11.1064  30.0583  4.83761   4.5614 0.882569    0.440023    0.893539 -0.00229314  0.00115731 0.000313653 -0.00251897  0.00509396 -0.00220251  0.00173669 1 0 0 0
               34.59 -1.42748  10.8754  26.1556 4.88212 4.65224 0.88031  0.460436    0.8887 0.0323575  0.00119279 0.000307338 -0.00246343  0.00501213 -0.00273303  0.00208521 1 0 0 6361
               34.59 -1.37949  10.8072   25.964  4.89388  4.63497 0.875096   0.596841   0.686898 -0.0277233  0.00116503 0.000330044  -0.0024183   0.00484517 -0.000703014   0.00263448 1 0 0 0
             34.6903 0.680508   11.447  25.2366  4.93694  4.72202 0.883455 0.380092 0.859007 0.148406  0.00115019   0.0003006 -0.00250796  0.00498676 -0.00266674  0.00258163 1 0 0 6382
             34.6903 0.677131  11.4624  25.2959  4.93818  4.71861 0.888976 0.395227 0.821187 0.202241  0.00115285 0.000298525 -0.00252233  0.00511266 -0.00232109  0.00213884 1 0 0 0
             34.7901 1.68041  10.664 22.5178 4.95844 4.81839 0.90435 0.149174  1.04932 0.123561  0.00116768 0.000338409 -0.00249132  0.00540904 -0.00463386  0.00262982 1 0 0 6166
             34.7901 1.47592 10.6701  22.487  4.95165  4.82904 0.914595 0.0751871   1.17551  0.227993   0.0012215 0.000332661 -0.00248204   0.0056798 -0.00584059   0.0017663 1 0 0 0
             34.8899 -0.297068   10.2752   21.6169  4.96001  4.95162 0.922502 0.0749518   1.24182 0.0174672  0.00124698 0.000308486 -0.00252474   0.0052291 -0.00594056   0.0024416 1 0 0 6088
             34.8899 -0.158115   10.2411   21.6377  4.96907  4.96033 0.916318   0.170659    1.33695 -0.0418237  0.00121155 0.000313544 -0.00252932   0.0040778 -0.00634301  0.00275678 1 0 0 0
             34.9911 -1.13524  10.3512  20.0671  4.99257  5.08013 0.902085 0.229983  1.17937 -0.23022  0.00121324 0.000310571 -0.00254271  0.00421705 -0.00487669  0.00289185 1 0 0 6319
             34.9911 -1.17968  10.3584  20.0563   4.9913  5.07609 0.900661  0.214167   1.13519 -0.246013  0.00122307 0.000309659 -0.00254076  0.00446199 -0.00457958  0.00307654 1 0 0 0
             35.0901 -1.99221  10.6239  17.5666  5.01704  5.16917 0.873377  0.219409  0.969076 -0.275587  0.00119176 0.000303176 -0.00253031  0.00486264 -0.00259756  0.00299108 1 0 0 6286
             35.0901 -2.01102  10.6578  17.6394  5.01412  5.15947 0.879667  0.185617  0.865297 -0.219367  0.00119478 0.000302504 -0.00254944  0.00552756 -0.00187926  0.00263534 1 0 0 0
             35.1902 -1.96383  10.8654  17.0166  5.03433  5.23999 0.865169   0.217263   0.813464 -0.0519199  0.00116322 0.000323492 -0.00257561  0.00569315 -0.00101956  0.00262523 1 0 0 6343
             35.1902 -1.89838   10.845  17.1155  5.04159  5.23467 0.857972  0.291505  0.752488 -0.122786  0.00114227 0.000325565 -0.00259999   0.00516993 -0.000359596   0.00318183 1 0 0 0
             35.2901 -1.89291  11.6733  14.1719  5.06787  5.31793 0.863858 0.277762 0.818669 0.141952  0.00116465 0.000317805 -0.00253841  0.00551626 -0.00131053  0.00251032 1 0 0 6486
             35.2901 -1.87761   11.658  14.2503  5.06474  5.32166 0.860833 0.243186 0.859612 0.109371  0.00117124  0.00032332 -0.00255641  0.00562663 -0.00172832  0.00280173 1 0 0 0
             35.3903 -0.92423  12.7321  10.6752  5.08263  5.41697 0.874802  0.189377  0.929263 0.0989282  0.00117552 0.000316077 -0.00253627   0.0059929 -0.00312132  0.00238244 1 0 0 6517
             35.3903 -0.790157   12.6697   10.6991  5.08447  5.41645 0.866333 0.208277 0.922255 0.003015  0.00114174 0.000331247 -0.00254189  0.00569108 -0.00306315  0.00316913 1 0 0 0
             35.4901  -1.398 13.0248 8.31219  5.10071  5.52073 0.875032  0.170816   1.04082 0.0226238  0.00122297 0.000322515 -0.00255226  0.00583442 -0.00433934  0.00199705 1 0 0 6527
             35.4901 -1.36151  12.9803  8.37008  5.11253  5.52063 0.874554  0.297019   1.04369 0.0235034  0.00121151 0.000323131 -0.00256873  0.00481923 -0.00414746  0.00176632 1 0 0 0
               35.59 -0.364994   13.3988   5.38408  5.13507   5.6289 0.875084   0.243035    1.10097 -0.0242789  0.00117746 0.000319306 -0.00255818  0.00557522 -0.00467363  0.00169004 1 0 0 6440
               35.59 -0.304663    13.396   5.35986   5.1257  5.62777 0.870576   0.141357    1.08515 -0.0734205  0.00116348 0.000328473 -0.00255102   0.0063217 -0.00468719  0.00229992 1 0 0 0
             35.6903 0.349617  13.9226  5.33539  5.15082  5.73632 0.863311   0.286087    1.10112 -0.0713355  0.00118416 0.000309655 -0.00262528  0.00551405 -0.00430304  0.00205322 1 0 0 6398
             35.6903 0.282853  13.9193  5.34332  5.15699  5.73032 0.866644    0.35462    1.03218 -0.0361166  0.00119336  0.00030718 -0.00262866  0.00508364 -0.00365897   0.0016426 1 0 0 0
             35.7901 1.81632 14.0772 4.28104  5.19559  5.83052 0.861348  0.383581   1.03439 0.0145892  0.00115357 0.000316836 -0.00262618  0.00510502 -0.00320997  0.00210529 1 0 0 6393
             35.7901 1.72336 14.0226 4.30731   5.1868  5.83469 0.862023  0.290541    1.0795 0.0174064  0.00118404 0.000338482 -0.00263124  0.00582186 -0.00364359  0.00226027 1 0 0 0
               35.89 2.24693 12.7045 4.96039  5.22079  5.93724 0.863635  0.329604   1.02998 0.0867042  0.00118521 0.000363822 -0.00268446  0.00524005 -0.00286681  0.00283538 1 0 0 6297
               35.89 2.20205 12.7908 4.98649  5.22698  5.93039 0.869943 0.397002 0.954884 0.151185  0.00118831 0.000336452 -0.00269298  0.00489464 -0.00221895  0.00215598 1 0 0 0
             35.9903 -0.262913    13.072   8.72559  5.26049  6.02612 0.877887  0.342498  0.936688 0.0456222  0.00126034 0.000332761 -0.00274905  0.00508775 -0.00197793  0.00282925 1 0 0 6305
             35.9903 -0.37741  13.1557  8.77974 5.26213 6.03135 0.86953   0.354927   0.994076 -0.0341226  0.00129748 0.000313011  -0.0027595   0.0047892 -0.00241347  0.00348673 1 0 0 0
              36.091 -2.62423  14.0079  8.38101  5.29641  6.13005 0.870164  0.308999  0.943053 0.0154857  0.00124465 0.000317073 -0.00268207   0.0051611 -0.00280806  0.00302405 1 0 0 6587
              36.091 -2.60112  14.0064  8.43037   5.2877  6.13336 0.867145   0.215802   0.976993 -0.0179635  0.00124458 0.000329026 -0.00269488  0.00580729 -0.00320937  0.00347074 1 0 0 0
             36.1922 -3.72407   13.776  8.53259  5.31585  6.22705 0.873825    0.318653    0.869304 -0.00735327    0.001243 0.000331859 -0.00270884  0.00550342 -0.00325038  0.00236319 1 0 0 6702
             36.1922 -3.65746  13.7463  8.49459  5.31523  6.22455 0.872218   0.311158   0.839359 -0.0237874   0.0012201 0.000340752 -0.00270102  0.00556654 -0.00302912  0.00253609 1 0 0 0
             36.2903 -1.92601  13.7676  7.45075  5.34932  6.30948 0.869515    0.33088   0.891837 -0.0943766  0.00117482 0.000315281 -0.00269218 0.00524494  -0.003201 0.00175063 1 0 0 6575
             36.2903 -1.7568 13.7296 7.49627  5.34151  6.31817 0.862677  0.242609  0.989126 -0.165519  0.00115147 0.000335264 -0.00269667  0.00566444 -0.00415414  0.00240482 1 0 0 0
             36.3901 -1.60293   12.784  7.39191  5.36734  6.41551 0.849716  0.230579   1.04079 -0.112905  0.00122005 0.000353427 -0.00272127  0.00530403 -0.00348869  0.00174805 1 0 0 6252
             36.3901 -1.72257  12.7764  7.44296  5.37811  6.41653 0.861396  0.358261   1.06009 0.0136251  0.00124945 0.000345216 -0.00273416  0.00450062 -0.00344337 0.000425448 1 0 0 0
             36.4903 -3.50485  11.8569  9.52888  5.40545    6.521 0.859968 0.292307  1.06034 0.102664  0.00129424 0.000353935 -0.00278759 0.00511256 -0.0028384 0.00199653 1 0 0 6524
             36.4903 -3.50485  11.8569  9.52888  5.40545    6.521 0.859968 0.292307  1.06034 0.102664  0.00129424 0.000353935 -0.00278759 0.00511256 -0.0028384 0.00199653 1 0 0 0
             36.5903 -3.73911  11.2942   7.6679  5.43281   6.6201 0.870039  0.351988  0.944566 0.0929887 0.00123689 0.00035644 -0.0027066  0.00597867 -0.00249712  0.00293826 1 0 0 6564
             36.5903 -3.71924  11.3289  7.56983  5.44935  6.62638 0.859756   0.533061    1.01847 -0.0169683  0.00123471 0.000321283 -0.00268076  0.00425026 -0.00288791  0.00352563 1 0 0 0
             36.6901 -3.91832  12.7767   3.5298   5.4929  6.71974 0.856815   0.455079    0.86708 -0.0639581  0.00123479  0.00031886 -0.00264666 0.00588716 -0.0029711 0.00376484 1 0 0 6573
             36.6901 -4.05687  12.8884  3.51178  5.48865  6.71874 0.872828  0.417039  0.860451 0.0974876  0.00127101 0.000297004 -0.00264329  0.00648013 -0.00284974  0.00245399 1 0 0 0
               36.79 -3.92417   14.139 0.303773  5.52222  6.79902 0.871249  0.341156   0.76926 -0.112668  0.00123864 0.000324876 -0.00268587  0.00735111 -0.00282911  0.00304359 1 0 0 6693
               36.79 -3.93871  14.1226 0.242686  5.53399  6.79703 0.871593  0.472764  0.747726 -0.106968  0.00123148 0.000319698 -0.00267419  0.00628051 -0.00254797  0.00276518 1 0 0 0
             36.8904 -2.30631  13.5544 -4.16928  5.57818   6.8794 0.856237 0.436025 0.873733 -0.17003  0.00118836 0.000354616 -0.00267263  0.00659737 -0.00304054  0.00297878 1 0 0 6659
             36.8904 -2.33479  13.5529 -4.17422  5.57889  6.88955 0.864934  0.449749  0.991423 -0.074079  0.00120397 0.000348619 -0.00267045  0.00669911 -0.00398207  0.00205673 1 0 0 0
             36.9902 -2.27428  13.5187 -3.68872  5.63027  6.98852 0.845413 0.558791  1.01456 -0.20852  0.00123634 0.000347686  -0.0027662  0.00619103 -0.00352027  0.00297427 1 0 0 6642
             36.9902 -2.35351  13.5487 -3.73528  5.64777  6.98308 0.832488  0.742915  0.951774 -0.344233  0.00124469 0.000322519 -0.00275805  0.00435755 -0.00313553   0.0037674 1 0 0 0
             37.0902 -3.41131  15.4118  -1.4098  5.70847  7.08547 0.817883  0.615009   1.04146 0.0106799  0.00128308 0.000317239 -0.00285025   0.0057293 -0.00324433  0.00334533 1 0 0 6794
             37.0902 -3.52226  15.3729 -1.40124  5.71577   7.0994 0.835844 0.707942  1.20607 0.210568  0.00133031 0.000323443 -0.00284927  0.00549237 -0.00459014  0.00139997 1 0 0 0
             37.1906 -1.85169  16.3707  2.77136  5.77264   7.2044 0.860182 0.508341  0.94554 0.264628  0.00121766 0.000353251 -0.00286652 0.00620757 -0.0036522 0.00233047 1 0 0 6787
             37.1906 -1.89083  16.1544  2.55765  5.78099   7.1969 0.864623 0.598132 0.859185 0.314495  0.00120211 0.000383665 -0.00281673  0.00558192 -0.00292612  0.00174836 1 0 0 0
             37.2926 -0.746567   13.8802   2.34703  5.82079  7.26987 0.882967 0.340862 0.671455 0.117667  0.00117636 0.000446724 -0.00276855 0.00663209 -0.0023158 0.00299338 1 0 0 6614
             37.2926 -0.746567   13.8802   2.34703  5.82079  7.26987 0.882967 0.340862 0.671455 0.117667  0.00117636 0.000446724 -0.00276855 0.00663209 -0.0023158 0.00299338 1 0 0 0
               37.39 -0.3914 12.7725  4.0301 5.84868 7.34034 0.88477   0.298725    0.73597 -0.0463409  0.00120791 0.000423396   -0.002817  0.00700053 -0.00278585  0.00342468 1 0 0 6374
               37.39 -0.3914 12.7725  4.0301 5.84868 7.34034 0.88477   0.298725    0.73597 -0.0463409  0.00120791 0.000423396   -0.002817  0.00700053 -0.00278585  0.00342468 1 0 0 0
             37.4903 -0.418154   13.7486   4.67682  5.88116  7.42212 0.872098  0.277759  0.875729 -0.181645  0.00122685 0.000377758 -0.00281219  0.00643421 -0.00328549  0.00364998 1 0 0 6447
             37.4903 -0.304954   13.8187   4.60825   5.8968  7.45598 0.879326  0.456677   1.28528 -0.091587  0.00122134 0.000350644 -0.00279039  0.00487386 -0.00672511  0.00243019 1 0 0 0
             37.5901 -0.580193   13.0316   6.09547  5.93579  7.57257 0.861645   0.34167   1.18873 -0.202029  0.00123875 0.000407285 -0.00283609  0.00499759 -0.00499626  0.00293285 1 0 0 6477
             37.5901 -0.580193   13.0316   6.09547  5.93579  7.57257 0.861645   0.34167   1.18873 -0.202029  0.00123875 0.000407285 -0.00283609  0.00499759 -0.00499626  0.00293285 1 0 0 0
             37.6901 -3.09389  11.5038  6.00779  5.96403   7.6726 0.845469   0.310865   0.962374 -0.0838722  0.00124407 0.000413936 -0.00282224 0.00575069 -0.0030567 0.00338615 1 0 0 6520
             37.6901 -3.10762  11.4314  5.95549  5.97502  7.66463 0.849404   0.435988   0.872084 -0.0397751  0.00123392 0.000416648 -0.00281058  0.00489119 -0.00216886  0.00280485 1 0 0 0
             37.7905 -3.36088  11.2094  2.59635  6.00613   7.7449 0.864012 0.332422 0.766007 0.196407  0.00119765  0.00041332 -0.00277569  0.00664768 -0.00177212   0.0024411 1 0 0 6633
             37.7905 -3.36088  11.2094  2.59635  6.00613   7.7449 0.864012 0.332422 0.766007 0.196407  0.00119765  0.00041332 -0.00277569  0.00664768 -0.00177212   0.0024411 1 0 0 0
             37.8902 -2.2676 12.4488 1.14368  6.03452  7.81743 0.880334 0.301542 0.668718 0.108086  0.00119451 0.000397701 -0.00280627  0.00746677 -0.00212818    0.002451 1 0 0 6392
             37.8902 -2.27957  12.4748  1.13376  6.03754   7.8201 0.879903 0.335065 0.700588 0.104677   0.0011998 0.000385313 -0.00280535  0.00717403 -0.00238033  0.00240754 1 0 0 0
               37.99 -2.41275  14.2134  1.20207  6.07598  7.89455 0.879295   0.398772   0.723036 -0.0678755  0.00124583 0.000373368 -0.00285271  0.00668806 -0.00316213  0.00274278 1 0 0 6538
               37.99 -2.49473  14.2104  1.17087  6.08708  7.90173 0.887017  0.522182  0.805232 0.0153765  0.00127366 0.000360635 -0.00284898   0.0057939 -0.00379439  0.00176871 1 0 0 0
             38.0903   -2.11274    15.5158 -0.0268769   6.1408  7.99033 0.869333  0.560443  0.913802 -0.238263  0.00125035 0.000377854 -0.00282645  0.00558332 -0.00460667  0.00284445 1 0 0 6435
             38.0903  -2.15852   15.4847 -0.101608  6.15007  7.99632 0.865169    0.6598   0.98129 -0.278747  0.00126423  0.00037261 -0.00280921  0.00465162 -0.00518453  0.00295262 1 0 0 0
             38.1901 -3.21203  16.7878 -1.74014  6.20555  8.09135 0.840126  0.574986  0.961646 -0.248592  0.00128389 0.000376121  -0.0028229   0.0060839 -0.00477433  0.00308021 1 0 0 6629
             38.1901 -3.20035  16.6701 -1.84229  6.21803  8.09349 0.844551  0.716877  0.985982 -0.196123  0.00127618 0.000377622 -0.00279709  0.00505679 -0.00494853  0.00230299 1 0 0 0
               38.29 -3.88953  18.0078 -2.60327  6.26965  8.18233 0.830428   0.499094   0.872068 -0.0544023  0.00124857 0.000409375 -0.00286975  0.00669995 -0.00387177  0.00299136 1 0 0 6797
               38.29 -3.84381  17.9033 -2.64171  6.28024   8.1795 0.821816  0.610307  0.835774 -0.141123  0.00122694 0.000412029 -0.00286002  0.00558046 -0.00363298  0.00345238 1 0 0 0
             38.3903 -3.06968  18.0643 -2.58027   6.3182  8.26054 0.830279 0.342332 0.815278 0.199298  0.00119651 0.000470707 -0.00292458  0.00770393 -0.00319985  0.00302878 1 0 0 6582
             38.3903 -3.06882  17.9671 -2.58894 6.31962  8.2603 0.82971 0.357164 0.812188 0.193132  0.00119494 0.000490655 -0.00292158  0.00756288 -0.00318263  0.00304073 1 0 0 0
             38.4922 -2.17492  16.9467 -1.74826  6.35225  8.34215 0.859379 0.279859 0.764705 0.294474  0.00122177 0.000511152 -0.00291978  0.00771751 -0.00338716  0.00233902 1 0 0 6757
             38.4922 -2.15259  16.8553 -1.78823   6.3609   8.3334 0.851848 0.373908 0.660924 0.209755   0.0011984 0.000517805 -0.00291789  0.00670142 -0.00260852  0.00282396 1 0 0 0
               38.59  -1.9935  15.3318 -1.66333 6.39408 8.40077 0.87528 0.338456 0.691615 0.211468  0.00121776 0.000483594 -0.00292353  0.00708489 -0.00313203  0.00225733 1 0 0 5943
               38.59 -1.84551  15.3041 -1.68526  6.41458   8.4187 0.870555 0.562077 0.905251  0.16294  0.00118137 0.000486454 -0.00291614  0.00513467 -0.00510641  0.00203999 1 0 0 0
             38.6904 -0.330705   15.2443  -1.15599 6.46254 8.50301 0.88185  0.489768  0.847004 0.0386858  0.00119144 0.000487483 -0.00291797 0.00617971 -0.0044354 0.00217855 1 0 0 6205
             38.6904 -0.341568   15.1998  -1.20673  6.47259  8.49484 0.879516  0.601279  0.754122 0.0140122  0.00117623 0.000479815 -0.00291185   0.0051762 -0.00367777  0.00215305 1 0 0 0
             38.7902 -0.0503519    15.8844   -2.87112  6.51516  8.57482 0.873498  0.396455  0.820227 -0.117488  0.00119759 0.000488865 -0.00289063  0.00675535 -0.00383553  0.00268789 1 0 0 6055
             38.7902 0.0224433   15.8292  -2.90524  6.51962  8.57361 0.867417  0.444734  0.805234 -0.183912  0.00117577 0.000493514 -0.00288293  0.00620622 -0.00372786  0.00313294 1 0 0 0
               38.89 0.459953  14.4335 -6.50692  6.54434  8.65655 0.853393  0.185729  0.855564 -0.122184  0.00118192  0.00058292 -0.00286739  0.00760428 -0.00377515  0.00299555 1 0 0 5828
               38.89 0.315001  14.3289 -6.58671  6.54661  8.65731 0.852914 0.210009 0.865309 -0.12717  0.00121388 0.000603478 -0.00284738  0.00739412 -0.00385942  0.00298063 1 0 0 0
             38.9903 -0.67495  12.0413 -9.97979 6.56228 8.75188 0.85422 0.155929  0.96765 0.102681  0.00122604 0.000578672 -0.00286414  0.00793697 -0.00422498  0.00250031 1 0 0 5711
             38.9903 -0.625378   11.9828  -9.97659 6.54731  8.7454 0.85369 -0.00686919    0.896132   0.0948892  0.00120516 0.000627125 -0.00287291  0.00915025 -0.00346236  0.00288246 1 0 0 0
             39.0926 -1.37996  11.3279 -13.4256  6.56809  8.84904 0.870195 0.220435  1.04127 0.232357  0.00123642 0.000484625  -0.0028906  0.00745238 -0.00451491  0.00271535 1 0 0 6180
             39.0926 -1.41402  11.3499 -13.3845  6.57729  8.86487 0.870563 0.323776  1.21599 0.240538  0.00128644 0.000454697 -0.00288578  0.00693598 -0.00607035  0.00251117 1 0 0 0
               39.19 -0.445239   11.0432  -12.7627  6.61664  8.96956 0.889581 0.377357  1.04351 0.173641  0.00123139 0.000457482 -0.00302103   0.0054167 -0.00541175  0.00260882 1 0 0 4594
               39.19 -0.507092   10.9746  -12.7923  6.62623   8.9723 0.895571  0.48852  1.07301 0.241124  0.00125135 0.000459326 -0.00301188  0.00471415 -0.00585562  0.00187616 1 0 0 0
             39.2903 -1.18762  10.6838 -9.32826 6.67247  9.0631 0.90475    0.458712    0.859534 -0.00106767  0.00130077 0.000434143 -0.00308728  0.00434801 -0.00429617  0.00276185 1 0 0 5598
             39.2903 -1.26174  10.6649 -9.33399  6.66925   9.0533 0.897811   0.423631   0.746744 -0.0786815  0.00131779 0.000437277  -0.0030866  0.00427063 -0.00324763  0.00348526 1 0 0 0
             39.3902 -2.37261  10.4491  -7.7297  6.70239  9.12142 0.878777  0.329754  0.659883 -0.256457   0.0012975 0.000436199 -0.00306676  0.00503977 -0.00268638  0.00401495 1 0 0 5650
             39.3902 -2.22801  10.4733 -7.64035  6.70665  9.12386 0.886861  0.377887  0.687055 -0.164151  0.00126727 0.000430832 -0.00308884   0.0048191 -0.00298831  0.00311018 1 0 0 0
               39.49 -2.49182   10.309 -6.52245  6.73431  9.19735 0.870205  0.287159  0.745008 -0.155008  0.00128754 0.000437638 -0.00304851   0.0062328 -0.00342583  0.00324015 1 0 0 5620
               39.49 -2.64672  10.2408 -6.56372 6.74944 9.20197 0.89439 0.464876 0.801157 0.111371  0.00133006 0.000453881 -0.00303562  0.00518734 -0.00400209 0.000548615 1 0 0 0
             39.5907 -1.75894  10.0266 -4.77907  6.77445  9.28737 0.896033  0.243419  0.873458 0.0982218  0.00129633 0.000446472 -0.00304754  0.00725032 -0.00399273  0.00254651 1 0 0 5551
             39.5907 -1.66803  10.0106 -4.82121  6.78665  9.29659 0.911096 0.380672 0.982877   0.2582  0.00127747 0.000449213 -0.00303692  0.00643894 -0.00501548 0.000860905 1 0 0 0
             39.6902 -1.92487  9.58827  -3.5591  6.8051 9.39221   0.922 0.136417  0.93846 0.143658   0.0013331 0.000480494 -0.00304045  0.00786339 -0.00456573  0.00346072 1 0 0 5460
             39.6902 -1.94955  9.68198 -3.56216  6.80342  9.39202 0.924367 0.118352 0.936816 0.168803  0.00133898 0.000457683 -0.00304047  0.00805995 -0.00452737  0.00326367 1 0 0 0
               39.79  0.527507   10.2543 -0.171629  6.80766  9.47551 0.919883 -0.0162205    0.78553 -0.0901964  0.00129511 0.000448447 -0.00310461  0.00785565 -0.00407899  0.00508127 1 0 0 5352
               39.79   0.566369    10.2435 -0.0488097  6.83297  9.48415 0.935526   0.26688  0.886164 0.0754852    0.001302 0.000447343 -0.00313877  0.00570212 -0.00507594  0.00316458 1 0 0 0
             39.8906 0.0686248   9.08195   2.72448  6.84707  9.56245 0.923927  0.101786  0.752124 -0.183481  0.00135633 0.000482989 -0.00308907  0.00635537 -0.00416043  0.00472394 1 0 0 5291
             39.8906 0.0566057   9.10462   2.67834 6.84191 9.56473 0.92851 0.0435356  0.780033 -0.134507  0.00135655 0.000479536 -0.00307633  0.00694925 -0.00440572  0.00437022 1 0 0 0
             39.9904 -1.30808  7.77291  3.61957  6.85054  9.64066 0.902095 0.0996353   0.78712 -0.320958  0.00135459  0.00046173 -0.00306201  0.00655027 -0.00389359  0.00506019 1 0 0 5430
             39.9904 -1.30808  7.77291  3.61957  6.85054  9.64066 0.902095 0.0996353   0.78712 -0.320958  0.00135459  0.00046173 -0.00306201  0.00655027 -0.00389359  0.00506019 1 0 0 0
             40.0901 -1.47493  8.92215  4.61967  6.86341  9.72269 0.869374  0.102871  0.853697 -0.366788  0.00133901 0.000401859 -0.00307553  0.00609993 -0.00392374  0.00458014 1 0 0 5460
             40.0901 -1.46909  8.87951  4.59366  6.85865  9.72321 0.877664  0.050645  0.859415 -0.275915  0.00133597  0.00041531 -0.00306947  0.00666545 -0.00399116  0.00380675 1 0 0 0
             40.1902 -1.70178  8.41976  4.57843  6.87059  9.81567 0.854203  0.123722    0.9834 -0.205192  0.00134196 0.000422816 -0.00304881   0.0057892 -0.00416416  0.00314329 1 0 0 5480
             40.1902 -1.93399  8.34897  4.63605  6.88589  9.82238 0.873112   0.301917    1.06533 -0.0049246   0.0014082 0.000423143 -0.00306036  0.00443375 -0.00467958  0.00107324 1 0 0 0
               40.29 -3.30559  8.87873  3.65054  6.91043   9.9276 0.876573 0.284435  1.04912 0.151764  0.00138411 0.000409778 -0.00304257  0.00533777 -0.00454528  0.00177593 1 0 0 5619
               40.29 -3.30559  8.87873  3.65054  6.91043   9.9276 0.876573 0.284435  1.04912 0.151764  0.00138411 0.000409778 -0.00304257  0.00533777 -0.00454528  0.00177593 1 0 0 0
             40.3905 -1.42236  10.7056  2.17257  6.93177   10.023 0.890172 0.222729 0.877912  0.18837  0.00130327 0.000399504 -0.00301928  0.00629563 -0.00397083  0.00321369 1 0 0 5660
             40.3905 -1.42236  10.7056  2.17257  6.93177   10.023 0.890172 0.222729 0.877912  0.18837  0.00130327 0.000399504 -0.00301928  0.00629563 -0.00397083  0.00321369 1 0 0 0
             40.4901 1.86509 10.6423 1.05738  6.93967  10.1028 0.900572 0.0526847  0.754591 0.0386822  0.00127583 0.000452184 -0.00303646  0.00734038 -0.00387218  0.00389381 1 0 0 5427
             40.4901  1.85364   10.481 0.936389  6.94523  10.1125 0.920641 0.117356 0.874259 0.254757   0.0012917 0.000482617 -0.00300958  0.00708468 -0.00481142  0.00183887 1 0 0 0
               40.59 0.767147  10.2348 -1.08229  6.95673  10.1902 0.924775   0.131653   0.749835 -0.0771767  0.00136211 0.000481568 -0.00301393  0.00716435 -0.00400661  0.00305657 1 0 0 5191
               40.59 0.769944  10.2705 -1.15364   6.9666   10.191 0.914424  0.239389  0.761267 -0.188719  0.00135613 0.000464867 -0.00299834  0.00603142 -0.00407735  0.00388362 1 0 0 0
             40.6906 -0.874672   10.8856  -3.11819  6.98943  10.2666 0.883593   0.27989   0.76504 -0.363343  0.00137545 0.000442553 -0.00302432  0.00651827 -0.00370241  0.00430028 1 0 0 5343
             40.6906 -0.926785   10.8871  -3.11945  6.98961  10.2633 0.887028  0.283251  0.725347 -0.325394  0.00138547 0.000442775 -0.00302397  0.00653724 -0.00335029   0.0039455 1 0 0 0
             40.7901 -1.80104  13.3482 -5.42196  7.02024  10.3383 0.851119  0.312047  0.780926 -0.329763  0.00135212 0.000383213 -0.00302603  0.00660841 -0.00356995   0.0044872 1 0 0 5435
             40.7901 -1.92087  13.1494 -5.41293  7.03135  10.3415 0.874663   0.444394     0.8225 -0.0638295  0.00138596 0.000422221 -0.00302636 0.00592642 -0.0039539 0.00187802 1 0 0 0
               40.89 -1.80918  12.6985 -6.11399  7.06998  10.4324 0.869137  0.406292  0.970281 0.0228866  0.00134987 0.000474883 -0.00307544  0.00645272 -0.00434335  0.00255164 1 0 0 5566
               40.89 -1.79642  12.7036  -6.0961  7.07044  10.4299 0.868667  0.411983  0.941151 0.0179485  0.00134463 0.000473445 -0.00308024  0.00636856 -0.00409694  0.00258907 1 0 0 0
             40.9903 -2.4796 14.2381 -5.6134 7.10947 10.5318 0.86921  0.37724  1.03867 0.101124  0.00137598 0.000427379  -0.0030853  0.00654271 -0.00449433  0.00388589 1 0 0 5639
             40.9903 -2.42386  14.2225 -5.46436  7.10784  10.5472 0.868717  0.357671    1.2248 0.0958821  0.00139186 0.000437455  -0.0031189   0.0068888 -0.00608393  0.00394256 1 0 0 0
             41.0901 -0.644772   15.2536  -3.84876  7.13459  10.6528 0.877449 0.221859 0.974387 0.070329   0.0013322 0.000405577  -0.0031785   0.0071824 -0.00502045   0.0042712 1 0 0 5562
             41.0901  -0.4948  14.8631 -3.83912  7.13816  10.6468 0.879415  0.257088  0.902398 0.0903202  0.00128619 0.000499392  -0.0031805 0.00684466 -0.0044282 0.00402043 1 0 0 0
               41.19  1.18844  13.8332 -1.72427  7.16367  10.7232 0.890405  0.248533  0.694539 0.0623578  0.00131232  0.00048015 -0.00320428 0.00669609 -0.0035648 0.00347008 1 0 0 5455
               41.19  1.02639  13.7164 -1.90093   7.1859  10.7128 0.913427 0.493668 0.573553  0.31784  0.00134576 0.000489071 -0.00317084  0.00513275 -0.00256986 0.000624812 1 0 0 0
             41.2904  1.38411  10.9374 -2.58944  7.22254  10.7703 0.928907  0.395268  0.581684 0.0716258  0.00134927 0.000522094 -0.00312867  0.00626818 -0.00244701   0.0017598 1 0 0 5264
             41.2904  1.40557  10.8993 -2.56393  7.22346   10.767 0.922187    0.404515    0.541311 -0.00256795  0.00134231 0.000530452 -0.00313713 0.00601052 -0.0020762 0.00239552 1 0 0 0
             41.3902 0.870904  11.1682 -4.55256  7.25692  10.8317 0.912486  0.32567 0.677615 -0.13335  0.00139861 0.000481296 -0.00309248  0.00695392 -0.00300661  0.00318501 1 0 0 5045
             41.3902 0.775553  11.1582 -4.61309  7.27193  10.8361 0.915634   0.495146   0.726926 -0.0956834  0.00142276 0.000468465 -0.00307507 0.00554843 -0.0035331 0.00256601 1 0 0 0
               41.49  1.21949    10.78 -7.81364  7.30091   10.924 0.897915  0.280395  0.953459 -0.186487  0.00139023 0.000482152 -0.00306683   0.0074354 -0.00459675  0.00366968 1 0 0 5037
               41.49  1.23774  10.7905 -7.79481  7.29786  10.9221 0.893638  0.246816  0.931053 -0.234025  0.00138553 0.000482759 -0.00307198  0.00763016 -0.00436159  0.00415007 1 0 0 0
             41.5905 -0.528919    11.378  -11.1483  7.31247  11.0278 0.872068  0.146151   1.07389 -0.157305  0.00143822 0.000481621 -0.00308676  0.00882004 -0.00516373  0.00455675 1 0 0 4974
             41.5905 -0.594718   11.3758  -11.1705  7.31097  11.0214 0.876407 0.130893 0.997281 -0.11098  0.00144649 0.000485231 -0.00308253  0.00892762 -0.00447216  0.00413145 1 0 0 0
             41.6905 0.244173  12.2012 -13.1716  7.32968  11.1283 0.879544  0.197122   1.06287 0.0976588   0.0013783 0.000454051 -0.00311369  0.00863779 -0.00531105   0.0035882 1 0 0 5075
             41.6905 0.212198  12.1473 -13.0811  7.34205  11.1287 0.885617 0.337454  1.06775 0.164791  0.00139072 0.000448535 -0.00313568  0.00758484 -0.00561017  0.00274711 1 0 0 0
             41.7901 -0.107648   12.7702  -16.0064  7.37854  11.2281 0.897758  0.347486  0.946043 0.0929838  0.00139138 0.000429425 -0.00313254  0.00711501 -0.00565953  0.00291703 1 0 0 5110
             41.7901 -0.182147    12.716  -15.9949  7.38087  11.2208 0.896208  0.375048  0.863322 0.0753236  0.00140252 0.000439781 -0.00313733  0.00666456 -0.00501111  0.00298692 1 0 0 0
             41.8903 -0.847762    12.507  -17.6441  7.42074  11.2972 0.899228   0.417202   0.717129 -0.0277378  0.00138094 0.000460537 -0.00315905  0.00628822 -0.00436001  0.00288325 1 0 0 5101
             41.8903 -0.847762    12.507  -17.6441  7.42074  11.2972 0.899228   0.417202   0.717129 -0.0277378  0.00138094 0.000460537 -0.00315905  0.00628822 -0.00436001  0.00288325 1 0 0 0
             41.9901 -1.46488  12.7458  -19.877  7.46549  11.3635 0.887876  0.489409  0.667632 -0.180876  0.00137695 0.000449294 -0.00314635  0.00599627 -0.00381603  0.00294984 1 0 0 5028
             41.9901 -1.46488  12.7458  -19.877  7.46549  11.3635 0.887876  0.489409  0.667632 -0.180876  0.00137695 0.000449294 -0.00314635  0.00599627 -0.00381603  0.00294984 1 0 0 0
               42.09 -2.01591  13.7955 -21.5643  7.51626  11.4331 0.864991  0.510592  0.726531 -0.235596  0.00137869 0.000416857 -0.00316504  0.00603438 -0.00400488  0.00319047 1 0 0 5157
               42.09 -1.98452  13.7703 -21.5212  7.52246  11.4306 0.867607  0.584444  0.694503 -0.204811  0.00137114 0.000409824 -0.00317453  0.00538803 -0.00397365  0.00275237 1 0 0 0
             42.1904 -2.92964  13.0652 -22.9886  7.57692  11.5087 0.855656   0.555647   0.830534 -0.0212054  0.00139432   0.0004812 -0.00319375  0.00605672 -0.00409817  0.00263835 1 0 0 5260
             42.1904  -2.9785  12.9984 -23.0291  7.58186  11.5072 0.865626  0.616867   0.81432 0.0888341  0.00140339 0.000482922 -0.00318184  0.00578372 -0.00413276  0.00160451 1 0 0 0
             42.2902  -3.9425  12.8529 -23.8581  7.63168  11.5984 0.879957 0.475047 0.972665  0.23387  0.00140809 0.000465534 -0.00319635 0.00706457 -0.0040857  0.0026373 1 0 0 5072
             42.2902 -3.95983   12.855 -23.8328  7.64916  11.6082 0.881907 0.672222  1.08128 0.260119  0.00141479 0.000461624 -0.00319923  0.00596743 -0.00569432  0.00201405 1 0 0 0
               42.39 -2.77423    15.25 -20.4755  7.68869  11.7115 0.900366 0.293442 0.984452  0.14616  0.00137651 0.000422376 -0.00329808  0.00778787 -0.00466289  0.00338589 1 0 0 5037
               42.39 -2.88412  15.1968  -20.494  7.69768  11.7089 0.913055  0.40123 0.956264 0.281314  0.00140836 0.000420485 -0.00329554  0.00711134 -0.00474109  0.00191574 1 0 0 0
             42.4943 -3.63249  14.2287   -17.21  7.70797  11.7945 0.916039  0.0647154   0.771061 -0.0358982  0.00135601 0.000549016  -0.0033034  0.00841291 -0.00322878  0.00435031 1 0 0 5092
             42.4943 -3.63249  14.2287   -17.21  7.70797  11.7945 0.916039  0.0647154   0.771061 -0.0358982  0.00135601 0.000549016  -0.0033034  0.00841291 -0.00322878  0.00435031 1 0 0 0
             42.5926 -3.82289   13.196 -15.3183  7.71025   11.866 0.901907 0.0396001  0.719117 -0.194034  0.00132849   0.0005519 -0.00328096  0.00867304 -0.00299963  0.00499558 1 0 0 5095
             42.5926 -3.98897  13.0682 -15.3136  7.70751  11.8664 0.917597  0.0137333   0.727678 -0.0293227   0.0013729 0.000592648  -0.0032773  0.00923797 -0.00289007  0.00368613 1 0 0 0
               42.69 -2.83163  13.6948  -14.222  7.72423  11.9401 0.899653   0.13395  0.788022 -0.231917  0.00131844 0.000490321 -0.00326826 0.00771806 -0.0033685 0.00423175 1 0 0 5112
               42.69 -2.83163  13.6948  -14.222  7.72423  11.9401 0.899653   0.13395  0.788022 -0.231917  0.00131844 0.000490321 -0.00326826 0.00771806 -0.0033685 0.00423175 1 0 0 0
              42.791 -2.58137  12.7587 -13.4161 7.75321 12.0281 0.87075   0.24572  0.918787 -0.289799  0.00133961 0.000494382 -0.00326192  0.00613257 -0.00396162  0.00390541 1 0 0 5104
              42.791 -2.63921  12.6926 -13.3771  7.75993  12.0277 0.872669  0.310819  0.911923 -0.268192   0.0013586 0.000497904 -0.00327035  0.00563875 -0.00403247  0.00359234 1 0 0 0
             42.8901 -3.34593  12.1523 -14.7377  7.80107  12.1255 0.859345    0.45514     1.0023 -0.0225466  0.00137263 0.000464612 -0.00321115  0.00523947 -0.00461969  0.00293594 1 0 0 5094
             42.8901 -3.31931  12.0131 -14.6711  7.80777  12.1226 0.862392   0.520052   0.968043 0.00793912  0.00136923  0.00049733 -0.00322621  0.00466517 -0.00444768  0.00252352 1 0 0 0
               42.99 -1.29088  11.9276 -17.5849  7.85354  12.2214 0.881264 0.492304 0.988084 0.262284  0.00130772  0.00049336 -0.00317512   0.0056985 -0.00448375  0.00208236 1 0 0 4716
               42.99  -1.2984  11.8725 -17.4188  7.85348  12.2299 0.886775 0.495569  1.09083 0.319794  0.00133419 0.000509554 -0.00321099   0.0060297 -0.00534502  0.00153815 1 0 0 0
             43.0903 0.951989  13.4419 -17.2921  7.88536  12.3289 0.909091 0.266642 0.923999 0.181857  0.00130467 0.000494988 -0.00324134  0.00692015 -0.00443484  0.00254558 1 0 0 4869
             43.0903 0.951989  13.4419 -17.2921  7.88536  12.3289 0.909091 0.266642 0.923999 0.181857  0.00130467 0.000494988 -0.00324134  0.00692015 -0.00443484  0.00254558 1 0 0 0
             43.1902 0.878749  12.4776 -16.1476 7.89544 12.4054 0.91513   0.130141     0.7328 0.00153887  0.00136578 0.000574207  -0.0033022  0.00737514 -0.00299935  0.00320919 1 0 0 4595
             43.1902 0.863764  12.4371 -16.1539 7.90618 12.4042 0.91543   0.225888   0.713884 0.00459494  0.00137324 0.000573167 -0.00330284 0.00655961 -0.0031064 0.00299378 1 0 0 0
               43.29 0.0712639   12.2484  -16.1808  7.92465  12.4741 0.908806  0.223362  0.709168 -0.139159  0.00138644 0.000557525 -0.00326097  0.00711979 -0.00288789  0.00302446 1 0 0 4828
               43.29 0.0710287   12.2742   -16.138  7.92209  12.4767 0.906976  0.198575   0.73787 -0.156724  0.00138967 0.000552745 -0.00327176  0.00737941 -0.00306751  0.00325654 1 0 0 0
             43.3903 -1.10735  13.5057 -15.1535  7.95418  12.5545 0.888491  0.339955  0.782723 -0.207036  0.00140942 0.000501997 -0.00327988  0.00689216 -0.00363111  0.00304701 1 0 0 4938
             43.3903 -1.22935  13.5412 -15.0517  7.95336  12.5584 0.900843   0.335386   0.826497 -0.0817316  0.00144992 0.000495433 -0.00330675  0.00730771 -0.00400275  0.00190928 1 0 0 0
             43.4903 -1.77044  13.9144 -15.5622  7.99728  12.6442 0.885182  0.468924  0.876105 -0.120943  0.00140522 0.000514162 -0.00327063  0.00637902 -0.00457174   0.0026483 1 0 0 5163
             43.4903 -1.74788  13.9256  -15.551  8.00101  12.6453 0.886263  0.509195   0.88794 -0.109087  0.00140215 0.000508348 -0.00327294  0.00608922 -0.00478004  0.00245902 1 0 0 0
               43.59 -2.60187  14.6055 -16.1608  8.05387   12.733 0.883575 0.531368 0.897117 0.101063  0.00139571 0.000500454 -0.00326795  0.00593525 -0.00465889  0.00282458 1 0 0 5103
               43.59 -2.58249  14.5689 -15.9253  8.05051  12.7536 0.879139  0.492609   1.13773 0.0533385  0.00143117 0.000522191 -0.00332525  0.00676103 -0.00666738  0.00341672 1 0 0 0
             43.6904 0.732016  15.7353  -12.814   8.1071   12.847 0.891665 0.537366 0.870236 0.115593  0.00130704 0.000497413 -0.00340046  0.00560713 -0.00472911  0.00315645 1 0 0 5196
             43.6904 0.759689  15.6615 -12.9887  8.10627  12.8429 0.884097   0.52508  0.819577 0.0374328  0.00128195 0.000515506  -0.0033566  0.00538206 -0.00429232  0.00388706 1 0 0 0
             43.7902  1.25823  15.2861 -11.4692  8.15334  12.9076 0.894385 0.450799 0.600842 0.085189  0.00134797  0.00053206 -0.00336841  0.00564279 -0.00289255   0.0027339 1 0 0 5244
             43.7902  1.24106  15.2387 -11.3568  8.14875  12.9255 0.895794  0.39476 0.805264 0.101639  0.00137242 0.000557455 -0.00339061   0.0066129 -0.00459154  0.00285946 1 0 0 0
               43.89 0.184723  13.3659   -11.15   8.1895  12.9875 0.909482  0.401534  0.569197 0.0817342   0.0013856 0.000594582 -0.00332188  0.00632228 -0.00313251  0.00196959 1 0 0 5184
               43.89 0.0712831   13.1566  -11.2444 8.18506 12.9985 0.92273 0.365857 0.697916 0.219423  0.00141824  0.00065648 -0.00329238  0.00721755 -0.00424437 0.000888243 1 0 0 0
             43.9904 -0.201182   12.4978  -12.3679  8.22297  13.0526 0.927648   0.379201   0.523753 0.00560987  0.00139526 0.000532303 -0.00331869  0.00679105 -0.00269429  0.00188247 1 0 0 5061
             43.9904 -0.0744681    12.4905    -12.311  8.22929   13.063 0.911181    0.4365  0.639716 -0.154737  0.00137287 0.000531419 -0.00333003  0.00613916 -0.00386665  0.00330397 1 0 0 0
             44.0902 0.741343  12.7295 -13.1945 8.26615 13.1213  0.8956  0.330312  0.637453 -0.194061  0.00135927 0.000548344  -0.0033247  0.00633075 -0.00285695  0.00297364 1 0 0 5141
             44.0902 0.602131  12.6895 -13.1096  8.26409  13.1184 0.893224  0.309214  0.606545 -0.218448  0.00140028 0.000560318 -0.00334801  0.00639944 -0.00252259  0.00322828 1 0 0 0
             44.1903 0.287151  12.1639 -13.5497  8.28663  13.1966 0.877484  0.232355   0.87831 -0.121071   0.0013947 0.000549241 -0.00333683  0.00719665 -0.00328045  0.00277078 1 0 0 5141
             44.1903 0.373077  12.2145 -13.3201  8.28687  13.2462 0.864043  0.285536   1.43323 -0.242515  0.00140051 0.000535552 -0.00338892  0.00775248 -0.00845559  0.00410254 1 0 0 0
             44.2902 -1.23247  11.6889 -14.8254  8.3261 13.3619 0.86187 0.404825  1.14577 0.111518  0.00137523 0.000546734 -0.00332848  0.00644772 -0.00569008  0.00263085 1 0 0 5117
             44.2902 -1.33158  11.5979 -14.8324  8.32941  13.3628 0.868137 0.436843  1.15787 0.176076  0.00140135 0.000569861 -0.00332562  0.00632064 -0.00586879  0.00196933 1 0 0 0
               44.39 -1.3833 11.6095 -14.921 8.36967 13.4469 0.89796 0.412619 0.727237 0.316684  0.00133954 0.000516869  -0.0033604   0.0059143 -0.00287958  0.00162477 1 0 0 5236
               44.39 -1.33879   11.625 -14.9243  8.36791  13.4472 0.896584 0.393781 0.729866 0.302866  0.00132838 0.000515413 -0.00335978  0.00605639 -0.00286303  0.00178942 1 0 0 0
             44.4904 -0.568221   11.0695  -15.3715  8.39907  13.5041 0.921854 0.312354 0.512904 0.181727   0.0013017 0.000561473 -0.00338476 0.00645347 -0.0018962 0.00183654 1 0 0 5355
             44.4904 -0.486105   11.0614  -15.3101  8.3901  13.519 0.91814 0.236698 0.661399 0.147847  0.00131063  0.00058738 -0.00339246  0.00735801 -0.00294526  0.00230595 1 0 0 0
             44.5902 -1.33937  11.1413 -14.8053  8.41334  13.5762 0.916171   0.272056   0.512898 -0.0900928  0.00137988 0.000542957 -0.00332604  0.00737972 -0.00239718   0.0031987 1 0 0 5390
             44.5902 -1.33937  11.1413 -14.8053  8.41334  13.5762 0.916171   0.272056   0.512898 -0.0900928  0.00137988 0.000542957 -0.00332604  0.00737972 -0.00239718   0.0031987 1 0 0 0
               44.69 -3.08036  11.0637 -17.8362  8.44988  13.6347 0.907405  0.411809  0.592769 -0.113141  0.00140531  0.00054329 -0.00326839  0.00719515 -0.00340034  0.00275219 1 0 0 5582
               44.69 -3.18602  11.1761 -17.6808  8.46428  13.6507 0.910081   0.558521   0.770744 -0.0838253  0.00146127 0.000507809 -0.00330498  0.00641547 -0.00537474  0.00226725 1 0 0 0
             44.7903 -2.98506  11.5996 -20.4189 8.52113 13.7285 0.89494  0.572617  0.794334 -0.149063  0.00137084 0.000542178 -0.00326904  0.00645309 -0.00529426  0.00281201 1 0 0 5651
             44.7903 -2.96355  11.5269  -20.407  8.52385  13.7334 0.893843  0.60206 0.849661 -0.15814  0.00137962 0.000556977 -0.00327012 0.00635237 -0.0058239 0.00284478 1 0 0 0
             44.8902 -3.45393  11.1434 -21.8203   8.5771  13.8158 0.881598   0.527778   0.852566 -0.0273454  0.00141778 0.000568759 -0.00331529  0.00652026 -0.00489601  0.00333635 1 0 0 5650
             44.8902 -3.44526  11.0666 -21.7807  8.58052  13.8237 0.887078  0.564806   0.94666 0.0354975  0.00141671 0.000587498 -0.00332469  0.00664751 -0.00580724  0.00268207 1 0 0 0
             44.9899 -1.47923  11.9187 -19.9973  8.62816  13.9084 0.900998 0.477468 0.854207 0.221537  0.00135272  0.00053079 -0.00341759  0.00684127 -0.00418606  0.00283121 1 0 0 5605
             44.9899 -1.39762  12.0054 -19.7453   8.6151  13.9179 0.890953 0.342916 0.960772  0.11743  0.00135422 0.000532736 -0.00347575  0.00815166 -0.00466117  0.00407624 1 0 0 0
             45.0904 -0.814076    12.485  -19.0273  8.65757  13.9911 0.909549 0.340121 0.684786 0.152206  0.00133845 0.000543608  -0.0033869 0.00683886 -0.0035399 0.00319177 1 0 0 5768
             45.0904 -1.33709  12.3974 -19.0216  8.63364  13.9862 0.925055 0.113921 0.621971 0.295796  0.00143425 0.000611392 -0.00339113   0.0086659 -0.00223937  0.00228753 1 0 0 0
             45.1902 -0.949968    10.991  -17.5993  8.66986  14.0423 0.943189 0.337215 0.538036 0.107179  0.00134827  0.00058643 -0.00339089 0.00633925 -0.0029985 0.00229297 1 0 0 5589
             45.1902 -0.918775   11.0327  -17.5158   8.6842  14.0622 0.942603 0.481478 0.752973 0.106529  0.00136664 0.000570515  -0.0034062    0.005784 -0.00536268  0.00214079 1 0 0 0
               45.29 -0.930722   9.81366  -16.8262  8.73625  14.1341 0.932046   0.55629  0.724175 -0.174961  0.00137974 0.000540089 -0.00338408  0.00540552 -0.00501708  0.00333304 1 0 0 5735
               45.29 -0.954444   9.92709  -16.7624  8.73508  14.1394 0.928088  0.546269  0.780194 -0.214247  0.00139181 0.000512517 -0.00339997   0.0055981 -0.00549583  0.00374717 1 0 0 0
             45.3903 -2.32055  10.4784 -17.3468  8.7851 14.2157 0.90971   0.45247  0.798875 -0.210056  0.00139299 0.000527517 -0.00336256  0.00588531 -0.00499042  0.00320009 1 0 0 5896
             45.3903 -2.31934  10.5072 -17.2172   8.7641  14.2285 0.914585  0.253529  0.930758 -0.162213  0.00140265 0.000537717 -0.00339749 0.00810478 -0.0055762 0.00310665 1 0 0 0
             45.4912 -3.22667  9.39649 -17.6502  8.79645  14.3133 0.899574  0.300005  0.886877 -0.124454  0.00136503 0.000554041 -0.00338468  0.00672164 -0.00446817  0.00279391 1 0 0 6158
             45.4912 -3.14261  9.41948 -17.5487  8.80251   14.327 0.895724  0.368373   1.04727 -0.157592  0.00136738 0.000547423 -0.00340414  0.00654516 -0.00608891  0.00300803 1 0 0 0
               45.59 -3.52758  9.42072 -17.2832  8.84775  14.4152 0.892335  0.498992  0.865334 0.0609265  0.00135902 0.000516185 -0.00339043  0.00565077 -0.00433078   0.0026747 1 0 0 6151
               45.59 -3.56994  9.42418 -17.3108  8.85505   14.413 0.890198  0.569259  0.845226 0.0404279  0.00136952  0.00050372 -0.00338183  0.00496555 -0.00436443  0.00275742 1 0 0 0
             45.6903 -3.79422  11.7748 -17.9513  8.90641  14.4919 0.908682 0.521637 0.721116 0.241711  0.00134286 0.000465953 -0.00339329  0.00577855 -0.00376036  0.00253437 1 0 0 6519
             45.6903 -3.81419  11.7571 -17.9464  8.90721  14.4931 0.907598 0.530289 0.735412 0.231244  0.00135028 0.000470179  -0.0033946  0.00572946 -0.00391432  0.00261813 1 0 0 0
             45.7901 -1.9526 11.7304 -19.481  8.94187  14.5612 0.927012 0.339606 0.620905 0.128904  0.00129932 0.000530156 -0.00336719  0.00725627 -0.00366184  0.00295411 1 0 0 6312
             45.7901 -1.90675  11.6341  -19.417  8.94509  14.5819 0.931766 0.377717 0.865241 0.182004  0.00131259 0.000557187 -0.00338349 0.00777322 -0.0058922 0.00239007 1 0 0 0
               45.89 -0.653767   11.8633  -20.0569   8.9817   14.651 0.934053   0.435581   0.609964 -0.0556191  0.00130002 0.000546621 -0.00338245  0.00784661 -0.00436258  0.00332619 1 0 0 6312
               45.89 -0.653767   11.8633  -20.0569   8.9817   14.651 0.934053   0.435581   0.609964 -0.0556191  0.00130002 0.000546621 -0.00338245  0.00784661 -0.00436258  0.00332619 1 0 0 0
             45.9903 -1.62002  13.5143 -22.8746 9.02855 14.6992 0.92029 0.494143 0.445832 -0.16772   0.0013451  0.00050507 -0.00335432  0.00759368 -0.00323312  0.00355459 1 0 0 6280
             45.9903 -1.78161  13.5091 -22.9177  9.03528  14.7086 0.926667  0.571543  0.557884 -0.100366   0.0013953 0.000502501 -0.00334605  0.00744832 -0.00447092  0.00284281 1 0 0 0
             46.0905 -2.01967  14.2026 -24.7871  9.09475   14.755 0.906194  0.589977  0.449859 -0.202238  0.00133371 0.000507053 -0.00336964  0.00682539 -0.00362967  0.00376345 1 0 0 6619
             46.0905 -2.01967  14.2026 -24.7871  9.09475   14.755 0.906194  0.589977  0.449859 -0.202238  0.00133371 0.000507053 -0.00336964  0.00682539 -0.00362967  0.00376345 1 0 0 0
               46.19 -1.19934  13.4926 -26.0367  9.15616  14.8046 0.888064  0.636526  0.508779 -0.125935  0.00130082  0.00053605 -0.00337697  0.00676421 -0.00401781  0.00388888 1 0 0 6462
               46.19 -1.20228   13.458 -26.0322   9.1583  14.8058 0.887922 0.658371 0.522768 -0.12655  0.00130394 0.000543427 -0.00337741  0.00664158 -0.00422427   0.0038556 1 0 0 0
             46.2906 -0.252769   12.8215  -26.2077  9.22622  14.8633 0.894808  0.69272 0.603305 0.187355  0.00133099 0.000533858  -0.0034247  0.00713283 -0.00458331  0.00313444 1 0 0 6597
             46.2906 -0.285647   12.6977  -26.1697  9.22672  14.8693 0.905126 0.699062 0.672505 0.292921  0.00134888 0.000569502 -0.00343164  0.00761303 -0.00514895  0.00217953 1 0 0 0
             46.3901  1.34555  13.2661 -24.3965  9.29494   14.931 0.932697  0.63766 0.587497 0.243561  0.00131894 0.000533765 -0.00345789  0.00735683 -0.00496464  0.00236966 1 0 0 6300
             46.3901  1.31434  13.2654 -24.3327 9.30408 14.9467 0.93471 0.736197 0.764368 0.273466   0.0013558 0.000533757 -0.00346806  0.00739412 -0.00683305  0.00207281 1 0 0 0
             46.4918  3.34676  13.6351 -21.7908  9.36747  15.0075 0.942234  0.573247  0.556092 0.0122098  0.00131592 0.000529363 -0.00347787  0.00699347 -0.00504456  0.00334123 1 0 0 6512
             46.4918  3.34676  13.6351 -21.7908  9.36747  15.0075 0.942234  0.573247  0.556092 0.0122098  0.00131592 0.000529363 -0.00347787  0.00699347 -0.00504456  0.00334123 1 0 0 0
             46.5904   2.9052  12.7776 -21.9337 9.41959 15.0526 0.93245  0.525727  0.452781 -0.143614   0.0013505  0.00055313 -0.00343512  0.00689144 -0.00383005  0.00377787 1 0 0 6245
             46.5904  2.88342  12.7523 -21.8495  9.41046  15.0565 0.929449   0.43186  0.491855 -0.176284  0.00135879 0.000573358 -0.00345648   0.0077307 -0.00377599  0.00429212 1 0 0 0
             46.6902  2.14652  12.7873 -22.3763  9.46225  15.1028 0.912128  0.494116  0.490808 -0.190387  0.00136661 0.000547274 -0.00341553  0.00686606 -0.00373715  0.00377492 1 0 0 6268
             46.6902 2.15282 12.7223 -22.321  9.46329  15.1178 0.923406   0.516638    0.66263 -0.0809049   0.0013817 0.000568624 -0.00342705  0.00753855 -0.00536977  0.00293891 1 0 0 0
             46.7899 1.86582  11.711 -23.096  9.51491  15.1803 0.911993  0.507932  0.660029 -0.119001  0.00136312  0.00056963 -0.00342258  0.00700666 -0.00460775  0.00301822 1 0 0 6280
             46.7899  1.86564  11.6655 -23.0614  9.50897   15.185 0.914171    0.45044   0.710163 -0.0994688   0.0013674 0.000587202  -0.0034326  0.00772162 -0.00482375  0.00299041 1 0 0 0
             46.8903  1.43567  10.9302 -23.5007  9.56349  15.2547 0.905677   0.556548   0.717923 -0.0442058  0.00136337 0.000565259 -0.00341773  0.00682182 -0.00457969  0.00279317 1 0 0 6229
             46.8903  1.40068  10.8918 -23.4606 9.57368 15.2671 0.90925    0.669068    0.867424 -0.00331312  0.00138872 0.000571225 -0.00342214  0.00654253 -0.00632568  0.00237902 1 0 0 0
             46.9902  1.27354   10.572 -26.2795  9.63686  15.3433 0.912015  0.646352  0.750265 0.0951117  0.00134851 0.000549403 -0.00339067  0.00651205 -0.00508919  0.00267085 1 0 0 6147
             46.9902 1.24491 10.5545 -26.265  9.63427  15.3416 0.909973  0.617682  0.729711 0.0741471  0.00135439 0.000556071 -0.00339542  0.00662749 -0.00479039  0.00289311 1 0 0 0
               47.09 0.932971  11.2712 -27.8779  9.68414  15.4063 0.917187    0.4514  0.598357 0.0752681  0.00134345 0.000539558  -0.0034094  0.00706253 -0.00379961  0.00342042 1 0 0 6202
               47.09 0.932971  11.2712 -27.8779  9.68414  15.4063 0.917187    0.4514  0.598357 0.0752681  0.00134345 0.000539558  -0.0034094  0.00706253 -0.00379961  0.00342042 1 0 0 0
             47.1903  1.07025  9.69963 -29.2368  9.72728  15.4661 0.923599   0.44242  0.555191 0.0190704  0.00134879 0.000615462 -0.00340974  0.00737663 -0.00408851  0.00325252 1 0 0 6357
             47.1903  1.07025  9.69963 -29.2368  9.72728  15.4661 0.923599   0.44242  0.555191 0.0190704  0.00134879 0.000615462 -0.00340974  0.00737663 -0.00408851  0.00325252 1 0 0 0
             47.2901 0.850898  10.8627 -29.1204  9.77123  15.5262 0.923692   0.422481   0.599001 -0.0485161  0.00137298 0.000532349 -0.00347189  0.00786599 -0.00488806  0.00296355 1 0 0 6127
             47.2901 0.897181  10.7991 -29.1201  9.77587  15.5411 0.928447  0.47043 0.769153 0.002903  0.00137615 0.000553295 -0.00346977  0.00840905 -0.00652924   0.0025867 1 0 0 0
               47.39 -0.0366426     10.041   -30.5076  9.82534  15.6071 0.923647   0.514611   0.636655 -0.0877735  0.00139259 0.000591017 -0.00344853  0.00768414 -0.00576532  0.00253384 1 0 0 6162
               47.39 -0.0745432    10.0061   -30.4786  9.82412  15.6022 0.923458  0.501278  0.581117 -0.089828  0.00140005 0.000599137  -0.0034567  0.00750864 -0.00524052  0.00251284 1 0 0 0
             47.4903 -0.0570947    9.60534    -32.546  9.87369  15.6536 0.906905   0.50965  0.521152 -0.159714  0.00136616 0.000584611 -0.00342747  0.00716344 -0.00441687  0.00310007 1 0 0 6141
             47.4903 0.0623089   9.59867   -32.507  9.87515  15.6699 0.907586  0.528046  0.706166 -0.150327  0.00135101 0.000590762 -0.00343556   0.0079857 -0.00600935  0.00315331 1 0 0 0
             47.5903 -0.301305   9.62241  -33.0436  9.93251  15.7293 0.895579   0.620474   0.594997 -0.0378366  0.00136397 0.000556676 -0.00347467  0.00708168 -0.00472518  0.00329275 1 0 0 6130
             47.5903 -0.301305   9.62241  -33.0436  9.93251  15.7293 0.895579   0.620474   0.594997 -0.0378366  0.00136397 0.000556676 -0.00347467  0.00708168 -0.00472518  0.00329275 1 0 0 0
             47.6902  1.07278  11.0285 -30.5812  9.99786  15.7835 0.899795 0.674787 0.527869 0.100591  0.00134532  0.00053388 -0.00355662 0.00662029 -0.0040189 0.00324524 1 0 0 5983
             47.6902   1.0453  11.1225 -30.4366  9.99244   15.797 0.895928  0.612663  0.676794 0.0601146  0.00136847 0.000524245 -0.00359566  0.00783855 -0.00481395  0.00384575 1 0 0 0
             47.7903  0.39395  11.5658 -30.7569  10.0596  15.8522 0.910445 0.613447  0.50716 0.125415  0.00139944 0.000537389 -0.00352448  0.00675014 -0.00478299   0.0027405 1 0 0 6217
             47.7903 0.451795  11.5406 -30.7006  10.0573   15.858 0.905912  0.590609  0.568259 0.0804422  0.00138918 0.000549769 -0.00353901 0.00716269 -0.0051451  0.0032724 1 0 0 0
             47.8901 0.882475  10.4018 -30.3476  10.1207  15.9054 0.920969  0.646642   0.43721 0.0926326   0.0013805 0.000578819 -0.00353127  0.00654532 -0.00506429  0.00208665 1 0 0 6049
             47.8901 0.807202  10.4666 -30.3712  10.1119  15.9005 0.914687  0.551935  0.380141 0.0281048  0.00138988 0.000565965 -0.00352679   0.0068839 -0.00409826  0.00278151 1 0 0 0
             47.9899 0.524915  10.5053 -32.4058  10.1759   15.941 0.918984  0.680302  0.426787 0.0146766  0.00138587 0.000562279 -0.00347537  0.00684608 -0.00465622  0.00209791 1 0 0 5887
             47.9899 0.670289  10.5065 -32.3225  10.1819  15.9517 0.913286   0.743197   0.540584 -0.0443873  0.00135976 0.000561364 -0.00349602  0.00683228 -0.00591515  0.00270391 1 0 0 0
             48.0903  0.25991  11.7786 -33.5006  10.2498  16.0106 0.912644   0.649281   0.652895 -0.0234197  0.00138954 0.000555487 -0.00349925  0.00729256 -0.00571096  0.00232368 1 0 0 6188
             48.0903  0.25991  11.7786 -33.5006  10.2498  16.0106 0.912644   0.649281   0.652895 -0.0234197  0.00138954 0.000555487 -0.00349925  0.00729256 -0.00571096  0.00232368 1 0 0 0
             48.1902 -0.617879   11.0503  -33.7544  10.309 16.0862 0.90536    0.61474   0.818819 -0.0964001  0.00141252 0.000599456 -0.00353418  0.00789913 -0.00562444  0.00259363 1 0 0 6267
             48.1902 -0.617879   11.0503  -33.7544  10.309 16.0862 0.90536    0.61474   0.818819 -0.0964001  0.00141252 0.000599456 -0.00353418  0.00789913 -0.00562444  0.00259363 1 0 0 0
             48.2901 -1.43443  10.9996  -32.493  10.3646  16.1706 0.893619   0.546693    0.87024 -0.0876732  0.00142928 0.000585449 -0.00360875   0.0081749 -0.00504481  0.00297953 1 0 0 6359
             48.2901 -1.43443  10.9996  -32.493  10.3646  16.1706 0.893619   0.546693    0.87024 -0.0876732  0.00142928 0.000585449 -0.00360875   0.0081749 -0.00504481  0.00297953 1 0 0 0
             48.3904 -1.08335  9.63881 -34.4108  10.4213  16.2559 0.890831  0.568888  0.856446 0.0912669  0.00137721 0.000609884  -0.0035096   0.0078761 -0.00506733  0.00332956 1 0 0 6409
             48.3904 -0.942624   9.62294  -34.3849 10.4311 16.2621 0.88754  0.668151  0.927688 0.0641506  0.00135294 0.000610068 -0.00351274  0.00745867 -0.00618701  0.00349271 1 0 0 0
             48.4901 0.379598  10.0866 -32.2402    10.49  16.3405 0.902233 0.552389 0.716485 0.126674  0.00136576  0.00055828 -0.00362652  0.00734222 -0.00494569  0.00304591 1 0 0 6366
             48.4901 0.402302  10.0243  -32.248  10.4904  16.3377 0.904582 0.555221 0.685791 0.149786  0.00135618 0.000572855 -0.00362546  0.00718501 -0.00472365  0.00279255 1 0 0 0
               48.59 -0.0650971    10.4112   -31.6353  10.5375  16.3992 0.913028    0.4038  0.560615 0.0334169  0.00140781 0.000553401 -0.00360923  0.00724544 -0.00439672  0.00304283 1 0 0 6275
               48.59 -0.0148475    10.4024   -31.5939  10.5323  16.4037 0.916223  0.354266  0.609722 0.0633607  0.00139593 0.000561392 -0.00361874  0.00795074 -0.00451012  0.00286474 1 0 0 0
             48.6903 0.129498    9.849 -32.6513  10.5658  16.4571 0.914543   0.324761   0.530576 -0.0666775  0.00138914 0.000594965 -0.00355341  0.00750147 -0.00421649   0.0029993 1 0 0 6446
             48.6903 0.149067  9.82967 -32.6079   10.568  16.4658 0.917765   0.351646   0.628933 -0.0324775  0.00139199 0.000602307 -0.00356317 0.00787796 -0.0051578 0.00273127 1 0 0 0
             48.7904 0.303347  10.4782 -31.6699  10.6113  16.5251 0.905714  0.486547  0.603493 -0.160383  0.00140841 0.000550479 -0.00361384  0.00729735 -0.00489505  0.00310871 1 0 0 6214
             48.7904 0.448457  10.4659 -31.6101  10.6197  16.5202 0.903336  0.576925  0.548332 -0.186372  0.00137221 0.000545318 -0.00362917  0.00623702 -0.00496567  0.00318658 1 0 0 0
               48.89 -0.358517   11.3497  -30.2975  10.6779  16.5882 0.880757  0.615766  0.739526 -0.223719   0.0014367 0.000553211 -0.00364055  0.00698254 -0.00550756   0.0036975 1 0 0 6463
               48.89 -0.358517   11.3497  -30.2975  10.6779  16.5882 0.880757  0.615766  0.739526 -0.223719   0.0014367 0.000553211 -0.00364055  0.00698254 -0.00550756   0.0036975 1 0 0 0
             48.9902 -2.14512  11.7104 -30.2699   10.732  16.6715 0.870757    0.53349    0.85166 -0.0152471  0.00145096 0.000562685 -0.00361086  0.00824221 -0.00557322  0.00337063 1 0 0 6714
             48.9902 -2.08278  11.6636 -30.2518  10.7394  16.6732 0.874859  0.616959  0.874916 0.0280661   0.0014404 0.000572159 -0.00361331  0.00777721 -0.00620039  0.00283293 1 0 0 0
             49.0901 -0.716471   13.8406  -28.7395  10.7939  16.7598 0.885792 0.492164  0.85033 0.173122  0.00137402 0.000520842 -0.00367888  0.00802366 -0.00593318  0.00304439 1 0 0 6868
             49.0901 -0.683588   13.8131  -28.7525  10.7898   16.761 0.885895 0.447954 0.863996 0.172264  0.00136243 0.000533236 -0.00367542  0.00843605 -0.00582351  0.00314064 1 0 0 0
             49.2904 0.723829  12.5506 -25.9134  10.8707  16.9049 0.903825   0.404987     0.6375 -0.0109696  0.00138948 0.000604259 -0.00366715  0.00765472 -0.00532807  0.00350951 1 0 0 13663
             49.2904 0.721237  12.5115  -25.896  10.8707  16.9004 0.906186   0.405112   0.607303 0.00303723  0.00138867 0.000611175 -0.00367352  0.00755026 -0.00509476   0.0033414 1 0 0 0
             49.3901 0.0272174    12.045  -26.2809 10.9171 16.9566 0.89691  0.490963  0.580601 -0.145507  0.00142765 0.000573831 -0.00365058  0.00712778 -0.00470194  0.00354083 1 0 0 6652
             49.3901 0.0192047    12.086  -26.2816  10.9152  16.9572 0.898777  0.471155  0.586551 -0.126225  0.00142803 0.000566132 -0.00365038   0.0073469 -0.00466738  0.00339726 1 0 0 0
               49.49 -0.809106   11.7782  -26.3877  10.9629  17.0282 0.884049  0.452697  0.767298 -0.160874  0.00144234 0.000587478 -0.00365939  0.00749361 -0.00551294  0.00335431 1 0 0 6587
               49.49 -0.799212   11.7435  -26.3211   10.964  17.0301 0.883767  0.464404  0.787235 -0.163215  0.00144656 0.000596679 -0.00367604  0.00747803 -0.00573574   0.0033738 1 0 0 0
             49.5903 -1.96343  10.4589 -27.2389 11.0093 17.1183 0.87355   0.472381   0.917099 -0.0663119  0.00146472 0.000600864 -0.00363359  0.0079086 -0.0061531 0.00290622 1 0 0 6468
             49.5903  -1.9479   10.479 -27.2192  11.0047  17.1243 0.870698   0.424163   0.978476 -0.0940602  0.00146734  0.00060644 -0.00363878  0.00852808 -0.00645512  0.00330193 1 0 0 0
             49.6901 -3.24519  10.2563 -30.4179  11.0526  17.2113 0.875383 0.510792 0.835295 0.136783  0.00145163  0.00056265 -0.00357027  0.00793819 -0.00596669  0.00248931 1 0 0 6751
             49.6901 -3.22786  10.2631 -30.4124  11.0525   17.212 0.877164  0.50974 0.843125 0.155695  0.00144835 0.000561811 -0.00357169   0.008016 -0.0060204  0.0023136 1 0 0 0
               49.79 -0.85047   12.362 -31.0273  11.1057  17.2859 0.896817 0.515112 0.695566 0.212643  0.00137164 0.000508128 -0.00366306  0.00741542 -0.00540989  0.00249157 1 0 0 6662
               49.79 -0.761788   12.4071   -31.009  11.1019  17.2898 0.896554 0.471412 0.739285 0.209385   0.0013532 0.000505835 -0.00366601 0.00797367 -0.0055514 0.00261662 1 0 0 0
             49.8903  1.02533   11.878 -31.6341  11.1472  17.3531 0.903993 0.455752 0.606273 0.014454  0.00137286 0.000583677 -0.00368056  0.00713068 -0.00489433  0.00350849 1 0 0 6644
             49.8903  1.04364  11.8686 -31.5107  11.1486  17.3527 0.902027    0.471705    0.601874 -0.00692115  0.00137533 0.000583893 -0.00371378  0.00693894 -0.00495117  0.00368183 1 0 0 0
             49.9904 -0.365599    12.481  -31.6233  11.1962  17.4109 0.892547   0.48904  0.555685 -0.159877  0.00144741  0.00052991 -0.00366049  0.00722887 -0.00482749   0.0040097 1 0 0 6686
             49.9904 -0.311651   12.3735  -31.5798  11.1961  17.4212 0.889354  0.485875   0.67334 -0.194072  0.00144895 0.000567356 -0.00366966  0.00779778 -0.00574987  0.00449495 1 0 0 0
             50.0901 -1.31216  12.1501 -31.9819  11.2481  17.4881 0.876139   0.55783  0.660813 -0.154728  0.00145198  0.00056015 -0.00369955  0.00785196 -0.00582608  0.00335479 1 0 0 6578
             50.0901 -1.09912  12.1408 -31.9495  11.2518   17.506 0.866157  0.590269  0.863058 -0.264626  0.00142141 0.000572958 -0.00370614 0.00843517 -0.0076245 0.00457204 1 0 0 0
             50.1905 -2.08473  12.1637 -33.0332  11.3136  17.5714 0.853425 0.659322 0.619964 -0.10435  0.00143196 0.000565823 -0.00367064  0.00741882 -0.00568238  0.00278157 1 0 0 6832
             50.1905 -2.08473  12.1637 -33.0332  11.3136  17.5714 0.853425 0.659322 0.619964 -0.10435  0.00143196 0.000565823 -0.00367064  0.00741882 -0.00568238  0.00278157 1 0 0 0
             50.2902 -2.03137  11.8047 -33.1229  11.3774  17.6205 0.853909  0.669232  0.480766 0.0721334   0.0014143 0.000572344 -0.00371415  0.00719927 -0.00414481  0.00203905 1 0 0 6778
             50.2902 -1.92245    11.76 -33.1632  11.3858  17.6268 0.850334  0.761694  0.550145 0.0361874  0.00139342  0.00057908 -0.00370078  0.00678882 -0.00523143  0.00227528 1 0 0 0
               50.39 -1.34905   12.628 -31.6245  11.4532  17.6793 0.867052 0.687906 0.522216 0.258455  0.00141412 0.000533108 -0.00377105  0.00765181 -0.00424345  0.00211178 1 0 0 6819
               50.39 -1.26037  12.6856 -31.6046  11.4626  17.6864 0.862576 0.789828 0.599528 0.208925  0.00140299 0.000514082 -0.00377515  0.00720515 -0.00544536  0.00247796 1 0 0 0
             50.4904 0.0125198   14.1343  -29.6505  11.5311   17.743 0.889012 0.620453 0.533941 0.268891  0.00141067 0.000548136 -0.00379263  0.00798073 -0.00504194  0.00227516 1 0 0 7171
             50.4904 0.0556354   14.0856  -29.6048  11.5332  17.7403 0.886556 0.644979 0.501612 0.239891  0.00140133 0.000557912 -0.00380522  0.00754979 -0.00492523  0.00247931 1 0 0 0
             50.5904 0.990579  13.1169 -28.7159  11.5829  17.7888 0.901144  0.463679  0.453932 0.0790584  0.00141194 0.000598858 -0.00374318  0.00862247 -0.00457695  0.00347357 1 0 0 6895
             50.5904  1.07222  13.0899 -28.7116  11.5769  17.7932 0.895967  0.391847  0.506005 0.0176585  0.00138749 0.000614628 -0.00374214 0.00930865 -0.0046505 0.00428077 1 0 0 0
               50.69  1.07998  12.1531 -29.1426  11.6233  17.8426 0.892712   0.506271   0.487431 -0.0846787  0.00143271 0.000593648 -0.00372705  0.00906739 -0.00493157  0.00399411 1 0 0 6828
               50.69  1.34151  12.2605 -29.0711  11.6365  17.8524 0.888318  0.661261  0.598655 -0.135235  0.00137763 0.000558203 -0.00374235  0.00822684 -0.00666817   0.0043553 1 0 0 0
             50.7903  1.09624   12.671 -28.5378  11.7037  17.9059 0.880965   0.654599   0.554184 -0.0811747  0.00144083 0.000556903 -0.00374989  0.00771253 -0.00597948  0.00322102 1 0 0 6854
             50.7903  1.09624   12.671 -28.5378  11.7037  17.9059 0.880965   0.654599   0.554184 -0.0811747  0.00144083 0.000556903 -0.00374989  0.00771253 -0.00597948  0.00322102 1 0 0 0
             50.8902 -0.709326   11.4414  -30.8176  11.7671  17.9611 0.876586   0.628111   0.583383 -0.0387463  0.00146658 0.000594594 -0.00369068  0.00769531 -0.00556049  0.00262051 1 0 0 6635
             50.8902 -0.688258   11.4575  -30.8051  11.7647   17.961 0.874119   0.599602   0.581767 -0.0659399  0.00146056 0.000592543 -0.00369498 0.00786228  -0.005398  0.0029339 1 0 0 0
               50.99 -1.48071  10.7178 -32.8516  11.8258  18.0239 0.876215 0.610556  0.63715 0.081623  0.00144611 0.000581115 -0.00368257  0.00802957 -0.00570284  0.00239723 1 0 0 6694
               50.99 -1.48071  10.7178 -32.8516  11.8258  18.0239 0.876215 0.610556  0.63715 0.081623  0.00144611 0.000581115 -0.00368257  0.00802957 -0.00570284  0.00239723 1 0 0 0
             51.0903 -0.308233   9.84973   -35.341  11.8818  18.0852 0.886885 0.566944 0.579049 0.173237  0.00141261 0.000587627  -0.0036922  0.00833838 -0.00517292  0.00321493 1 0 0 6593
             51.0903 -0.308233   9.84973   -35.341  11.8818  18.0852 0.886885 0.566944 0.579049 0.173237  0.00141261 0.000587627  -0.0036922  0.00833838 -0.00517292  0.00321493 1 0 0 0
             51.1902 -0.342254    10.785  -37.2583  11.9427  18.1404 0.903458 0.584388  0.52246 0.144576  0.00144049 0.000563082 -0.00372345  0.00797633 -0.00587375  0.00310137 1 0 0 6510
             51.1902 -0.321144   10.8272   -37.255  11.9594  18.1535 0.902144 0.774178 0.672821   0.1331  0.00143536 0.000543896 -0.00372618  0.00742742 -0.00819614  0.00311062 1 0 0 0
             51.2904 0.286075  11.0748  -36.324  12.0198  18.2082 0.906579    0.546528    0.508018 -0.00298601  0.00143203 0.000570417 -0.00378587 0.00763837 -0.0064133 0.00373661 1 0 0 6666
             51.2904 0.333755  11.0828 -36.3163 12.0154 18.2038 0.90885  0.500076  0.457072 0.0225387  0.00141895 0.000568269 -0.00378727  0.00771469 -0.00571986  0.00348395 1 0 0 0
             51.3903 -0.317293   10.2888  -37.7913  12.0566  18.2446 0.903787   0.422236   0.395267 -0.0927556   0.0014421 0.000575866 -0.00375459 0.00810446 -0.0048335 0.00394686 1 0 0 6504
             51.3903 -0.401815   10.3329  -37.8577  12.0698  18.2603 0.904282   0.567277   0.580104 -0.0812921  0.00146709 0.000564267 -0.00373458  0.00818865 -0.00719299  0.00386051 1 0 0 0
             51.4901 -0.912392   10.4829  -37.5548  12.1173  18.3035 0.891738  0.491737  0.419179 -0.161836  0.00144123 0.000577467 -0.00378354   0.0081255 -0.00495307  0.00399119 1 0 0 6525
             51.4901 -0.912392   10.4829  -37.5548  12.1173  18.3035 0.891738  0.491737  0.419179 -0.161836  0.00144123 0.000577467 -0.00378354   0.0081255 -0.00495307  0.00399119 1 0 0 0
             51.5904 -2.60979  10.0266 -37.8112  12.1671  18.3386 0.879147  0.522673  0.331812 -0.110885  0.00145258 0.000573815 -0.00379044 0.00787993 -0.0042716 0.00341951 1 0 0 6806
             51.5904 -2.60979  10.0266 -37.8112  12.1671  18.3386 0.879147  0.522673  0.331812 -0.110885  0.00145258 0.000573815 -0.00379044 0.00787993 -0.0042716 0.00341951 1 0 0 0
             51.6903 -3.35873  9.47261 -38.6785  12.2263  18.3763 0.877776  0.620638  0.379349 0.0562148  0.00141665 0.000560617 -0.00377294  0.00804962 -0.00507546  0.00284688 1 0 0 6775
             51.6903 -3.35873  9.47261 -38.6785  12.2263  18.3763 0.877776  0.620638  0.379349 0.0562148  0.00141665 0.000560617 -0.00377294  0.00804962 -0.00507546  0.00284688 1 0 0 0
             51.7902 -1.30655  10.1985  -37.647  12.2942  18.4167 0.891277 0.693484 0.409282 0.196032   0.0014016 0.000547703 -0.00382052  0.00790833 -0.00561883  0.00258057 1 0 0 6711
             51.7902 -1.16728  10.3356 -37.6081  12.2924  18.4193 0.884826 0.671244 0.439469 0.124278  0.00136491 0.000510032 -0.00383192  0.00816389 -0.00575664  0.00335945 1 0 0 0
             51.8905 -0.273471   11.2893  -36.7075 12.3663 18.4662 0.90154 0.713422 0.447902 0.171797  0.00142148 0.000566443 -0.00381956 0.00781567  -0.006829 0.00310682 1 0 0 6608
             51.8905 -0.273471   11.2893  -36.7075 12.3663 18.4662 0.90154 0.713422 0.447902 0.171797  0.00142148 0.000566443 -0.00381956 0.00781567  -0.006829 0.00310682 1 0 0 0
             51.9902 0.564616   10.421 -36.1016  12.4339  18.5079 0.912497  0.670955  0.399391 0.0644838  0.00141799 0.000605288 -0.00382419  0.00777832 -0.00661255  0.00344214 1 0 0 6689
             51.9902 0.647006  10.4468 -36.0813  12.4363  18.5068 0.913655  0.699897  0.385738 0.0782198  0.00139673 0.000597102 -0.00383019  0.00750103 -0.00669615  0.00324455 1 0 0 0
             52.0902 0.0913907   9.94224  -35.7437   12.505  18.5496 0.915854   0.724096   0.433987 -0.0248726  0.00145938  0.00059804 -0.00382376  0.00806586 -0.00667365  0.00346615 1 0 0 6568
             52.0902 0.0566399   10.0336  -35.7432  12.5047  18.5449 0.914314   0.718177   0.380916 -0.0412817  0.00146862 0.000571463 -0.00382412  0.00775507 -0.00621119  0.00357509 1 0 0 0
             52.1902 -2.17139  10.8354 -37.5632  12.5736  18.5834 0.906259  0.671515  0.394536 -0.104721  0.00149513 0.000550782 -0.00379544  0.00812685 -0.00598007  0.00376732 1 0 0 6723
             52.1902 -2.07268  10.8505 -37.5323   12.575  18.5878 0.898144  0.683082  0.449775 -0.194029  0.00147373 0.000548528 -0.00380402  0.00822709 -0.00649249  0.00471073 1 0 0 0
               52.29 -3.57821  11.5424 -38.3627  12.6382  18.6334 0.878789  0.611624  0.492671 -0.220705  0.00147393 0.000548385 -0.00381652  0.00829702 -0.00600832  0.00438173 1 0 0 7104
               52.29 -3.57821  11.5424 -38.3627  12.6382  18.6334 0.878789  0.611624  0.492671 -0.220705  0.00147393 0.000548385 -0.00381652  0.00829702 -0.00600832  0.00438173 1 0 0 0
             52.3904 -3.53214  12.0544 -38.4782  12.6951  18.6866 0.868225   0.576649   0.572884 -0.0836456  0.00144695 0.000551985 -0.00382578  0.00866036 -0.00562768  0.00324405 1 0 0 7193
             52.3904 -3.53214  12.0544 -38.4782  12.6951  18.6866 0.868225   0.576649   0.572884 -0.0836456  0.00144695 0.000551985 -0.00382578  0.00866036 -0.00562768  0.00324405 1 0 0 0
             52.4901 -2.80244  12.3842 -40.0361  12.7566  18.7427 0.871529 0.646078 0.551923 0.125045  0.00142151   0.0005486 -0.00380977  0.00847103 -0.00559841  0.00271826 1 0 0 7033
             52.4901 -2.80244  12.3842 -40.0361  12.7566  18.7427 0.871529 0.646078 0.551923 0.125045  0.00142151   0.0005486 -0.00380977  0.00847103 -0.00559841  0.00271826 1 0 0 0
               52.59 -1.45606  12.6923 -41.9579  12.8222  18.7918 0.888896 0.633217  0.42723 0.191576  0.00140674  0.00057018 -0.00380879  0.00817985 -0.00564354  0.00274387 1 0 0 6898
               52.59 -1.41992  12.6931 -41.9467  12.8261  18.7992 0.892762 0.674884 0.513503 0.233666  0.00140685 0.000570188 -0.00381019  0.00854629 -0.00652619  0.00234005 1 0 0 0
             52.6903 -0.0818852    12.4586   -42.2749  12.8929  18.8449 0.906466 0.636221 0.407095 0.105204 0.00141341 0.00058942 -0.0038493  0.00804482 -0.00642012  0.00312491 1 0 0 6910
             52.6903 -0.083314   12.4927   -42.301  12.8922  18.8373 0.902512  0.620091  0.322849 0.0622229  0.00140667 0.000577816 -0.00384462  0.00747501 -0.00571546  0.00346184 1 0 0 0
             52.7902 -0.387213   12.3103  -43.6683  12.9471  18.8695 0.899953   0.532748   0.321557 -0.0904033  0.00145539 0.000582838 -0.00384646  0.00803508 -0.00551094  0.00395097 1 0 0 6711
             52.7902 -0.408357   12.2569  -43.6325  12.9688  18.8604 0.898677  0.775163  0.209159 -0.091303  0.00147035 0.000578008 -0.00385952  0.00556194 -0.00648921  0.00341052 1 0 0 0
               52.89 -0.778285   12.4869  -44.2303  13.027 18.8984 0.88279   0.56264  0.428218 -0.201501  0.00147006 0.000592399 -0.00388021  0.00851467 -0.00610369  0.00428603 1 0 0 6230
               52.89 -0.771894   12.4476  -44.2173  13.0252  18.8976 0.883301  0.541307  0.418752 -0.195986  0.00146765 0.000604209 -0.00388398  0.00859964 -0.00587968  0.00424803 1 0 0 0
             52.9903 -0.715555   12.4133  -44.1399   13.069  18.9526 0.867182  0.466348  0.568856 -0.148116  0.00147473 0.000602051 -0.00391545   0.0105358 -0.00561064  0.00430083 1 0 0 6547
             52.9903 -0.715555   12.4133  -44.1399   13.069  18.9526 0.867182  0.466348  0.568856 -0.148116  0.00147473 0.000602051 -0.00391545   0.0105358 -0.00561064  0.00430083 1 0 0 0
             53.0902 -1.09518  12.0377 -43.2687  13.1247  19.0091 0.862608  0.605384  0.551589 0.0258424  0.00148647 0.000608994 -0.00395522  0.0103748 -0.0059533 0.00367826 1 0 0 6590
             53.0902 -1.09518  12.0377 -43.2687  13.1247  19.0091 0.862608  0.605384  0.551589 0.0258424  0.00148647 0.000608994 -0.00395522  0.0103748 -0.0059533 0.00367826 1 0 0 0
               53.19 0.470067  12.8826 -41.5468   13.196  19.0522 0.874848 0.726453 0.417816 0.193018  0.00145926 0.000552391 -0.00396669 0.00854728 -0.0057669 0.00302053 1 0 0 6493
               53.19 0.470067  12.8826 -41.5468   13.196  19.0522 0.874848 0.726453 0.417816 0.193018  0.00145926 0.000552391 -0.00396669 0.00854728 -0.0057669 0.00302053 1 0 0 0
             53.2903  1.96027  13.6236 -39.3035  13.2758  19.0898 0.894448  0.75062 0.366562 0.195281   0.0014717 0.000553788 -0.00400252  0.00731516 -0.00637942  0.00288885 1 0 0 6641
             53.2903  1.96027  13.6236 -39.3035  13.2758  19.0898 0.894448  0.75062 0.366562 0.195281   0.0014717 0.000553788 -0.00400252  0.00731516 -0.00637942  0.00288885 1 0 0 0
             53.3904  1.45993  11.5388 -38.0439 13.3502 19.1255 0.90612  0.724829  0.343195 0.0525812  0.00152665  0.00062262 -0.00397677  0.00691899 -0.00659509   0.0030507 1 0 0 6588
             53.3904  1.45993  11.5388 -38.0439 13.3502 19.1255 0.90612  0.724829  0.343195 0.0525812  0.00152665  0.00062262 -0.00397677  0.00691899 -0.00659509   0.0030507 1 0 0 0
             53.4935 -0.190187   11.2403  -37.9783  13.4209  19.1659 0.900584   0.689481   0.393434 -0.0908874  0.00155065 0.000580145 -0.00396666  0.00766566 -0.00675307  0.00380412 1 0 0 6667
             53.4935 -0.237722   11.3105  -37.9708    13.41  19.1636 0.895645  0.575543  0.362824 -0.144184  0.00155819 0.000562528 -0.00397203   0.0082154 -0.00574134  0.00444524 1 0 0 0
             53.5904 -1.38256  11.1245 -38.1213  13.464 19.2088  0.8845  0.563975  0.518775 -0.146457  0.00153417 0.000564278 -0.00397602  0.00896916 -0.00633568  0.00399519 1 0 0 6008
             53.5904 -1.42104  11.1091 -38.0881  13.4575  19.2083 0.884608  0.492814  0.510385 -0.147368  0.00154748 0.000567504 -0.00398579  0.00945421 -0.00579349  0.00410047 1 0 0 0
             53.6901 -2.43484  11.4281 -37.4846  13.5141  19.2664 0.872401  0.580579  0.646303 -0.135625  0.00154385  0.00054214 -0.00398242  0.00909327 -0.00638159  0.00337964 1 0 0 6495
             53.6901 -2.43484  11.4281 -37.4846  13.5141  19.2664 0.872401  0.580579  0.646303 -0.135625  0.00154385  0.00054214 -0.00398242  0.00909327 -0.00638159  0.00337964 1 0 0 0
               53.79 -3.12769  11.3539 -36.2499  13.5806  19.3337 0.864632   0.679323   0.712534 -0.0289058  0.00153891 0.000540323 -0.00400298  0.00831966 -0.00684942  0.00279596 1 0 0 6730
               53.79 -3.05078  11.3955 -36.3697  13.5633  19.3569 0.864867   0.492891   0.965145 -0.0284061  0.00151242 0.000550088 -0.00397499    0.011346 -0.00761308  0.00333704 1 0 0 0
             53.8903 -3.10754  10.5719 -38.2709  13.6342  19.4202 0.868463 0.732475 0.593391 0.135398  0.00151719 0.000531787 -0.00392549  0.00776097 -0.00636884  0.00296409 1 0 0 6843
             53.8903 -2.98164   10.488 -38.3487  13.6355  19.4133 0.874254 0.744464 0.520343 0.193513    0.001474 0.000549628 -0.00390387  0.00732802 -0.00585206  0.00229971 1 0 0 0
             53.9901 -0.0210903    11.4684   -37.5694  13.7213  19.4528 0.891532 0.854034 0.340985 0.161069  0.00141936 0.000503365 -0.00401761  0.00582932 -0.00574983  0.00273082 1 0 0 6463
             53.9901 -0.0210903    11.4684   -37.5694  13.7213  19.4528 0.891532 0.854034 0.340985 0.161069  0.00141936 0.000503365 -0.00401761  0.00582932 -0.00574983  0.00273082 1 0 0 0
             54.0901  0.36667  12.1993 -38.2087  13.7954  19.4901 0.896084   0.708464   0.333744 0.00710639  0.00148001  0.00051971 -0.00397403  0.00676696 -0.00574236  0.00371183 1 0 0 6437
             54.0901  0.36667  12.1993 -38.2087  13.7954  19.4901 0.896084   0.708464   0.333744 0.00710639  0.00148001  0.00051971 -0.00397403  0.00676696 -0.00574236  0.00371183 1 0 0 0
             54.1903 -0.121333   13.2128  -37.5039  13.8499  19.5336 0.889935  0.517928  0.409412 -0.105845  0.00151989 0.000536953 -0.00402213  0.00872549 -0.00587062  0.00451081 1 0 0 6694
             54.1903 -0.108065   13.2301  -37.5037  13.8477  19.5312 0.890581  0.493557  0.383303 -0.100223  0.00151352 0.000532162  -0.0040223  0.00875254 -0.00550777   0.0044524 1 0 0 0
             54.2901 -0.0592132    13.4199   -38.2876  13.8912   19.581 0.881069  0.441494  0.517871 -0.124826   0.0015007 0.000555483 -0.00398748   0.0100757 -0.00601799  0.00431405 1 0 0 6670
             54.2901 -0.0704338    13.4555   -38.2848  13.9006  19.5832 0.883102  0.546696  0.543086 -0.100485  0.00151233 0.000539602 -0.00398697  0.00950752 -0.00690239  0.00392523 1 0 0 0
               54.39 -0.344939   13.0895  -39.3244  13.9535  19.6403 0.872245 0.569746 0.593321 -0.12046  0.00151031 0.000574023 -0.00397732  0.00997992 -0.00667006  0.00393616 1 0 0 6708
               54.39 -0.351331   13.1032  -39.3347  13.9557   19.637 0.868144 0.593038 0.555746 -0.16269  0.00151016 0.000566702 -0.00397452  0.00946105 -0.00653784  0.00425968 1 0 0 0
             54.4904 -1.19932  13.4018 -39.0129  14.0196  19.6925 0.856498   0.690274   0.544338 -0.0867244  0.00151901 0.000537822 -0.00400904  0.00963513 -0.00630419  0.00388184 1 0 0 6696
             54.4904 -1.19932  13.4018 -39.0129  14.0196  19.6925 0.856498   0.690274   0.544338 -0.0867244  0.00151901 0.000537822 -0.00400904  0.00963513 -0.00630419  0.00388184 1 0 0 0
             54.5903 -1.44507  14.1996 -39.5025  14.0933  19.7359 0.859916  0.73449 0.422201 0.124883  0.00150005 0.000516683 -0.00398826  0.00879655 -0.00569374   0.0033568 1 0 0 6861
             54.5903 -1.31159  14.1353 -39.4956  14.1069  19.7411 0.865552 0.888352 0.486761 0.188584  0.00148205  0.00052657 -0.00398685  0.00825483 -0.00718994   0.0025137 1 0 0 0
             54.6901 0.854831  15.0959 -37.7638 14.1855 19.7833 0.88404  0.72829 0.413529 0.182214  0.00145907  0.00051291 -0.00407031  0.00825338 -0.00611723  0.00298831 1 0 0 6905
             54.6901 0.837662  15.1355 -37.7459  14.1872  19.7819 0.886219 0.747922 0.398933 0.205319  0.00146573 0.000499081 -0.00407557  0.00807954 -0.00613196  0.00269951 1 0 0 0
             54.7903 0.919185  14.1737 -36.5151  14.2403  19.8175 0.896693  0.437008  0.354963 0.0585872 0.00150981 0.00057955 -0.0040609   0.0086114 -0.00458882  0.00371069 1 0 0 7030
             54.7903 0.862382  14.1516 -36.4682  14.2404  19.8205 0.901253 0.439807  0.38962 0.106757  0.00153113 0.000587214 -0.00407204  0.00894382 -0.00487302  0.00328816 1 0 0 0
             54.8902 0.0792919   13.2738  -35.5987  14.2779  19.8615 0.894515  0.384383   0.39366 -0.124489  0.00155022 0.000583119 -0.00404072  0.00923586 -0.00470523   0.0046162 1 0 0 6700
             54.8902 0.163031  13.3166 -35.6215  14.2782  19.8682 0.887722  0.388099  0.464927 -0.192907  0.00152882 0.000576785 -0.00403204  0.00947244 -0.00528487    0.005416 1 0 0 0
               54.99 -0.773704   14.3322  -34.9057 14.3218 19.9124 0.86838  0.438013  0.445556 -0.206678  0.00155539 0.000527997 -0.00405125  0.00909155 -0.00527612  0.00504388 1 0 0 6936
               54.99 -0.830534   14.2941  -34.9362  14.3265   19.913 0.871759 0.492817 0.456609 -0.16874  0.00157324 0.000536199 -0.00404188    0.008818 -0.00570581   0.0045754 1 0 0 0
             55.0903 -0.864836   13.8712   -34.675   14.381   19.965 0.864264   0.551489   0.572029 -0.0890405  0.00154632  0.00056094 -0.00404118  0.00860676 -0.00643359  0.00334284 1 0 0 7269
             55.0903 -0.956183   13.8308  -34.7248  14.3796  19.9698 0.872307    0.539973    0.628439 -0.00265555  0.00157073 0.000575355 -0.00402703   0.0092509 -0.00679765  0.00257773 1 0 0 0
             55.1902 -0.909114   13.1095  -34.5007  14.4377  20.0306 0.866878   0.612711   0.642979 -0.0513898  0.00155255 0.000570462 -0.00404215  0.00855793 -0.00634591   0.0028298 1 0 0 6659
             55.1902 -0.929556   13.1476  -34.3832  14.4482  20.0303 0.855429  0.731032  0.641731 -0.172014  0.00156771 0.000559322 -0.00407303  0.00731483 -0.00707938  0.00379194 1 0 0 0
               55.29 -1.59341  13.8542 -35.0197   14.514  20.0941 0.847522  0.657652  0.628712 0.0230356   0.0015618 0.000541001 -0.00404331  0.00819138 -0.00647734  0.00370865 1 0 0 7052
               55.29 -1.63532  13.7998 -35.0669  14.5167  20.0957 0.849975  0.689966  0.647306 0.0517657  0.00157488 0.000552491 -0.00402996  0.00811126 -0.00681457  0.00337228 1 0 0 0
             55.3904 0.317158  13.4508 -36.0575   14.574   20.158 0.863897 0.547765 0.585591 0.166903  0.00147045 0.000612831 -0.00405398 0.00910328 -0.0058927  0.0036535 1 0 0 7049
             55.3904   0.3318  13.4802 -36.0595  14.5734  20.1601 0.868353 0.542557 0.609924 0.214857  0.00147186 0.000610246 -0.00405208  0.00938285 -0.00602748  0.00324489 1 0 0 0
             55.4902   2.4607  13.2086 -36.0898  14.6206  20.2167 0.881693  0.455737  0.550479 0.0817793  0.00147708 0.000632247  -0.0040864  0.00935841 -0.00542258  0.00376841 1 0 0 6812
             55.4902  2.50085  13.3127 -36.0681 14.6194  20.232 0.87503  0.444032  0.722821 0.0140769  0.00146594  0.00060136 -0.00408755   0.0103696 -0.00674131  0.00474224 1 0 0 0
               55.59  1.25633  14.3923 -35.1023 14.6676 20.2812 0.87216    0.45352   0.447833 -0.0750866  0.00155674 0.000575387 -0.00408018  0.00859165 -0.00508248  0.00419295 1 0 0 7038
               55.59  1.25633  14.3923 -35.1023 14.6676 20.2812 0.87216    0.45352   0.447833 -0.0750866  0.00155674 0.000575387 -0.00408018  0.00859165 -0.00508248  0.00419295 1 0 0 0
             55.6903 -0.551678   13.9161  -36.1494  14.7189  20.3185 0.868552    0.52998   0.343674 -0.0591452  0.00156102 0.000584978 -0.00405019  0.00786938 -0.00504472  0.00325591 1 0 0 7121
             55.6903 -0.587059   13.9307  -36.0774  14.7277  20.3361 0.873569    0.634665     0.55007 0.000178725  0.00162738 0.000590867 -0.00405814  0.00841035 -0.00717816  0.00286813 1 0 0 0
             55.7902 -0.799602    14.327  -36.0728  14.7928  20.3783 0.866277  0.679411  0.389714 -0.094232  0.00158816 0.000574419 -0.00405172  0.00766176 -0.00610086  0.00323872 1 0 0 7147
             55.7902 -0.73819  14.3238 -36.0003  14.7993  20.3725 0.863703  0.750244  0.324993 -0.119099  0.00157611 0.000575647 -0.00407034  0.00663741 -0.00603327  0.00324361 1 0 0 0
               55.89 -0.962683   14.5314  -36.2114  14.8642  20.4091 0.851173  0.678229  0.365102 -0.102247  0.00157748 0.000602343 -0.00407463   0.0081767 -0.00532476  0.00391724 1 0 0 7258
               55.89 -0.923522   14.5524  -36.1975  14.8654  20.4125 0.851359    0.69342   0.404189 -0.0987734  0.00157307 0.000598253 -0.00407769  0.00831247 -0.00573874   0.0039063 1 0 0 0
             55.9903 -0.636761   14.8551   -37.156   14.929  20.4563 0.850261  0.647556  0.426936 0.0549179  0.00156359 0.000629354  -0.0040612  0.00933765 -0.00561486  0.00394359 1 0 0 7201
             55.9903 -0.624966   14.8787  -37.1467  14.9243  20.4534 0.850858  0.597723  0.395592 0.0589374    0.001547 0.000628642 -0.00406619  0.00952254 -0.00509945   0.0039608 1 0 0 0
             56.0902  2.27789  16.0303 -35.7002  14.9865  20.4925 0.860286 0.611121  0.38135 0.108515  0.00150669 0.000612086   -0.004127  0.00934479 -0.00531899  0.00390279 1 0 0 7283
             56.0902 2.28207 16.0724 -35.639  14.9861  20.4958 0.858319 0.606543 0.416726 0.087779  0.00151108 0.000600612 -0.00414288  0.00954876 -0.00557126  0.00418078 1 0 0 0
             56.1901   2.4787  16.0062 -35.5337 15.0501 20.5353 0.87012 0.582142  0.38572 0.127135  0.00157814 0.000644578 -0.00408712  0.00877633 -0.00622592  0.00366671 1 0 0 7390
             56.1901  2.47458  15.9942 -35.5219 15.0474 20.5354  0.8701 0.552939 0.386674 0.125994   0.0015781 0.000649978 -0.00409031 0.00900333 -0.0060439 0.00373769 1 0 0 0
               56.29 2.31485 14.3048 -37.428  15.1102  20.5736 0.880511  0.652927  0.373359 0.0825288  0.00157554  0.00067049 -0.00405407  0.00828378 -0.00696516  0.00357108 1 0 0 6949
               56.29 2.31485 14.3048 -37.428  15.1102  20.5736 0.880511  0.652927  0.373359 0.0825288  0.00157554  0.00067049 -0.00405407  0.00828378 -0.00696516  0.00357108 1 0 0 0
             56.3903  1.34409  14.1175 -38.7177  15.1785  20.6094 0.884448  0.667562  0.347682 0.0135571  0.00160328 0.000633308 -0.00405641  0.00811224 -0.00713683  0.00366348 1 0 0 6972
             56.3903  1.33618  14.0563 -38.6792  15.1753   20.609 0.881086   0.629286   0.342734 -0.0232545  0.00160668 0.000652736 -0.00406832  0.00826975 -0.00682637  0.00409005 1 0 0 0
             56.4901 0.472215  13.1097 -39.9064  15.2357  20.6464 0.874958   0.60496  0.393838 -0.104196  0.00160202 0.000658978 -0.00408769  0.00848767 -0.00686881  0.00420442 1 0 0 6858
             56.4901 0.394768  13.1542 -39.8801  15.2293  20.6482 0.878187   0.536711   0.412485 -0.0708845  0.00162356 0.000652703  -0.0040962  0.00920579 -0.00654853  0.00401819 1 0 0 0
             56.5901 -0.425174   13.1514  -40.7917  15.2849  20.6858 0.865674  0.555736  0.398851 -0.137856  0.00158534 0.000628285 -0.00409873  0.00854609 -0.00623478  0.00416781 1 0 0 6834
             56.5901 -0.391663   13.1397  -40.8046  15.2832  20.6894 0.860754  0.53714 0.437301 -0.18989  0.00157721 0.000635157 -0.00409516  0.00881878 -0.00639254  0.00478922 1 0 0 0
             56.6904 -0.102442   13.6729  -40.5231   15.344  20.7318 0.848575   0.641117     0.4382 -0.0804599  0.00156211 0.000590163 -0.00414102  0.00821703 -0.00647634   0.0040674 1 0 0 7003
             56.6904 -0.122654   13.6096  -40.4651   15.348  20.7239 0.858964  0.685718  0.349886 0.0295467  0.00156645 0.000597732  -0.0041569  0.00754175 -0.00612626  0.00273495 1 0 0 0
             56.7902   1.2014  12.9062 -41.1216  15.4172  20.7638 0.868754 0.721347 0.413654  0.15362   0.0015391 0.000649509 -0.00413464  0.00802367 -0.00634724  0.00279092 1 0 0 6643
             56.7902  1.22737  12.9122 -41.1299 15.4123  20.768 0.86917 0.665545 0.460942 0.157964  0.00153117 0.000658274  -0.0041323  0.00875209 -0.00630681  0.00292081 1 0 0 0
               56.89  1.53273  13.1715 -41.2011  15.4755  20.8144 0.879054  0.587863   0.44958 0.0847943  0.00157342 0.000629381 -0.00413615  0.00888377 -0.00614498  0.00376242 1 0 0 6668
               56.89  1.49514  13.2261 -41.1666  15.4746  20.8095 0.881674 0.577897 0.395286   0.1129  0.00158076 0.000610777 -0.00414689  0.00865284 -0.00568074  0.00339885 1 0 0 0
             56.9903   2.0932  12.9712 -40.6837 15.5256 20.8518 0.88237   0.484057   0.402063 -0.0214903  0.00157419 0.000640801 -0.00416247  0.00892898 -0.00582352  0.00451935 1 0 0 6582
             56.9903  2.06369  13.0759 -40.6477  15.5192  20.8582 0.880082   0.413078   0.473524 -0.0460054  0.00158433 0.000619962 -0.00417006  0.00989337 -0.00582434  0.00500605 1 0 0 0
             57.0901 1.80057 13.9058 -40.385  15.5706  20.8961 0.870897  0.536116   0.36821 -0.136749   0.0016009 0.000617459 -0.00415182  0.00855867 -0.00598687  0.00475092 1 0 0 6747
             57.0901  1.81364  13.9447 -40.3331 15.5753  20.896 0.87593   0.588881   0.368459 -0.0816831  0.00160487 0.000602717 -0.00416518  0.00831152 -0.00638717  0.00411779 1 0 0 0
               57.19 0.637512  14.3139 -40.8495  15.6417  20.9309 0.861231  0.700141  0.342485 -0.181166  0.00161531 0.000610875 -0.00413839  0.00762832 -0.00663997  0.00423651 1 0 0 6952
               57.19 0.537162    14.29 -40.8764  15.6426   20.931 0.864246    0.7106  0.344435 -0.148116  0.00164242 0.000617399  -0.0041311  0.00764649 -0.00673415   0.0038861 1 0 0 0
              57.291 0.651573  14.8488 -40.9522  15.7173  20.9672 0.849868  0.785049   0.36338 -0.137233  0.00158894 0.000617682 -0.00417118  0.00789123 -0.00680211  0.00382437 1 0 0 7122
              57.291 0.658143   14.907 -40.8635  15.7122  20.9638 0.862624    0.729563     0.32615 -0.00216965  0.00158711 0.000603462 -0.00419621  0.00839657 -0.00614207  0.00247499 1 0 0 0
             57.3903 0.833124  15.4845 -40.5559   15.788   20.999 0.851342   0.793674   0.344175 -0.0729114  0.00160063 0.000623633 -0.00415333  0.00840274 -0.00631769  0.00417488 1 0 0 6955
             57.3903 0.881274  15.5318 -40.5204  15.7835  20.9968 0.854458   0.742699    0.31798 -0.0392833  0.00158153 0.000613164   -0.004164  0.00867891 -0.00577622  0.00388665 1 0 0 0
               57.49  1.18639  15.4336 -41.2777  15.8601  21.0379 0.848235   0.773472   0.428928 0.00229123  0.00156548  0.00063361 -0.00415268  0.00906064 -0.00659084  0.00512597 1 0 0 7024
               57.49  1.19796  15.4668 -41.2182  15.8599  21.0483 0.849538  0.770208  0.546124 0.0165078  0.00157508 0.000632158 -0.00416745  0.00992058 -0.00743568  0.00522491 1 0 0 0
             57.5903  2.30565  16.2581 -39.6706  15.9363  21.0958 0.858648 0.700194 0.467254 0.114252  0.00157279   0.0006475 -0.00420135  0.00912919 -0.00703709  0.00462991 1 0 0 7032
             57.5903  2.33053  16.1701 -39.6003 15.9364  21.089 0.86178 0.703319  0.39299 0.148083  0.00156686 0.000666759 -0.00422313  0.00868923 -0.00652567  0.00412312 1 0 0 0
             57.6902  2.72198  14.0524 -38.4846 15.9993 21.1241 0.87198  0.590695   0.34376 0.0492627  0.00158611 0.000704496 -0.00421876  0.00837241 -0.00609045   0.0040841 1 0 0 6781
             57.6902  2.72554  14.0613 -38.4037  16.0009  21.1275 0.870322  0.608014  0.382711 0.0318717  0.00159343 0.000702995 -0.00423918  0.00845729 -0.00650056   0.0043172 1 0 0 0
               57.79  2.09601  13.9727 -37.7779 16.0612 21.1623 0.86841   0.602516   0.343198 -0.0580671  0.00162309 0.000665763 -0.00421019  0.00832513 -0.00630929  0.00425864 1 0 0 6676
               57.79  2.13834  13.9581 -37.7614  16.0579  21.1621 0.865339   0.565161   0.339977 -0.0915989  0.00161016  0.00067105 -0.00421599  0.00849851 -0.00600957  0.00465457 1 0 0 0
             57.8903  1.64711  13.9777 -37.1108  16.1171  21.1989 0.861549   0.589101   0.389622 -0.0567393  0.00162804 0.000650853 -0.00421336  0.00855051 -0.00636844  0.00373204 1 0 0 6688
             57.8903  1.71611  13.9956 -37.1319  16.1122  21.2021 0.859652   0.532277   0.427033 -0.0784354  0.00160609 0.000650641 -0.00420855  0.00918106 -0.00627387  0.00412107 1 0 0 0
             57.9902  1.34494  13.7596 -36.8985  16.1714  21.2495 0.856405   0.603019   0.513692 -0.0453796  0.00162503  0.00064624 -0.00420899  0.00882105 -0.00692009  0.00326825 1 0 0 6607
             57.9902    1.427   13.789 -36.8413  16.1664  21.2499 0.857971   0.546214   0.517643 -0.0296419  0.00160252 0.000641051 -0.00422636  0.00932971 -0.00658425   0.0032145 1 0 0 0
               58.09   1.1699  13.4613 -36.2686  16.2308  21.3049 0.851783   0.689341   0.589351 -0.0559086  0.00163953 0.000653697 -0.00423334  0.00853176 -0.00699897  0.00328507 1 0 0 6704
               58.09  1.17983  13.5089 -36.2252  16.2362  21.3039 0.847465  0.751668  0.576842 -0.101863  0.00164242 0.000636087 -0.00424336  0.00785184 -0.00729873  0.00362528 1 0 0 0
             58.1901 0.367098   13.927 -37.3538  16.3126  21.3622 0.841223   0.76958  0.580083 0.0204483  0.00162823 0.000637321 -0.00420507   0.0078268 -0.00731496  0.00386093 1 0 0 6659
             58.1901 0.384399  13.8341 -37.3657   16.308  21.3519 0.846118  0.718511  0.458489 0.0713729  0.00161396 0.000661245 -0.00420307  0.00758033 -0.00602216  0.00322325 1 0 0 0
             58.2905  1.41734  13.7322 -38.2059  16.3754  21.4044 0.857582 0.674782 0.516188 0.152865  0.00159059 0.000669185 -0.00422189 0.00872421 -0.0061307 0.00387141 1 0 0 6840
             58.2905  1.49972  13.7897 -38.1887  16.3751  21.4105 0.852364  0.669909  0.584828 0.0960882 0.00157442 0.00065683 -0.0042252  0.00905725 -0.00663801  0.00457829 1 0 0 0
             58.3902  2.15813  13.9681 -38.7693  16.4315  21.4699 0.857692  0.500482  0.585443 0.0153435  0.00161586 0.000667168 -0.00424507  0.00957689 -0.00657523  0.00503431 1 0 0 6738
             58.3902  2.19074  13.9141 -38.7603  16.4305  21.4703 0.867797 0.491173 0.589951 0.125888  0.00160791 0.000683447 -0.00424771  0.00995389 -0.00657383  0.00392513 1 0 0 0
             58.4905   2.5917  14.2297 -37.8896   16.485  21.5231 0.875264  0.556688   0.48366 0.0303513  0.00162658 0.000673704 -0.00428074  0.00930332 -0.00667006  0.00375987 1 0 0 6518
             58.4905  2.66438  14.3657 -37.9754 16.4845 21.5335   0.874  0.548781  0.601059 0.0167866  0.00160647 0.000642676 -0.00425232   0.0101247 -0.00753027  0.00415322 1 0 0 0
             58.5905  1.36374  14.7662 -38.8165   16.543   21.575 0.867022  0.599836  0.362181 -0.105711  0.00165687 0.000638309 -0.00423825  0.00831329 -0.00638703  0.00429714 1 0 0 6648
             58.5905  1.45289  14.8007 -38.7945  16.5419  21.5745 0.863474  0.586609  0.356823 -0.144869  0.00163172 0.000628772 -0.00424417  0.00828001 -0.00624195  0.00470857 1 0 0 0
             58.6902  1.59563  15.2783 -38.8253  16.6066  21.6041 0.848815  0.668034  0.291846 -0.165506  0.00163765 0.000627892  -0.0042677  0.00736468 -0.00615377  0.00419794 1 0 0 6758
             58.6902  1.73644  15.2105 -38.8011  16.6012  21.6051 0.846273  0.605127  0.304681 -0.194612  0.00159717 0.000651402 -0.00427561  0.00784076 -0.00581882  0.00463773 1 0 0 0
             58.7901  2.57709  15.2203 -37.6855  16.6672  21.6355 0.830609   0.72699  0.321828 -0.145951  0.00161076 0.000660714 -0.00430157  0.00771862 -0.00566665  0.00397337 1 0 0 6723
             58.7901  2.44805  15.2219 -37.6346  16.6617  21.6452 0.834436  0.662995  0.437265 -0.103551   0.0016532 0.000668837 -0.00431564  0.00909269 -0.00612242  0.00389874 1 0 0 0
             58.8904 0.993855  15.7547 -37.8247  16.7374  21.6836 0.834046  0.788058  0.358469 0.0939144  0.00167545 0.000635533 -0.00427958 0.00851418 -0.0061272 0.00324565 1 0 0 6863
             58.8904 0.859988  15.6565 -37.8802  16.7446  21.6809 0.834681 0.871555 0.327168 0.102592  0.00171261 0.000655872 -0.00426291  0.00769515 -0.00644147  0.00292923 1 0 0 0
             58.9903  2.37276  16.8244 -37.1007  16.8238  21.7153 0.853871  0.73406 0.328852 0.253574  0.00162753 0.000644903 -0.00429247  0.00854806 -0.00631992  0.00311104 1 0 0 6911
             58.9903  2.43811  16.8579 -37.0666 16.8224 21.7172 0.85588 0.717601  0.35091 0.275964  0.00161255  0.00063826 -0.00430134  0.00887939 -0.00639262   0.0029607 1 0 0 0
             59.0901  4.09541  15.8102 -35.8763  16.8829  21.7548 0.876139  0.54369 0.370936  0.15097  0.00161048 0.000697602 -0.00431951  0.00929968 -0.00635628   0.0039075 1 0 0 6849
             59.0901  4.09672  15.8017 -35.8654  16.8813  21.7532 0.872353 0.525044 0.353569  0.10802  0.00160542 0.000701072 -0.00432425 0.00919769 -0.0060813 0.00433799 1 0 0 0
             59.1902  3.43528  15.1864 -36.2842  16.9344  21.7934 0.872408   0.540082   0.396806 -0.0675203  0.00168874 0.000702921 -0.00426525 0.00929906 -0.0066735  0.0048793 1 0 0 6746
             59.1902 3.45137 15.2234 -36.261  16.9368  21.7912 0.873475   0.567843    0.37089 -0.0552558  0.00168562 0.000680679 -0.00427111 0.00898895 -0.0066609 0.00466302 1 0 0 0
             59.2903   2.6871  15.8443 -36.6278  16.9972  21.8308 0.864458   0.59885   0.40351 -0.115178  0.00169801 0.000653589 -0.00426588  0.00905506 -0.00700695  0.00464743 1 0 0 6525
             59.2903 2.79528 15.8583 -36.569  16.9999  21.8299 0.860478  0.629722  0.392122 -0.160273   0.0016733 0.000641786 -0.00428056  0.00864713 -0.00708989  0.00499984 1 0 0 0
             59.3901  2.07171  15.9434 -37.3879  17.0554  21.8704 0.849279  0.535255  0.456741 -0.113812  0.00168392 0.000651915  -0.0042602  0.00905877 -0.00661882   0.0043668 1 0 0 6701
             59.3901  2.05925  15.8835 -37.4123  17.0569  21.8772 0.855311   0.551666   0.537247 -0.0438259  0.00169213 0.000670273 -0.00425225  0.00966008 -0.00742508  0.00378323 1 0 0 0
             59.4899  1.36072  15.1175 -37.5322  17.1113  21.9329 0.848427   0.556648   0.613471 -0.0959803  0.00167756 0.000665585 -0.00428091  0.00955612 -0.00700719  0.00366292 1 0 0 6663
             59.4899  1.35426  15.0779 -37.5534  17.1134  21.9396 0.850382   0.578676   0.690265 -0.0753064  0.00170137 0.000686432 -0.00426797  0.00990617 -0.00771001  0.00357293 1 0 0 0
             59.5903  1.27685  15.1359 -35.9481  17.1753  22.0046 0.841262   0.653648    0.66505 -0.0525299  0.00168732 0.000629286 -0.00433188  0.00902883 -0.00701389  0.00366019 1 0 0 6626
             59.5903 1.30797 15.2202 -36.016  17.1783  22.0019 0.841315   0.688294   0.633361 -0.0514438  0.00167296 0.000595706  -0.0043103 0.00859856 -0.0069987 0.00353156 1 0 0 0
             59.6902 1.70941 14.9727 -36.637 17.2442 22.0541 0.83784  0.671361  0.513239 0.0543682  0.00165535 0.000626947 -0.00429033  0.00795612 -0.00556945  0.00441258 1 0 0 6694
             59.6902  1.78073  14.9111 -36.5808  17.2359  22.0608 0.839874  0.573806  0.593459 0.0764626   0.0016401 0.000659097 -0.00430541  0.00928758 -0.00559241  0.00453194 1 0 0 0
             59.7902  2.03064  15.2247 -36.6733  17.2933  22.1156 0.848615  0.527208  0.526594 0.0657364  0.00165819 0.000606649 -0.00431324  0.00888076 -0.00548584  0.00436843 1 0 0 6445
             59.7902  1.99888  15.1756 -36.6731  17.2927  22.1184 0.852028 0.520028  0.56072 0.104678  0.00167604 0.000630243 -0.00431128 0.00922211 -0.0056992 0.00407274 1 0 0 0
             59.8904  1.92857  14.4635 -35.4627   17.351  22.1725 0.856361     0.59897    0.510632 -0.00375215  0.00169417 0.000639704 -0.00433182  0.00845141 -0.00626954  0.00404963 1 0 0 6652
             59.8904  1.98243  14.5973 -35.3471 17.3537   22.18 0.85308   0.628724   0.598477 -0.0414004  0.00170307 0.000606933 -0.00435551  0.00866544 -0.00710008  0.00452569 1 0 0 0
             59.9903 -0.362694   15.2703  -35.1746  17.4216  22.2343 0.843198  0.684195  0.514148 -0.138183   0.0017595 0.000606734 -0.00432216  0.00801777 -0.00721761  0.00451345 1 0 0 6573
             59.9903 -0.395198   15.1614   -35.165  17.4203  22.2317 0.839044  0.668981  0.485325 -0.185139   0.0017702 0.000637702 -0.00432499  0.00781935 -0.00685688  0.00497897 1 0 0 0
             60.0899 -0.520689   15.6395  -34.6379  17.4886  22.2792 0.825132  0.724503  0.460176 -0.157794  0.00170535 0.000622819 -0.00434311  0.00806908 -0.00688064   0.0041357 1 0 0 6562
             60.0899 -0.461186   15.6163  -34.6231  17.4863   22.278 0.830801   0.698099   0.445554 -0.0923446  0.00168849 0.000629499 -0.00434732  0.00838494 -0.00658453  0.00348118 1 0 0 0
             60.1901 0.0044379    16.464  -34.3804 17.5605 22.3285 0.82355   0.792921   0.513197 -0.0600735  0.00171143 0.000615489   -0.004342  0.00914811 -0.00717101  0.00326086 1 0 0 6771
             60.1901 0.0584112   16.4415  -34.3795  17.5582  22.3267 0.822562   0.765534   0.491448 -0.0714463  0.00169037 0.000623021  -0.0043428  0.00920089 -0.00682815  0.00340819 1 0 0 0
               60.29 0.447472  16.5546 -34.0629  17.6369  22.3794 0.821654  0.813238   0.53024 0.0637017  0.00170465 0.000639587 -0.00435917  0.00971093 -0.00706732  0.00341405 1 0 0 6771
               60.29 0.391156  16.4978 -34.1185  17.6396  22.3806 0.822726  0.845152  0.544745 0.0763279  0.00172202 0.000652241 -0.00434316  0.00957903 -0.00737298  0.00323467 1 0 0 0
             60.3903  1.52311  18.1047 -33.4728  17.7225   22.434 0.832575 0.804229 0.533919  0.15686  0.00168048 0.000590131 -0.00435954  0.00951246 -0.00704555  0.00395006 1 0 0 6783
             60.3903  1.61899   18.186 -33.3899  17.7215  22.4311 0.826384 0.791603 0.498966 0.086093  0.00165303 0.000564369  -0.0043827  0.00920111 -0.00668711   0.0046304 1 0 0 0
             60.4902  2.54864  18.6403 -31.7551  17.7898  22.4784 0.839855 0.589971 0.455504 0.142043  0.00169813   0.0006187 -0.00441632  0.00938223 -0.00632844  0.00451466 1 0 0 6948
             60.4902  2.5728 18.4441  -31.92 17.7869 22.4802 0.84827 0.556795 0.478237 0.237283  0.00167656 0.000681909 -0.00437377   0.0100702 -0.00634256  0.00369585 1 0 0 0
               60.59  2.66847  16.3579 -30.6123  17.8421  22.5222 0.859578  0.568697  0.407356 0.0205358  0.00170693 0.000700725 -0.00440495  0.00924629 -0.00593038  0.00416022 1 0 0 7036
               60.59  2.65257  16.3315 -30.6546  17.8444  22.5228 0.853511   0.593683   0.414226 -0.0477152  0.00170971 0.000707784  -0.0043929  0.00884208 -0.00610083  0.00478543 1 0 0 0
             60.6904  1.38377   17.083 -30.2243  17.9081  22.5615 0.840324   0.64635  0.387152 -0.170356  0.00173811 0.000627929 -0.00437275  0.00862749 -0.00588456  0.00487267 1 0 0 7001
             60.6904  1.45409  17.0617 -30.1728  17.9047  22.5658 0.838793  0.604473  0.438653 -0.189003  0.00172518 0.000641527 -0.00438738  0.00919606 -0.00608807  0.00525918 1 0 0 0
             60.7904  1.03171  17.4503 -30.0594  17.9663  22.6126 0.826989  0.589146  0.503851 -0.122789  0.00172298 0.000615525 -0.00437676  0.0090808 -0.0065193 0.00423612 1 0 0 7127
             60.7904 0.959903  17.3678 -30.0666  17.9734  22.6148 0.849425 0.673339 0.528128 0.124037  0.00175334 0.000624603 -0.00437051  0.00927944 -0.00725311  0.00161126 1 0 0 0
             60.8901  0.68214  16.3009 -30.5454  18.0438   22.672 0.844301   0.725369   0.617148 -0.0620197  0.00176163  0.00064758 -0.00436402  0.00852451 -0.00748789  0.00325646 1 0 0 6935
             60.8901 0.716795  16.2855 -30.5923  18.0434  22.6791 0.839307   0.71764  0.699855 -0.116481   0.0017616 0.000663111 -0.00434632  0.00883228 -0.00815033  0.00395793 1 0 0 0
             60.9903 0.596473  16.2359  -30.937  18.1113  22.7452 0.820549  0.689856  0.657198 -0.135988  0.00174346 0.000636745 -0.00436466  0.00875233 -0.00701803  0.00532634 1 0 0 7127
             60.9903 0.618143  16.2277  -31.042  18.107 22.7321 0.82585   0.640617   0.499981 -0.0767191  0.00169931 0.000633196 -0.00434545  0.00851807 -0.00541237   0.0045973 1 0 0 0
             61.0902  1.66427  15.9769 -31.7866  18.1733  22.7897 0.825514  0.684633   0.58176 0.0696926  0.00169987 0.000652252 -0.00436861  0.00912487 -0.00608949  0.00498249 1 0 0 7219
             61.0902  1.67495  16.0449 -31.6903 18.1426 22.8163 0.82272  0.319261  0.901291 0.0329454  0.00172623 0.000730092 -0.00439009   0.0135976 -0.00674925  0.00671233 1 0 0 0
             61.1901  1.69864  15.9285 -32.5692 18.2026 22.8787 0.82787  0.579507  0.542885 0.0523855  0.00174647 0.000694192 -0.00437944  0.00892323 -0.00675079   0.0049653 1 0 0 6622
             61.1901  1.66956  15.7987 -32.6481  18.2088  22.8791 0.843153 0.658036 0.547415  0.22068  0.00175233 0.000728039 -0.00435818  0.00879417 -0.00728738  0.00307332 1 0 0 0
             61.2904  3.16725  15.5751 -31.0585  18.2866  22.9139 0.856878  0.778145  0.271686 0.0922012  0.00173638 0.000683029  -0.0044747  0.00591935 -0.00648092  0.00281676 1 0 0 6891
             61.2904  3.13462   15.707 -31.3171  18.2818  22.9261 0.859638 0.721444 0.418791 0.122226  0.00173119   0.0006569 -0.00439592  0.00734476 -0.00743053  0.00292484 1 0 0 0
             61.3903  2.68779  15.2397 -32.2245  18.3546  22.9532 0.862009   0.722943   0.232912 -0.0173513  0.00178504  0.00070115 -0.00440325  0.00601498 -0.00634635  0.00316558 1 0 0 6912
             61.3903    2.767  15.2969 -32.1841  18.3525   22.953 0.859414   0.697657   0.231016 -0.0472662  0.00176335  0.00068614 -0.00441407  0.00613527 -0.00616892  0.00352404 1 0 0 0
             61.4903  2.44274  15.3686 -32.0822  18.4098  22.9793 0.847552  0.547091   0.27896 -0.159402  0.00178562 0.000704464 -0.00444233  0.00749109 -0.00566362  0.00440693 1 0 0 6895
             61.4903  2.58293  15.3081 -32.0455   18.396  23.0016 0.842908  0.376437  0.544134 -0.217526   0.0017601 0.000743645 -0.00445225   0.0102688 -0.00691927  0.00591242 1 0 0 0
             61.5903  2.45287  14.6465 -32.3917  18.4399  23.0521 0.825893  0.498568  0.507712 -0.172636  0.00176921 0.000729801 -0.00444037  0.00985156 -0.00665445   0.0047682 1 0 0 6681
             61.5903  2.46924  14.6036 -32.4148  18.4303  23.0528 0.829026  0.385933  0.516516 -0.135928  0.00175918 0.000748954 -0.00443671  0.0109571 -0.0060709 0.00463837 1 0 0 0
             61.6903  1.08426  14.7266 -32.7816 18.4947  23.097 0.82241     0.74019    0.417771 -0.00381104  0.00182053   0.0006985 -0.00442865     0.00878 -0.00660376  0.00359049 1 0 0 6629
             61.6903  1.09084  14.7347 -32.8343  18.5033  23.0975 0.826301 0.841066 0.421904 0.041757  0.00181827 0.000690967 -0.00441143  0.00808219 -0.00727144  0.00291685 1 0 0 0
               61.79  1.19589  15.3979 -33.6237  18.5923  23.1368 0.834458 0.896389 0.391464  0.14309  0.00178239 0.000677406 -0.00443784  0.00752054 -0.00724571  0.00319043 1 0 0 6778
               61.79   1.3837  15.4891 -33.5693  18.5915  23.1405 0.846204 0.882914 0.431702 0.282221  0.00173442 0.000655409  -0.0044529 0.00825149 -0.0075588 0.00183461 1 0 0 0
             61.8904  2.79531  16.0085 -32.3142  18.6707  23.1781 0.859743 0.724869 0.342932 0.112416  0.00178165 0.000699675 -0.00449532   0.0079792 -0.00663675  0.00407858 1 0 0 6998
             61.8904  2.78067  16.0231 -32.4829  18.6604  23.1795 0.859627 0.604011 0.362126 0.108096  0.00176733 0.000706788 -0.00444726  0.00907287 -0.00605405  0.00442111 1 0 0 0
             61.9901  3.35733  15.3044 -31.0856  18.7151  23.2161 0.858533 0.513777 0.366464 -0.05511  0.00179914 0.000743163   -0.004499  0.00890302 -0.00600759  0.00557702 1 0 0 6940
             61.9901  3.33514  15.2669 -31.1451 18.7164 23.2208 0.85411 0.521918 0.420127 -0.10449  0.00180302 0.000757749 -0.00448146  0.00898762 -0.00649319  0.00618512 1 0 0 0
             62.0901  2.44607  15.2294 -31.3457  18.7738  23.2679 0.844855 0.594067 0.492447 -0.13669  0.00183933 0.000735809  -0.0044305   0.0089928 -0.00728801  0.00543671 1 0 0 6770
             62.0901  2.39964  15.2198 -31.3471  18.7794  23.2674 0.858543  0.662577  0.483848 0.0169033   0.0018548 0.000735311 -0.00442869   0.0088058 -0.00771837  0.00367628 1 0 0 0
             62.1901   1.929 15.4878 -30.971  18.8412  23.3191 0.850534 0.590321 0.555345  -0.1239  0.00183525 0.000720006 -0.00446444 0.00899881  -0.007393 0.00440532 1 0 0 7045
             62.1901  1.95144  15.4463 -30.9853  18.8423  23.3191 0.851404  0.602895  0.555358 -0.114258  0.00182788 0.000731642 -0.00446057  0.00891501 -0.00747431  0.00427665 1 0 0 0
             62.2904  1.03072  15.3891 -30.7394 18.8995 23.3821 0.83416  0.560014  0.687737 -0.186291  0.00184714 0.000730303 -0.00446865  0.00915795 -0.00753832  0.00477252 1 0 0 7027
             62.2904  1.06355   15.376 -30.6992  18.9028  23.3764 0.844426   0.601294   0.620326 -0.0738291  0.00183758   0.0007268 -0.00447963  0.00875954 -0.00722512   0.0033818 1 0 0 0
             62.3903 0.324914  15.0533 -29.5623  18.9562  23.4467 0.828509 0.541973 0.759591 -0.13375  0.00185661 0.000740071 -0.00449895  0.00935601 -0.00691415  0.00497729 1 0 0 7151
             62.3903 0.368858   15.054 -29.5469  18.9585  23.4469 0.828195  0.567969  0.760851 -0.136863  0.00184657 0.000737841 -0.00450207  0.00913234 -0.00707525  0.00495305 1 0 0 0
             62.4901 0.701083  15.0861 -29.5277  19.0128   23.527 0.821711  0.567797  0.797766 0.0222123  0.00179454 0.000724821 -0.00447737  0.00991016 -0.00730016  0.00523464 1 0 0 7347
             62.4901 0.829541  15.1146 -29.3806  19.0187  23.5253 0.838448 0.640567 0.774659 0.212995  0.00176907 0.000710205 -0.00451767  0.00971337 -0.00751695  0.00303048 1 0 0 0
             62.5904  2.19872  15.9736 -28.2015  19.0752  23.5896 0.849269 0.503078 0.550716 0.101117  0.00179804 0.000698817 -0.00449693  0.00959558 -0.00645563  0.00486222 1 0 0 7293
             62.5904  2.26416   16.048 -28.2668  19.0837  23.5809 0.860993 0.606748 0.442776  0.23331  0.00177306 0.000666814  -0.0044812  0.00852732 -0.00606007  0.00306083 1 0 0 0
             62.6903   4.2273  15.0492 -28.1593  19.1304  23.6276 0.862935   0.450994   0.443065 -0.0450686  0.00177526 0.000745841 -0.00448704  0.00929988 -0.00621457  0.00556092 1 0 0 7256
             62.6903  4.15089  15.0928 -28.1886  19.1257  23.6365 0.861979   0.399802   0.548408 -0.0563873  0.00179851  0.00074161 -0.00447259    0.010252 -0.00689086  0.00600225 1 0 0 0
             62.7901  4.50729  16.1647 -29.1309 19.1725 23.6853 0.84337   0.48499    0.4757 -0.249655  0.00181058 0.000726552 -0.00444613 0.00931963  -0.006864 0.00652558 1 0 0 7229
             62.7901  4.48931   16.083 -29.1713  19.1786  23.6837 0.851154  0.552532  0.452649 -0.165377  0.00181408 0.000746886 -0.00443736  0.00883947 -0.00709022  0.00544703 1 0 0 0
             62.8904  3.50918   16.734 -30.0545   19.237  23.7296 0.832495  0.603588  0.462382 -0.217735  0.00185201 0.000722696 -0.00446696  0.00889084 -0.00708454  0.00514138 1 0 0 7272
             62.8904  3.50507  16.7276 -30.0809  19.2398  23.7325 0.832532  0.634149  0.495637 -0.217214  0.00185388 0.000723967 -0.00445938  0.00879519 -0.00755892  0.00514734 1 0 0 0
             62.9907  3.11982  16.9496 -30.9407  19.3073  23.7846 0.816104  0.704989  0.543714 -0.149739  0.00179872 0.000740328 -0.00449719  0.00877781 -0.00781198  0.00446218 1 0 0 7330
             62.9907   3.2265  16.9491 -30.9881   19.301  23.7934 0.823744   0.634522   0.649531 -0.0665602  0.00176998 0.000751724 -0.00448552   0.0102227 -0.00841433  0.00399556 1 0 0 0
             63.0903  2.84548  16.7713 -30.5529  19.3695  23.8444 0.816036   0.730765   0.485542 -0.0398127  0.00183462 0.000747497 -0.00452204 0.00909175 -0.0068759 0.00401084 1 0 0 7275
             63.0903  2.76847  16.6961 -30.5734  19.3706  23.8329 0.813179   0.742763   0.346679 -0.0701961  0.00184344 0.000760668 -0.00451874  0.00813439 -0.00571029  0.00399325 1 0 0 0
             63.1899  2.60035   16.951 -31.2412  19.4511  23.8776 0.817858 0.818034 0.458484 0.128014  0.00179638 0.000723235 -0.00452138  0.00863889 -0.00708961  0.00369807 1 0 0 7304
             63.1899  2.60035   16.951 -31.2412  19.4511  23.8776 0.817858 0.818034 0.458484 0.128014  0.00179638 0.000723235 -0.00452138  0.00863889 -0.00708961  0.00369807 1 0 0 0
             63.2903  4.57537  18.0067 -29.4729 19.5271 23.9295 0.83301  0.68148 0.519296 0.158723  0.00179392 0.000727663 -0.00457199  0.00915412 -0.00768134  0.00413254 1 0 0 7548
             63.2903  4.47549  17.9993 -29.4912  19.5313   23.926 0.840025 0.729471 0.477911 0.236168  0.00182128 0.000725743 -0.00456808   0.0087762 -0.00762937  0.00312107 1 0 0 0
             63.3901 4.26951 16.4329 -28.274  19.5878   23.981 0.850781   0.51804  0.559387 0.0598655  0.00186347 0.000790516 -0.00456169  0.00990705 -0.00765462  0.00486254 1 0 0 7214
             63.3901    4.186  16.3938 -28.2902   19.587  23.9799 0.847723  0.509112  0.546487 0.0265276  0.00188478 0.000802733 -0.00455862  0.00979751 -0.00745523  0.00519388 1 0 0 0
               63.49  2.68599  15.5352 -29.1676 19.6351  24.037 0.84418   0.491768   0.577945 -0.0838756   0.0018567 0.000784514 -0.00452701   0.0103069 -0.00758091  0.00549955 1 0 0 7211
               63.49  2.66292  15.5378 -29.1993  19.6343  24.0381 0.846376   0.482767   0.591119 -0.0595735  0.00186116 0.000784998 -0.00451796   0.0105326 -0.00767065  0.00529639 1 0 0 0
             63.5903   2.3873  15.4265 -28.9952  19.6896  24.0936 0.838299  0.543111  0.564044 -0.120485  0.00184394 0.000758497 -0.00455135  0.00947967 -0.00770498  0.00477406 1 0 0 7178
             63.5903  2.37586  15.3778 -29.0445  19.6936  24.0985 0.836979  0.589818  0.624481 -0.136256  0.00184649  0.00077272 -0.00453647  0.00933103 -0.00851322  0.00494931 1 0 0 0
             63.6901  1.82845  15.3008 -28.9488  19.7511  24.1524 0.822564  0.576738  0.565148 -0.161287  0.00182938 0.000741263 -0.00455271   0.0086588 -0.00702507  0.00443031 1 0 0 7142
             63.6901  1.63141  15.2556 -28.9909  19.7532  24.1423 0.836445    0.606106    0.443842 -0.00777498  0.00187742 0.000747477 -0.00454266   0.0082136 -0.00613547  0.00252654 1 0 0 0
               63.79  1.33592  15.2507 -28.6677  19.8122  24.1959 0.828721   0.604639   0.592613 -0.0483095  0.00185915 0.000740184 -0.00455485  0.00839639 -0.00634506  0.00373673 1 0 0 7089
               63.79  1.29226  15.2564 -28.6561  19.8162  24.2015 0.832743    0.648124    0.657584 -0.00363277  0.00187722 0.000738333 -0.00455615  0.00848383 -0.00719113  0.00327381 1 0 0 0
             63.8902  1.34444  15.1693 -30.3528  19.8723  24.2715 0.828879  0.551598  0.712598 0.0277634  0.00179509 0.000755337 -0.00451417  0.0094303 -0.0070217 0.00482415 1 0 0 7049
             63.8902  1.34444  15.1693 -30.3528  19.8723  24.2715 0.828879  0.551598  0.712598 0.0277634  0.00179509 0.000755337 -0.00451417  0.0094303 -0.0070217 0.00482415 1 0 0 0
             63.9901  2.44985  16.1386 -31.1853  19.9225  24.3463 0.826667   0.462144   0.735162 -0.0441539  0.00178641 0.000729573 -0.00451988  0.00996261 -0.00722639  0.00578083 1 0 0 6968
             63.9901  2.42704  16.1541 -31.1616  19.9276   24.343 0.827253   0.521568   0.697059 -0.0370241  0.00179307 0.000718282 -0.00452729  0.00926489 -0.00721912  0.00550634 1 0 0 0
               64.09  3.25625  16.4052 -30.5566  19.9737  24.4136 0.821944   0.447355   0.695109 -0.0755923  0.00181049 0.000741412 -0.00456086  0.00961612 -0.00735707  0.00541819 1 0 0 7069
               64.09  3.25625  16.4052 -30.5566  19.9737  24.4136 0.821944   0.447355   0.695109 -0.0755923  0.00181049 0.000741412 -0.00456086  0.00961612 -0.00735707  0.00541819 1 0 0 0
             64.1903   1.5608   17.309 -29.6523  20.0249  24.4785 0.818712   0.522265   0.610613 -0.0481648  0.00186675 0.000721627 -0.00457094  0.00930897 -0.00753178  0.00456033 1 0 0 7192
             64.1903  1.53617  17.2671 -29.7076  20.0278  24.4775 0.828472  0.553464  0.596695 0.0590962   0.0018702 0.000732974 -0.00455574  0.00930347 -0.00765212  0.00332635 1 0 0 0
             64.2901 0.324293  17.8679 -29.5436  20.0821  24.5306 0.824229    0.56803   0.498868 -0.0704137   0.0018638 0.000720203  -0.0045677  0.00910797 -0.00706662  0.00424169 1 0 0 7457
             64.2901   0.3847  17.9184 -29.5142  20.0827  24.5315 0.829236   0.575585   0.508444 -0.0159844  0.00185003 0.000705611  -0.0045754  0.00927764 -0.00721826  0.00367298 1 0 0 0
               64.39 0.503367  18.2511 -29.6704  20.1387  24.5755 0.816464  0.581069  0.427237 -0.142581  0.00184109 0.000728321 -0.00457732  0.00902587 -0.00652322     0.00487 1 0 0 7324
               64.39 0.642582  18.2018 -29.5749  20.1436  24.5721 0.816387  0.634944   0.38511 -0.142938  0.00180856 0.000737691 -0.00460365  0.00833019 -0.00644828  0.00464182 1 0 0 0
             64.4903  1.47411  17.6788 -29.4154  20.2118  24.6219 0.800525  0.742881  0.518108 -0.146478  0.00182678 0.000746688  -0.0045958     0.00902 -0.00756487  0.00510542 1 0 0 7394
             64.4903  1.44651  17.7067 -29.3887  20.2087  24.6203 0.803635 0.708111 0.499197 -0.11099   0.0018348 0.000740113 -0.00460364  0.00934932 -0.00720024  0.00480298 1 0 0 0
             64.5903  1.30424   18.077 -30.4872  20.2814   24.675 0.796588  0.748417  0.550473 0.0151506  0.00184683 0.000736501 -0.00457444  0.00977041 -0.00773876  0.00518961 1 0 0 7333
             64.5903  1.35107  18.0485 -30.4411  20.2793  24.6792 0.796577  0.723135  0.600296 0.0149158  0.00184022 0.000748446 -0.00458681   0.0102435 -0.00805208  0.00535732 1 0 0 0
             64.6904  3.48156  19.0821 -29.5797  20.3542  24.7354 0.808263 0.680462 0.556559 0.157638  0.0018079 0.00072422 -0.0046215   0.0095751 -0.00808205  0.00478007 1 0 0 7406
             64.6904 3.59487 19.0595 -29.523   20.351  24.7354 0.816033 0.647331 0.557048 0.242209   0.0017791 0.000732166 -0.00463731   0.0101592 -0.00793374  0.00398916 1 0 0 0
             64.7905  4.08173  16.7666 -28.3504  20.4152  24.7869 0.837566 0.616982 0.499464 0.185689  0.00182553 0.000794125 -0.00464649 0.00927546 -0.0077307 0.00380405 1 0 0 7417
             64.7905    4.074  16.8329 -28.3371  20.4134  24.7855 0.833296 0.594236 0.482846 0.136496  0.00182673 0.000776192 -0.00464996  0.00920724 -0.00741875  0.00433284 1 0 0 0
             64.8905   2.381 15.1523  -28.26  20.4746  24.8278 0.841097  0.623328  0.400884 0.0393866  0.00191192 0.000778531  -0.0046146  0.00855255 -0.00691941  0.00437744 1 0 0 7337
             64.8905  2.50254  15.1885 -28.2146  20.4713  24.8268 0.843155   0.58558  0.388142 0.0607651  0.00187788 0.000768963 -0.00462912  0.00889871 -0.00661911  0.00421576 1 0 0 0
               64.99  1.06815  14.0867 -28.6596  20.5298  24.8648 0.843187   0.572885   0.372471 -0.0355604  0.00192214 0.000765258 -0.00460268  0.00885985 -0.00678036  0.00458046 1 0 0 7329
               64.99  1.09761  14.0986 -28.5618  20.5354    24.86 0.848675  0.641913  0.312061 0.0280231  0.00191909 0.000753477 -0.00462923  0.00811603 -0.00662725  0.00364809 1 0 0 0
             65.0903  0.68638  13.7435 -28.8207  20.5922  24.9043 0.844865   0.553423   0.488324 -0.0817674  0.00190929 0.000743396  -0.0046085  0.00939887 -0.00758257  0.00432097 1 0 0 7143
             65.0903 0.681982  13.7549 -28.8004  20.5972  24.9089 0.846195 0.614504  0.54521 -0.06474  0.00191562 0.000738584 -0.00461205  0.00918852 -0.00845351  0.00408993 1 0 0 0
             65.1901 -0.223306    14.306  -29.0514  20.6496  24.9685 0.831621  0.514615  0.627229 -0.148855  0.00191907  0.00073108 -0.00460822    0.010267 -0.00801882  0.00509215 1 0 0 7239
             65.1901 -0.211985   14.3687  -29.0449    20.65  24.9694 0.831096 0.519006 0.638161 -0.15464  0.00191703 0.000712849 -0.00460983   0.0102751 -0.00814438  0.00516064 1 0 0 0
               65.29 -0.646116   14.3821  -29.8058  20.6988  25.0314 0.817325    0.48416   0.598951 -0.0960244  0.00190187 0.000729213 -0.00459362   0.0102913 -0.00763558  0.00546357 1 0 0 7274
               65.29 -0.687597   14.2886  -29.8972  20.7029  25.0183 0.820807   0.529963   0.440764 -0.0558725  0.00189832  0.00074761 -0.00456751  0.00915053 -0.00641685   0.0047246 1 0 0 0
             65.3903 0.336809  13.3009 -31.7895 20.7562 25.0639 0.82253  0.538297  0.431296 0.0704706  0.00187909 0.000752904 -0.00457064  0.00956567 -0.00682815  0.00472838 1 0 0 7250
             65.3903 0.415993  13.3024 -31.7623  20.7552   25.071 0.824273  0.529252  0.515147 0.0913705   0.0018644 0.000755592 -0.00457599   0.0101562 -0.00754307  0.00463169 1 0 0 0
             65.4902   1.5571  13.5908 -32.3324   20.807  25.1204 0.837002 0.467993 0.482721 0.121932  0.00186337 0.000724895 -0.00461299   0.0100968 -0.00781676   0.0041658 1 0 0 7209
             65.4902 1.47232 13.4401 -32.319  20.8099  25.1125 0.832382   0.50102  0.389391 0.0709719  0.00188228 0.000763085 -0.00462177  0.00912942 -0.00717694  0.00450783 1 0 0 0
             65.5901  1.11179  13.1115 -32.4808  20.8593   25.157 0.840806  0.472628  0.448472 0.0521758   0.0019083    0.000751 -0.00463615 0.00930654 -0.0080571 0.00406244 1 0 0 6905
             65.5901  1.03059   13.108 -32.4916  20.8567  25.1555 0.835614  0.441553  0.429276 -0.004936  0.00192926 0.000753601 -0.00463373  0.00931525 -0.00767479  0.00469993 1 0 0 0
             65.6903 0.363552   13.395 -32.7989  20.8992  25.2005 0.836333    0.42774   0.454916 -0.0193209  0.00192772 0.000723584 -0.00463604  0.00961295 -0.00780253  0.00417921 1 0 0 6960
             65.6903 0.363552   13.395 -32.7989  20.8992  25.2005 0.836333    0.42774   0.454916 -0.0193209  0.00192772 0.000723584 -0.00463604  0.00961295 -0.00780253  0.00417921 1 0 0 0
             65.7903 -0.57511  14.2167  -32.405  20.9436  25.2467 0.834678   0.456425   0.462321 -0.0306798   0.0019371 0.000693043 -0.00466617  0.00976347 -0.00799359  0.00381437 1 0 0 7080
             65.7903 -0.502699   14.1915  -32.3823 20.9429 25.2488 0.83431  0.448541   0.48736 -0.034616  0.00191867 0.000701955 -0.00467264  0.00996998 -0.00817401  0.00390906 1 0 0 0
               65.89 -0.828075   13.6937  -32.3971  20.9907  25.2941 0.828765   0.510689   0.451842 -0.0593888  0.00192606 0.000729948 -0.00465958  0.00952195 -0.00791347  0.00408689 1 0 0 7203
               65.89 -0.888858   13.5969  -32.3425   20.991   25.286 0.824116  0.511113  0.353331 -0.113047  0.00194135  0.00075367 -0.00467547  0.00878456 -0.00703535  0.00452511 1 0 0 0
             65.9903 -0.709492   13.7456  -32.3284  21.0467  25.3213 0.813918   0.599779   0.351364 -0.0779414  0.00190765  0.00071845 -0.00467629  0.00882631 -0.00692468  0.00454665 1 0 0 7206
             65.9903 -0.725497   13.8093  -32.3432  21.0446  25.3227 0.818065   0.576008   0.368725 -0.0302193  0.00191111 0.000702231 -0.00467252  0.00926642 -0.00692695  0.00410772 1 0 0 0
             66.0901 0.200021   14.157 -33.1381   21.106  25.3609 0.816018  0.647171  0.385113 0.0192568  0.00188857 0.000711064 -0.00465108  0.00923738 -0.00712961  0.00448705 1 0 0 7355
             66.0901 0.273963  14.2103 -33.1216  21.1051  25.3652 0.819368  0.638075  0.436656 0.0583938   0.0018715 0.000699032 -0.00465537   0.0097231 -0.00753275  0.00415365 1 0 0 0
             66.1899  1.38676  15.9368 -32.3578  21.1767   25.412 0.825885  0.706877  0.467157 0.0903825  0.00188397 0.000687638 -0.00469618  0.00922225 -0.00820282  0.00455855 1 0 0 7281
             66.1899   1.3291  15.9265 -32.3552  21.1745  25.4116 0.824056  0.681186  0.462309 0.0688318  0.00189992  0.00069194 -0.00469696  0.00935187 -0.00799585  0.00483866 1 0 0 0
             66.2903  1.63398  15.0473 -31.4639  21.2342  25.4524 0.831174  0.539881  0.397731 0.0612119   0.0019095 0.000740389 -0.00470523  0.00902104 -0.00723029  0.00475713 1 0 0 7564
             66.2903  1.71043  15.0191 -31.4335  21.2323  25.4591 0.837716 0.520325 0.478451 0.133605  0.00189198 0.000751731 -0.00471246 0.00988599 -0.0078511 0.00418081 1 0 0 0
             66.3901 0.797939  14.1847  -31.453  21.2832   25.497 0.843611  0.516662   0.33637 0.0299403  0.00192898 0.000741125 -0.00469781  0.00935571 -0.00715909  0.00447989 1 0 0 7194
             66.3901 0.838291  14.2152 -31.4645  21.2813  25.4978 0.844075  0.494829  0.346111 0.0348495   0.0019158 0.000734037 -0.00469457  0.00961943 -0.00712047  0.00449421 1 0 0 0
               66.49 0.145819  13.8249 -32.7604  21.3311  25.5242 0.843531    0.478187    0.230045 -0.00800169  0.00192341 0.000722041  -0.0046727   0.0091582 -0.00667983  0.00488559 1 0 0 7231
               66.49 0.202253  13.8297 -32.7306 21.3294 25.5253 0.84724   0.45933  0.242577 0.0328726  0.00190936 0.000722513  -0.0046813  0.00950863 -0.00669205  0.00450626 1 0 0 0
             66.5903 0.490723  12.7529 -33.5533 21.3758 25.5505 0.84609   0.466379   0.285074 -0.0619019  0.00189683 0.000741346 -0.00469497  0.00922233 -0.00670816  0.00460881 1 0 0 6960
             66.5903  0.59655  12.7306 -33.4868  21.3797  25.5537 0.845849   0.512849   0.324019 -0.0631074  0.00187345 0.000746001  -0.0047127   0.0090481 -0.00735245  0.00458194 1 0 0 0
             66.6901 0.0422504   12.7329  -33.3294  21.4297  25.5933 0.835179  0.501882  0.451963 -0.133178  0.00193469  0.00071325 -0.00472923  0.00941455 -0.00746859  0.00468615 1 0 0 6949
             66.6901 0.195023  12.8222   -33.29  21.4321  25.6119 0.839963 0.515725 0.661972 -0.08236  0.00190319 0.000693311   -0.004737   0.0107245 -0.00943532  0.00441067 1 0 0 0
             66.7976 -0.463471   13.2934  -33.2756  21.4842  25.6706 0.830783   0.490721   0.529305 -0.0311135  0.00193589 0.000670787  -0.0047354  0.00994534 -0.00775583  0.00471996 1 0 0 7331
             66.7976 -0.449241   13.2778  -33.2777 21.4853 25.6703 0.83276     0.5025   0.525986 -0.0105023  0.00193204  0.00067361 -0.00473453  0.00987371 -0.00780214  0.00446837 1 0 0 0
             66.8905 0.765174  12.1421 -34.7612  21.5357  25.7062 0.832082   0.59009  0.358436 0.0203201  0.00183134 0.000709446  -0.0046854 0.00895554  -0.006725 0.00471599 1 0 0 6544
             66.8905 0.777823  12.1089 -34.6797 21.5303 25.7039  0.8329  0.527889  0.333084 0.0307299  0.00181958 0.000729316 -0.00471161  0.00934111 -0.00614145  0.00469656 1 0 0 0
             66.9903  1.82325   13.241 -35.1375  21.5866  25.7339 0.836221   0.54945   0.27427 0.0246098  0.00184282 0.000665615 -0.00473727  0.00910408 -0.00618437  0.00449443 1 0 0 6656
             66.9903  1.74243  13.2528 -35.0817  21.5856  25.7262 0.835526  0.538818  0.181603 0.0162719  0.00186129  0.00065896 -0.00475518 0.00858704 -0.0053022 0.00446477 1 0 0 0
             67.0903   2.0665  12.8354 -36.1619  21.6408  25.7571 0.837794   0.563389   0.309767 0.00401423  0.00186833 0.000725688 -0.00473823   0.0091965 -0.00712638   0.0043815 1 0 0 6689
             67.0903  2.01474  12.9413 -36.1512  21.6353  25.7741 0.833182   0.496757   0.514422 -0.0482521  0.00189548 0.000709159 -0.00473527   0.0109609 -0.00841611  0.00543574 1 0 0 0
             67.1903 0.280595  13.9264 -37.8464 21.6933 25.8197 0.83004   0.580196   0.422974 -0.0376412  0.00193221 0.000674741 -0.00470575  0.0101627 -0.0087999 0.00483831 1 0 0 6730
             67.1903 0.165768  13.7888 -37.8801  21.6923  25.8197 0.835475  0.569341  0.423578 0.0211604  0.00196396 0.000716081 -0.00469696   0.0103938 -0.00874252  0.00421993 1 0 0 0
             67.2902 0.402085   14.082  -38.917  21.7547  25.8551 0.837533   0.64937  0.329501 0.0104743  0.00187674 0.000683533 -0.00471804  0.00949699 -0.00864936  0.00389821 1 0 0 6686
             67.2902 0.386934  14.0631 -38.9903  21.7573  25.8562 0.830724   0.677964   0.343657 -0.0630444  0.00187865 0.000686882 -0.00469679 0.00916805 -0.0089608 0.00465872 1 0 0 0
               67.39  1.10479  14.1015 -39.4152  21.8223  25.8812 0.824617   0.666198   0.235224 -0.0704998  0.00184278 0.000687737 -0.00473589   0.0088989 -0.00766984  0.00440731 1 0 0 6689
               67.39   1.0719  14.0735 -39.4746  21.8205  25.8838 0.824759    0.64611    0.26673 -0.0692881  0.00184973 0.000700059 -0.00471861  0.00927907 -0.00777806  0.00448952 1 0 0 0
             67.4913 0.796098  13.5979 -39.4874  21.8847  25.9066 0.822366   0.662344   0.201298 0.00704907  0.00188356 0.000702818 -0.00475179  0.0094401 -0.0070229 0.00410376 1 0 0 6428
             67.4913 0.824469  13.5728 -39.5084  21.8829  25.9084 0.820057   0.64041   0.22251 -0.018356  0.00187452 0.000713983 -0.00474615  0.00969048 -0.00703019  0.00445955 1 0 0 0
             67.5902  1.52256  13.2293 -39.5003  21.9456  25.9253 0.823561  0.639624  0.150015 0.0903408  0.00183218 0.000718972 -0.00476285  0.00970243 -0.00656343  0.00455157 1 0 0 6641
             67.5902  1.55041  13.2111 -39.4255  21.9475  25.9277 0.818679  0.659486  0.177338 0.0360281  0.00183552 0.000723442 -0.00478298  0.00960001 -0.00690726  0.00513812 1 0 0 0
               67.69  3.02767  14.3338 -38.7486  22.0085  25.9425 0.829051 0.552033  0.13462 0.116534  0.00183577 0.000670099 -0.00477985  0.00978475 -0.00674207  0.00464531 1 0 0 6376
               67.69  3.04099   14.272 -38.7595  22.0077  25.9421 0.836041 0.543958 0.130887 0.193522  0.00183039 0.000688927 -0.00477769  0.0100138 -0.0066773 0.00381948 1 0 0 0
             67.7904  3.36768  12.8292 -39.2533  22.0586  25.9608 0.849851  0.474108  0.186262 0.0989062  0.00186915 0.000754797 -0.00475699   0.0101266 -0.00738471  0.00421973 1 0 0 6284
             67.7904  3.41368  12.8319 -39.2847   22.059  25.9668 0.841787 0.476122 0.255111 0.012421  0.00185744 0.000760324 -0.00474546  0.0103542 -0.0079121  0.0053032 1 0 0 0
             67.8902  2.98315  12.8297 -40.2847  22.1133  25.9904 0.841779    0.57563   0.217134 -0.0332729  0.00189318 0.000712027 -0.00473476  0.00992617 -0.00827802  0.00493562 1 0 0 6255
             67.8902  3.07021  12.8193 -40.2902  22.1154  25.9873 0.839213   0.598331   0.181087 -0.0614311  0.00186561 0.000710661 -0.00473379  0.00941993 -0.00814404  0.00512922 1 0 0 0
               67.99 1.68729 13.7031  -42.52  22.1709   26.006 0.839114    0.516127    0.206544 -0.00907807  0.00190829  0.00067772 -0.00470607  0.00991806 -0.00809753  0.00422582 1 0 0 6284
               67.99 1.69157 13.6444 -42.559  22.1769  26.0045 0.838433   0.583198   0.191376 -0.0153166  0.00190707 0.000688425  -0.0046942  0.00926416 -0.00847973  0.00416891 1 0 0 0
             68.0903  1.25479   13.895 -43.3609  22.2234  26.0308 0.837499  0.443848  0.322224 -0.015267  0.00187503 0.000704345 -0.00475775   0.0102329 -0.00767491  0.00425733 1 0 0 6382
             68.0903  1.26514  13.9227 -43.3216  22.2229  26.0305 0.836395    0.43734   0.318583 -0.0272611  0.00187417 0.000696422 -0.00476902   0.0102241 -0.00759276   0.0043903 1 0 0 0
             68.1902 0.853373  13.8839 -42.6972  22.2634  26.0695 0.830795   0.395959    0.46139 -0.0639191  0.00190085 0.000715846 -0.00479029  0.0103427 -0.0073675 0.00466938 1 0 0 6274
             68.1902 0.946887  13.9281 -42.6759  22.2633  26.0758 0.830078   0.396347   0.533468 -0.0714584  0.00187852 0.000706536 -0.00479561   0.0108807 -0.00791862   0.0048963 1 0 0 0
             68.2901 -0.557033   13.1726  -41.7983  22.3031  26.1258 0.820706   0.407292   0.523343 -0.0686087  0.00193206 0.000724935 -0.00479504   0.0100065 -0.00719784  0.00510563 1 0 0 6425
             68.2901 -0.62783   13.175 -41.8595  22.3018  26.1271 0.825203   0.393065   0.538645 -0.0184368  0.00194816 0.000725309 -0.00477777   0.0103684 -0.00720644  0.00461424 1 0 0 0
             68.3903 -0.0503955    12.5913    -40.913  22.3527  26.1797 0.824093  0.543244  0.522231 0.0357454   0.0018689 0.000707806 -0.00480884   0.0092795 -0.00782091  0.00489113 1 0 0 6233
             68.3903 -0.0369267    12.5769   -40.9037  22.3505  26.1843 0.820166    0.516956    0.575212 -0.00670832  0.00186656  0.00071687 -0.00481179  0.00976456 -0.00803865  0.00549197 1 0 0 0
             68.4915 0.0829298   13.4106  -39.4727  22.4065  26.2355 0.822738  0.526905   0.47293 0.0219655  0.00191277 0.000659868 -0.00481537  0.00894385 -0.00783562  0.00507843 1 0 0 6337
             68.4915  0.11515  13.3812 -39.5029  22.4083  26.2307 0.828061  0.548061  0.417515 0.0797071  0.00189944 0.000661885  -0.0048077  0.00851262 -0.00755301  0.00432153 1 0 0 0
               68.59 0.342148  12.4003 -39.3179  22.4531  26.2703 0.831879    0.440763    0.366655 0.000322947   0.0018805  0.00071739 -0.00481226  0.00903399 -0.00725797  0.00452159 1 0 0 6257
               68.59 0.357101  12.3706 -39.2358  22.4535  26.2713 0.828552   0.443589   0.378759 -0.0359628  0.00188213 0.000727123 -0.00483588   0.0090048 -0.00737736  0.00492521 1 0 0 0
             68.6903 -0.177528   14.0435  -37.7257  22.4972  26.3091 0.820306    0.42789    0.33289 -0.0913065  0.00193102 0.000646446  -0.0048118  0.00961566 -0.00768756  0.00545213 1 0 0 6588
             68.6903 -0.182173   13.9851  -37.7047  22.4968  26.3022 0.826026   0.424758   0.250151 -0.0268038  0.00193175 0.000660908 -0.00481791  0.00919991 -0.00697416  0.00460626 1 0 0 0
             68.7902 0.0208139   14.0705  -37.6034  22.5367  26.3391 0.821514   0.406935   0.387178 -0.0694804  0.00188191 0.000691714 -0.00481598   0.0102954 -0.00820623  0.00497464 1 0 0 6542
             68.7902 0.0286706   14.0677  -37.5542  22.5304  26.3478 0.825674   0.337517   0.490247 -0.0250314  0.00188468 0.000702774 -0.00482992    0.011684 -0.00858156  0.00480191 1 0 0 0
               68.89 -0.132766    14.777  -37.2354  22.5742  26.3898 0.812567  0.486414  0.410589 -0.155367  0.00191475 0.000675846 -0.00479814   0.0103523 -0.00843755  0.00534009 1 0 0 6469
               68.89 -0.0605432    14.7674   -37.2031  22.5729  26.3924 0.815164  0.470768  0.440682 -0.127168  0.00189631 0.000680885 -0.00480726    0.010764 -0.00858732  0.00511823 1 0 0 0
             68.9928 -0.283202   14.9591  -36.4508  22.6315  26.4237 0.798173  0.629496  0.263653 -0.130408  0.00189321 0.000654968 -0.00482987  0.00908274 -0.00757213  0.00556087 1 0 0 6997
             68.9928 -0.16578  14.9384 -36.4224  22.6307  26.4222 0.802742    0.62093   0.246287 -0.0819315  0.00185916 0.000660398 -0.00483788   0.0091732 -0.00737638  0.00502018 1 0 0 0
             69.0902 -0.512443    14.528  -37.1587  22.6998  26.4406 0.800158   0.73742  0.159953 0.0313744   0.0018805 0.000649393 -0.00478764  0.00835078 -0.00760118  0.00470522 1 0 0 6363
             69.0902 -0.464228   14.5226  -37.1281  22.6962  26.4426 0.808767 0.697342 0.185274 0.125107  0.00186711 0.000665184 -0.00479721   0.0090685 -0.00754265  0.00386846 1 0 0 0
             69.1901  2.38685  15.0355 -35.9661  22.7657  26.4605 0.819409 0.691946 0.178869 0.128006  0.00184272  0.00066399 -0.00483736  0.00899371 -0.00746118  0.00465609 1 0 0 6469
             69.1901   2.4381  15.0903 -35.8481  22.7621  26.4623 0.819641 0.649439 0.200429 0.129585  0.00183587 0.000648546 -0.00486983  0.00950046 -0.00735685  0.00477366 1 0 0 0
             69.2907  2.55938  15.2993 -35.9416  22.8264  26.4827 0.828092   0.58373  0.194815 0.0626493  0.00191757 0.000693402 -0.00478713   0.0091652 -0.00765147  0.00524588 1 0 0 6507
             69.2907  2.58586  15.1965 -35.9277  22.8232  26.4813 0.833285 0.548172 0.179322 0.118343   0.0019086 0.000724206 -0.00479246  0.00952058 -0.00729892  0.00467434 1 0 0 0
             69.3903 2.37451 13.9235 -36.431  22.8716  26.5096 0.835074   0.471384   0.289986 -0.0345077  0.00191242   0.0007191 -0.00477952   0.0104947 -0.00800967  0.00570349 1 0 0 6259
             69.3903  2.30634  14.0047 -36.3723  22.8678  26.5141 0.830901   0.426659   0.342739 -0.0809926  0.00193786 0.000701233 -0.00479476  0.0110787  -0.008126 0.00641025 1 0 0 0
             69.4901 1.59024 14.6545 -37.157  22.9149  26.5501 0.821581  0.461934  0.387644 -0.114058  0.00193126 0.000666883 -0.00477588   0.0105282 -0.00876094  0.00603083 1 0 0 6389
             69.4901  1.60761  14.6219 -37.1781  22.9166  26.5536 0.829708   0.482763   0.430141 -0.0229531  0.00192741 0.000677207  -0.0047691   0.0108896 -0.00931581  0.00508382 1 0 0 0
             69.5905  1.18368  14.7468 -37.9222  22.9672  26.5897 0.821365  0.503388  0.382811 -0.116358   0.0019181 0.000674485 -0.00478206   0.0095625 -0.00855179  0.00505421 1 0 0 6414
             69.5905  1.21131  14.7259 -37.9389  22.9714   26.588 0.825298    0.55526   0.362821 -0.0715974  0.00190873 0.000677303 -0.00477649  0.00912543 -0.00876601  0.00442265 1 0 0 0
             69.6905 0.837473  14.9755  -37.753 23.0247 26.6214 0.81213  0.549887  0.373866 -0.150274  0.00192482 0.000665653 -0.00480731  0.00872954 -0.00759375  0.00484621 1 0 0 6612
             69.6905 0.800421  14.9555 -37.7253  23.0209  26.6222 0.813497  0.503889  0.384678 -0.135905  0.00193645 0.000674729 -0.00481669   0.0092198 -0.00735527   0.0048039 1 0 0 0
             69.7902 0.530223  14.9972 -36.8014 23.0723 26.6686 0.79924  0.516618  0.520483 -0.100181  0.00192295  0.00067776 -0.00483488  0.00930436 -0.00762363  0.00527791 1 0 0 6504
             69.7902  0.56964  14.9648 -36.7063  23.0684  26.6708 0.808812   0.471671   0.548743 0.00621461  0.00191619 0.000690627 -0.00486401   0.0101746 -0.00756864  0.00426979 1 0 0 0
             69.8904  1.28757  13.8178 -36.8676  23.1193   26.731 0.809324  0.542926  0.598394 0.0554636  0.00190212 0.000707625  -0.0048156   0.0101061 -0.00820158  0.00497677 1 0 0 6316
             69.8904  1.22253  13.7656 -36.8619  23.1212  26.7292 0.812231  0.567677  0.576956 0.0887916  0.00192177 0.000720228 -0.00481726  0.00985382 -0.00818771  0.00451867 1 0 0 0
             69.9903  1.25313  14.3503 -36.9589  23.1794  26.7843 0.812843  0.567094  0.516589 0.0118039  0.00192961 0.000666008  -0.0048141  0.00972799 -0.00805471  0.00599163 1 0 0 6298
             69.9903  1.40075  14.4272 -36.9298  23.1795  26.7856 0.810123   0.567469    0.53012 -0.0184446  0.00188914 0.000643358 -0.00482119  0.00974063 -0.00817713  0.00634795 1 0 0 0
             70.0905  2.7372 14.3985 -37.892  23.2293  26.8348 0.810846   0.420618   0.479307 -0.0165213  0.00187175 0.000706681 -0.00481042   0.0095778 -0.00835729   0.0057992 1 0 0 6246
             70.0905  2.73635  14.3804 -37.8199 23.2233 26.8253 0.82038 0.356697  0.36791 0.089482  0.00186873 0.000710218 -0.00483397  0.00965217 -0.00699006  0.00454042 1 0 0 0
               70.19  3.75148  13.7958 -36.9925  23.2618  26.8665 0.824797   0.428872   0.401222 0.00550112  0.00188703 0.000704089 -0.00485714   0.0100974 -0.00785129   0.0046999 1 0 0 6077
               70.19  3.75858   13.814 -36.9424  23.2614  26.8701 0.813393  0.423991  0.443442 -0.118161  0.00188945 0.000700387 -0.00486976   0.0100729 -0.00810726  0.00614808 1 0 0 0
             70.2903  1.12624   14.587 -37.1039  23.3119  26.9192 0.802997  0.519656  0.506671 -0.123454  0.00200187 0.000667266 -0.00483104  0.00995568 -0.00916388  0.00567008 1 0 0 6247
             70.2903  1.20982  14.5245 -37.0436  23.3087  26.9177 0.804856  0.482576  0.488696 -0.103809  0.00197957 0.000685565 -0.00484937   0.0101913 -0.00876543  0.00547269 1 0 0 0
             70.3901 0.236382  14.8516 -37.2737  23.3601  26.9631 0.799059   0.526665   0.437702 -0.0586711  0.00196041 0.000645856 -0.00482981  0.00981068 -0.00890474  0.00454642 1 0 0 6176
             70.3901 0.310815   14.777 -37.2242   23.358  26.9523 0.804296    0.501328    0.308613 -0.00264271  0.00193312 0.000662598 -0.00484439  0.00930209 -0.00764506  0.00372746 1 0 0 0
             70.4899 0.450968  14.4775 -37.5037  23.4155   26.993 0.804275   0.626824   0.414403 0.00864797  0.00193983 0.000670333 -0.00482346    0.009781 -0.00897205  0.00391362 1 0 0 6103
             70.4899 0.574585  14.4547 -37.3925  23.4058  26.9955 0.803469     0.51724    0.444096 -0.00123813   0.0019086 0.000683538 -0.00485688   0.0108604 -0.00846507  0.00431813 1 0 0 0
             70.5903 0.394477  14.2264 -37.8418  23.4713  27.0422 0.800079    0.696151    0.455574 -0.00593632   0.0019388 0.000668833 -0.00484022   0.0101386 -0.00956508  0.00485427 1 0 0 6067
             70.5903 0.381143  14.2052 -37.7419  23.4604  27.0318 0.795584   0.577247   0.336703 -0.0556859  0.00194119 0.000675771 -0.00487066   0.0101614 -0.00770626  0.00543973 1 0 0 0
             70.6901  2.20479  14.8028 -37.8586  23.5319  27.0692 0.793359  0.736617   0.38482 0.0268651   0.0019262 0.000639003 -0.00484921 0.00932534 -0.0090352 0.00552686 1 0 0 5889
             70.6901  2.43984  14.7626 -37.8385  23.5261  27.0805 0.799237  0.670171  0.512804 0.0898684  0.00186248 0.000660966 -0.00485299   0.0109115 -0.00966761  0.00520499 1 0 0 0
             70.7899  3.15355  15.6776 -36.8939   23.602  27.1194 0.809144 0.742799 0.353978 0.104962   0.0019011 0.000643003 -0.00488769  0.00918969 -0.00920258  0.00480687 1 0 0 5835
             70.7899  3.15035  15.6198 -36.8947  23.6021  27.1042 0.813858 0.749711 0.177855 0.158438  0.00189529 0.000653567  -0.0048908  0.00808146 -0.00780132  0.00382218 1 0 0 0
             70.8903 2.66047 14.1928 -36.848  23.6698  27.1289 0.822023  0.656693  0.233743 0.0526742  0.00195772 0.000696275 -0.00485585  0.00880634 -0.00828629  0.00487169 1 0 0 5914
             70.8903  2.57914  14.1557 -36.7653  23.6645  27.1211 0.821438  0.595696  0.142264 0.0452392  0.00198285 0.000704631 -0.00488203  0.00866998 -0.00705829  0.00484247 1 0 0 0
             70.9901  2.05973  14.2094 -37.9404  23.7248   27.152 0.824313  0.619414  0.305796 0.0117076   0.0019541  0.00067928 -0.00484203   0.0104284 -0.00896429  0.00527895 1 0 0 5661
             70.9901  1.96025  14.2818 -37.8286  23.7174  27.1405 0.829216  0.539095  0.172531 0.0649059  0.00198136 0.000654849  -0.0048773   0.0103557 -0.00727783  0.00455138 1 0 0 0
               71.09  1.19787  13.9771 -39.9951   23.773  27.1751 0.832313   0.534833   0.392237 0.00562921  0.00201059 0.000701878 -0.00482474   0.0113678 -0.00948724  0.00518546 1 0 0 5721
               71.09  1.19787  13.9771 -39.9951   23.773  27.1751 0.832313   0.534833   0.392237 0.00562921  0.00201059 0.000701878 -0.00482474   0.0113678 -0.00948724  0.00518546 1 0 0 0
             71.1902  1.02612   14.222 -40.5683   23.829  27.2238 0.824653  0.554698  0.541967 -0.109429  0.00200416 0.000684449 -0.00485797  0.0113994 -0.0102497    0.00568 1 0 0 5835
             71.1902  1.02612   14.222 -40.5683   23.829  27.2238 0.824653  0.554698  0.541967 -0.109429  0.00200416 0.000684449 -0.00485797  0.0113994 -0.0102497    0.00568 1 0 0 0
             71.2901 0.327676  14.0155 -40.2995  23.8871  27.2734 0.807333   0.59579  0.535989 -0.179478  0.00199442  0.00065195 -0.00489705   0.0101902 -0.00956452   0.0060185 1 0 0 5721
             71.2901 0.313466  13.9693 -40.2816  23.8867  27.2694 0.810458  0.591646   0.48898 -0.144881  0.00198638  0.00065432 -0.00490523  0.00998517 -0.00918932  0.00558887 1 0 0 0
             71.3899 0.923069  14.5057 -38.4007  23.9474  27.3132 0.795808  0.614161   0.45708 -0.123707  0.00193107 0.000597494 -0.00494969  0.00923131 -0.00829979  0.00561995 1 0 0 5822
             71.3899 0.909949  14.3666  -38.371  23.9397  27.3075 0.807312    0.530127    0.391143 0.000334406  0.00189726 0.000639145 -0.00497045  0.00971566 -0.00722829  0.00438731 1 0 0 0
             71.4903  2.04201  12.4329 -39.0767  23.9911  27.3456 0.804921  0.539993    0.3696 0.0138915  0.00184959 0.000679519 -0.00491676  0.00964359 -0.00693525  0.00513963 1 0 0 5872
             71.4903 1.99884 12.4073 -38.913  23.999 27.3406 0.81626 0.626354 0.316303 0.133185  0.00187595 0.000648306 -0.00495892  0.00895896 -0.00712283  0.00366164 1 0 0 0
             71.5901  1.47478  12.4225 -38.8097  24.0632  27.3849 0.821992  0.610499  0.444932 0.0602689  0.00196972 0.000660632 -0.00491943  0.00984376 -0.00833265  0.00496612 1 0 0 5483
             71.5901  1.34262  12.5612 -38.9072  24.0579  27.3964 0.821246  0.549129   0.58022 0.0548321  0.00202563  0.00067215 -0.00488803   0.0111761 -0.00893819  0.00534861 1 0 0 0
               71.69   1.8412  11.9734 -38.2605  24.1097  27.4536 0.817775   0.488046    0.54343 -0.0449861  0.00196841 0.000698839 -0.00492473   0.0108005 -0.00919061  0.00632452 1 0 0 5543
               71.69  1.88754  12.0655 -38.3147  24.1077   27.464 0.815509   0.467818   0.661297 -0.0691696   0.0019751 0.000704559 -0.00490062   0.0116888 -0.00995594  0.00680166 1 0 0 0
             71.7903 1.61543 12.3311 -38.355  24.1576  27.5093 0.807485   0.471767   0.422233 -0.0939817  0.00196803 0.000637591 -0.00491402  0.00976531 -0.00878569  0.00634195 1 0 0 5512
             71.7903  1.47758  12.2598 -38.3249  24.1625  27.4973 0.826335 0.529323 0.288997 0.109713  0.00199424 0.000613352 -0.00492934  0.00889337 -0.00818216  0.00391556 1 0 0 0
             71.8901  1.77131  11.5545 -37.5018  24.2138   27.524 0.829588   0.541065   0.262647 -0.0181727  0.00194305 0.000638063 -0.00494428  0.00896034 -0.00769593  0.00440214 1 0 0 5283
             71.8901  1.63518  11.5068 -37.5531    24.21  27.5367 0.820956  0.499164  0.406224 -0.111439  0.00200472 0.000693037 -0.00492536   0.0100084 -0.00849602  0.00565854 1 0 0 0
               71.99 0.807535  11.9478 -36.8499  24.2633  27.5718 0.805968  0.549378  0.345562 -0.172165  0.00198208 0.000626288 -0.00493448  0.00958847 -0.00812181  0.00559799 1 0 0 5434
               71.99  0.73106  11.9448 -36.7932  24.2554   27.579 0.812338  0.460704  0.429009 -0.104374  0.00200794 0.000664919 -0.00495379   0.0109659 -0.00820899  0.00514776 1 0 0 0
             72.0903 0.401353  11.9164 -36.2462  24.3112   27.613 0.801282   0.576777   0.328358 -0.0799207    0.001978 0.000635919  -0.0049472  0.00941123 -0.00817891   0.0051007 1 0 0 5529
             72.0903 0.384926  11.9232  -36.221  24.3142  27.6134 0.806569   0.613087   0.333412 -0.0220063  0.00199026 0.000628646 -0.00495309  0.00927941 -0.00846498  0.00444332 1 0 0 0
             72.1901  1.12001  11.9464 -36.0668  24.3819  27.6436 0.805423  0.726322  0.301256 0.0179098  0.00195957 0.000621063 -0.00493643  0.00875867 -0.00841411  0.00463296 1 0 0 5528
             72.1901  1.15549  11.9694 -36.0574  24.3812  27.6467 0.801865   0.719088   0.334997 -0.0196262  0.00195078  0.00061569 -0.00493886 0.00896397 -0.0086613 0.00511931 1 0 0 0
             72.2901  2.71992  13.6244 -34.5447  24.4528  27.6841 0.802954  0.719134  0.389489 0.0501852  0.00191974 0.000587216 -0.00498484  0.00943578 -0.00870768   0.0052465 1 0 0 5454
             72.2901   2.5788  13.5904 -34.5051  24.4571  27.6855 0.804311   0.77052  0.406749 0.0662977  0.00196738 0.000596456 -0.00499804  0.00914321 -0.00920174  0.00500455 1 0 0 0
             72.3903    1.819  13.6912 -33.8707  24.5189  27.7263 0.814621 0.528075 0.398484 0.106921  0.00200905 0.000633081 -0.00497546   0.0103377 -0.00868977  0.00516024 1 0 0 5726
             72.3903   1.8418  13.6231 -33.7868   24.511  27.7195 0.834562 0.438558 0.317779 0.327844  0.00200116 0.000651261 -0.00500021    0.011198 -0.00748594  0.00270082 1 0 0 0
             72.4902  2.60973  12.6187 -32.0439  24.5529  27.7518 0.846335  0.429056  0.284684 0.0536193  0.00196935 0.000677838 -0.00501712  0.0110439 -0.0076938 0.00490455 1 0 0 5489
             72.4902  2.55334   12.662 -32.0919  24.5584  27.7515 0.827372  0.490508  0.279715 -0.154549  0.00198409 0.000663566 -0.00500247  0.00989898 -0.00796161   0.0070878 1 0 0 0
               72.59  1.57359  13.4773 -32.3144  24.6035  27.7813 0.811833  0.423919  0.294116 -0.174478  0.00199477 0.000614427 -0.00495022   0.0105167 -0.00814877  0.00687413 1 0 0 5408
               72.59  1.57359  13.4773 -32.3144  24.6035  27.7813 0.811833  0.423919  0.294116 -0.174478  0.00199477 0.000614427 -0.00495022   0.0105167 -0.00814877  0.00687413 1 0 0 0
             72.6903 0.763174  13.3657 -33.1826   24.645  27.8149 0.799711  0.390132  0.358515 -0.138449  0.00198894 0.000641829 -0.00492922    0.010711 -0.00863447  0.00593973 1 0 0 5395
             72.6903 0.743698  13.3157 -33.2165  24.6419  27.8226 0.813625 0.358818 0.447064 0.010404  0.00199572 0.000659713 -0.00491945   0.0119255 -0.00930616  0.00448989 1 0 0 0
             72.7901 0.756577  13.5248 -33.5804  24.6875  27.8686 0.813654    0.471217    0.500225 -0.00675234  0.00199386 0.000631815 -0.00495024   0.0106139 -0.00988907  0.00417799 1 0 0 5388
             72.7901 0.724365  13.4479 -33.6353  24.6886   27.864 0.810828   0.482636   0.446897 -0.0384614  0.00199764 0.000653494 -0.00493492   0.0100873 -0.00946502   0.0044229 1 0 0 0
               72.89 0.845016  13.7796 -33.9103  24.7398  27.9058 0.799452  0.538261  0.446637 -0.109776  0.00196919 0.000626128 -0.00495224  0.00925157 -0.00876752  0.00530219 1 0 0 5324
               72.89 0.735869  13.6693 -33.8271  24.7394  27.8937 0.803528   0.531882   0.306054 -0.0656925  0.00200088 0.000655274  -0.0049782 0.00852825 -0.0074417 0.00459822 1 0 0 0
             72.9903 0.814762  13.3473  -35.659 24.7937 27.9361 0.80016  0.575967  0.446858 0.0148453  0.00199093 0.000656113 -0.00492131  0.00944843 -0.00843674  0.00494529 1 0 0 5377
             72.9903 0.771583  13.2621 -35.5246  24.7878  27.9246 0.806675  0.503318   0.31253 0.0836558  0.00200398 0.000682332 -0.00496257 0.00941513 -0.0067551 0.00410736 1 0 0 0
             73.0902  2.16243  13.2721 -36.7438  24.8347  27.9744 0.814281 0.470594 0.528985 0.100883  0.00194902 0.000654487 -0.00493415   0.0113264 -0.00815321  0.00514532 1 0 0 5219
             73.0902  2.03538  13.3358 -36.6074  24.8276  27.9975 0.809311  0.392319   0.80099 0.0474407  0.00201664 0.000648461 -0.00496813   0.0136493 -0.00999676  0.00635763 1 0 0 0
               73.19  2.08188  13.6462 -37.9908  24.8711  28.0672 0.812258  0.376091  0.683219 0.0140863  0.00199819 0.000645941 -0.00493029   0.0118182 -0.00988386  0.00622356 1 0 0 5227
               73.19  2.02322  13.4727 -38.1475  24.8764  28.0667 0.819765  0.437085   0.67947 0.0976854  0.00200797 0.000693414 -0.00488616  0.0114827 -0.0103063 0.00517358 1 0 0 0
             73.2904  2.29804  12.5366 -37.5468  24.9275  28.1169 0.821554   0.525474   0.440401 -0.0193785  0.00200204 0.000670731 -0.00498856 0.00924448 -0.0093284  0.0052208 1 0 0 5226
             73.2904  2.02853  12.4696 -37.6003  24.9199  28.1053 0.801267  0.429644  0.299743 -0.250311  0.00206341 0.000693517 -0.00497988  0.00843024 -0.00730963  0.00766555 1 0 0 0
             73.3901  1.28554   13.624 -37.5373  24.9607  28.1306 0.785727  0.390531  0.256917 -0.155877  0.00199529 0.000607753 -0.00499225 0.00843518 -0.0070128 0.00620734 1 0 0 5301
             73.3901  1.36557  13.5678 -37.4079  24.9428  28.1425 0.804443 0.182135 0.398266 0.053607  0.00197766 0.000651223 -0.00503218  0.0116815 -0.0067939 0.00447011 1 0 0 0
               73.49  1.19149  13.3029 -36.2966  24.9825  28.1815 0.811572  0.457861  0.391774 0.0428836  0.00202212 0.000637239 -0.00501276  0.00969554 -0.00826461  0.00339695 1 0 0 5377
               73.49  1.13815  13.3178 -36.2301  24.9778  28.1906 0.811387  0.402394  0.496892 0.0413368    0.002046 0.000641969 -0.00503276   0.0108925 -0.00877248  0.00371026 1 0 0 0
             73.5903 0.381363  13.4713 -35.0822  25.0396  28.2342 0.809924   0.689758   0.417826 -0.0187481  0.00205744 0.000606388 -0.00501644  0.00870293 -0.00947206  0.00375554 1 0 0 5342
             73.5903 0.343583  13.5239 -34.9007  25.0454  28.2302 0.811751    0.75625   0.372943 0.00121985  0.00208278 0.000583626 -0.00506736  0.00788291 -0.00954005  0.00332209 1 0 0 0
             73.6901 -0.244161    13.438   -34.285  25.1228  28.2694 0.802883   0.808202   0.369859 -0.0772542  0.00206575 0.000623362 -0.00500899  0.00806964 -0.00973371    0.004924 1 0 0 5457
             73.6901 -0.244161    13.438   -34.285  25.1228  28.2694 0.802883   0.808202   0.369859 -0.0772542  0.00206575 0.000623362 -0.00500899  0.00806964 -0.00973371    0.004924 1 0 0 0
               73.79 1.11528 14.1833 -34.402   25.192  28.3099 0.795882   0.674314   0.413072 -0.0269303  0.00200611 0.000617481 -0.00500055  0.00971345 -0.00927143   0.0058784 1 0 0 5459
               73.79 1.11528 14.1833 -34.402   25.192  28.3099 0.795882   0.674314   0.413072 -0.0269303  0.00200611 0.000617481 -0.00500055  0.00971345 -0.00927143   0.0058784 1 0 0 0
             73.8903  3.62908  15.7287 -33.0587  25.2445   28.354 0.795426   0.47319  0.460686 0.0415425  0.00196959 0.000614162 -0.00504208   0.0110834 -0.00827756  0.00665732 1 0 0 5339
             73.8903  3.50666  15.7047 -32.9485  25.2344  28.3571 0.803489 0.354715 0.497991 0.137512  0.00200966 0.000632279 -0.00507233   0.0126193 -0.00784777  0.00590002 1 0 0 0
             73.9902  3.39465  14.7256 -32.6621   25.269  28.3995 0.811971 0.310719 0.405411  0.03825  0.00203173 0.000696426  -0.0050022   0.0114964 -0.00752112  0.00606506 1 0 0 5451
             73.9902  3.45735  14.7575 -32.5637   25.262  28.4121 0.812451   0.23011  0.553509 0.0416007  0.00202632 0.000701583 -0.00502574   0.0131211 -0.00834279   0.0065385 1 0 0 0
             74.0905  2.80883  15.2671 -31.5695  25.3045  28.4454 0.816897  0.447369  0.262607 0.0230634  0.00207878 0.000616098 -0.00501288  0.00998219 -0.00791281  0.00488082 1 0 0 5198
             74.0905  2.74249  15.2595 -31.6896  25.3106  28.4494 0.816986  0.518582  0.309386 0.0251533  0.00209438 0.000618916 -0.00497626  0.00962486 -0.00879039  0.00482012 1 0 0 0
             74.1903  2.38649  15.3078 -32.1638  25.3718  28.4688 0.818774   0.601831   0.165517 0.00102801  0.00205496 0.000611861 -0.00497066  0.00773294 -0.00851654  0.00418329 1 0 0 5373
             74.1903  2.38949  15.2732 -32.2006  25.3742  28.4618 0.827913  0.630626 0.0843086  0.101879    0.002047  0.00061336 -0.00496218  0.00729411 -0.00799642  0.00283106 1 0 0 0
              74.294  2.39342  15.2674 -32.9758  25.4231  28.4832 0.827108   0.416724   0.273906 -0.0365965  0.00205287 0.000674884 -0.00499008  0.00866019 -0.00799611   0.0043271 1 0 0 5618
              74.294  2.41815  15.3041 -32.7122 25.4049 28.4945 0.82641  0.218678  0.401593 -0.045666  0.00206838 0.000740203 -0.00506271   0.0109669 -0.00793131   0.0050574 1 0 0 0
               74.39  1.11117  14.8439 -33.3207  25.4278  28.5442 0.812308  0.205545  0.598892 -0.164467  0.00211851 0.000761684 -0.00498793   0.0105071 -0.00866657  0.00605533 1 0 0 5100
               74.39  1.16204  14.8281 -33.0866  25.4284  28.5495 0.810349  0.211284  0.660935 -0.185887  0.00213658 0.000773258 -0.00504561   0.0107519 -0.00923209  0.00638231 1 0 0 0
             74.4904 0.830921  13.9485  -31.973   25.457  28.6193 0.791826  0.287498   0.75433 -0.178259  0.00212058  0.00075899 -0.00502253  0.00957622 -0.00945587   0.0059144 1 0 0 5463
             74.4904 0.902598  13.9451 -31.9745  25.4647  28.6264 0.797769  0.373475  0.836254 -0.112635  0.00211847 0.000753024 -0.00500942 0.00951735 -0.0107018 0.00519079 1 0 0 0
             74.5904  1.57049  13.6617 -31.5607  25.5029  28.7068 0.791697   0.404537   0.825948 -0.0233445   0.0020989 0.000733141 -0.00499551  0.00912157 -0.00985174  0.00478385 1 0 0 5287
             74.5904   1.6474  13.7386 -31.4263  25.4824  28.6949 0.801818  0.167908    0.6848 0.0883548  0.00206029 0.000719086 -0.00504173   0.0107599 -0.00705846  0.00382425 1 0 0 0
               74.69  2.45804  14.1976 -30.6716  25.5065  28.7609 0.806733  0.242777  0.669169 0.0890172  0.00208397 0.000690012 -0.00501627  0.00983451 -0.00695926  0.00461574 1 0 0 5320
               74.69 2.55103 14.1937 -30.439   25.507  28.7764 0.790827   0.247947   0.849242 -0.0822718  0.00213916 0.000723629  -0.0050673     0.01031 -0.00845636  0.00665142 1 0 0 0
             74.7903  3.31833  14.1772 -29.7881  25.5393  28.8582 0.792667   0.284244   0.784936 0.00782182  0.00215842 0.000700862 -0.00498467  0.00918967 -0.00915642  0.00531763 1 0 0 5311
             74.7903  3.37536  14.1087 -29.8516  25.5349  28.8679 0.813331 0.237773 0.896903 0.219249  0.00216183 0.000751885 -0.00496001   0.0107401 -0.00999024  0.00340353 1 0 0 0
             74.8901  2.94252  12.4388 -28.6631  25.5584   28.935 0.824905  0.269427  0.594979 0.0925952  0.00218404 0.000741399  -0.0050247  0.00970962 -0.00777766  0.00386811 1 0 0 5256
             74.8901  2.79987  12.4832 -28.4475  25.5664  28.9225 0.802045  0.351484  0.446528 -0.141371  0.00220584 0.000678413 -0.00509384   0.0076323 -0.00675629  0.00585941 1 0 0 0
               74.99  1.12716  13.0166 -28.6125  25.5973  28.9757 0.798524   0.280984   0.515897 -0.0259349  0.00219092 0.000684507 -0.00500147  0.00902614 -0.00806344  0.00501094 1 0 0 5551
               74.99  1.11248  12.9382 -28.3881  25.5963  28.9755 0.808159  0.273491  0.514027 0.0774139  0.00220984 0.000709994 -0.00506358 0.00931703 -0.0080625 0.00393743 1 0 0 0
             75.0903  1.82383  12.4209 -27.4192  25.6113  29.0362 0.813041    0.143854    0.610029 -0.00561716  0.00216673 0.000752914 -0.00503299   0.0112208 -0.00853281  0.00435633 1 0 0 5724
             75.0903  1.83388  12.4531 -27.3596 25.6061 29.0422 0.79815 0.0847444  0.680275 -0.160626  0.00217116  0.00076256 -0.00504894   0.0117358 -0.00884431  0.00620548 1 0 0 0
             75.1901  1.31939  12.1246 -27.0673  25.6207  29.1098 0.785167  0.198175  0.696023 -0.159218  0.00219108 0.000773683 -0.00501397  0.0113892 -0.0088486 0.00516427 1 0 0 5474
             75.1901  1.26953  12.0327 -26.9766  25.6306   29.113 0.774555  0.311122  0.735954 -0.265472   0.0022146 0.000799333 -0.00504073   0.0102097 -0.00983719  0.00619845 1 0 0 0
             75.2915 -0.164142   12.0892  -26.5591  25.6689   29.181 0.765725   0.446039    0.65669 -0.0505157  0.00220794 0.000754352 -0.00502642   0.0101935 -0.00898351   0.0040899 1 0 0 6147
             75.2915 -0.200193    12.077   -26.564  25.6665  29.1843 0.767852   0.418658   0.694966 -0.0288921  0.00221991 0.000761867 -0.00502623   0.0107084 -0.00922351  0.00394653 1 0 0 0
             75.3903 0.637138  13.5605 -26.4799  25.7157  29.2445 0.779017   0.5306 0.589193 0.181905   0.0021404 0.000705023 -0.00502475 0.00991378 -0.0087707 0.00254136 1 0 0 5961
             75.3903 0.738412  13.5934 -26.4535  25.7194  29.2419 0.776175 0.572646 0.556842 0.150765 0.00211032 0.00068578 -0.0050312  0.00929045 -0.00867601  0.00276975 1 0 0 0
             75.4916  2.80583  16.7098 -24.5799 25.7687 29.2899  0.7852   0.44927  0.439191 0.0997534  0.00211313  0.00066053 -0.00507052  0.00946653 -0.00711442  0.00437247 1 0 0 6492
             75.4916   2.8232    16.74 -24.5648  25.7685    29.29 0.786444 0.447394 0.440175 0.113566  0.00210932 0.000651756 -0.00507432     0.00953 -0.00711775  0.00422316 1 0 0 0
             75.5901  2.77894  17.2167 -23.5127 25.8021 29.3323 0.79203  0.295192  0.397505 0.0676629  0.00214851 0.000732806 -0.00505607   0.0101122 -0.00708839  0.00523492 1 0 0 6350
             75.5901  2.81665  17.1214 -23.4177  25.7986  29.3376 0.794599 0.255917 0.460894 0.093288  0.00215024 0.000770357   -0.005083    0.010839 -0.00753327  0.00517754 1 0 0 0
             75.6904  2.51006  15.6236 -24.6488  25.8285  29.3842 0.796765   0.352266   0.442121 -0.0145795  0.00216934 0.000797036 -0.00499772   0.0107719 -0.00808086  0.00576493 1 0 0 6380
             75.6904  2.46475  15.5693 -24.6148  25.8273  29.3851 0.796862   0.339036   0.452312 -0.0139105  0.00218613 0.000813537 -0.00500804   0.0109451 -0.00811912  0.00581528 1 0 0 0
             75.7902  2.06248  15.2406 -26.1105  25.8671   29.429 0.792388   0.404779   0.438777 -0.0715601  0.00216595 0.000764578 -0.00498169   0.0105589 -0.00837338  0.00566267 1 0 0 6339
             75.7902  1.93746  15.2513 -26.1091 25.8667 29.4261 0.79931     0.404066     0.405834 -0.000532214  0.00220213 0.000761337 -0.00498234   0.0106457 -0.00806232   0.0048117 1 0 0 0
               75.89 0.356113  14.6901 -27.9464 25.9159  29.471  0.7961   0.497467   0.470342 -0.0499703  0.00220024 0.000752479 -0.00498561 0.00984203 -0.0090489 0.00468526 1 0 0 6437
               75.89  0.40316  14.6977 -27.9295   25.915  29.4714 0.794402   0.485882   0.474402 -0.0680914  0.00218748 0.000750821 -0.00499074  0.00992013 -0.00902569  0.00492531 1 0 0 0
             75.9904 0.528345  14.2167 -28.9096  25.9658  29.5261 0.787094  0.507302  0.579613 -0.081236   0.0021529 0.000760119 -0.00500098  0.00978308 -0.00969833  0.00480662 1 0 0 6313
             75.9904 0.564431  14.1646 -28.7578  25.9662  29.5153 0.787537   0.515685   0.454059 -0.0758381  0.00214733 0.000773792 -0.00504749  0.00904359 -0.00850107  0.00454355 1 0 0 0
             76.0902 0.563835  13.9249 -29.7527  26.0166  29.5719 0.783128    0.558412    0.588028 -0.00659147  0.00216067 0.000747173 -0.00501938   0.0103622 -0.00924458   0.0047305 1 0 0 6271
             76.0902 0.682904  13.9003 -29.7799  26.0162  29.5766 0.782818    0.552034    0.643156 -0.00943224  0.00212634 0.000757046 -0.00501055   0.0107136 -0.00975716  0.00485589 1 0 0 0
               76.19    1.291  13.7141 -31.0476  26.0762  29.6419 0.786841 0.633909 0.649029 0.096699  0.00213734 0.000757213 -0.00501843   0.0107865 -0.00992207  0.00514064 1 0 0 6346
               76.19   1.3091   13.793 -30.9928  26.0696  29.6422 0.794562 0.559001 0.651917 0.179018  0.00213405 0.000739096 -0.00503457   0.0117331 -0.00952977  0.00438696 1 0 0 0
             76.2903  1.65009   14.312 -32.2346 26.1315 29.6987  0.8063 0.570087 0.508062 0.113416  0.00213291 0.000742748 -0.00501664     0.01012 -0.00939371  0.00509818 1 0 0 6413
             76.2903  1.64272  14.2946 -32.2037  26.1208  29.6735 0.803496  0.442703  0.203779 0.0795325  0.00211782  0.00074997 -0.00502993 0.00941515 -0.0057267 0.00523799 1 0 0 0
             76.3902  2.46088  12.8526 -33.7218  26.1651  29.7029 0.806029   0.447102   0.273477 -0.0396607  0.00213664 0.000793089 -0.00500993  0.00988926 -0.00727547  0.00545419 1 0 0 6286
             76.3902  2.46088  12.8526 -33.7218  26.1651  29.7029 0.806029   0.447102   0.273477 -0.0396607  0.00213664 0.000793089 -0.00500993  0.00988926 -0.00727547  0.00545419 1 0 0 0
               76.49  1.10833  13.7842 -35.1152  26.2189  29.7427 0.801035   0.558699    0.38914 -0.0699773  0.00218319 0.000745461 -0.00500349   0.0105691 -0.00967727  0.00529316 1 0 0 6370
               76.49  1.10833  13.7842 -35.1152  26.2189  29.7427 0.801035   0.558699    0.38914 -0.0699773  0.00218319 0.000745461 -0.00500349   0.0105691 -0.00967727  0.00529316 1 0 0 0
             76.5903 0.39959 14.1271 -36.977  26.2795   29.786 0.793212  0.633163  0.427646 -0.111567  0.00217367 0.000760265 -0.00500317  0.0106572  -0.010584 0.00516564 1 0 0 6568
             76.5903 0.484288  14.1829 -36.9754  26.2772  29.7907 0.793197  0.606502  0.482025 -0.112684  0.00215057 0.000745987 -0.00500406  0.0112605 -0.0109005 0.00533398 1 0 0 0
             76.6902 0.250884  14.8148 -38.1856  26.3498  29.8338 0.776632  0.778217  0.435392 -0.174842  0.00215653 0.000752598 -0.00504361 0.00989535 -0.0111191 0.00519551 1 0 0 6502
             76.6902 0.250884  14.8148 -38.1856  26.3498  29.8338 0.776632  0.778217  0.435392 -0.174842  0.00215653 0.000752598 -0.00504361 0.00989535 -0.0111191 0.00519551 1 0 0 0
             76.7901 -0.621237   15.0928  -38.8377    26.43  29.8634 0.764784   0.841223   0.269068 -0.0601472  0.00216314 0.000763629 -0.00506296 0.00916554 -0.0096223 0.00473194 1 0 0 6528
             76.7901 -0.621237   15.0928  -38.8377    26.43  29.8634 0.764784   0.841223   0.269068 -0.0601472  0.00216314 0.000763629 -0.00506296 0.00916554 -0.0096223 0.00473194 1 0 0 0
             76.8903 0.391215   14.847 -38.4506  26.4998  29.8765 0.765023  0.681156  0.113962 0.0841438    0.002123 0.000777206 -0.00510119  0.00954655 -0.00695295  0.00536279 1 0 0 6688
             76.8903 0.391215   14.847 -38.4506  26.4998  29.8765 0.765023  0.681156  0.113962 0.0841438    0.002123 0.000777206 -0.00510119  0.00954655 -0.00695295  0.00536279 1 0 0 0
             76.9901  3.03247  15.6304 -36.1826  26.5618  29.8918 0.783444 0.575312 0.160989 0.201173  0.00206092 0.000770021 -0.00516136   0.0104353 -0.00702255  0.00479995 1 0 0 6630
             76.9901  2.94869  15.6598 -36.0721  26.5613  29.8845 0.788832  0.572024 0.0756726  0.257309  0.00209076 0.000754986 -0.00519647   0.0100363 -0.00626489  0.00400987 1 0 0 0
               77.09  3.12644   14.303 -35.5435  26.6038  29.9041 0.810432 0.360627  0.22833 0.157453  0.00213385 0.000819927 -0.00511027   0.0116635 -0.00681847  0.00461797 1 0 0 6686
               77.09  3.07979  14.1949 -35.5801  26.6079   29.918 0.801688  0.403396  0.394368 0.0658164  0.00215091 0.000860885 -0.00509579   0.0121188 -0.00855375  0.00595354 1 0 0 0
             77.1903  2.73072  13.7882 -34.7392  26.6599   29.955 0.805238     0.55261    0.346992 -0.00560695  0.00216705 0.000805598 -0.00509589   0.0110954 -0.00927434  0.00524731 1 0 0 6625
             77.1903  2.72946  13.8017 -34.7284  26.6613  29.9556 0.805244    0.568627    0.354365 -0.00485142  0.00216877 0.000801237 -0.00509841   0.0110049 -0.00945544  0.00522584 1 0 0 0
             77.2901 0.621049    13.92 -36.0148 26.7259  29.987 0.80766  0.644038  0.302392 0.0198193  0.00221099 0.000763349   -0.005041  0.00987139 -0.00987271  0.00430983 1 0 0 6567
             77.2901 0.569038  13.9201 -35.9596  26.7249  29.9819 0.803102   0.629564   0.240748 -0.0295212  0.00222752 0.000761007 -0.00505752  0.00945566 -0.00917781  0.00477044 1 0 0 0
               77.39 0.442166  13.7832 -37.0602  26.7809  30.0049 0.801413   0.537501   0.264025 -0.0239559  0.00215583 0.000765955  -0.0050398  0.00962214 -0.00840745  0.00474689 1 0 0 6775
               77.39 0.442166  13.7832 -37.0602  26.7809  30.0049 0.801413   0.537501   0.264025 -0.0239559  0.00215583 0.000765955  -0.0050398  0.00962214 -0.00840745  0.00474689 1 0 0 0
             77.4903 0.288267  13.3973 -37.0518   26.833  30.0412 0.793688  0.522087  0.436196 -0.104996  0.00214775 0.000786575 -0.00507431   0.0100948 -0.00863329  0.00516344 1 0 0 6883
             77.4903  0.19873  13.4045 -37.0737  26.8351  30.0403 0.791025  0.545286  0.426453 -0.131594   0.0021736 0.000783682 -0.00506742  0.00974846 -0.00870543  0.00540081 1 0 0 0
             77.5901 -0.589123   13.5185  -36.5647  26.8822  30.0905 0.775024  0.456244  0.547567 -0.122489  0.00218124  0.00078485 -0.00508251   0.0105636 -0.00831584  0.00612579 1 0 0 6858
             77.5901 -0.636859   13.4903  -36.4357  26.8914  30.0817 0.782638   0.570518   0.438621 -0.0388979  0.00220351 0.000782804 -0.00511763 0.00904427 -0.0081731  0.0047648 1 0 0 0
             77.6901 0.734997  12.5911 -37.5208  26.9433  30.1379 0.781875  0.549985  0.577784 0.0588947  0.00212578 0.000806102 -0.00505218   0.0110568 -0.00891289  0.00575761 1 0 0 6738
             77.6901 0.673571  12.4952  -37.436   26.935  30.1412 0.771302  0.444805  0.620748 -0.054951  0.00214967 0.000841077 -0.00507734   0.0119373 -0.00856354  0.00734582 1 0 0 0
             77.7903  1.63235  13.4423 -36.6629  26.9897  30.2032 0.782781 0.523361 0.602749 0.124698  0.00213478 0.000759878 -0.00511228   0.0113597 -0.00957286  0.00556177 1 0 0 6702
             77.7903  1.45089  13.4232 -36.7373  26.9941  30.1997 0.788313 0.578204 0.563074 0.182379  0.00218454 0.000762953 -0.00509217   0.0107557 -0.00960719  0.00473275 1 0 0 0
             77.8901  1.57947  11.8906 -37.7713  27.0436  30.2495 0.802097  0.451769  0.475466 0.0958976  0.00215213 0.000818225 -0.00505402   0.0103756 -0.00898297  0.00477761 1 0 0 6703
             77.8901  1.49445  11.7705 -37.6502  27.0496  30.2464 0.799238 0.519374 0.438296 0.067361  0.00218699 0.000849387 -0.00509154  0.00944258 -0.00913097   0.0049115 1 0 0 0
             77.9902  1.26939  12.4086 -37.1101  27.0981  30.2859 0.804509  0.487491  0.369825 0.0132504  0.00217522 0.000751573 -0.00512438  0.00982314 -0.00875391  0.00461576 1 0 0 6678
             77.9902  1.21769  12.3499 -37.1191  27.0975  30.2843 0.799983   0.477939   0.350173 -0.0338886  0.00218923 0.000769302 -0.00512277  0.00964308 -0.00849065  0.00513712 1 0 0 0
             78.0905 0.331712  13.0972 -37.0825  27.1388   30.317 0.792021  0.409894  0.318756 -0.104622  0.00218036 0.000751685 -0.00511365    0.010219 -0.00757496   0.0055026 1 0 0 6743
             78.0905 0.317116  13.0777 -37.1078  27.1443  30.3164 0.792757 0.472638  0.31258 -0.09513  0.00218548 0.000754718 -0.00510583  0.00964681 -0.00797853  0.00527492 1 0 0 0
             78.1902 -0.12889  13.1907  -37.037  27.1879  30.3542 0.782757  0.461102  0.399976 -0.110678  0.00218678 0.000773133  -0.0051083   0.0105523 -0.00809181  0.00546348 1 0 0 6967
             78.1902 -0.188586   13.1503  -36.9404  27.1889  30.3485 0.781249  0.471145  0.336387 -0.125923  0.00220871 0.000781854 -0.00513669  0.00997445 -0.00759295  0.00551196 1 0 0 0
             78.2901 -0.673929   13.3131  -36.4008  27.2407   30.392 0.774195   0.563957   0.444932 -0.0448054  0.00219383 0.000762045 -0.00513312   0.0108798 -0.00846862  0.00506437 1 0 0 6969
             78.2901 -0.810605   13.2668    -36.39  27.2398  30.4024 0.768336  0.550472  0.562112 -0.106326  0.00224021 0.000780485 -0.00513687  0.0116484 -0.0094102  0.0059807 1 0 0 0
             78.3903 -1.11668   13.613 -36.7775   27.308  30.4529 0.762583    0.71064    0.47854 0.00674176  0.00218624 0.000736517 -0.00511654   0.0103423 -0.00977429  0.00564803 1 0 0 7181
             78.3903 -1.11668   13.613 -36.7775   27.308  30.4529 0.762583    0.71064    0.47854 0.00674176  0.00218624 0.000736517 -0.00511654   0.0103423 -0.00977429  0.00564803 1 0 0 0
             78.4902  1.81047  15.5021 -35.1955   27.386  30.4912 0.774832  0.77785 0.371957 0.163551  0.00211143 0.000714126 -0.00516585  0.00923705 -0.00939216   0.0044973 1 0 0 7132
             78.4902   1.8421  15.4652 -35.1646  27.3881  30.4893 0.771906 0.798905 0.349766 0.132676  0.00210366 0.000722298 -0.00517543  0.00881529 -0.00935305  0.00476813 1 0 0 0
               78.59  1.37534   15.318 -34.8797   27.454  30.5198 0.787605 0.584695 0.286727 0.144972  0.00218434 0.000760324 -0.00514422 0.00941093  -0.008413 0.00469621 1 0 0 7031
               78.59  1.37534   15.318 -34.8797   27.454  30.5198 0.787605 0.584695 0.286727 0.144972  0.00218434 0.000760324 -0.00514422 0.00941093  -0.008413 0.00469621 1 0 0 0
             78.6904  1.97042  14.1325 -33.9359  27.5016  30.5485 0.802229 0.462442 0.269556 0.107699  0.00216735 0.000805191 -0.00516622  0.0103426 -0.0080345 0.00463391 1 0 0 6959
             78.6904  1.97042  14.1325 -33.9359  27.5016  30.5485 0.802229 0.462442 0.269556 0.107699  0.00216735 0.000805191 -0.00516622  0.0103426 -0.0080345 0.00463391 1 0 0 0
             78.7916  1.49031   14.197 -34.9288  27.5444  30.5768 0.807006  0.420132   0.27573 0.0150768  0.00218674  0.00076296 -0.00511785   0.0110818 -0.00787701  0.00512037 1 0 0 6895
             78.7916  1.47317  14.2656 -34.9136   27.539  30.5797 0.803967   0.360881   0.309157 -0.0164784  0.00219187 0.000748281 -0.00512172   0.0117489 -0.00777297  0.00567123 1 0 0 0
               78.89 0.639496  14.0173 -36.4439  27.5803  30.6093 0.795782  0.412851  0.323667 -0.102885  0.00220278 0.000768299 -0.00508497    0.01074 -0.0080477 0.00590887 1 0 0 6966
               78.89 0.639496  14.0173 -36.4439  27.5803  30.6093 0.795782  0.412851  0.323667 -0.102885  0.00220278 0.000768299 -0.00508497    0.01074 -0.0080477 0.00590887 1 0 0 0
             78.9904 0.467889  13.9437 -37.0213  27.6332  30.6487 0.782072  0.541772  0.450664 -0.167088  0.00219778 0.000755431 -0.00511434  0.00979002 -0.00920619  0.00565316 1 0 0 6877
             78.9904 0.455824  13.8772 -37.0072  27.6352  30.6493 0.776627  0.562923  0.455951 -0.222965  0.00220367 0.000774959 -0.00511804  0.00947086 -0.00939497  0.00625299 1 0 0 0
             79.0903 0.188396  14.1264  -36.652  27.6962  30.7004 0.760568  0.634848  0.550545 -0.131527  0.00219923 0.000739912 -0.00514986  0.00938483 -0.00971547  0.00546056 1 0 0 7028
             79.0903 0.188396  14.1264  -36.652  27.6962  30.7004 0.760568  0.634848  0.550545 -0.131527  0.00219923 0.000739912 -0.00514986  0.00938483 -0.00971547  0.00546056 1 0 0 0
               79.19 -0.0587067    13.0873    -38.249  27.7588  30.7579 0.761542 0.659858 0.575166 0.114546  0.00219136 0.000769599   -0.005109  0.00994258 -0.00979904  0.00490147 1 0 0 7033
               79.19 -0.148213   13.0545  -38.2314  27.7515  30.7585 0.768268   0.5808 0.584839 0.180976  0.00221774 0.000783833 -0.00511551   0.0108762 -0.00931322  0.00432823 1 0 0 0
             79.2904  1.40838  13.2157 -38.8653  27.8093  30.8112 0.793964 0.542038 0.505587  0.26836  0.00215608  0.00075983 -0.00513855    0.010673 -0.00877045  0.00402633 1 0 0 6967
             79.2904  1.40807  13.1839 -38.8943  27.8086  30.8041 0.784344 0.529457 0.423897 0.168339  0.00214894 0.000768022 -0.00513198  0.00992162 -0.00797006  0.00506644 1 0 0 0
             79.3902  1.94536  11.8533 -40.4006  27.8539  30.8475 0.794147  0.418764  0.430874 0.0433632  0.00215108 0.000809624 -0.00514417   0.0101798 -0.00805902  0.00547506 1 0 0 6920
             79.3902  1.88288  11.8355 -40.3449  27.8514  30.8506 0.790654   0.388282   0.467139 0.00566454  0.00217458  0.00081793 -0.00515928   0.0106056 -0.00812463  0.00602898 1 0 0 0
               79.49 0.823657  12.6762 -39.2296  27.8927  30.8962 0.788362  0.407861  0.437609 -0.070733 0.00223592 0.00074049 -0.0052072    0.010435 -0.00849508  0.00564002 1 0 0 6840
               79.49 0.759367  12.6799 -39.2531  27.8945  30.8995 0.786612   0.428234   0.474881 -0.0873809  0.00225578 0.000740103 -0.00519967   0.0105082 -0.00896468  0.00587461 1 0 0 0
             79.5903 -0.366002   13.0743  -39.2554  27.9424  30.9433 0.776944  0.499568   0.43121 -0.109527  0.00222576 0.000767395 -0.00518811  0.00968453 -0.00921333  0.00550458 1 0 0 6849
             79.5903 -0.394433   12.9747  -39.2403   27.945  30.9403 0.772914 0.527728 0.396798 -0.15031   0.0022353 0.000795626 -0.00519201  0.00907396 -0.00912393  0.00586364 1 0 0 0
             79.6903 -0.801069   13.6894  -38.6948  28.0008  30.9875 0.762912  0.591469  0.496416 -0.106726  0.00220344 0.000733183 -0.00520966  0.00987492 -0.00994208  0.00518783 1 0 0 7007
             79.6903 -0.836338   13.6541  -38.7299  28.0016  30.9892 0.777276  0.607189  0.520274 0.0438156  0.00221313 0.000744697 -0.00519917  0.0103184 -0.0102491 0.00345851 1 0 0 0
             79.7904  -1.1076  13.9828 -38.0947  28.0621  31.0397 0.773664  0.643292  0.507946 -0.023226 0.00220518 0.00075432 -0.0052239   0.0103194 -0.00958063   0.0044314 1 0 0 6968
             79.7904 -1.14419  13.9611 -38.1509  28.0625  31.0381 0.771544   0.647856   0.489824 -0.0441984  0.00221174 0.000759573 -0.00520706    0.010088 -0.00945711  0.00463285 1 0 0 0
             79.8903 -1.45887  14.1019 -38.2336  28.1233  31.0839 0.760663   0.612034   0.437595 -0.0507057  0.00220054 0.000762748 -0.00520336   0.0102525 -0.00869272  0.00605266 1 0 0 7232
             79.8903 -1.44833  14.0486 -38.2732  28.1282  31.0812 0.760507   0.665519   0.407747 -0.0505607  0.00219556 0.000774079 -0.00519061  0.00958087 -0.00882403  0.00587854 1 0 0 0
             79.9903  1.75013  15.7009 -36.2466  28.1883   31.122 0.759994  0.595028  0.406993 0.0481169   0.0021009  0.00073303 -0.00528135  0.0102304 -0.0081496 0.00640529 1 0 0 7033
             79.9903  1.72201  15.6981 -36.2613  28.1938  31.1204 0.759076  0.656945  0.388442 0.0399256  0.00211135 0.000728693 -0.00527812  0.00955172 -0.00843637  0.00632452 1 0 0 0
             80.0902  2.22394  15.6823 -34.8638  28.2447  31.1626 0.764195  0.428926  0.428412 0.0304253   0.0021643  0.00078419 -0.00525994   0.0105243 -0.00810043   0.0065779 1 0 0 6941
             80.0902  2.18381  15.5846 -34.8367  28.2457  31.1608 0.774204 0.443065 0.410456 0.129556  0.00217927 0.000811682 -0.00526967   0.0105902 -0.00805641   0.0053806 1 0 0 0
             80.1906  1.92799  14.3244 -33.1213  28.2824  31.2067 0.780017  0.351933  0.434131 0.0173146  0.00219925  0.00080768 -0.00526134   0.0114198 -0.00825869  0.00607022 1 0 0 7138
             80.1906  1.97871  14.2963 -33.1792  28.2872  31.2082 0.783879  0.407262  0.451749 0.0573131  0.00218291 0.000815275 -0.00524287   0.0111662 -0.00882957  0.00553276 1 0 0 0
             80.2902  1.10384  14.2766 -33.3896  28.3296  31.2507 0.782778   0.431783   0.416058 -0.0452851  0.00220979 0.000764277 -0.00522278   0.0110032 -0.00868498  0.00587384 1 0 0 7079
             80.2902  1.11823  14.2127 -33.4354  28.3463  31.2442 0.786783 0.621691 0.335984 0.003519  0.00220767 0.000770036 -0.00520664  0.00888409 -0.00920618  0.00475337 1 0 0 0
             80.3901 -0.184115   13.9053   -34.621   28.395  31.2854 0.776541  0.463499  0.453293 -0.143874  0.00222309 0.000771316 -0.00519808   0.0104108 -0.00890934  0.00601527 1 0 0 7051
             80.3901 -0.21732  13.8614 -34.6003  28.3941  31.2837 0.779982  0.454869  0.433459 -0.108719  0.00223369 0.000784558 -0.00520454    0.010461 -0.00866972  0.00559366 1 0 0 0
             80.4904 -0.849096   13.8457  -34.8603  28.4322  31.3391 0.767327  0.354415  0.621069 -0.121251  0.00220981 0.000760014 -0.00524469   0.0117661 -0.00894746  0.00616262 1 0 0 7102
             80.4904 -0.924122   13.7458  -34.7775  28.4364  31.3277 0.776535   0.409646   0.484096 -0.0267408   0.0022325 0.000784181 -0.00526834   0.0106225 -0.00803408  0.00473749 1 0 0 0
             80.5902 -0.142019   13.4868   -33.739  28.4739  31.3901 0.766469    0.36378   0.669222 -0.0734028  0.00218878 0.000770043 -0.00528599    0.011428 -0.00868015  0.00607204 1 0 0 7002
             80.5902 -0.0531879    13.4336   -33.7887  28.4846  31.3928 0.765096   0.484029   0.700156 -0.0777783  0.00216409 0.000781378 -0.00526797   0.0105332 -0.00978754  0.00588574 1 0 0 0
               80.69  1.00033  13.1192 -34.5766  28.5314  31.4703 0.763788  0.503485  0.785426 0.0553639   0.0021522 0.000760839 -0.00523902  0.0114077 -0.0102798 0.00600701 1 0 0 6877
               80.69  1.00033  13.1192 -34.5766  28.5314  31.4703 0.763788  0.503485  0.785426 0.0553639   0.0021522 0.000760839 -0.00523902  0.0114077 -0.0102798 0.00600701 1 0 0 0
             80.7904  2.56779  14.1296 -34.2374  28.5821  31.5411 0.767098  0.469818  0.679162 0.0456939   0.0021476 0.000736584 -0.00526635   0.0107916 -0.00946462  0.00656909 1 0 0 6701
             80.7904  2.56779  14.1296 -34.2374  28.5821  31.5411 0.767098  0.469818  0.679162 0.0456939   0.0021476 0.000736584 -0.00526635   0.0107916 -0.00946462  0.00656909 1 0 0 0
             80.8902  2.89853  13.2759 -35.7322  28.6231  31.5952 0.764387   0.395599   0.500291 -0.0791851  0.00215124  0.00075978 -0.00525138  0.00993836 -0.00838543  0.00666658 1 0 0 6558
             80.8902  2.87622  13.0374 -35.7806  28.6288   31.596 0.777632  0.456831  0.504926 0.0572615   0.0021589 0.000828903 -0.00524029  0.00978385 -0.00891619  0.00498446 1 0 0 0
             80.9901  2.05872  14.4417 -35.0994  28.6702  31.6364 0.774561  0.424643  0.362103 -0.067662  0.00220974 0.000711024 -0.00527557  0.00982609 -0.00782279  0.00546437 1 0 0 6620
             80.9901  2.05872  14.4417 -35.0994  28.6702  31.6364 0.774561  0.424643  0.362103 -0.067662  0.00220974 0.000711024 -0.00527557  0.00982609 -0.00782279  0.00546437 1 0 0 0
             81.0906 0.865887  15.2315 -35.2765  28.7143   31.674 0.766152  0.441496  0.382765 -0.105081  0.00221781 0.000735406 -0.00528566 0.00978338  -0.008155 0.00539549 1 0 0 6843
             81.0906 0.770664  15.3058 -35.3068  28.7111  31.6777 0.781809  0.411664  0.426103 0.0593287  0.00224537 0.000716198 -0.00527727   0.0108285 -0.00841263  0.00365184 1 0 0 0
             81.1902 0.204981  15.4568 -35.1844  28.7581  31.7234 0.773004  0.502408  0.479593 -0.106003  0.00222509 0.000737847 -0.00529886    0.010374 -0.00888666  0.00506868 1 0 0 6732
             81.1902 0.110605  15.5612  -35.173 28.7573 31.7245 0.78079   0.497186   0.490193 -0.0267535    0.002255 0.000706795 -0.00530218   0.0107516 -0.00895441  0.00419962 1 0 0 0
             81.2902 -0.951033   15.5827  -35.2507  28.8119   31.774 0.760431  0.580272  0.496022 -0.179492  0.00225001 0.000732087 -0.00528549   0.0101557 -0.00887815   0.0064245 1 0 0 6960
             81.2902 -0.951033   15.5827  -35.2507  28.8119   31.774 0.760431  0.580272  0.496022 -0.179492  0.00225001 0.000732087 -0.00528549   0.0101557 -0.00887815   0.0064245 1 0 0 0
             81.3904 -1.22279  14.7012 -36.1535  28.8787  31.8308 0.749119   0.690148   0.565902 -0.0510227  0.00218933 0.000749868 -0.00527748  0.0102937 -0.0101813 0.00627543 1 0 0 6855
             81.3904 -1.14625  14.6364 -36.1633  28.8777  31.8328 0.747524   0.676057   0.590628 -0.0685548  0.00216657 0.000771567 -0.00527431  0.0105186 -0.0103245 0.00655298 1 0 0 0
             81.4905 0.983787  16.2332 -34.7806  28.9454  31.8858 0.741241    0.673353     0.52909 -0.00371735  0.00213243 0.000679764 -0.00534987 0.00998191 -0.0095834 0.00709467 1 0 0 6708
             81.4905 0.983787  16.2332 -34.7806  28.9454  31.8858 0.741241    0.673353     0.52909 -0.00371735  0.00213243 0.000679764 -0.00534987 0.00998191 -0.0095834 0.00709467 1 0 0 0
             81.5902  0.65267  15.1711 -33.7167 29.0103 31.9309 0.74852  0.575282  0.422756 0.0572067   0.0021859 0.000775084 -0.00533569  0.00912908 -0.00933044  0.00606381 1 0 0 6674
             81.5902 0.665902  15.1983 -33.7266  29.0049  31.9199 0.756316 0.518349  0.29608 0.132533  0.00217172 0.000761911 -0.00533579  0.00905741 -0.00777937  0.00509444 1 0 0 0
             81.6904 0.196611  12.8112 -33.1491  29.0476   31.957 0.768835  0.410472  0.343916 0.0770146  0.00220252 0.000782871 -0.00532076   0.0104573 -0.00847441  0.00507748 1 0 0 6924
             81.6904  0.24674  12.8001 -33.1514  29.0437  31.9588 0.781551 0.374125 0.365449 0.199958   0.0021872 0.000787137 -0.00531923   0.0113316 -0.00845302  0.00380234 1 0 0 0
             81.7902  0.27112   12.669 -33.3338  29.0818  32.0008 0.791102  0.387942  0.425486 0.0592616  0.00220935   0.0007256 -0.00530801   0.0116542 -0.00918057  0.00471272 1 0 0 6646
             81.7902  0.27112   12.669 -33.3338  29.0818  32.0008 0.791102  0.387942  0.425486 0.0592616  0.00220935   0.0007256 -0.00530801   0.0116542 -0.00918057  0.00471272 1 0 0 0
             81.8901 -0.687326    12.518  -34.1054  29.122 32.0452 0.78223  0.402955  0.490537 -0.131499  0.00223801 0.000716808 -0.00529076   0.0111556 -0.00917636  0.00589076 1 0 0 6822
             81.8901 -0.687326    12.518  -34.1054  29.122 32.0452 0.78223  0.402955  0.490537 -0.131499  0.00223801 0.000716808 -0.00529076   0.0111556 -0.00917636  0.00589076 1 0 0 0
             81.9904 -1.74483  12.7241 -33.8879  29.1717  32.1016 0.763334  0.493612  0.611351 -0.179443  0.00223815 0.000713894 -0.00531047  0.0102531 -0.0101346 0.00617411 1 0 0 6935
             81.9904 -1.72589  12.7252 -33.8825 29.1742 32.1027 0.76436  0.521213  0.623449 -0.167545  0.00223391 0.000712645  -0.0053113  0.0101085 -0.0104352 0.00599217 1 0 0 0
             82.0904 -1.57914  12.4579 -33.1616  29.2258   32.165 0.746178 0.510903 0.635131    -0.14  0.00219842 0.000718684 -0.00534323 0.00971555 -0.0101517 0.00653928 1 0 0 6918
             82.0904 -1.51189  12.4021 -33.2317  29.2203  32.1619 0.755958   0.451949   0.600474 -0.0443495 0.00216764 0.00073618 -0.0053239   0.0102791 -0.00940922  0.00552653 1 0 0 0
             82.1901 -0.202984   11.8573  -34.5721  29.2639  32.2185 0.754889  0.483991  0.550941 0.0464039  0.00215577 0.000732115 -0.00529971   0.0104611 -0.00898509   0.0059092 1 0 0 6667
             82.1901 -0.216769   11.7992  -34.5742 29.2655 32.2133 0.76178 0.503225 0.493548 0.115361  0.00215695 0.000746388 -0.00530028   0.0100882 -0.00853871  0.00500484 1 0 0 0
             82.2904 0.700006  13.2091 -34.7889   29.319  32.2665 0.770555  0.510723   0.52275 0.0957287  0.00218873 0.000676716  -0.0053302   0.0104226 -0.00926757  0.00572838 1 0 0 6686
             82.2904 0.700006  13.2091 -34.7889   29.319  32.2665 0.770555  0.510723   0.52275 0.0957287  0.00218873 0.000676716  -0.0053302   0.0104226 -0.00926757  0.00572838 1 0 0 0
             82.3903  1.25999  12.1543 -36.4815  29.3557   32.317 0.768928   0.343445   0.480187 -0.0662834  0.00218054 0.000771881 -0.00529031   0.0111784 -0.00882599  0.00683357 1 0 0 6521
             82.3903  1.19822  12.1584 -36.4992  29.3546  32.3197 0.779307  0.334508  0.510221 0.0365813  0.00220066 0.000771542 -0.00528374   0.0117335 -0.00904723  0.00570796 1 0 0 0
             82.4901 0.575616  13.2168 -36.5113  29.3951  32.3639 0.772701   0.411489   0.396008 -0.0818268  0.00224263 0.000715068 -0.00532383   0.0109595 -0.00914281  0.00637033 1 0 0 6520
             82.4901 0.691397  13.1966 -36.5158  29.4028  32.3559 0.768538 0.493043 0.302963 -0.12342  0.00220414 0.000715185 -0.00532347  0.00946084 -0.00887767  0.00653678 1 0 0 0
             82.5904 -0.216147   13.1448  -38.3533  29.4474  32.3942 0.758195  0.436576  0.384867 -0.111998  0.00221766 0.000726229 -0.00529857   0.0106794 -0.00983056  0.00649822 1 0 0 6715
             82.5904 -0.222145    13.114   -38.356 29.4484 32.3953 0.75879  0.448277  0.398397 -0.105628  0.00222034 0.000735425 -0.00529775  0.0106857 -0.0100396  0.0064244 1 0 0 0
             82.6903 -0.025803   13.1395  -39.0675  29.4893  32.4359 0.746684  0.436217  0.405609 -0.139166  0.00219319 0.000735398 -0.00531897  0.0114959 -0.0097559  0.0066122 1 0 0 6553
             82.6903 0.0141883   13.0523  -39.0655  29.4897   32.435 0.744753  0.438622  0.393647 -0.158639  0.00218056 0.000761626 -0.00531965   0.0113264 -0.00967235  0.00681241 1 0 0 0
             82.7901 -0.506604   12.9631  -39.8511  29.5403  32.4762 0.729304  0.561613  0.401127 -0.145038  0.00220941 0.000718917 -0.00533819  0.0113046 -0.0102079 0.00671742 1 0 0 6524
             82.7901 -0.551593   12.7852  -39.8703  29.5385  32.4648 0.744914   0.55011  0.260385 0.0219066  0.00221519 0.000771674 -0.00533244   0.0107754 -0.00887658  0.00456082 1 0 0 0
             82.8904 -0.682265   12.8691  -40.9124  29.5987  32.4913 0.751298  0.62212 0.246995 0.112349  0.00220868 0.000737201 -0.00532015   0.0111046 -0.00931857  0.00457272 1 0 0 6614
             82.8904 -0.635843   12.8716  -40.8927  29.5988   32.492 0.755243 0.625218 0.255469 0.153548  0.00219638 0.000737206 -0.00532599   0.0112507 -0.00941507      0.0041 1 0 0 0
             82.9902  1.94074  14.0608 -40.5051  29.6595  32.5153 0.766841 0.594789 0.231708 0.177432  0.00215321 0.000715608 -0.00535511   0.0110581 -0.00904294  0.00527922 1 0 0 6537
             82.9902  1.87382  14.1317 -40.4766   29.656  32.5158 0.766562 0.553761 0.239301 0.172764  0.00217408 0.000697154 -0.00536286   0.0114475 -0.00877855  0.00542768 1 0 0 0
             83.0901  2.70744  14.1237 -40.2786  29.7075  32.5398 0.782059 0.456031 0.233553 0.124096  0.00218642 0.000728523 -0.00535127  0.0112092 -0.0087305 0.00582833 1 0 0 6418
             83.0901  2.70744  14.1237 -40.2786  29.7075  32.5398 0.782059 0.456031 0.233553 0.124096  0.00218642 0.000728523 -0.00535127  0.0112092 -0.0087305 0.00582833 1 0 0 0
             83.1904  2.77639  12.5092 -39.6964  29.7566  32.5622 0.781742    0.48353    0.19822 -0.0518751  0.00221692 0.000793656 -0.00535446   0.0103879 -0.00905625  0.00639462 1 0 0 6446
             83.1904   2.7832  12.5507 -39.7063 29.7613 32.5711 0.77953   0.535114   0.306119 -0.0743058  0.00221771 0.000783467 -0.00534795  0.0107212  -0.010389 0.00683037 1 0 0 0
             83.2902   2.0271  12.8556 -40.5223   29.815  32.5995 0.767991  0.525561  0.271053 -0.109911  0.00224554 0.000732053 -0.00531202  0.0103983 -0.0104529 0.00723847 1 0 0 6375
             83.2902  1.98762  12.7599 -40.6026 29.8176  32.591 0.78532  0.564351  0.169534 0.0653676  0.00225051 0.000755203 -0.00528939   0.0097516 -0.00998917  0.00492138 1 0 0 0
             83.3901 1.62526 12.1577 -41.847  29.8638  32.6109 0.785843    0.44913    0.23288 -0.0314309  0.00221404 0.000766344 -0.00530404   0.0107152 -0.00933303  0.00569027 1 0 0 6523
             83.3901  1.60678   12.215 -41.8145  29.8641  32.6148 0.785392   0.450996   0.277469 -0.0358097  0.00222404 0.000749562 -0.00531294    0.011039 -0.00972402  0.00583196 1 0 0 0
             83.4904 0.679421  12.4495  -42.145  29.9043  32.6469 0.776046  0.379082  0.372731 -0.110459  0.00225055 0.000750603  -0.0053357   0.0113488 -0.00930425  0.00639162 1 0 0 6537
             83.4904 0.679421  12.4495  -42.145  29.9043  32.6469 0.776046  0.379082  0.372731 -0.110459  0.00225055 0.000750603  -0.0053357   0.0113488 -0.00930425  0.00639162 1 0 0 0
             83.5902 -0.00423184     11.9826    -41.5172  29.9411  32.6899 0.758564  0.359467  0.486823 -0.199977  0.00224125 0.000751395 -0.00537043   0.0112215 -0.00929893  0.00693529 1 0 0 6487
             83.5902 0.0361013   11.9206  -41.5137  29.9472  32.6958 0.763956  0.432128  0.557911 -0.138999  0.00223482 0.000770168 -0.00536894  0.0113528 -0.0105031 0.00622927 1 0 0 0
             83.6901 -0.319506   12.0003  -40.4647   29.991  32.7513 0.750529   0.465088   0.556284 -0.0879848  0.00225007 0.000731821 -0.00538535  0.0111429 -0.0101648 0.00639842 1 0 0 6476
             83.6901 -0.356074   11.9053  -40.5762  30.0003  32.7341 0.760575  0.580302  0.352841 0.0175004  0.00225307 0.000747827 -0.00534944  0.00882756 -0.00937392  0.00463632 1 0 0 0
             83.7904 0.350647  11.4082 -41.0035  30.0482  32.7748 0.764959  0.493121  0.390413 0.0966353  0.00221457 0.000783243 -0.00534115   0.0108196 -0.00876218    0.005676 1 0 0 6753
             83.7904 0.370921  11.4575 -40.9141  30.0436  32.7772 0.763968  0.440865  0.416454 0.0850761  0.00221267 0.000771378 -0.00536809   0.011433 -0.0085749 0.00594672 1 0 0 0
             83.8903 0.386148  12.4449 -41.6337  30.083 32.8238 0.77261 0.337843 0.445371  0.07472  0.00223809 0.000736746   -0.005343  0.0123723 -0.0090816 0.00632221 1 0 0 6616
             83.8903 0.360106  12.3692 -41.6786  30.0873  32.8132 0.780314 0.388962 0.325828 0.153982  0.00223822 0.000751451 -0.00533135   0.0111977 -0.00847307  0.00511079 1 0 0 0
             83.9901 1.43669 11.3133 -43.023  30.1179   32.853 0.786643 0.290692 0.383147 0.011608  0.00221621 0.000773611 -0.00532767   0.0123059 -0.00907607  0.00584171 1 0 0 6630
             83.9901  1.43143  11.3775 -42.9488  30.1129  32.8675 0.780975   0.234269   0.551142 -0.0469724  0.00222755 0.000760938  -0.0053453  0.0139835 -0.0100283 0.00692506 1 0 0 0
             84.0904 0.748998  12.9416 -42.8205  30.1521  32.9093 0.767213   0.41693  0.356215 -0.134826  0.00228004 0.000645678 -0.00536969  0.0117251 -0.0103807 0.00728197 1 0 0 6687
             84.0904 0.775482  12.8262 -42.8617 30.1579 32.8988 0.77385   0.489269   0.231383 -0.0610773   0.0022673 0.000674561 -0.00535912   0.0102629 -0.00998433  0.00606626 1 0 0 0
             84.1903 0.053019  12.7574 -44.3361  30.2124  32.9199 0.766136   0.552488   0.198304 -0.0862581  0.00226571 0.000718414 -0.00531435 0.00954402 -0.0105217 0.00611002 1 0 0 6582
             84.1903 0.0874235   12.7296  -44.3064  30.2122    32.92 0.773922    0.555164    0.199726 -0.00416851  0.00225842 0.000727159 -0.00532303 0.00974156 -0.0105715 0.00515006 1 0 0 0
             84.2901 0.144699  12.5616 -44.5291  30.2632  32.9404 0.766638  0.522417  0.204675 -0.105402  0.00223433 0.000738405 -0.00537187  0.0103856 -0.0100237 0.00583694 1 0 0 6760
             84.2901  0.18241  12.5165 -44.5363 30.2648 32.9377  0.7647  0.541043  0.171437 -0.125146  0.00222116 0.000748732 -0.00536993  0.00990733 -0.00992124  0.00596978 1 0 0 0
             84.3903 0.188185  12.4368 -44.4879  30.3169  32.9635 0.752849  0.563307  0.264901 -0.109487  0.00225005  0.00075185 -0.00539646  0.0114507 -0.0101311 0.00623325 1 0 0 6702
             84.3903 0.190065  12.3923 -44.5006  30.3179  32.9608 0.753154  0.575773  0.231752 -0.105356  0.00224719 0.000762218 -0.00539268   0.0110809 -0.00997603  0.00610147 1 0 0 0
             84.4903 -0.460289   12.9886  -45.1888  30.3714   32.981 0.744309   0.536008     0.1911 -0.0475898  0.00225187 0.000748029 -0.00537861   0.0117693 -0.00913338  0.00668628 1 0 0 6576
             84.4903 -0.388619   12.9319  -45.1343  30.3707  32.9774 0.750289  0.533004  0.145893 0.0170839  0.00222916 0.000762856 -0.00539449    0.011574 -0.00876149   0.0058541 1 0 0 0
             84.5901  2.59278  13.3697 -43.9869  30.4235  32.9962 0.753243 0.540074 0.219308 0.076763  0.00215748 0.000745137 -0.00542431   0.0117334 -0.00888892  0.00643956 1 0 0 6723
             84.5901  2.60302  13.3802 -43.9223  30.4205  33.0073 0.757553 0.505542 0.354372 0.121533  0.00216722 0.000757162 -0.00544023   0.0132368 -0.00964023  0.00623214 1 0 0 0
             84.6899  3.49162  13.7928 -42.2112  30.4814  33.0366 0.766409  0.611381  0.277361 0.0893797  0.00224229  0.00070391 -0.00543817   0.0116587 -0.00975669  0.00647713 1 0 0 6376
             84.6899  3.48688  13.8377 -42.2238   30.482  33.0386 0.769399 0.620168 0.300358 0.120686   0.0022447 0.000691962 -0.00543315  0.0118698 -0.0100277 0.00615628 1 0 0 0
             84.7902   2.6941  12.4134 -41.3678  30.5445  33.0574 0.773039    0.56632   0.175653 -0.0164444   0.0022709 0.000745074 -0.00540302  0.00997065 -0.00952886  0.00609573 1 0 0 6547
             84.7902   2.6856  12.4377 -41.3175  30.5423  33.0589 0.776041   0.54381  0.194085 0.0134906  0.00227633 0.000738923 -0.00541754   0.0103903 -0.00951416  0.00582711 1 0 0 0
             84.8901  2.76014  12.9983 -39.7821  30.6029  33.0732 0.771841  0.613376  0.119288 -0.040985   0.0022766 0.000704299 -0.00543639  0.00933234 -0.00990744  0.00601063 1 0 0 6434
             84.8901  2.67863   12.951 -39.7699  30.5998  33.0719 0.777684  0.581229  0.105017 0.0178166   0.0022998 0.000718904 -0.00544183  0.00964085 -0.00955487  0.00533995 1 0 0 0
               84.99   1.5188   12.739 -40.8045  30.6584  33.0899 0.779954 0.573121 0.202594 0.021441  0.00229649 0.000749456 -0.00537603  0.0102112 -0.0104047 0.00555674 1 0 0 6415
               84.99 1.54649 12.7227 -40.747 30.6584 33.0862 0.77789      0.57208     0.157926 -0.000806894  0.00228853 0.000750681 -0.00539347 0.00982127 -0.0100036 0.00572153 1 0 0 0
             85.0903  1.69975  12.6797 -41.1247  30.7089  33.1177 0.770926  0.494569  0.370072 -0.113915  0.00226095 0.000752677 -0.00540494  0.0114167 -0.0106653 0.00649706 1 0 0 6573
             85.0903  1.67354  12.6863 -41.0662   30.705  33.1203 0.774254   0.451034   0.401151 -0.0798143  0.00227277 0.000754237  -0.0054231  0.0121146 -0.0105935 0.00623301 1 0 0 0
             85.1901 0.394064  12.7401 -41.4409  30.7485  33.1669 0.760156  0.426565  0.518294 -0.158027  0.00230827 0.000746764 -0.00540693  0.0124097 -0.0105798 0.00665559 1 0 0 6483
             85.1901 0.394064  12.7401 -41.4409  30.7485  33.1669 0.760156  0.426565  0.518294 -0.158027  0.00230827 0.000746764 -0.00540693  0.0124097 -0.0105798 0.00665559 1 0 0 0
             85.2899 0.431691  12.7996 -41.1115  30.7907  33.2185 0.744552  0.408032  0.532989 -0.105039  0.00226711 0.000722903  -0.0054378  0.0118925 -0.0103414 0.00696659 1 0 0 6687
             85.2899 0.407097  12.7103 -41.1543  30.7907  33.2091 0.766559 0.415043 0.423231 0.131476   0.0022678  0.00074538 -0.00542469   0.0115904 -0.00949325  0.00397116 1 0 0 0
             85.3903  2.46558  11.8877 -42.0239  30.8378  33.2508 0.780997 0.515841 0.416618 0.204779  0.00221815 0.000785124 -0.00539164   0.0111075 -0.00955333    0.004668 1 0 0 6512
             85.3903  2.49906  11.9569 -41.9732  30.8358  33.2508 0.766524  0.486957  0.419806 0.0526136  0.00221067 0.000764915 -0.00540582   0.0109752 -0.00933788    0.006523 1 0 0 0
             85.4901  2.82675  12.5227 -42.3938   30.885  33.2974 0.770275  0.451721  0.479555 0.0213802  0.00226578 0.000734237  -0.0054027   0.0111417 -0.00968608     0.00692 1 0 0 6399
             85.4901 2.76934 12.5073 -42.355  30.8809  33.2942 0.778578 0.406683 0.443147 0.107112  0.00228173 0.000740115 -0.00541544   0.0114321 -0.00905325  0.00589895 1 0 0 0
               85.59  3.01224  11.2155 -42.6696  30.9206  33.3415 0.780512   0.396188   0.449805 -0.0372884  0.00226792 0.000785219 -0.00540713   0.0114074 -0.00968868   0.0062759 1 0 0 6598
               85.59  3.03991  11.2753 -42.6434  30.9188  33.3532 0.777391   0.374195   0.589498 -0.0715839  0.00226319  0.00076961 -0.00541247   0.012655 -0.0106406 0.00702351 1 0 0 0
             85.6902  1.32351  12.7635 -41.6313  30.9686  33.3998 0.765046  0.506914  0.399728 -0.124703  0.00232153 0.000716582 -0.00544444  0.0109429 -0.0110208 0.00708126 1 0 0 6455
             85.6902  1.36644  12.6954 -41.6384   30.967  33.3955 0.767974  0.490498  0.350454 -0.094858  0.00230652 0.000736555 -0.00544255  0.0107374 -0.0104931 0.00663923 1 0 0 0
             85.7903 0.998537  12.7427 -42.1414  31.0209    33.43 0.757872   0.54034  0.330353 -0.111202  0.00228983 0.000741141 -0.00542366  0.0101207 -0.0113384 0.00663745 1 0 0 6461
             85.7903 0.987313  12.6561  -42.128  31.0194  33.4267 0.773679  0.528587  0.294014 0.0541871  0.00229345  0.00076711 -0.00542769  0.0103419 -0.0109851 0.00462643 1 0 0 0
               85.89 0.592664  12.5823 -42.2088  31.0694  33.4552 0.771443   0.538247   0.288602 -0.0543372  0.00230779 0.000744906 -0.00542484  0.0108767 -0.0103602 0.00525997 1 0 0 6460
               85.89 0.592664  12.5823 -42.2088  31.0694  33.4552 0.771443   0.538247   0.288602 -0.0543372  0.00230779 0.000744906 -0.00542484  0.0108767 -0.0103602 0.00525997 1 0 0 0
             85.9903 -0.264596   13.2016  -41.8123  31.1212  33.4899 0.764808   0.531626   0.372626 -0.0488169  0.00232565 0.000739747 -0.00543471  0.0118103 -0.0102485 0.00577028 1 0 0 6546
             85.9903 -0.258841   13.2216  -41.8247 31.1222   33.49 0.76156   0.541869     0.3731 -0.0842971  0.00232366 0.000733134 -0.00543081  0.0116395 -0.0103327 0.00617198 1 0 0 0
             86.0901 -1.03295  12.6165 -41.9185  31.1767  33.5284 0.754372    0.56964   0.377422 -0.0499681  0.00232436 0.000782055 -0.00542234  0.0120856 -0.0103366 0.00649383 1 0 0 6444
             86.0901 -1.03295  12.6165 -41.9185  31.1767  33.5284 0.754372    0.56964   0.377422 -0.0499681  0.00232436 0.000782055 -0.00542234  0.0120856 -0.0103366 0.00649383 1 0 0 0
             86.1902  1.63826  13.7374 -40.2093 31.2342 33.5636 0.75212   0.59119  0.348462 0.0266319  0.00220143 0.000725143 -0.00548981    0.011951 -0.00996146  0.00669566 1 0 0 6423
             86.1902  1.70523    13.68 -40.2699  31.2395  33.5618 0.747191   0.648578   0.326529 -0.0236885  0.00218731 0.000717177 -0.00547172   0.011238 -0.0102333 0.00710415 1 0 0 0
             86.2899  2.93073  15.5428 -37.8164 31.2998 33.5922 0.74781  0.554092  0.284372 0.0252629  0.00224078 0.000679867 -0.00550586   0.0113061 -0.00977324  0.00736343 1 0 0 6298
             86.2899  2.91475  15.3611 -37.9243  31.3105  33.5839 0.759918 0.677035 0.189946 0.152818  0.00224467 0.000675693 -0.00548066   0.0100222 -0.00995242  0.00559273 1 0 0 0
             86.3902  2.24283  13.4198 -38.4416  31.357 33.6084 0.77311  0.389389   0.23085 0.0752061  0.00226972 0.000801763 -0.00543941   0.0120213 -0.00954893  0.00601928 1 0 0 6388
             86.3902  2.27961  13.3692 -38.4206  31.3556  33.6093 0.770195   0.37167  0.240641 0.0438615  0.00225791 0.000823199 -0.00544622   0.0121346 -0.00948836  0.00641282 1 0 0 0
             86.4901  2.73808  13.8761 -38.5256  31.3836  33.6327 0.772197  0.267506  0.214616 -0.001856  0.00223805  0.00077366 -0.00542934   0.0133394 -0.00907691  0.00654464 1 0 0 6381
             86.4901 2.64873   13.71 -38.688  31.3959    33.63 0.772997  0.414034  0.181146 0.0110932  0.00227382 0.000779281 -0.00538327  0.0119463 -0.0098423 0.00609755 1 0 0 0
             86.5899  1.74634  13.2973 -40.7181  31.4329  33.6561 0.775219   0.363697   0.297313 0.00823441  0.00231362 0.000784029 -0.00538003  0.0129864 -0.0101696   0.006171 1 0 0 6235
             86.5899  1.74634  13.2973 -40.7181  31.4329  33.6561 0.775219   0.363697   0.297313 0.00823441  0.00231362 0.000784029 -0.00538003  0.0129864 -0.0101696   0.006171 1 0 0 0
             86.6902 0.777057  12.6007 -42.6985  31.4704  33.6903 0.770479   0.379118   0.400939 -0.0747869  0.00229831 0.000780799 -0.00537767  0.0127473 -0.0101903 0.00644934 1 0 0 6352
             86.6902 0.777057  12.6007 -42.6985  31.4704  33.6903 0.770479   0.379118   0.400939 -0.0747869  0.00229831 0.000780799 -0.00537767  0.0127473 -0.0101903 0.00644934 1 0 0 0
             86.7914 -0.0480956    11.9679   -42.8298  31.5157  33.7349 0.761295   0.451755   0.508637 -0.0829045  0.00231697 0.000769001  -0.0054335  0.0118582 -0.0105406  0.0063716 1 0 0 6214
             86.7914 -0.0284033    11.9771   -42.8155  31.5151  33.7357 0.761347   0.444316   0.517282 -0.0824278  0.00231243 0.000768895 -0.00543821  0.0119816 -0.0105513 0.00639297 1 0 0 0
              86.892 0.254464  10.6625 -42.0639   31.563  33.7889 0.749976   0.481916   0.560343 -0.0752349  0.00228197  0.00078407 -0.00544529  0.0109063 -0.0104475 0.00696572 1 0 0 6296
              86.892 0.281394  10.5724  -42.118   31.567  33.7906 0.753318   0.530477   0.580042 -0.0373915  0.00227357 0.000809879 -0.00542711  0.0107588 -0.0110245 0.00646343 1 0 0 0
             86.9903 0.976808  9.78974 -41.9594  31.6252   33.853 0.756794  0.642883  0.635802 0.0918003  0.00229219 0.000752565 -0.00544386  0.0111446 -0.0116863 0.00636594 1 0 0 6109
             86.9903 0.976808  9.78974 -41.9594  31.6252   33.853 0.756794  0.642883  0.635802 0.0918003  0.00229219 0.000752565 -0.00544386  0.0111446 -0.0116863 0.00636594 1 0 0 0
             87.0902 0.697785  10.9514 -41.5233  31.6795  33.9086 0.764132  0.479212  0.533068 0.0526413  0.00230342 0.000711286 -0.00543634    0.01134 -0.0101708 0.00683165 1 0 0 6172
             87.0902 0.592593  10.8082 -41.4716  31.6729  33.8967 0.769875 0.406753 0.394237 0.114952  0.00233919 0.000755787 -0.00545184   0.0109184 -0.00838677  0.00595512 1 0 0 0
             87.1902 0.963485   9.9301 -41.8652 31.7058 33.9415 0.77749 0.294204 0.421265 0.018142  0.00231978 0.000752109 -0.00541568   0.0119008 -0.00907841  0.00594214 1 0 0 6316
             87.1902  1.00099  10.0072 -41.8035  31.7027   33.948 0.782459  0.258121  0.499689 0.0699312  0.00231298 0.000730951 -0.00543311   0.0129665 -0.00946431  0.00549826 1 0 0 0
               87.29 0.0238197   11.1668  -40.6549 31.7352 33.9921 0.78547  0.340302   0.38944 0.0229703  0.00238922 0.000702215 -0.00544589   0.0124179 -0.00986423  0.00555436 1 0 0 6220
               87.29 -0.0631341    11.3097   -40.6517  31.7308  33.9969 0.777922   0.285872   0.447184 -0.0596703  0.00241534 0.000660168 -0.00544671   0.0131961 -0.00989057  0.00670858 1 0 0 0
             87.3905 -0.601329   11.5299  -40.8414  31.7748  34.0349 0.772379   0.455566   0.354895 -0.0428685  0.00234615 0.000712388 -0.00543638  0.0109123 -0.0108863 0.00630482 1 0 0 6277
             87.3905 -0.601329   11.5299  -40.8414  31.7748  34.0349 0.772379   0.455566   0.354895 -0.0428685  0.00234615 0.000712388 -0.00543638  0.0109123 -0.0108863 0.00630482 1 0 0 0
             87.4903 -0.998341   11.4387    -40.11  31.8258  34.0675 0.761107  0.541382  0.315352 -0.139313  0.00234506 0.000699958 -0.00545361  0.0102942 -0.0109738 0.00673202 1 0 0 6265
             87.4903 -0.998341   11.4387    -40.11  31.8258  34.0675 0.761107  0.541382  0.315352 -0.139313  0.00234506 0.000699958 -0.00545361  0.0102942 -0.0109738 0.00673202 1 0 0 0
               87.59 -1.63823  11.7579 -39.1797  31.8823  34.1036 0.749271  0.610433  0.375508 -0.120783   0.0023522 0.000688627 -0.00545861  0.0107616 -0.0113692 0.00644867 1 0 0 6142
               87.59 -1.72274  11.6859 -39.1472 31.8725 34.0992 0.75851   0.500793   0.326155 -0.0237398  0.00237404 0.000713006 -0.00546891  0.0115435 -0.0100305 0.00543509 1 0 0 0
             87.6903 -2.60459  11.5158 -38.5916  31.9301   34.134 0.754835   0.635825   0.328325 -0.0233706  0.00236797 0.000731878  -0.0054457  0.0117793 -0.0105328 0.00572305 1 0 0 6363
             87.6903 -2.60459  11.5158 -38.5916  31.9301   34.134 0.754835   0.635825   0.328325 -0.0233706  0.00236797 0.000731878  -0.0054457  0.0117793 -0.0105328 0.00572305 1 0 0 0
             87.7916 -1.26347   12.532 -38.2722  31.9998  34.1697 0.756706  0.711805  0.341644 0.0708471  0.00229588 0.000703491 -0.00545802  0.0120627 -0.0112457  0.0056003 1 0 0 6252
             87.7916 -1.25474  12.6329 -38.2576  31.9935  34.1642 0.754479  0.639082  0.277636 0.0455773  0.00228543 0.000673686 -0.00546312  0.0121762 -0.0101372 0.00599506 1 0 0 0
             87.8901   1.7356  14.0979 -37.2449  32.0602  34.1894 0.764878 0.685073 0.233237 0.159708  0.00229628 0.000670078 -0.00548759  0.0119682 -0.0102817 0.00604866 1 0 0 5795
             87.8901  1.73318  14.0973 -37.2625   32.063  34.1837 0.761002 0.718076 0.163777 0.118691  0.00229061 0.000658143 -0.00548532   0.0110883 -0.00992743  0.00635938 1 0 0 0
             87.9903   2.3274  13.6696 -38.2636  32.126 34.2015  0.7717  0.563987  0.163271 0.0896317  0.00230142 0.000757102 -0.00543064  0.0118724 -0.0102249 0.00660053 1 0 0 5835
             87.9903  2.28805  13.6829 -38.2757  32.1226  34.2045 0.770512   0.52562  0.199086 0.0763109  0.00231227  0.00075511 -0.00542502  0.0124351 -0.0102559 0.00691259 1 0 0 0
             88.0902  3.29067  13.0873 -38.8413  32.1713  34.2238 0.774936   0.47214  0.172679 0.0151177  0.00230291 0.000765778  -0.0054336  0.0127032 -0.0104364 0.00704689 1 0 0 5819
             88.0902   3.0521  13.2962 -38.9338  32.1642  34.2134 0.786302  0.398278 0.0461568  0.136139  0.00236491 0.000702026 -0.00540582   0.0128066 -0.00876178  0.00546675 1 0 0 0
               88.19   3.3204  12.7284 -41.3884   32.209  34.2212 0.796442  0.455966 0.0854037 0.0871965  0.00232991  0.00076743 -0.00537833    0.012722 -0.00968095  0.00572298 1 0 0 5822
               88.19  3.25712  12.7357 -41.3949  32.2093  34.2226 0.795178  0.459239  0.102873 0.0731961  0.00234978 0.000764881 -0.00537588   0.0127881 -0.00984634  0.00592419 1 0 0 0
             88.2903   2.6166  12.5352 -43.7024 32.2626 34.2402 0.79667  0.530724  0.221462 -0.020657  0.00233089 0.000768307 -0.00538944  0.0123985 -0.0110255 0.00621297 1 0 0 5954
             88.2903  2.45168  12.8282 -43.7009  32.2544  34.2575 0.781434  0.433944  0.435214 -0.186712  0.00239184 0.000682333 -0.00538487  0.0145241  -0.011897 0.00883287 1 0 0 0
             88.3901  2.21967  13.1547 -44.5211  32.3119   34.294 0.758395  0.590144    0.3964 -0.230294  0.00232404 0.000692537 -0.00543063  0.0117855 -0.0121741 0.00863272 1 0 0 5885
             88.3901  2.31728  13.0313 -44.6385  32.3243  34.2872 0.769221  0.735228  0.313039 -0.110786 0.00228313 0.00072191 -0.0053932  0.0102283 -0.0128383 0.00682745 1 0 0 0
             88.4907  2.41637  12.5741 -44.1892  32.3944  34.3202 0.757736  0.715823  0.376013 -0.116252  0.00230065 0.000721084 -0.00546443  0.0102732  -0.011945 0.00685954 1 0 0 5803
             88.4907  2.35803  12.4828 -44.2259  32.3927  34.3046 0.760086   0.698711    0.19024 -0.0924544  0.00230742 0.000742194 -0.00545605  0.0088763 -0.0103136 0.00618222 1 0 0 0
             88.5903  1.41945  11.8544 -44.0134   32.448  34.3425 0.755229   0.551144   0.452491 -0.0302334  0.00232821 0.000760826  -0.0054706   0.0120577 -0.00996397  0.00653123 1 0 0 5748
             88.5903  1.41945  11.8544 -44.0134   32.448  34.3425 0.755229   0.551144   0.452491 -0.0302334  0.00232821 0.000760826  -0.0054706   0.0120577 -0.00996397  0.00653123 1 0 0 0
             88.6901  2.05141  10.8756 -43.0463  32.4949  34.3998 0.760703  0.485312  0.598095 0.0930659  0.00230297 0.000790753  -0.0054988   0.0144462 -0.00999121  0.00638458 1 0 0 5759
             88.6901  1.98579  10.9187 -43.0572  32.4966  34.4079 0.758617  0.500097  0.694379 0.0707816 0.00232763 0.00078201 -0.0054938    0.01509 -0.0108868 0.00681685 1 0 0 0
               88.79 0.167029  11.7801 -42.3158  32.5477  34.4706 0.767001 0.447345 0.588533 0.081949  0.00238574 0.000718195 -0.00549072  0.0142591 -0.0108619 0.00668853 1 0 0 5872
               88.79 0.0951192   11.7109  -42.3562   32.548  34.4619 0.769666 0.452599 0.484326 0.110572  0.00240395 0.000735415 -0.00547848  0.0134085 -0.0100459 0.00614158 1 0 0 0
             88.8903 -0.218464   10.7666  -41.5296  32.5931  34.5009 0.774577  0.427992  0.328337 0.0138733  0.00235872 0.000741318 -0.00550425  0.0120084 -0.0098889 0.00639952 1 0 0 6021
             88.8903 -0.218464   10.7666  -41.5296  32.5931  34.5009 0.774577  0.427992  0.328337 0.0138733  0.00235872 0.000741318 -0.00550425  0.0120084 -0.0098889 0.00639952 1 0 0 0
             88.9902 -0.326927   12.1502  -41.0941  32.6405  34.5276 0.773668   0.464876   0.252108 -0.0202199  0.00236645 0.000688121 -0.00549294  0.0111479 -0.0103507 0.00626641 1 0 0 5819
             88.9902 -0.326927   12.1502  -41.0941  32.6405  34.5276 0.773668   0.464876   0.252108 -0.0202199  0.00236645 0.000688121 -0.00549294  0.0111479 -0.0103507 0.00626641 1 0 0 0
             89.0907 0.056218  12.3725  -40.464  32.6891  34.5555 0.767505   0.523382   0.293707 -0.0840802  0.00233926 0.000711575 -0.00550389  0.0113157 -0.0103909 0.00650662 1 0 0 5883
             89.0907 0.102542   12.401  -40.495  32.6887  34.5558 0.762556  0.517514   0.29677 -0.139285  0.00232303  0.00070302 -0.00549441  0.0112566 -0.0103794  0.0071832 1 0 0 0
             89.1904 -0.611938   13.0946  -40.1661 32.7403 34.5934 0.74907  0.539245  0.410495 -0.139266  0.00235644 0.000704491 -0.00549989  0.0121195 -0.0106819 0.00724988 1 0 0 5836
             89.1904 -0.771274   13.0584   -40.188 32.7386 34.5871 0.75444 0.521228 0.337153 -0.08032  0.00239825 0.000712515 -0.00549328   0.0118484 -0.00988286  0.00646112 1 0 0 0
             89.2904 -1.51095  12.3731 -40.3714  32.7917  34.6303 0.746059    0.55828   0.455665 -0.0845391   0.0023852 0.000740334 -0.00549038  0.0128086 -0.0106577 0.00658474 1 0 0 5929
             89.2904 -1.47105  12.4139 -40.3611  32.7887  34.6395 0.747053   0.523517    0.56689 -0.0745534  0.00237768 0.000734938 -0.00549472  0.0140051 -0.0113681 0.00672189 1 0 0 0
               89.39 -0.78905  12.7688 -39.6268  32.8518  34.6902 0.738552   0.687332   0.491217 -0.0453455  0.00235388 0.000697737 -0.00552334   0.012796 -0.0114482 0.00701924 1 0 0 5768
               89.39 -0.795861   12.7064  -39.7001  32.8572  34.6836 0.735132   0.750858   0.411929 -0.0833959  0.00235035 0.000710131 -0.00550048  0.0115265 -0.0112624   0.007222 1 0 0 0
             89.4903   1.0689  14.9927 -37.6815  32.9358  34.7261 0.736685 0.776041 0.422057 0.124612  0.00232218 0.000672171  -0.0055429  0.0113023 -0.0114117 0.00728296 1 0 0 5940
             89.4903  1.01096  14.9529 -37.7188  32.9348  34.7104 0.740395 0.768977 0.237744 0.162794  0.00233062 0.000675423 -0.00553195   0.0100687 -0.00971261   0.0065518 1 0 0 0
             89.5902  1.86713  14.3436 -36.8898  32.9918  34.7465 0.759274 0.478739 0.372531 0.150408  0.00232429 0.000761391 -0.00553003  0.0124217 -0.0101086  0.0070148 1 0 0 5693
             89.5902  1.81749  14.3463 -36.8747  32.9882  34.7407 0.767282 0.440062 0.306331 0.234001  0.00233668 0.000757496 -0.00553476   0.0125514 -0.00922848  0.00597956 1 0 0 0
             89.6905   1.9721  12.5559 -35.3536  33.0307  34.7802 0.785458 0.435538 0.362158 0.120955  0.00236359 0.000822276 -0.00552942   0.013611 -0.0104285 0.00604375 1 0 0 5644
             89.6905  1.93969  12.6648 -35.3188 33.0315 34.7788 0.76909  0.441527  0.344687 -0.052907  0.00237482 0.000788279 -0.00553975  0.0128913 -0.0102395 0.00804974 1 0 0 0
             89.7904 0.874505  13.0475 -36.7077 33.0741 34.8187 0.76495   0.415154   0.411702 -0.0524426  0.00240009 0.000720729 -0.00543418  0.0137347 -0.0110039 0.00793103 1 0 0 5725
             89.7904 0.847663  13.0103 -36.7548  33.0743   34.827 0.777227  0.419596  0.507785 0.0777269  0.00241093 0.000738025 -0.00541896  0.0147115 -0.0119977 0.00656316 1 0 0 0
             89.8904 0.138203  12.7771 -37.7697  33.1245  34.8733 0.777973     0.5081   0.497111 -0.0404457   0.0023854 0.000716539 -0.00543914   0.013006 -0.0119794  0.0065611 1 0 0 5647
             89.8904 0.138203  12.7771 -37.7697  33.1245  34.8733 0.777973     0.5081   0.497111 -0.0404457   0.0023854 0.000716539 -0.00543914   0.013006 -0.0119794  0.0065611 1 0 0 0
             89.9901   -1.115  12.8263 -37.7661  33.1822  34.9172 0.767212  0.579427  0.472585 -0.122398  0.00242428 0.000701765 -0.00548692  0.0111699 -0.0114777 0.00668242 1 0 0 5704
             89.9901 -1.14182  12.8306  -37.876  33.1748  34.9088 0.763291  0.495403  0.375135 -0.166594  0.00241954 0.000701137 -0.00545638    0.011084 -0.00993685  0.00722378 1 0 0 0
             90.0903 -0.936227   12.5802  -36.3651 33.2275 34.9526 0.74845   0.53849  0.474666 -0.109309  0.00239231 0.000728105 -0.00551099  0.0108722 -0.0103533 0.00719776 1 0 0 5747
             90.0903 -0.936227   12.5802  -36.3651 33.2275 34.9526 0.74845   0.53849  0.474666 -0.109309  0.00239231 0.000728105 -0.00551099  0.0108722 -0.0103533 0.00719776 1 0 0 0
             90.1901 -0.178799   11.8493  -36.8626  33.2768  35.0035 0.746312  0.525695  0.516287 0.0598522  0.00237402 0.000759074 -0.00547403  0.0117823 -0.0101747 0.00720385 1 0 0 5633
             90.1901 -0.0770112     11.824   -36.8402  33.2746  35.0092 0.753767 0.500572  0.58243 0.138441  0.00235978 0.000790781 -0.00547783  0.0126022 -0.0105561 0.00647097 1 0 0 0
               90.29  1.72741  11.9102 -36.4802   33.328  35.0698 0.772737 0.519917 0.613775   0.2118  0.00235946 0.000785214 -0.00548776  0.0126652 -0.0109087 0.00646739 1 0 0 5598
               90.29  1.72741  11.9102 -36.4802   33.328  35.0698 0.772737 0.519917 0.613775   0.2118  0.00235946 0.000785214 -0.00548776  0.0126652 -0.0109087 0.00646739 1 0 0 0
             90.3903  2.15113   11.076 -37.4575  33.3737  35.1266 0.786527   0.41271  0.531851 0.0698549  0.00239532 0.000804836 -0.00547162  0.0124358 -0.0106523 0.00672557 1 0 0 5617
             90.3903  2.30297  11.0849 -37.4515   33.376  35.1276 0.788047  0.438748  0.543629 0.0863012  0.00236038 0.000797733 -0.00547173  0.0123305 -0.0109515 0.00652067 1 0 0 0
             90.4901  1.79912  11.2234 -36.0813  33.4273  35.1756 0.789707   0.551076   0.414767 -0.0109855  0.00244502 0.000762377 -0.00552318  0.0116884 -0.0111432 0.00669882 1 0 0 5491
             90.4901  1.72319  11.3403 -36.1625  33.4202  35.1645 0.767643  0.469558  0.283425 -0.252796  0.00240961 0.000722659  -0.0055087   0.0109835 -0.00932936  0.00926397 1 0 0 0
               90.59  0.24638  12.9332 -36.9451  33.4642  35.2013 0.748022  0.411954  0.371823 -0.190902  0.00245107 0.000699547 -0.00545955  0.012076 -0.010497 0.0088413 1 0 0 5668
               90.59 0.258154  12.7503 -36.9455  33.4709  35.1983 0.769111  0.489025  0.337305 0.0371813   0.0024609 0.000733512 -0.00545899  0.0116594 -0.0108046  0.0061169 1 0 0 0
             90.6903 0.531701   12.482  -37.564  33.5159  35.2381 0.772354   0.454164   0.404468 0.00916078   0.0024231 0.000790319 -0.00548133  0.0126754 -0.0113712 0.00616702 1 0 0 5817
             90.6903 0.531701   12.482  -37.564  33.5159  35.2381 0.772354   0.454164   0.404468 0.00916078   0.0024231 0.000790319 -0.00548133  0.0126754 -0.0113712 0.00616702 1 0 0 0
             90.7903 0.333954  12.0724 -38.1341 33.5644 35.2818 0.76817   0.529311   0.441441 -0.0463874  0.00241974 0.000812294 -0.00549573  0.0129071 -0.0115818 0.00667625 1 0 0 5691
             90.7903 0.313024  12.0715 -38.2261 33.5652 35.2669  0.7628  0.53812 0.266703 -0.10401  0.00237594 0.000775305 -0.00547618  0.0115018 -0.0101445  0.0070292 1 0 0 0
               90.89 -0.896339   12.5328  -38.5512  33.6174  35.3021 0.755565  0.542585  0.358808 -0.016377  0.00244689 0.000782603 -0.00549975  0.0127551 -0.0105294 0.00735612 1 0 0 5762
               90.89 -0.878504   12.5632  -38.5736  33.6172   35.303 0.756717    0.540415    0.369076 -0.00391996  0.00244252 0.000777021 -0.00549352  0.0128754  -0.010603 0.00723693 1 0 0 0
             90.9903  1.84176  12.5976 -37.6823  33.6742  35.3476 0.761645   0.58582  0.467801 0.0779025  0.00237404 0.000812078 -0.00553911  0.0130959 -0.0113612 0.00717309 1 0 0 5762
             90.9903  1.87501  12.5749 -37.6934  33.6736  35.3471 0.760632  0.578369  0.462393 0.0668929  0.00236052 0.000819292 -0.00553661  0.0130907 -0.0112671 0.00730284 1 0 0 0
             91.0902  3.46626  13.6203 -35.4682  33.7395   35.394 0.768938  0.659347  0.471265 0.0940681  0.00240746 0.000769134 -0.00559293  0.0124573 -0.0116424  0.0071225 1 0 0 5505
             91.0902    3.498  13.5563 -35.4777  33.7472  35.3856 0.767391  0.746886  0.372536 0.0783923  0.00239412 0.000755525 -0.00559361  0.0110049 -0.0114197 0.00697171 1 0 0 0
             91.1901  2.86293  12.6838 -34.1912  33.8086  35.4254 0.775945   0.54242  0.391315 0.0646572  0.00246382  0.00079223 -0.00557657  0.0120086 -0.0113622 0.00695589 1 0 0 5716
             91.1901  2.87873  12.5788 -34.2272  33.8016  35.4128 0.780059 0.462793 0.245302 0.106968  0.00245475 0.000820801 -0.00556864   0.0118341 -0.00940229  0.00623891 1 0 0 0
               91.29  2.82631  12.1285 -33.4071  33.8424   35.442 0.787361  0.410083  0.272642 0.0378703  0.00245723 0.000792442 -0.00556329    0.01297 -0.0100569 0.00646955 1 0 0 5752
               91.29  2.81415  12.1309 -33.3759  33.841 35.4427 0.78129   0.393674   0.280182 -0.0267045  0.00246217 0.000791764 -0.00557317   0.0129997 -0.00996983   0.0072904 1 0 0 0
             91.3903  1.51689  12.5552 -34.5617  33.8785  35.4749 0.776653   0.352976   0.327123 -0.0627994  0.00247916 0.000744378 -0.00550997  0.0137024 -0.0104846 0.00740725 1 0 0 5671
             91.3903 1.56327 12.4995 -34.549   33.881  35.4732 0.780894   0.381761    0.30806 -0.0174964  0.00246576 0.000760964 -0.00551411  0.0134054 -0.0105271 0.00677331 1 0 0 0
             91.4912  1.17765  12.2721 -35.7593  33.9217  35.5132 0.776172   0.396236   0.455749 -0.0682576  0.00244819 0.000772184 -0.00551344  0.0132444  -0.011484 0.00687307 1 0 0 5800
             91.4912  1.23451  12.2692 -35.7714  33.9212  35.5138 0.774077   0.390399   0.462402 -0.0905313  0.00243044 0.000774076 -0.00550994  0.0132864 -0.0115038 0.00716324 1 0 0 0
             91.5915 0.847667  12.2122 -35.3877  33.9677  35.5679 0.762064  0.479769  0.613034 -0.122871  0.00246551  0.00074403 -0.00555977  0.0125918 -0.0121785 0.00724404 1 0 0 5747
             91.5915 0.831397  12.1909  -35.393 33.9651 35.5653 0.76327  0.450977  0.581957 -0.110256  0.00246427 0.000751227 -0.00556054  0.0126709  -0.011684 0.00709675 1 0 0 0
             91.6903 0.520418  11.9534  -34.061  34.0123  35.6257 0.752976    0.48775   0.650439 -0.0732116  0.00246648 0.000744089 -0.00561631  0.0121644 -0.0115378 0.00722261 1 0 0 5728
             91.6903 0.528308   11.823 -34.1102  34.0079  35.6124 0.757969   0.434819   0.491272 -0.0197757  0.00244045 0.000775456  -0.0056067    0.011684 -0.00968732  0.00644558 1 0 0 0
             91.7902  1.08798  10.7407 -35.2462    34.06  35.6688 0.763695 0.573421 0.569634 0.132486  0.00243132 0.000770903 -0.00554261  0.0117904 -0.0109826 0.00625972 1 0 0 5644
             91.7902  1.01544  10.7094 -35.1825  34.0567  35.6683 0.761892 0.533921 0.564438 0.112119 0.00245666 0.00078173 -0.0055626  0.0120763  -0.010648 0.00657325 1 0 0 0
               91.89  2.07996  11.1409 -35.4289  34.1095   35.728 0.775958 0.508379 0.590075 0.139264  0.00242307 0.000727626 -0.00556849   0.012667 -0.0111286 0.00661859 1 0 0 5786
               91.89  2.00088  11.1908 -35.4509  34.1081  35.7307 0.770879  0.491833   0.62066 0.0844487  0.00244765 0.000712893 -0.00556071  0.0129176 -0.0112844 0.00735804 1 0 0 0
              91.991  2.25958  10.9885 -36.6557   34.156  35.7901 0.773988   0.448501   0.557331 -0.0304248  0.00243839 0.000755738 -0.00554955  0.0125413 -0.0116259 0.00725449 1 0 0 5671
              91.991  2.20424  11.0223 -36.6459  34.1515  35.7869 0.777871  0.396968  0.518408 0.0102325  0.00245396 0.000746352 -0.00555203  0.0128486 -0.0108855 0.00676985 1 0 0 0
             92.0901  1.77752  12.6304 -35.6417  34.1973  35.8338 0.776733   0.476491   0.424707 -0.0158156  0.00248431 0.000686353 -0.00560868  0.0124689 -0.0113342 0.00659995 1 0 0 5666
             92.0901  1.5493 12.7007  -35.67  34.1861  35.8166 0.768074  0.344913  0.215198 -0.115009  0.00253346 0.000663128  -0.0056005   0.0119587 -0.00832836  0.00759647 1 0 0 0
               92.19 0.953331  13.5435 -36.9218   34.225  35.8468 0.760961   0.372009   0.315601 -0.0545236   0.0024441 0.000710932 -0.00554612  0.0121161 -0.0102449 0.00733599 1 0 0 5858
               92.19 0.891997  13.4895 -36.8574  34.2207  35.8559 0.770295  0.324994  0.425935 0.0474222  0.00247062 0.000731534 -0.00556784  0.0136046 -0.0109796 0.00639942 1 0 0 0
             92.2903  1.57042  13.0173 -37.3183   34.262   35.897 0.769886   0.454316   0.403522 -0.0335322  0.00242664 0.000735565 -0.00557628  0.0126577 -0.0115072 0.00659279 1 0 0 5777
             92.2903  1.45331  13.0641 -37.3007  34.2651  35.8932 0.768006   0.489396   0.358325 -0.0538315  0.00246311 0.000719348 -0.00558142  0.0119516 -0.0113283 0.00667656 1 0 0 0
             92.3902 0.582455  13.3962 -37.7395  34.3206  35.9318 0.760366   0.590968   0.390836 -0.0736584  0.00248056 0.000719038 -0.00558163  0.0118494 -0.0118866 0.00677898 1 0 0 5747
             92.3902 0.434624   13.395 -37.6581  34.3115  35.9247 0.760539   0.482295   0.304233 -0.0746289  0.00252648 0.000720733 -0.00560741  0.0122002 -0.0102344  0.0068366 1 0 0 0
               92.49 0.514931  13.0598 -38.0528  34.3618  35.9594 0.757562  0.532175  0.337202 0.0124378  0.00243382 0.000738167 -0.00559084  0.0127398 -0.0107969 0.00688156 1 0 0 5866
               92.49 0.514931  13.0598 -38.0528  34.3618  35.9594 0.757562  0.532175  0.337202 0.0124378  0.00243382 0.000738167 -0.00559084  0.0127398 -0.0107969 0.00688156 1 0 0 0
             92.5903  2.75175  13.0475 -38.4383  34.4202  35.9952 0.763215  0.606223  0.359424 0.0899374  0.00236018 0.000740821 -0.00559309   0.012724  -0.011453 0.00671368 1 0 0 5764
             92.5903  2.71484  13.0741 -38.4014  34.4176  35.9865 0.756208   0.571929   0.252025 0.00952548  0.00236988 0.000730869  -0.0056056  0.0120102 -0.0101929 0.00755943 1 0 0 0
             92.6901  4.19496  14.1624 -37.9885  34.4735  36.0177 0.762302  0.525817  0.325706 0.0854116  0.00241433 0.000704795 -0.00560537  0.0127029 -0.0107458 0.00753958 1 0 0 5552
             92.6901  4.19496  14.1624 -37.9885  34.4735  36.0177 0.762302  0.525817  0.325706 0.0854116  0.00241433 0.000704795 -0.00560537  0.0127029 -0.0107458 0.00753958 1 0 0 0
               92.79  3.76117  11.9494 -38.9685 34.5222 36.0547 0.76996 0.465717 0.370068 0.044135  0.00242799 0.000806796  -0.0055876   0.013159 -0.0115787 0.00734057 1 0 0 5748
               92.79  3.75492  11.9759 -38.9406  34.5182  36.0643 0.773732  0.420357  0.483467 0.0855257  0.00243353 0.000801053 -0.00559326  0.0145429 -0.0122875 0.00721561 1 0 0 0
             92.8903   3.4455  12.5748 -39.1608  34.5648  36.1013 0.777263  0.465366  0.341555 0.0206655  0.00242451 0.000707514 -0.00557898  0.0130536 -0.0117605 0.00724031 1 0 0 5738
             92.8903  3.36355     12.5 -39.2465  34.5611  36.0837 0.782849  0.420489  0.129927 0.0840754  0.00243889 0.000730194 -0.00555777   0.0119813 -0.00952745  0.00603485 1 0 0 0
             92.9902  2.16928  11.7856 -41.1964  34.605 36.0977 0.78892  0.424419  0.154894 0.0239375  0.00247133 0.000775904   -0.005553   0.0116323 -0.00998197   0.0060047 1 0 0 5616
             92.9902   2.178 11.8659  -41.15  34.6019  36.0997 0.788759  0.388738  0.178689 0.0217698  0.00247166 0.000752599  -0.0055666   0.0121351 -0.00990767  0.00613572 1 0 0 0
             93.0901 1.92127 11.7974 -41.926  34.6415  36.1285 0.786434   0.403311   0.346626 -0.0417531  0.00244864  0.00076834 -0.00559861  0.0127063 -0.0107821 0.00644128 1 0 0 5717
             93.0901  1.94413  11.9553 -41.9248  34.6433   36.137 0.774914  0.423368  0.448919 -0.170254  0.00245589 0.000730699 -0.00559434  0.0130461  -0.011771 0.00816642 1 0 0 0
             93.1903  1.49512  12.0847 -41.6272  34.6887  36.1885 0.759395   0.45258  0.577632 -0.131738  0.00248769 0.000737972 -0.00561312  0.0127785 -0.0120432 0.00810341 1 0 0 5652
             93.1903  1.40579  12.0061 -41.6175  34.6867  36.1787 0.767775   0.430135   0.463408 -0.0406168  0.00247583 0.000736399 -0.00562355  0.0123014 -0.0110018 0.00690867 1 0 0 0
             93.2901  1.19911   11.136 -40.9095  34.7265  36.2313 0.765295    0.389477    0.550269 -0.00938878  0.00243309 0.000780495 -0.00563318  0.0126537   -0.01096 0.00701615 1 0 0 5677
             93.2901   1.2022  11.1046 -40.9432  34.7219  36.2229 0.764499   0.333542   0.449893 -0.0199591  0.00239135 0.000779287 -0.00563531   0.0123138 -0.00973118  0.00704119 1 0 0 0
               93.39  2.45603  10.2359 -41.3041  34.7567  36.2759 0.766902  0.386485  0.537671 0.0539188  0.00239809 0.000786161 -0.00560587  0.0131179 -0.0105228  0.0070144 1 0 0 5653
               93.39  2.37367  10.3503 -41.3136  34.7526  36.2812 0.770544    0.3396  0.601179 0.0955163  0.00242639 0.000779416 -0.00560144  0.0140682 -0.0106843 0.00670976 1 0 0 0
             93.4903   1.9636  11.9332 -41.0434  34.7926  36.3402 0.782977  0.38441 0.584671 0.150964  0.00249132 0.000697292 -0.00562327  0.0138115 -0.0110655 0.00659181 1 0 0 5779
             93.4903  1.97911  11.9442 -41.0388  34.7957  36.3361 0.773445  0.417487  0.535691 0.0454883  0.00248253 0.000670684 -0.00562372  0.0129659 -0.0108748 0.00767602 1 0 0 0
             93.5902  2.49806  11.5789 -40.8601  34.8362  36.3852 0.770745  0.379621  0.467848 -0.093065   0.0024116 0.000745828 -0.00562667  0.0121169  -0.010894 0.00785102 1 0 0 5875
             93.5902  2.47369  11.6339 -40.8322 34.8355 36.3863 0.77548    0.37288   0.481205 -0.0401521   0.0024233 0.000733384 -0.00563298  0.0123949 -0.0109704 0.00729203 1 0 0 0
               93.69  1.44781  12.6729 -38.9798  34.8783  36.4309 0.769076   0.457836   0.399024 -0.0671001  0.00251371 0.000680914 -0.00566197  0.0122554 -0.0113561 0.00713161 1 0 0 5846
               93.69   1.2202  12.7503 -38.9849  34.8733  36.4265 0.768634   0.399258   0.346047 -0.0733669  0.00255807 0.000660888 -0.00566359   0.012328 -0.0104455 0.00717912 1 0 0 0
             93.7903 0.521308  13.3537 -39.0656  34.9164  36.4634 0.766039   0.424583   0.364009 -0.0106397  0.00247307 0.000706447 -0.00564264   0.012365 -0.0113577 0.00689017 1 0 0 5986
             93.7903 0.532161  13.3321 -39.0902  34.9094  36.4619 0.768003   0.343097   0.345162 0.00949735  0.00244529 0.000729173 -0.00563813  0.0129531 -0.0106035 0.00676261 1 0 0 0
             93.8901 0.375511  12.8824 -39.0522  34.9484  36.4962 0.764929   0.431656   0.335751 -0.0630811  0.00246495 0.000725805 -0.00563174  0.0127737 -0.0109741 0.00693984 1 0 0 6040
             93.8901 0.332303  12.8974 -39.0482   34.948  36.4935 0.764903   0.426691   0.304244 -0.0635711   0.0024684 0.000715992  -0.0056349   0.012593 -0.0106698 0.00690092 1 0 0 0
               93.99 -0.327109   13.1305   -38.876  34.9994  36.5276 0.755942   0.570886   0.350386 -0.0941871  0.00249301 0.000724601 -0.00564498  0.0125448 -0.0113898 0.00694097 1 0 0 6086
               93.99 -0.29072  13.1325 -38.8074   34.998  36.5239 0.754604  0.553725  0.306588 -0.109944  0.00247374 0.000719016 -0.00566566  0.0123338 -0.0108902 0.00707804 1 0 0 0
             94.0903 -1.48536   12.944 -39.1414  35.0606  36.5598 0.745349   0.672405   0.351897 -0.0583334  0.00250637 0.000741581 -0.00562688  0.0127198 -0.0116951   0.007182 1 0 0 6284
             94.0903 -1.47641  12.9107 -39.0758  35.0513  36.5462 0.740943  0.560391  0.188774 -0.112287   0.0024645 0.000747133 -0.00565149  0.0123448 -0.0094701 0.00777358 1 0 0 0
             94.1902 -0.806137   13.7547  -39.2476 35.1099 36.5763 0.73824  0.590079  0.332783 0.0296715  0.00238256 0.000713792 -0.00565656  0.0133867 -0.0109676 0.00718581 1 0 0 6274
             94.1902 -0.76237  13.7716  -39.151   35.106   36.573 0.736396 0.541582 0.292382  0.00739  0.00237432 0.000709472  -0.0056859  0.0134489 -0.0102218 0.00751283 1 0 0 0
               94.29  2.74462  15.2008 -36.6403  35.1645  36.6112 0.746447  0.60965 0.416227 0.168817  0.00239552 0.000683844 -0.00571564  0.0136982 -0.0113382 0.00727787 1 0 0 6219
               94.29  2.65976  15.2153 -36.5802  35.1608   36.612 0.753771 0.568098 0.427032 0.249621  0.00242539 0.000681212 -0.00573301  0.0143918 -0.0110886 0.00641454 1 0 0 0
             94.3903  2.02177   14.453 -36.2754 35.2233 36.6522 0.77875 0.579506 0.397038 0.211768  0.00249598 0.000768506 -0.00564147  0.0132996 -0.0116314 0.00611494 1 0 0 6412
             94.3903  1.93402  14.4519 -36.3197  35.2166  36.6369 0.779509 0.501036 0.213958 0.217112  0.00251431 0.000762623 -0.00562989   0.0127279 -0.00931136  0.00577455 1 0 0 0
             94.4902  1.60819  13.3631 -35.0855  35.2708  36.6658 0.792621  0.545805  0.271725 0.0798135  0.00251688 0.000764476 -0.00565193  0.0127338 -0.0107496 0.00614086 1 0 0 6334
             94.4902  1.60819  13.3631 -35.0855  35.2708  36.6658 0.792621  0.545805  0.271725 0.0798135  0.00251688 0.000764476 -0.00565193  0.0127338 -0.0107496 0.00614086 1 0 0 0
             94.5901 0.0632695   13.4762  -36.0077  35.3262  36.7006 0.797804  0.549468  0.351199 0.0398723  0.00254506  0.00074939 -0.00560174   0.013153 -0.0119689 0.00638167 1 0 0 6479
             94.5901 0.232744    13.63 -36.1179  35.3198  36.7044 0.782364  0.473036  0.390524 -0.129221   0.0024815 0.000704356 -0.00556884  0.0136859 -0.0117604 0.00866695 1 0 0 0
             94.6903 -0.285172   13.3672  -37.5142  35.3721  36.7428 0.764928 0.508644 0.421733  -0.2072  0.00247546 0.000752841 -0.00561255  0.0126684 -0.0120998 0.00876154 1 0 0 6622
             94.6903  -0.2852  13.4216 -37.6204  35.3655  36.7321 0.767117  0.432088  0.291861 -0.185122  0.00246342 0.000737576 -0.00558179  0.0125253 -0.0102842 0.00844427 1 0 0 0
             94.7901 -0.537979   13.6391  -37.3236  35.4127  36.7718 0.747023  0.493838  0.484729 -0.220363  0.00248136 0.000720655 -0.00565626   0.012547 -0.0110018 0.00829172 1 0 0 6663
             94.7901 -0.59964  13.6798 -37.3309  35.4037  36.7766 0.755627  0.391614  0.544843 -0.124502  0.00250041 0.000710448  -0.0056554  0.0142214 -0.0107746 0.00746693 1 0 0 0
               94.89 -2.08048  13.3891 -36.0828  35.4497  36.8364 0.746238   0.456882   0.656437 -0.0527452  0.00251176 0.000724797 -0.00568093  0.0133722 -0.0111969  0.0070929 1 0 0 6731
               94.89 -2.13528  13.3867  -36.039 35.4451 36.8318 0.74716    0.40323   0.600722 -0.0443241  0.00253055 0.000724814 -0.00569538  0.0134768 -0.0102566 0.00703092 1 0 0 0
             94.9903 -1.15896  12.0805 -35.4315  35.4924  36.8918 0.746509  0.510669  0.596824 0.0595907  0.00246832 0.000736479 -0.00566325  0.0125003 -0.0106483 0.00714961 1 0 0 6832
             94.9903 -1.16002  12.0408 -35.4558  35.4928  36.8862 0.751791 0.514887 0.529849 0.117186  0.00246593 0.000745699 -0.00565632  0.0121518  -0.010007 0.00635847 1 0 0 0
             95.0901 -0.187064   11.8142  -35.0976 35.5532 36.9435 0.76957  0.63499  0.56391 0.198708  0.00246925 0.000739696 -0.00564392  0.0123487 -0.0110631 0.00602662 1 0 0 6586
             95.0901 -0.322231   11.9518  -35.0418  35.5447  36.9429 0.757526  0.535395  0.552745 0.0630436   0.0025111 0.000699408 -0.00566112  0.0128794 -0.0102873 0.00788505 1 0 0 0
               95.19 0.129284  12.5154 -35.7269  35.5953  37.0012 0.761871  0.444394  0.579356 0.0146803  0.00251196 0.000704522  -0.0056263  0.0130095 -0.0112092 0.00789976 1 0 0 6664
               95.19 0.134524   12.465 -35.7024  35.5873  36.9986 0.777284 0.351225 0.550258 0.189017   0.0025107 0.000722586 -0.00563239  0.0141353 -0.0102365 0.00591486 1 0 0 0
             95.2904  1.49263  11.8596 -34.8775  35.6325  37.0501 0.790484  0.495306    0.4712 0.0854922   0.0024534 0.000768638 -0.00566812  0.0131566 -0.0110454 0.00579135 1 0 0 6520
             95.2904  1.37726  12.0274 -34.8825  35.6298  37.0504 0.765822  0.467792  0.472152 -0.187485  0.00248722 0.000717642 -0.00566534  0.0127121 -0.0108505 0.00917828 1 0 0 0
             95.3901  -0.4901  13.5963 -35.6704  35.6808  37.0963 0.747775 0.496526 0.439238 -0.17432   0.0025573 0.000657268 -0.00563063  0.0125862 -0.0115859 0.00885943 1 0 0 6668
             95.3901 -0.623544   13.5216   -35.707  35.6724   37.086 0.767066  0.401745  0.321871 0.0401748  0.00259106 0.000682606 -0.00561797   0.0132142 -0.00978578   0.0062225 1 0 0 0
               95.49 -0.832654   13.4856  -36.4441  35.7169  37.1227 0.771038  0.451208   0.36412 0.0229802   0.0025265 0.000718973 -0.00561962   0.013165 -0.0110067 0.00605582 1 0 0 6847
               95.49 -0.913676   13.5321  -36.4005  35.7117  37.1155 0.766731   0.393628   0.279145 -0.0269658  0.00255088 0.000705413 -0.00563295   0.0129686 -0.00976243   0.0066581 1 0 0 0
             95.5903 -0.599945   13.3748  -36.6715  35.7605  37.1528 0.762447   0.543118   0.406714 -0.0561246  0.00251662 0.000733579  -0.0056395  0.0130679 -0.0112206 0.00650623 1 0 0 6813
             95.5903 -0.661537   13.4905  -36.6265 35.7587 37.1564 0.75609  0.522139   0.44855 -0.127567  0.00253993 0.000698267 -0.00565349  0.0133687 -0.0114826 0.00749137 1 0 0 0
             95.6902 -1.50599  13.2788 -36.2731  35.8186  37.2059 0.746007   0.647566   0.509626 -0.0560629  0.00252856 0.000726697 -0.00566422  0.0133084 -0.0120871 0.00744693 1 0 0 6809
             95.6902 -1.65928  13.2839 -36.2845  35.8146  37.1977 0.745634   0.604012   0.413051 -0.0610618  0.00257105 0.000723626 -0.00566105  0.0129973  -0.010824 0.00746349 1 0 0 0
               95.79 -0.920165   13.4533  -35.8225  35.8808  37.2416 0.744741  0.686409  0.450089 0.0389204  0.00253557  0.00071144 -0.00567292   0.013007 -0.0114731 0.00731415 1 0 0 6859
               95.79 -0.82821  13.4858 -35.7196 35.8717 37.2362 0.74721  0.577935  0.383482 0.0651627  0.00250901 0.000703219 -0.00570563  0.0136154 -0.0100458 0.00717342 1 0 0 0
             95.8903  2.21558  14.2503 -33.5571  35.9379  37.2775 0.758176 0.681143 0.414679 0.133093  0.00243885 0.000723555  -0.0057267   0.013202  -0.010898 0.00683931 1 0 0 7000
             95.8903  1.99785   14.318 -33.5245  35.9374    37.27 0.754045  0.675299  0.325167 0.0852459  0.00250817  0.00070075 -0.00573783   0.0124936 -0.00997316  0.00729974 1 0 0 0
             95.9906   1.7086  14.2961 -33.5772      36 37.3085 0.76441  0.562676  0.394839 0.0900806  0.00253033 0.000742874 -0.00567481  0.0132076 -0.0109441 0.00713598 1 0 0 6856
             95.9906   1.7086  14.2961 -33.5772      36 37.3085 0.76441  0.562676  0.394839 0.0900806  0.00253033 0.000742874 -0.00567481  0.0132076 -0.0109441 0.00713598 1 0 0 0
               96.09  2.27873  13.3959 -32.6235  36.0556  37.3522 0.774178  0.559109  0.432099 0.0683213  0.00251764 0.000771267  -0.0057119 0.0135422 -0.011856 0.0067456 1 0 0 6823
               96.09  2.02448   13.419 -32.5759  36.0394  37.3159 0.768173    0.373059  -0.0106403 -0.00547398  0.00257501  0.00075762 -0.00574275   0.0122273 -0.00610043  0.00713141 1 0 0 0
             96.1903 0.509413  13.1895  -34.085 36.0734 37.3368  0.7705    0.32396   0.257629 0.00522676  0.00255634 0.000777848 -0.00563002   0.0145899 -0.00861579  0.00697375 1 0 0 6757
             96.1903 0.303333  13.2993 -33.9239  36.0859  37.3579 0.770577   0.472065   0.516215 0.00904008  0.00263921 0.000742473 -0.00567567  0.0148406 -0.0122379 0.00711665 1 0 0 0
             96.2902 -0.00434955     13.1757    -34.9881  36.1363  37.4219 0.771625  0.494586  0.697536 0.0122289  0.00254299 0.000727349 -0.00564003   0.014985 -0.0138239   0.006937 1 0 0 6986
             96.2902 -0.00939322     13.1851    -34.9587  36.135 37.4164 0.76305   0.475692   0.631146 -0.0832578  0.00254381 0.000724738    -0.00565  0.0144432 -0.0130228 0.00803016 1 0 0 0
             96.3901 0.455196  12.7647 -34.4702 36.1858 37.4829 0.75444  0.519512  0.708225 -0.111007  0.00248885 0.000727433 -0.00571166  0.0139161  -0.013197 0.00769783 1 0 0 6950
             96.3901 0.350607  12.7654 -34.6226 36.1777 37.4644  0.7517  0.423038  0.485391 -0.144161  0.00250249 0.000726364 -0.00566978  0.0131881 -0.0103044  0.0079824 1 0 0 0
             96.4903 -0.0585197    12.9683   -33.7246  36.2263  37.5199 0.738592  0.507365  0.595446 -0.119422  0.00251489  0.00070897 -0.00571412  0.0129838 -0.0108952 0.00757212 1 0 0 6946
             96.4903 -0.0604556    12.9557    -33.728  36.2255  37.5173 0.738281  0.498519  0.563996 -0.123242   0.0025139 0.000712079 -0.00571341  0.0128394 -0.0105198 0.00758882 1 0 0 0
             96.5903 0.106169  13.0377 -34.5359  36.2763  37.5751 0.733404  0.534781  0.580243 0.0318471  0.00250187 0.000708843 -0.00568209   0.013104  -0.010752 0.00751959 1 0 0 7183
             96.5903 0.125818  13.0169 -34.5836  36.2732  37.5713 0.731674  0.499249  0.534214 0.0118107  0.00248825 0.000715479 -0.00566824  0.0130793 -0.0100576 0.00777428 1 0 0 0
               96.69  1.3343  13.837 -34.718   36.329  37.6283 0.741896 0.538708 0.561794 0.133389  0.00246949 0.000703482 -0.00571309   0.013269 -0.0110683 0.00711225 1 0 0 6904
               96.69  1.21495  13.7681 -34.7941  36.3183  37.6062 0.738015  0.426841  0.301221 0.0888965  0.00248399 0.000726181 -0.00569217   0.0124434 -0.00773727  0.00748346 1 0 0 0
             96.7908    3.204   13.095 -35.5054  36.3515  37.6535 0.751295   0.28699  0.485858 0.0983495  0.00243644 0.000748442 -0.00567596    0.014427 -0.00954601  0.00709954 1 0 0 6858
             96.7908  3.23114  13.0633 -35.3619  36.3434  37.6585 0.754618 0.197456 0.547317 0.133656  0.00243916 0.000760743 -0.00571629   0.0158193 -0.00951619  0.00698271 1 0 0 0
             96.8902   2.9655  12.8417 -35.8285  36.3781  37.7124 0.764694  0.397548  0.509805 0.0827457  0.00249874 0.000733311 -0.00566132  0.0147998 -0.0109841 0.00683245 1 0 0 6691
             96.8902  2.86711  12.8683 -35.8538  36.3777  37.7174 0.753716  0.392922  0.569288 -0.038684   0.0025301 0.000727165  -0.0056516  0.0149172 -0.0114306 0.00843433 1 0 0 0
             96.9904  1.22414  13.3621 -37.2495  36.4298  37.7668 0.747767   0.532277   0.463234 -0.0776464  0.00254028 0.000683589 -0.00562505  0.0131364 -0.0121187 0.00806828 1 0 0 6816
             96.9904  1.14138  13.3066 -37.2913   36.428  37.7613 0.751545    0.51177   0.397342 -0.0365072  0.00256036 0.000700824 -0.00561232   0.012964 -0.0113505 0.00745567 1 0 0 0
             97.0903  1.62415  13.2334 -38.2613  36.4863  37.7985 0.746802   0.607369   0.363709 -0.0676761   0.0024733  0.00068785 -0.00565681  0.0121078 -0.0118982  0.0071124 1 0 0 7373
             97.0903  1.47739  13.2158 -38.2568   36.468  37.7839 0.753374   0.390332   0.187461 0.00192584  0.00246829 0.000707726   -0.005669   0.0130017 -0.00861446   0.0063648 1 0 0 0
             97.1902  1.03293   13.224 -39.4361   36.518  37.8107 0.753672   0.550527   0.288127 0.00647575  0.00250811 0.000709611  -0.0056573  0.0129234 -0.0099329 0.00616755 1 0 0 6121
             97.1902   1.0427  13.2764 -39.3346  36.5122  37.8122 0.737021  0.481478  0.304667 -0.176284  0.00250489  0.00071371 -0.00568836   0.0131324 -0.00953259   0.0083551 1 0 0 0
               97.29 0.108494  13.1861 -40.0487  36.5702    37.85 0.725817 0.616883 0.398745  -0.0725  0.00254671 0.000718002 -0.00567138   0.013088 -0.0107868 0.00792549 1 0 0 6764
               97.29 0.0879112   13.1816  -39.9679   36.566   37.849 0.728324   0.568527    0.38588 -0.0455489  0.00254433 0.000730103 -0.00569829  0.0134639 -0.0103239 0.00768711 1 0 0 0
             97.3903  1.86935  13.8733 -39.7156  36.6303  37.8941 0.730845  0.669574  0.466629 0.0651335  0.00249443 0.000706891 -0.00569981  0.0135501 -0.0113485 0.00718718 1 0 0 6737
             97.3903  1.86935  13.8733 -39.7156  36.6303  37.8941 0.730845  0.669574  0.466629 0.0651335  0.00249443 0.000706891 -0.00569981  0.0135501 -0.0113485 0.00718718 1 0 0 0
             97.4902  3.04017  15.0568 -38.5926  36.7003  37.9426 0.740478 0.683262  0.49049 0.130534  0.00251202 0.000679258 -0.00573655    0.01339 -0.0117136 0.00732753 1 0 0 6831
             97.4902  2.84007  14.8788 -38.7611  36.6892  37.9401 0.742059 0.552564 0.460783 0.145739  0.00251633 0.000763369 -0.00570006  0.0142633 -0.0104827 0.00732492 1 0 0 0
               97.59   2.6896  13.1219 -38.2757  36.7447  37.9826 0.755759 0.528876  0.41289  0.10775  0.00252116 0.000782154 -0.00570718  0.0135247 -0.0106753 0.00705568 1 0 0 6743
               97.59  2.64933  13.1004 -38.2993  36.7442  37.9824 0.753628  0.523034  0.409958 0.0845127  0.00252883 0.000790173 -0.00570145  0.0134802   -0.01059 0.00731917 1 0 0 0
             97.6903  2.15711  13.0573 -37.7849  36.7951  38.0197 0.757861   0.501578   0.358927 0.00817787  0.00251072 0.000707921 -0.00572878  0.0132938 -0.0103962  0.0072895 1 0 0 7086
             97.6903  2.03096  13.0086 -37.8688  36.7849  38.0042 0.759929  0.385243  0.176176 0.0292975   0.0024814 0.000713848 -0.00572551   0.0130396 -0.00793672  0.00684849 1 0 0 0
             97.7902 0.591143  12.5771 -38.5999 36.8276 38.0308 0.76092   0.427619   0.281378 -0.0183682  0.00254491 0.000734875 -0.00571101   0.0133748 -0.00919756  0.00684818 1 0 0 7043
             97.7902 0.592709  12.6086 -38.5938  36.8219  38.0407 0.762428    0.363432    0.395977 -0.00137684  0.00256105 0.000765146 -0.00571146   0.0147733 -0.00973464  0.00698225 1 0 0 0
             97.8907 -0.0176627    12.5269   -39.0884  36.8662  38.0846 0.761908    0.443627    0.474706 -0.00867374  0.00253369 0.000739675 -0.00571168  0.0141263 -0.0106426 0.00669542 1 0 0 6942
             97.8907 0.0151149    12.548  -39.0918  36.8652  38.0876 0.758335   0.432013   0.508666 -0.0476026  0.00252744 0.000739379 -0.00571017  0.0143706 -0.0108494 0.00721599 1 0 0 0
             97.9903 0.397849  11.9995 -39.0892  36.9188  38.1404 0.753517   0.551909   0.573891 -0.0327744  0.00251667 0.000769028 -0.00573551  0.0129294 -0.0117218 0.00696811 1 0 0 6944
             97.9903 0.344911  12.0194 -39.1746  36.921 38.1388 0.75393   0.577539   0.555692 -0.0282051  0.00252683  0.00076041 -0.00571091  0.0125668 -0.0117521 0.00683053 1 0 0 0
             98.0903  1.22912  11.6214 -38.6353  36.9757  38.1944 0.753269  0.545329  0.571382 0.0231823  0.00249474  0.00075439 -0.00577868   0.012595 -0.0110021 0.00698159 1 0 0 7014
             98.0903  1.21823  11.5465 -38.6969  36.9654  38.1644 0.751573   0.426393   0.218576 0.00271924  0.00240176 0.000741058 -0.00578569   0.0110128 -0.00715018  0.00687847 1 0 0 0
             98.1901  1.98825  10.8786 -40.1307  37.0047  38.2115 0.757647  0.410922  0.503635 0.0736571  0.00241286 0.000751804 -0.00573379   0.0141692 -0.00933162  0.00698703 1 0 0 7001
             98.1901  2.02088  10.9962 -40.0204 36.9921 38.2294 0.74596    0.26042   0.718477 -0.0536012  0.00241055 0.000719587 -0.00576314   0.016942  -0.010097 0.00918762 1 0 0 0
               98.29  2.04111  13.0422 -40.2034  37.0249  38.2993 0.743709    0.297672    0.680703 -0.00220946   0.0024363  0.00064451 -0.00575641  0.0161116 -0.0107436 0.00887103 1 0 0 7013
               98.29  2.00048  12.9896 -40.2482  37.0262   38.298 0.742806   0.313036   0.664914 -0.0120501  0.00244577 0.000660747 -0.00574353  0.0158189 -0.0107187 0.00893971 1 0 0 0
             98.3905 2.86868 12.0382 -40.686 37.0688 38.3569 0.74159   0.432946   0.544664 -0.0488057  0.00239902 0.000713341 -0.00576361  0.0135768 -0.0115698 0.00818186 1 0 0 7233
             98.3905  2.80268   11.922 -40.7047  37.0757  38.3512 0.752667  0.511144    0.4772 0.0713503  0.00241951 0.000745106 -0.00576034  0.0126601 -0.0116612 0.00643128 1 0 0 0
             98.4903  1.59857   12.888 -40.3887 37.1362 38.3952  0.7572   0.63385   0.39682 0.0284891  0.00247522 0.000664765 -0.00577881  0.0121433 -0.0123023 0.00624271 1 0 0 7074
             98.4903  1.51291  12.8729 -40.4915   37.131  38.3855 0.756251  0.575523  0.280632 0.0168978  0.00248791  0.00066862 -0.00574852   0.011687 -0.0107601  0.0062116 1 0 0 0
               98.59 0.626067   12.886 -41.2293  37.1807  38.4203 0.758545   0.482786   0.351837 0.00905411   0.0024453 0.000706489 -0.00576619  0.0133181 -0.0110971 0.00635619 1 0 0 7130
               98.59 0.626067   12.886 -41.2293  37.1807  38.4203 0.758545   0.482786   0.351837 0.00905411   0.0024453 0.000706489 -0.00576619  0.0133181 -0.0110971 0.00635619 1 0 0 0
             98.6903 0.458371  12.7801 -41.3621  37.2226  38.4621 0.757681   0.437461   0.437237 -0.0184292  0.00243156 0.000736623 -0.00578528  0.0148958 -0.0109666 0.00668245 1 0 0 7106
             98.6903 0.458371  12.7801 -41.3621  37.2226  38.4621 0.757681   0.437461   0.437237 -0.0184292  0.00243156 0.000736623 -0.00578528  0.0148958 -0.0109666 0.00668245 1 0 0 0
             98.7901 -0.423058   12.7942  -41.4127  37.2625  38.5046 0.753933   0.429639   0.425201 -0.0254395  0.00245502 0.000735324 -0.00578849   0.0154409 -0.00994689  0.00715275 1 0 0 7206
             98.7901 -0.50708  12.8353 -41.4943  37.2616  38.5025 0.743743  0.419298  0.398953 -0.136732  0.00247524 0.000721258 -0.00576331   0.0150121 -0.00960946  0.00848526 1 0 0 0
               98.89 -0.582531   12.3018  -41.7715  37.3095  38.5421 0.735684   0.497899   0.387782 -0.0416483  0.00241937 0.000706419 -0.00579063   0.014821 -0.0101176 0.00810992 1 0 0 7229
               98.89 -0.669857   12.2385  -41.8125  37.3084  38.5362 0.737051   0.486657   0.318885 -0.0280054  0.00244167 0.000724737 -0.00577762   0.0143848 -0.00940131  0.00784452 1 0 0 0
             98.9905  1.62718  12.3913 -41.2636  37.3632  38.5674 0.740271  0.584056  0.299478 0.0786534  0.00234904 0.000676367 -0.00580491   0.0141774 -0.00972236  0.00750377 1 0 0 7136
             98.9905  1.64094  12.3811 -41.2624 37.3644 38.5692 0.73577 0.596432 0.319994 0.030012  0.00234587 0.000679446 -0.00580497  0.0141103 -0.0100185 0.00811371 1 0 0 0
             99.0901   1.9071  13.4887 -40.3124  37.4279   38.599 0.741846 0.592281 0.285504 0.064761  0.00242214 0.000657201 -0.00581054  0.0133543 -0.0103061  0.0078749 1 0 0 7196
             99.0901   1.8783  13.4216 -40.3569  37.4273  38.5973 0.752399 0.588186 0.267608 0.179658  0.00242573 0.000674715 -0.00579923  0.0135435 -0.0101436 0.00644894 1 0 0 0
               99.19  2.56008  12.0895 -39.3198  37.4833  38.6269 0.770564 0.528542 0.286093  0.15367  0.00244388 0.000734471 -0.00582659  0.0135848 -0.0107845 0.00621889 1 0 0 7244
               99.19  2.54819  12.1516 -39.3174   37.479  38.6252 0.764976  0.480115  0.265686 0.0924208  0.00242999 0.000725052 -0.00583158  0.0136684 -0.0102205 0.00694398 1 0 0 0
             99.2903  2.35551  12.1339 -39.3821  37.5254  38.6489 0.770765 0.476039 0.223068 0.030467  0.00242675 0.000709845 -0.00580257   0.0138645 -0.00980694  0.00699489 1 0 0 7398
             99.2903  2.24501  12.1457 -39.3817 37.5249 38.6474 0.76586   0.470842   0.205614 -0.0232078  0.00245317 0.000703786 -0.00580396   0.0136456 -0.00957937  0.00758299 1 0 0 0
             99.3903 0.762125  12.0888 -40.8776  37.5725  38.6758 0.763691   0.451164   0.303025 -0.0406547  0.00247732 0.000718487 -0.00575773  0.0142555 -0.0105655 0.00743179 1 0 0 7275
             99.3903 0.704496  12.1235 -40.8823  37.5718  38.6765 0.766654    0.443923    0.312753 -0.00819494  0.00249465 0.000712458 -0.00575632  0.0144684 -0.0106048 0.00708997 1 0 0 0
               99.49 0.930001  12.2072  -40.979  37.6156  38.7106 0.763725   0.449651   0.383315 -0.0490274  0.00244713 0.000728415  -0.0058045  0.0143919 -0.0105486 0.00708019 1 0 0 7326
               99.49 0.793011  12.2088 -40.9799  37.6159  38.7091 0.760829   0.452939   0.365389 -0.0816714  0.00248352 0.000724245 -0.00580531  0.0141491 -0.0104075 0.00741689 1 0 0 0
             99.5903 0.121987   12.234 -40.5452   37.662  38.7531 0.751315   0.464776   0.510319 -0.0962173  0.00246906 0.000713157 -0.00582161  0.0142415 -0.0104333 0.00748126 1 0 0 7526
             99.5903 0.219545  12.2418 -40.4502  37.6689    38.75 0.747464  0.545236  0.473652 -0.137265  0.00245561  0.00068467 -0.00584212   0.013195 -0.0107601 0.00775935 1 0 0 0
             99.6901 0.289957  11.9714 -39.0106  37.7163  38.8055 0.737902   0.471255   0.598452 -0.0620239   0.0024358 0.000722186 -0.00584764  0.0141711  -0.010404 0.00777641 1 0 0 7546
             99.6901 0.265333   11.906 -38.9968  37.7184  38.8025 0.742657   0.495458   0.564427 -0.0106731  0.00243851 0.000725611 -0.00585102  0.0138422 -0.0103041  0.0070931 1 0 0 0
               99.79 0.946123  11.1987 -38.7375  37.7647  38.8617 0.745486 0.498657 0.592111 0.077746  0.00242213 0.000767109 -0.00582394  0.0147943 -0.0100071 0.00737549 1 0 0 7443
               99.79   1.0407   11.215 -38.7394  37.7695  38.8626 0.742798  0.553395  0.602213 0.0494848  0.00240992 0.000750293 -0.00581952  0.0143417 -0.0105036 0.00762164 1 0 0 0
             99.8904 0.844317  12.1159 -38.4263   37.821  38.9185 0.749697   0.47811  0.531106 0.0890165   0.0024409 0.000699243 -0.00581951    0.014582 -0.00980812  0.00784241 1 0 0 7502
             99.8904 0.833322  12.0899  -38.593  37.8172  38.9271 0.748807  0.434204  0.630706 0.0805017   0.0024526 0.000742886  -0.0057702  0.0156477 -0.0103449  0.0081648 1 0 0 0
             99.9901  1.94609  11.5992 -38.4858  37.8571  38.9761 0.754725  0.357543  0.445668 0.0187125  0.00237619 0.000734114 -0.00582074   0.0143559 -0.00950832  0.00784654 1 0 0 7475
             99.9901  1.94609  11.5992 -38.4858  37.8571  38.9761 0.754725  0.357543  0.445668 0.0187125  0.00237619 0.000734114 -0.00582074   0.0143559 -0.00950832  0.00784654 1 0 0 0
              100.09  1.83796  12.0576 -37.5309  37.8973  39.0079 0.750264   0.426174   0.262299 -0.0785568  0.00241564 0.000673367 -0.00584207   0.0133268 -0.00883038  0.00785843 1 0 0 7456
              100.09  1.93307  12.0804 -37.5176  37.9028  39.0045 0.744679  0.489387  0.221728 -0.138284  0.00239005   0.0006451 -0.00584709    0.012346 -0.00893329  0.00837801 1 0 0 0
              100.19 0.712926  12.6353 -38.5743  37.9522  39.0318 0.735396   0.481696   0.275772 -0.0996281  0.00243966 0.000667575 -0.00579956   0.0129199 -0.00987095  0.00782361 1 0 0 7476
              100.19 0.767693  12.5507 -38.5035  37.9421  39.0379 0.752181  0.372529  0.350209 0.0805536  0.00242845 0.000737422 -0.00582074    0.014829 -0.00980786  0.00604401 1 0 0 0
              100.29 0.474152  12.6909 -39.1009 37.9874 39.0731 0.75752  0.489663  0.354171 0.0299328  0.00247357 0.000742853 -0.00580248  0.0143774 -0.0103072 0.00593827 1 0 0 7416
              100.29 0.551957  12.7254 -39.0582       38  39.0701 0.742662  0.626026  0.316321 -0.129721  0.00246899 0.000690104 -0.00581009  0.0125278 -0.0109564 0.00746521 1 0 0 0
              100.39 0.335336  12.9407 -39.2909  38.0605  39.1107 0.731599  0.639318  0.432781 -0.102404  0.00248051 0.000703864 -0.00580855  0.0137316 -0.0110961 0.00746137 1 0 0 7514
              100.39 0.361483  12.8662 -39.2401  38.0532  39.1089 0.730358  0.559177  0.412508 -0.116237  0.00245619 0.000741108 -0.00582794  0.0142253 -0.0103165 0.00773792 1 0 0 0
              100.49 -0.512253   12.7445  -39.5872  38.1115  39.1557 0.724883   0.612265   0.479006 -0.0123554  0.00245855 0.000735771 -0.00582274  0.0148669 -0.0106697 0.00752335 1 0 0 7545
              100.49 -0.457501   12.7233  -39.4839 38.1109  39.147 0.72635   0.60648  0.377696 0.0023579  0.00241923 0.000720589 -0.00585492   0.0142222 -0.00976919  0.00719978 1 0 0 0
              100.59  1.12847  13.0964 -38.9877  38.1712  39.1891 0.731565  0.616345  0.435332 0.0989584  0.00240603 0.000738478 -0.00584225  0.0148474 -0.0099611 0.00735744 1 0 0 7560
              100.59  1.19326  13.0806 -38.8929  38.1808  39.1879 0.731132  0.725217  0.420026 0.0949238 0.00241368 0.00070921 -0.0058649  0.0138203  -0.010642 0.00716683 1 0 0 0
             100.691  1.74583  14.1439 -37.6748  38.2467  39.2365 0.744683 0.605009 0.498716 0.161342  0.00246217 0.000711046 -0.00584107  0.0147572 -0.0107446 0.00726291 1 0 0 7645
             100.691  1.74583  14.1439 -37.6748  38.2467  39.2365 0.744683 0.605009 0.498716 0.161342  0.00246217 0.000711046 -0.00584107  0.0147572 -0.0107446 0.00726291 1 0 0 0
              100.79  1.59513  12.6764 -36.5225  38.2939  39.2847 0.758801 0.402824 0.490734  0.10637  0.00248407 0.000794392 -0.00587168  0.0151375 -0.0102148  0.0073931 1 0 0 7556
              100.79  1.7039 12.6495 -36.375  38.2967  39.2798 0.758302 0.434755 0.432034 0.100971  0.00245507   0.0007793 -0.00591882   0.0144459 -0.00994221  0.00727704 1 0 0 0
              100.89  2.10464  12.5204 -34.8496 38.3413 39.3247 0.76429  0.440373  0.447261 0.0343216  0.00248018 0.000740775 -0.00588089  0.0144528 -0.0105544 0.00729813 1 0 0 7590
              100.89  2.15169  12.4363 -34.8422  38.3417   39.313 0.755648   0.441638    0.30946 -0.0608047  0.00243715 0.000741694 -0.00589628    0.013234 -0.00927868  0.00813362 1 0 0 0
              100.99  1.27481  12.2017 -34.7457 38.3787 39.3502 0.74998   0.351551   0.394762 -0.0711254  0.00247215 0.000749506  -0.0058398   0.0143462 -0.00935249  0.00812664 1 0 0 7633
              100.99  1.32201  12.1403 -34.5585  38.3861  39.3454 0.754563    0.43729   0.336303 -0.0191952  0.00247151 0.000731385 -0.00589205    0.013306 -0.00941775  0.00727758 1 0 0 0
              101.09 0.82034 12.1432 -34.183  38.4229  39.3976 0.753036   0.346186   0.581245 -0.0288002  0.00250152 0.000765877 -0.00584848  0.0150307 -0.0106262  0.0074378 1 0 0 7578
              101.09  0.83471  12.1176 -34.0214  38.4292  39.3975 0.754061   0.416837   0.578831 -0.0164307  0.00251969  0.00075265 -0.00588984  0.0144021 -0.0110781 0.00716902 1 0 0 0
              101.19 0.458556   11.772 -33.8792   38.465  39.4667 0.748433   0.358094   0.746276 -0.0730154  0.00252023 0.000770954 -0.00585792  0.0154874 -0.0115321  0.0076133 1 0 0 7584
              101.19 0.451893  11.7363 -33.8442   38.465  39.4615 0.747367   0.358806   0.685724 -0.0849449   0.0025097 0.000770379 -0.00587149  0.0150593 -0.0109666 0.00766224 1 0 0 0
              101.29 0.280907  11.5157 -34.1752   38.499  39.5302 0.740027   0.332231   0.689276 -0.0394441  0.00249959 0.000778255 -0.00584782  0.0151659  -0.010632 0.00778836 1 0 0 7502
              101.29 0.398636  11.4971  -34.205  38.4993  39.5188 0.739008    0.33509   0.554956 -0.0513583  0.00242822 0.000758502 -0.00584552   0.0142529 -0.00939335  0.00774248 1 0 0 0
              101.39  1.64042  11.6987 -35.6973  38.5341  39.5779 0.739702  0.362834  0.580929 0.0594214  0.00243785 0.000755757 -0.00582231  0.0146597 -0.0099295 0.00787401 1 0 0 7602
              101.39  1.72327  11.7913 -35.6969  38.5368    39.58 0.742664  0.393891   0.60483 0.0916931   0.0024268 0.000723998 -0.00581942  0.0146134 -0.0103621 0.00747889 1 0 0 0
              101.49   1.5341  12.4368 -36.9831  38.5747  39.6345 0.750982 0.338781 0.493388  0.07247  0.00245844 0.000733468 -0.00582949   0.014404  -0.010222 0.00761088 1 0 0 7475
              101.49  1.60222  12.4779 -37.0066  38.5737  39.6293 0.752999  0.327054  0.432303 0.0938543  0.00241728  0.00071428 -0.00582563   0.0141525 -0.00959718  0.00727802 1 0 0 0
              101.59  1.72334  12.1619 -36.9837  38.5994  39.6712 0.760614  0.225564  0.389966 0.0459286  0.00244897 0.000753945 -0.00585074   0.0145605 -0.00955216  0.00729944 1 0 0 7572
              101.59   1.7041   12.243 -36.9309  38.6033  39.6723 0.758967  0.269728  0.401143 0.0287986  0.00246845 0.000720454 -0.00586384    0.014212 -0.00996132  0.00744672 1 0 0 0
              101.69  1.26192  12.1542 -37.7322   38.629  39.7104 0.756914   0.269464   0.364552 -0.0559164  0.00245652 0.000751827 -0.00585193   0.0143735 -0.00993164  0.00766558 1 0 0 7528
              101.69  1.21015  12.2475 -37.7274  38.6323  39.7126 0.757817   0.308157   0.390149 -0.0453773  0.00248543 0.000719828 -0.00585013  0.0142464 -0.0104364 0.00752816 1 0 0 0
              101.79 0.603065  12.5207 -37.6437  38.6627  39.7508 0.750592   0.316137   0.392569 -0.0897137  0.00249416 0.000728383 -0.00587303  0.0144534 -0.0102401 0.00759678 1 0 0 7420
              101.79 0.586994  12.6561 -37.6583  38.6632  39.7585 0.751651   0.322553    0.48121 -0.0776557  0.00251971 0.000702628   -0.005866  0.0150687 -0.0110829 0.00760217 1 0 0 0
             101.891 -0.272723   13.0052  -36.8921  38.6972  39.8002 0.740431  0.357969  0.426435 -0.114652  0.00251062 0.000724728 -0.00590096  0.0143068 -0.0102398 0.00781979 1 0 0 7628
             101.891 -0.260043   13.0226  -36.7874  38.6983  39.7939 0.740335  0.371421  0.354058 -0.116258  0.00250477 0.000708066 -0.00593384   0.0136668 -0.00968533  0.00769352 1 0 0 0
              101.99 -0.702464   12.9267  -35.6063  38.7385  39.8291 0.728644  0.452996  0.354595 -0.106761  0.00250051 0.000735606 -0.00592161   0.0136705 -0.00944304  0.00788312 1 0 0 7589
              101.99 -0.732088   13.0029  -35.5286  38.7373  39.8322 0.734091   0.440201   0.391605 -0.0464426  0.00251511 0.000716332 -0.00594474   0.0142519 -0.00970447  0.00721822 1 0 0 0
              102.09 -0.449327   13.1694  -35.0133  38.7855  39.8712 0.727967   0.505637   0.391819 -0.0482246  0.00249687 0.000722137 -0.00589534   0.0140925 -0.00975291  0.00749001 1 0 0 7789
              102.09 -0.405535   13.1717  -35.0033  38.7947  39.8778 0.726514    0.60913   0.467544 -0.0623618  0.00251356 0.000713252 -0.00589413   0.013627 -0.0111627 0.00753061 1 0 0 0
              102.19  1.71148  14.0014 -34.1181  38.8528  39.9235 0.722518  0.596512   0.45962 0.0113987  0.00246004 0.000712731 -0.00591788   0.014017 -0.0105256   0.007911 1 0 0 7621
              102.19  1.63909  14.0357 -34.1742  38.8446  39.9197 0.725894  0.504193  0.417053 0.0466556  0.00247679  0.00070228 -0.00589947   0.0147308 -0.00941363  0.00762837 1 0 0 0
              102.29  2.59192  14.7739 -32.6146   38.897  39.9643 0.738107 0.506596 0.440178 0.159579  0.00248244 0.000724242 -0.00592088   0.0148548 -0.00982653  0.00737743 1 0 0 7462
              102.29  2.47031    14.82 -32.6496  38.8966  39.9647 0.739558 0.502371 0.444117 0.175649  0.00251837 0.000710749 -0.00590964    0.014977 -0.00982922  0.00719751 1 0 0 0
              102.39 2.62716 13.4156 -31.659 38.9383 40.0033 0.75388 0.364578 0.372209 0.106758  0.00252215 0.000750189 -0.00588869    0.014794 -0.00917416  0.00733809 1 0 0 7562
              102.39  2.67516  13.5441 -31.5833  38.9397    40.01 0.757585 0.381257  0.45063 0.147828  0.00251457 0.000710237 -0.00590874  0.0152895 -0.0101204  0.0069778 1 0 0 0
              102.49  1.89366  12.8382 -30.8369  38.9805   40.048 0.765031  0.416152  0.346213 0.0375154  0.00253827 0.000733691 -0.00588934   0.0145608 -0.00973346  0.00717279 1 0 0 7671
              102.49   1.8036  12.9063 -30.9167  38.9834  40.0431 0.759342   0.450029   0.287737 -0.0259979  0.00256169 0.000712587 -0.00586426    0.013648 -0.00929998  0.00776409 1 0 0 0
             102.591 0.0644277   12.0403  -31.9903  39.0264  40.0734 0.754175   0.419879   0.302209 -0.0748635  0.00257422 0.000750689 -0.00582152   0.0139868 -0.00942021  0.00795053 1 0 0 7556
             102.591 0.0400979   12.0834  -32.0048  39.0265  40.0753 0.753867   0.420744   0.325449 -0.0784183  0.00258149 0.000737489 -0.00581681   0.0141179 -0.00966818  0.00803515 1 0 0 0
              102.69 -0.667215   12.0107  -32.9548  39.0657  40.1162 0.746759    0.37075   0.461816 -0.0811433  0.00254504 0.000719819  -0.0058134  0.0146955 -0.0103327 0.00781582 1 0 0 7532
              102.69 -0.713893   12.0523  -32.9039  39.0611  40.1245 0.748465   0.318183   0.562814 -0.0629433  0.00256629 0.000709211 -0.00582977  0.0159424 -0.0110316 0.00783831 1 0 0 0
              102.79 -0.759222   11.3604  -33.4995  39.0929  40.1802 0.741121  0.300439  0.601141 -0.073153  0.00252694 0.000707132 -0.00582792  0.0150884 -0.0105681 0.00776122 1 0 0 7561
              102.79 -0.785439   11.3527  -33.4872  39.0937  40.1793 0.745054   0.310756   0.591007 -0.0290357  0.00253574 0.000709253 -0.00583161 0.0150317 -0.010522  0.007175 1 0 0 0
             102.891 -0.347051    10.667   -32.695  39.1291  40.2406 0.743246    0.365827     0.65234 0.000159229  0.00251836 0.000725038 -0.00588227  0.0142518 -0.0103821 0.00709556 1 0 0 7460
             102.891 -0.499579   10.6903  -32.7766  39.1281  40.2276 0.744187  0.354083  0.494255 0.0101082  0.00255712 0.000714573 -0.00585987   0.0133222 -0.00866226  0.00682472 1 0 0 0
              102.99 -0.478096   10.0887   -34.265  39.1616  40.2836 0.747951  0.360794  0.581712 0.0701609  0.00253231   0.0007345 -0.00580394   0.0143357 -0.00894983  0.00701019 1 0 0 7402
              102.99 -0.376072   10.1573  -34.2113  39.1621  40.2958 0.740543   0.363001   0.729082 -0.0135452  0.00250939 0.000716171  -0.0058193  0.0151182 -0.0104968 0.00821061 1 0 0 0
              103.09 -0.304304   11.1853   -34.565  39.1969  40.3653 0.741437  0.330403  0.676296 0.0228279  0.00252825 0.000705511 -0.00583205   0.0151237 -0.00985744  0.00815591 1 0 0 7385
              103.09 -0.304304   11.1853   -34.565  39.1969  40.3653 0.741437  0.330403  0.676296 0.0228279  0.00252825 0.000705511 -0.00583205   0.0151237 -0.00985744  0.00815591 1 0 0 0
              103.19 0.671407  11.6273 -34.4664 39.2273 40.4303 0.74274   0.277916   0.623836 -0.0133871  0.00249394 0.000685561 -0.00585306  0.0148472 -0.0101319 0.00802375 1 0 0 7392
              103.19 0.642265  11.6015 -34.4483  39.2257  40.4279 0.744146   0.259679   0.594914 0.00209076  0.00250254 0.000693672 -0.00585872   0.0148587 -0.00970496  0.00782625 1 0 0 0
              103.29 0.224051  12.2262 -33.6904  39.2578  40.4761 0.742069   0.347529   0.407519 -0.0368265  0.00253393 0.000692685 -0.00587138   0.0141631 -0.00931851  0.00762691 1 0 0 7430
              103.29 0.224051  12.2262 -33.6904  39.2578  40.4761 0.742069   0.347529   0.407519 -0.0368265  0.00253393 0.000692685 -0.00587138   0.0141631 -0.00931851  0.00762691 1 0 0 0
              103.39 0.396741  12.9059 -34.2541  39.2871  40.5141 0.740805   0.267143   0.358699 -0.0183336  0.00249828 0.000676052  -0.0058354   0.0145618 -0.00916388  0.00730865 1 0 0 7626
              103.39 0.352721  12.8706 -34.2098  39.2864  40.5184 0.748702  0.260439  0.413179 0.0719303 0.00251749 0.00068896 -0.0058493   0.0152386 -0.00967191  0.00627908 1 0 0 0
              103.49  1.09791  12.4957 -34.1589  39.3171  40.5568 0.753327  0.344989   0.38342 0.0212571  0.00250367 0.000726424 -0.00585836   0.0148213 -0.00966361  0.00614714 1 0 0 7541
              103.49  1.05405  12.5471 -34.1632  39.3192  40.5581 0.742425  0.367902  0.397539 -0.100188  0.00251797 0.000709239 -0.00585672   0.0143522 -0.00996141  0.00762455 1 0 0 0
              103.59 0.694115  12.9216 -33.9732  39.3581  40.5985 0.731137  0.432447  0.424741 -0.115153  0.00253049 0.000699079 -0.00585043   0.0145293 -0.00963081  0.00770716 1 0 0 7384
              103.59 0.653196  12.9777 -33.9031 39.3557 40.6062 0.73255    0.40518   0.517839 -0.0986247  0.00255069 0.000684212 -0.00587249  0.0154989  -0.010382 0.00772043 1 0 0 0
              103.69 -0.368977   12.8107  -33.8135  39.4053  40.6502 0.722405   0.539636   0.411742 -0.0779822  0.00256848 0.000710543 -0.00586919   0.0142799 -0.00973609  0.00772507 1 0 0 7641
              103.69 -0.414929   12.7455  -33.8253 39.4095 40.6423 0.72417   0.587439   0.316319 -0.0574244  0.00257992 0.000727091 -0.00586365    0.013202 -0.00910234  0.00720309 1 0 0 0
              103.79 0.348026  12.8396 -33.8101  39.4647  40.6759 0.720378     0.561275       0.3317 -0.000877586      0.0025 0.000716251  -0.0058565   0.0140617 -0.00895273  0.00756899 1 0 0 7653
              103.79 0.307163  12.9326 -33.7109  39.4587  40.6813 0.721017    0.49305   0.396939 0.00517858  0.00252103 0.000693803 -0.00588759   0.0152011 -0.00913706  0.00774963 1 0 0 0
              103.89  1.89296  14.2318 -32.8048  39.5101  40.7213 0.728883  0.52037 0.390855  0.14279  0.00248149 0.000690496  -0.0058903   0.0153228 -0.00923427   0.0077228 1 0 0 7500
              103.89  1.73467  14.2602 -32.7907  39.5092  40.7258 0.733487 0.511343 0.445763 0.194549  0.00253517 0.000684831 -0.00589456   0.0159296 -0.00971078  0.00719039 1 0 0 0
              103.99  1.91759  12.5696 -33.2389 39.5614 40.7648 0.75054 0.482841 0.363071 0.137006  0.00252317 0.000773167 -0.00585893   0.0148992 -0.00983647  0.00711441 1 0 0 7624
              103.99  1.91602  12.5691 -33.1493  39.5639   40.767 0.750415 0.510234 0.387855 0.136434  0.00253176 0.000772205 -0.00588622  0.0147879 -0.0102799 0.00710912 1 0 0 0
             104.091 2.75298 12.1529 -32.109  39.6104  40.7965 0.756695  0.444291   0.25704 0.0266886  0.00250668  0.00072766 -0.00589279   0.0144869 -0.00928809    0.007484 1 0 0 8074
             104.091  2.60376  12.0676 -32.2027  39.6095  40.7918 0.750634   0.434699   0.203123 -0.0415529  0.00253567 0.000750582 -0.00587081   0.0140244 -0.00862841  0.00823838 1 0 0 0
              104.19  2.31475  11.7399 -33.3283 39.6514 40.8191 0.74629   0.424736   0.294999 -0.0649814  0.00254668 0.000753941 -0.00583632   0.0146993 -0.00932865  0.00822341 1 0 0 6975
              104.19  2.24752  11.6909 -33.2146  39.6526  40.8176 0.749298   0.437061   0.277513 -0.0310877  0.00257132 0.000760398 -0.00587039   0.0145555 -0.00925488  0.00778633 1 0 0 0
             104.291 1.43368 11.8048 -33.909  39.6923  40.8527 0.741909  0.391845  0.394914 -0.110562  0.00254535 0.000744003 -0.00585075   0.0153192 -0.00942352  0.00790192 1 0 0 7617
             104.291  1.25011  11.8409 -33.8127  39.6963  40.8557 0.746073   0.439365   0.431268 -0.0638599 0.00261996 0.00072545 -0.0058738   0.015216 -0.0100994 0.00733455 1 0 0 0
              104.39 -0.291696   12.3271  -34.1331  39.7378  40.9039 0.736624  0.410825   0.53505 -0.108919  0.00258767 0.000733166 -0.00585221   0.0155473 -0.00993091  0.00756558 1 0 0 7503
              104.39 -0.291696   12.3271  -34.1331  39.7378  40.9039 0.736624  0.410825   0.53505 -0.108919  0.00258767 0.000733166 -0.00585221   0.0155473 -0.00993091  0.00756558 1 0 0 0
              104.49 -0.565579   12.2667    -33.56  39.7767  40.9573 0.725541   0.390886   0.564993 -0.0940581  0.00253073 0.000736411 -0.00588276   0.0153543 -0.00930073   0.0076309 1 0 0 7602
              104.49 -0.636532   12.2329  -33.5559  39.7754  40.9578 0.725165   0.376457   0.571579 -0.0982605  0.00255126 0.000751389 -0.00588476  0.0155167 -0.0092627 0.00771663 1 0 0 0
              104.59  -0.6884  11.7707 -34.7197  39.8201  41.0136 0.718727    0.48206   0.557625 0.00572579  0.00251055 0.000743005   -0.005825   0.0147427 -0.00939759   0.0078006 1 0 0 7680
              104.59 -0.707014   11.7349  -34.6944 39.8189 41.0149 0.72292  0.467932  0.572648 0.0527176  0.00251855 0.000760674  -0.0058323   0.0150846 -0.00943836  0.00729572 1 0 0 0
              104.69 0.417472  11.8359 -34.8202  39.8696  41.0685 0.730645 0.514902 0.525876 0.104325  0.00247134 0.000711909 -0.00587068   0.0146611 -0.00916473  0.00763534 1 0 0 7403
              104.69 0.417472  11.8359 -34.8202  39.8696  41.0685 0.730645 0.514902 0.525876 0.104325  0.00247134 0.000711909 -0.00587068   0.0146611 -0.00916473  0.00763534 1 0 0 0
              104.79 0.906303  11.8855 -35.3679  39.9151  41.1195 0.739411  0.397144  0.492836 0.0533022  0.00248711 0.000735542 -0.00586461   0.0145999 -0.00907555  0.00762409 1 0 0 7355
              104.79  0.87009  11.8163 -35.3568  39.9148    41.12 0.746785 0.394073 0.497762 0.136756  0.00250071 0.000756427  -0.0058674    0.014857 -0.00909963  0.00665775 1 0 0 0
              104.89  1.37377  11.2957 -34.3985  39.9509  41.1668 0.752994  0.384532   0.43029 0.0217545  0.00251596 0.000746188 -0.00592503   0.0152175 -0.00880173  0.00710434 1 0 0 7200
              104.89  1.34657  11.4836 -34.3631   39.948  41.1715 0.748003   0.353075   0.485017 -0.0327594  0.00253218 0.000708407 -0.00593048   0.0157598 -0.00908698  0.00788665 1 0 0 0
              104.99 -0.361139   12.9375  -35.1727 39.9899 41.2119 0.73974   0.41665  0.377266 -0.103456  0.00255555 0.000686275 -0.00586068   0.0147956 -0.00908425  0.00803943 1 0 0 7264
              104.99 -0.404786   12.9307  -35.1574  39.9952  41.2131 0.740669   0.477194   0.392163 -0.0935744   0.0025846 0.000675886  -0.0058645   0.0143555 -0.00963267  0.00784312 1 0 0 0
              105.09 -0.495599   13.1147  -34.9479  40.0406   41.252 0.727315 0.473068 0.389531 -0.15701  0.00252586 0.000712669 -0.00590621   0.0144631 -0.00929669   0.0081657 1 0 0 7278
              105.09 -0.537465   13.0875  -34.9879  40.0372  41.2551 0.728469  0.433882  0.426156 -0.143808  0.00253829   0.0007371 -0.00589433   0.0150985 -0.00937315  0.00814811 1 0 0 0
              105.19 -0.852027   13.3755  -35.0657  40.0876  41.2993 0.712829  0.560577  0.447936 -0.159577  0.00254139 0.000721771 -0.00590421   0.0148736 -0.00955942  0.00814628 1 0 0 7263
              105.19 -0.946856   13.3429  -35.0951  40.0861  41.2968 0.715351  0.544187  0.418072 -0.130666  0.00255647 0.000730594 -0.00589728   0.0149005 -0.00915221  0.00780292 1 0 0 0
              105.29 -1.66694   13.627  -35.696  40.1455  41.3409 0.706393   0.634756   0.439462 -0.0585599  0.00254415 0.000712558 -0.00588571   0.0150614 -0.00945009  0.00752805 1 0 0 7321
              105.29 -1.69145  13.5858 -35.7169  40.1457  41.3384 0.707971   0.637497   0.410245 -0.0405562  0.00254216 0.000719055 -0.00587984   0.0148883 -0.00918851  0.00727097 1 0 0 0
              105.39 0.169308  14.2574 -35.9867  40.2067  41.3815 0.707885  0.615635  0.444278 0.0473152  0.00243304   0.0007232 -0.00591915   0.0156045 -0.00905022  0.00737139 1 0 0 7220
              105.39 0.198705   14.288 -35.9457  40.2054  41.3889 0.703082    0.600897    0.531955 -0.00662534   0.0024498 0.000734448 -0.00592666    0.016179 -0.00979078  0.00815651 1 0 0 0
              105.49  2.78704  16.4933 -33.6186  40.2705  41.4361 0.708119 0.650649 0.470396 0.095122  0.00248323 0.000666052 -0.00597515    0.015243 -0.00932832  0.00797204 1 0 0 7183
              105.49  2.64847  16.4061 -33.6603  40.2681  41.4293 0.709421 0.622052 0.390126 0.109123  0.00248973 0.000683218 -0.00597154   0.0149976 -0.00839066  0.00773523 1 0 0 0
              105.59 1.91636 16.0269 -33.272  40.3276   41.467 0.720506  0.536839  0.357288 0.0876686  0.00251626 0.000740051 -0.00590744   0.0146469 -0.00864947  0.00749554 1 0 0 7514
              105.59  1.76944  15.9719 -33.1484  40.3263  41.4687 0.729515 0.522296  0.37759 0.185818  0.00257342   0.0007607 -0.00594164   0.0152455 -0.00878673    0.006454 1 0 0 0
              105.69  1.78828  15.1433 -32.4208  40.3757  41.5071 0.742565  0.488968  0.354612 0.0886114  0.00253212 0.000748281 -0.00591597  0.0154687 -0.0091225 0.00681358 1 0 0 7430
              105.69  1.69463  15.1134 -32.3971 40.3719 41.5057 0.73433   0.444652   0.337133 -0.0030253  0.00254692 0.000766706 -0.00592839   0.0154542 -0.00861566  0.00794287 1 0 0 0
              105.79  1.07477  14.9911 -33.2368  40.4212  41.5438 0.731669  0.506837  0.394961 -0.064425  0.00255895 0.000747614 -0.00586884  0.0155178 -0.0095829 0.00776738 1 0 0 7194
              105.79 1.03621 15.0018 -33.189  40.4173  41.5452 0.721517  0.462608  0.410152 -0.177035  0.00256909 0.000755572 -0.00588357  0.0156701 -0.0094093 0.00919406 1 0 0 0
              105.89 0.108478   15.435 -34.3079  40.4665  41.5876 0.702435  0.485347  0.474361 -0.203541  0.00252312 0.000729553 -0.00586778   0.0152129 -0.00954508  0.00887053 1 0 0 7257
              105.89 0.154531  15.4152 -34.1747  40.4686  41.5851 0.705082   0.50894  0.444526 -0.173867  0.00251567 0.000724978  -0.0059063   0.0148946 -0.00942138  0.00841223 1 0 0 0
             105.991 0.151362  15.2067 -34.0889  40.5216  41.6393 0.691211  0.529631  0.613688 -0.128825  0.00250478 0.000733418 -0.00589905  0.0149747 -0.0100532 0.00791167 1 0 0 7515
             105.991 0.151362  15.2067 -34.0889  40.5216  41.6393 0.691211  0.529631  0.613688 -0.128825  0.00250478 0.000733418 -0.00589905  0.0149747 -0.0100532 0.00791167 1 0 0 0
              106.09 -0.367234   14.7174  -33.3172  40.5749  41.7093 0.683337   0.558257   0.743754 -0.0548187  0.00255262 0.000725902 -0.00590305  0.0156549 -0.0103536 0.00749307 1 0 0 7199
              106.09 -0.367234   14.7174  -33.3172  40.5749  41.7093 0.683337   0.558257   0.743754 -0.0548187  0.00255262 0.000725902 -0.00590305  0.0156549 -0.0103536 0.00749307 1 0 0 0
              106.19 -0.102962   14.0741  -33.9818   40.628   41.782 0.687819 0.547043 0.741621 0.130635  0.00247194 0.000745373 -0.00590373  0.0159509 -0.0096247  0.0070811 1 0 0 7321
              106.19 -0.102962   14.0741  -33.9818   40.628   41.782 0.687819 0.547043 0.741621 0.130635  0.00247194 0.000745373 -0.00590373  0.0159509 -0.0096247  0.0070811 1 0 0 0
              106.29 0.914706  14.3602 -33.0033  40.6795   41.849 0.703258 0.479082 0.625035 0.156951  0.00250339 0.000715121 -0.00592502   0.0157989 -0.00866465  0.00737324 1 0 0 7244
              106.29 0.841466  14.3708 -32.9721  40.6709  41.8295 0.695464  0.383363  0.392102 0.0704263    0.002526 0.000712354 -0.00593746   0.0148781 -0.00560561  0.00831265 1 0 0 0
              106.39 0.982702   13.538 -33.2448  40.7023  41.8749 0.701606   0.28437  0.428709 0.0117073  0.00251023 0.000754389 -0.00588346    0.016154 -0.00678546   0.0080119 1 0 0 7247
              106.39 0.989413  13.5845 -33.1107  40.6966  41.9098 0.680286   0.21609  0.838463 -0.215309  0.00252019 0.000749031  -0.0059161  0.0188851 -0.0105547  0.0118066 1 0 0 0
              106.49 0.646384  14.5514 -32.5071  40.7365  41.9714 0.662913  0.418944  0.537218 -0.188917  0.00247822 0.000660318 -0.00589481   0.0157149 -0.00994091  0.00989854 1 0 0 7308
              106.49 0.663329  14.4381 -32.6286  40.7471  41.9621 0.660047  0.535841  0.426213 -0.219783  0.00246345 0.000693344 -0.00585889    0.013662 -0.00959134  0.00979233 1 0 0 0
             106.591 0.386916  15.1345  -32.767  40.8072  42.0006 0.651808   0.619578   0.383009 -0.0717686  0.00245761 0.000665176 -0.00588133   0.0130602 -0.00976478  0.00750709 1 0 0 7273
             106.591 0.367856  14.9927 -32.6856  40.7988  41.9958 0.647941  0.517545  0.324981 -0.118304  0.00246612 0.000711133  -0.0059063   0.0135496 -0.00845027  0.00823782 1 0 0 0
              106.69 0.186636  15.2024 -32.1772  40.8525   42.036 0.652048  0.566241  0.427767 0.0486429  0.00247253 0.000687763 -0.00591014   0.0146722 -0.00932809   0.0060371 1 0 0 7230
              106.69 0.0514752   15.1279  -32.1354  40.8484  42.0316 0.648257   0.516858   0.374838 0.00523292  0.00251626  0.00071205 -0.00592386   0.0146619 -0.00841975  0.00661117 1 0 0 0
              106.79 -0.455492   14.1206  -32.1212  40.8996  42.0824 0.661329 0.562538 0.526698 0.154478  0.00249851 0.000715959 -0.00589445   0.0164877 -0.00980763  0.00533455 1 0 0 7138
              106.79 -0.455492   14.1206  -32.1212  40.8996  42.0824 0.661329 0.562538 0.526698 0.154478  0.00249851 0.000715959 -0.00589445   0.0164877 -0.00980763  0.00533455 1 0 0 0
              106.89 -0.503003   13.4742   -33.072  40.9586  42.1392 0.683929 0.611109 0.562191 0.257945  0.00249714 0.000737544 -0.00587403  0.0172755 -0.0105609 0.00493149 1 0 0 7122
              106.89 -0.495944   13.4675  -33.0606  40.9578  42.1373 0.683589 0.602009 0.539434 0.253931  0.00249571 0.000739884 -0.00587774  0.0172064  -0.010261 0.00497127 1 0 0 0
              106.99  1.96968  14.5705 -33.5653 41.0172  42.187 0.71021 0.576089 0.495607 0.326522  0.00247725 0.000711656 -0.00588796   0.0168569 -0.00976281  0.00546469 1 0 0 7019
              106.99  1.96463  14.5627 -33.5357  41.0152  42.1828 0.708359 0.553127 0.444656 0.305339  0.00247917 0.000714761 -0.00589746   0.0166825 -0.00908168  0.00570821 1 0 0 0
              107.09  3.10822    13.78 -33.6834  41.0661  42.2226 0.736517 0.467405 0.380789 0.289743  0.00250786 0.000776016 -0.00590169   0.0162088 -0.00859376  0.00625754 1 0 0 6811
              107.09  3.05306  14.0085 -33.5564  41.0564  42.2218 0.712115  0.351097  0.364625 0.0212103  0.00252123 0.000723007 -0.00593444   0.0163918 -0.00749946  0.00982277 1 0 0 0
              107.19  3.44961  12.6486 -32.0346  41.0944  42.2557 0.713886    0.359134    0.326221 -0.00805691  0.00253348 0.000733718  -0.0059349   0.0156137 -0.00778203   0.0096931 1 0 0 6967
              107.19  3.44961  12.6486 -32.0346  41.0944  42.2557 0.713886    0.359134    0.326221 -0.00805691  0.00253348 0.000733718  -0.0059349   0.0156137 -0.00778203   0.0096931 1 0 0 0
             107.291  3.23732  11.6809 -32.4077    41.14  42.2915 0.707032  0.476228  0.360218 -0.132835  0.00255327 0.000743835 -0.00586793   0.0149662 -0.00888772  0.00953469 1 0 0 6909
             107.291  3.23732  11.6809 -32.4077    41.14  42.2915 0.707032  0.476228  0.360218 -0.132835  0.00255327 0.000743835 -0.00586793   0.0149662 -0.00888772  0.00953469 1 0 0 0
              107.39  1.82541  12.2845 -32.6737  41.1944  42.3372 0.693789  0.551588  0.496851 -0.167964  0.00260633 0.000668892 -0.00586706  0.0150808   -0.01058 0.00883199 1 0 0 6918
              107.39  1.86277  12.3084 -32.7214  41.1989  42.3406 0.691652 0.600192 0.536205 -0.19051  0.00259499  0.00066123 -0.00585183  0.0147805 -0.0113263 0.00911382 1 0 0 0
              107.49 0.473503  12.6287 -33.1838 41.2558 42.4017 0.67571  0.554886  0.665746 -0.161963  0.00260557 0.000691618 -0.00587296  0.0153538 -0.0115362 0.00868654 1 0 0 6856
              107.49 0.462794  12.5955 -33.2052  41.2563  42.4013 0.675329 0.560799  0.66013   -0.166  0.00260679 0.000699064 -0.00586667  0.0152486 -0.0115174  0.0087139 1 0 0 0
              107.59  1.24287  12.7103 -32.6252  41.3058  42.4704 0.662492  0.508239  0.735553 -0.113616  0.00250016 0.000706142 -0.00591402  0.0160146 -0.0107549 0.00839804 1 0 0 6993
              107.59  1.16367  12.6583 -32.7013  41.3063  42.4568 0.667363   0.514462    0.57713 -0.0623982  0.00247406 0.000689772 -0.00590063   0.0150944 -0.00927833  0.00756445 1 0 0 0
              107.69 0.790259  12.5864 -33.7713  41.3502  42.5234 0.671405 0.463956 0.691159 0.120053  0.00249508 0.000726362  -0.0058874   0.0166702 -0.00940769  0.00729706 1 0 0 6936
              107.69 0.790259  12.5864 -33.7713  41.3502  42.5234 0.671405 0.463956 0.691159 0.120053  0.00249508 0.000726362  -0.0058874   0.0166702 -0.00940769  0.00729706 1 0 0 0
              107.79  1.83096  12.9079 -33.4618  41.3961  42.5903 0.693418 0.462393 0.630436 0.266954   0.0024482 0.000767724 -0.00591605   0.0172208 -0.00890708  0.00707214 1 0 0 6897
              107.79  1.75607  12.9368 -33.4688  41.3935  42.5832 0.685873 0.432719 0.545629 0.183572  0.00243747 0.000749317 -0.00591834   0.0167457 -0.00787625  0.00798945 1 0 0 0
              107.89  1.88525  13.1723 -34.5964  41.4301  42.6334 0.700997 0.315083 0.462685 0.102866  0.00243179 0.000748335 -0.00590077   0.0167922 -0.00772677  0.00811893 1 0 0 6900
              107.89  1.96465  13.3262 -34.5743  41.4309  42.6338 0.705174 0.324266 0.467408 0.147471  0.00241373 0.000701502 -0.00590513   0.0168676 -0.00785159  0.00759227 1 0 0 0
              107.99  2.17938  12.6459 -34.2281  41.4734  42.6799 0.718632  0.464155  0.406065 0.0912509  0.00250205 0.000765253 -0.00589597   0.0163213 -0.00905909   0.0069192 1 0 0 6707
              107.99  2.17938  12.6459 -34.2281  41.4734  42.6799 0.718632  0.464155  0.406065 0.0912509  0.00250205 0.000765253 -0.00589597   0.0163213 -0.00905909   0.0069192 1 0 0 0
              108.09  1.02813  14.2958 -35.9958  41.5261  42.7182 0.723723  0.528659  0.364814 0.0309568  0.00253055 0.000713904 -0.00584092   0.0158786 -0.00960165  0.00713789 1 0 0 6857
              108.09  1.02813  14.2958 -35.9958  41.5261  42.7182 0.723723  0.528659  0.364814 0.0309568  0.00253055 0.000713904 -0.00584092   0.0158786 -0.00960165  0.00713789 1 0 0 0
              108.19  1.13242  14.5599 -37.1759  41.5819   42.758 0.718378    0.58756   0.400257 -0.0881221  0.00249975 0.000729146  -0.0058538  0.0158118 -0.0100987 0.00789117 1 0 0 6665
              108.19  1.13242  14.5599 -37.1759  41.5819   42.758 0.718378    0.58756   0.400257 -0.0881221  0.00249975 0.000729146  -0.0058538  0.0158118 -0.0100987 0.00789117 1 0 0 0
              108.29 0.993449  14.5713 -38.5465  41.6442  42.8028 0.701882  0.669802  0.471053 -0.157969  0.00249212 0.000747308 -0.00585159  0.0159812 -0.0103766 0.00903361 1 0 0 6579
              108.29 0.993449  14.5713 -38.5465  41.6442  42.8028 0.701882  0.669802  0.471053 -0.157969  0.00249212 0.000747308 -0.00585159  0.0159812 -0.0103766 0.00903361 1 0 0 0
              108.39 0.278111  14.6067 -38.6935   41.712  42.8503 0.681831  0.703645  0.487148 -0.163585  0.00251265 0.000737045 -0.00591504   0.0158815 -0.00984871    0.010049 1 0 0 6746
              108.39 0.278111  14.6067 -38.6935   41.712  42.8503 0.681831  0.703645  0.487148 -0.163585  0.00251265 0.000737045 -0.00591504   0.0158815 -0.00984871    0.010049 1 0 0 0
              108.49  2.17442  15.1552 -36.8236  41.7865  42.9009 0.670422   0.758637   0.522748 -0.0441253  0.00247089 0.000701803 -0.00596308  0.0155358 -0.0100302   0.010298 1 0 0 6717
              108.49  2.17442  15.1552 -36.8236  41.7865  42.9009 0.670422   0.758637   0.522748 -0.0441253  0.00247089 0.000701803 -0.00596308  0.0155358 -0.0100302   0.010298 1 0 0 0
              108.59  4.40169  15.9794 -32.5914  41.8582  42.9537 0.668197   0.670525   0.507116 -0.0271767  0.00240567 0.000673762 -0.00605768   0.0157419 -0.00993603   0.0104908 1 0 0 6684
              108.59  4.32888  15.9661 -32.6511 41.8514 42.9501 0.68057 0.595383 0.466168 0.105473  0.00242072 0.000676773 -0.00603913    0.016618 -0.00900945  0.00891139 1 0 0 0
              108.69  3.23094  15.2683 -31.6404  41.9064  42.9858 0.689198  0.508286  0.302886 0.0742372  0.00252745 0.000717862 -0.00597652    0.016037 -0.00828734  0.00872145 1 0 0 6919
              108.69  3.25545  15.2557 -31.6395  41.9063  42.9866 0.689233   0.50622  0.312345 0.0745502  0.00251936 0.000722034 -0.00597705   0.0161212 -0.00837379  0.00874869 1 0 0 0
              108.79  3.12006  13.8011 -31.8843  41.9582  43.0141 0.693852    0.544254    0.246291 -0.00526075   0.0024796 0.000732786 -0.00594393   0.0159558 -0.00833487  0.00865196 1 0 0 6706
              108.79  3.02244  13.8171 -31.8288  41.9532  43.0083 0.698371  0.489714  0.178625 0.0420311  0.00251449 0.000725588  -0.0059621   0.0162589 -0.00727525  0.00802114 1 0 0 0
             108.891  1.19096  13.7865 -33.6164  42.0065  43.0333 0.696669  0.509315  0.282403 -0.075655  0.00254384 0.000730261 -0.00589879   0.0163227 -0.00847877  0.00795894 1 0 0 6740
             108.891  1.30206  13.7758 -33.5612  42.0074  43.0401 0.686784   0.51745  0.360416 -0.179267  0.00251381 0.000732883 -0.00591554   0.0164241 -0.00930479  0.00941665 1 0 0 0
             108.991 -0.102631   14.7877  -34.0918  42.0614  43.0862 0.673283  0.516739  0.511097 -0.123619  0.00253728 0.000676413  -0.0059247  0.0164876 -0.0104741 0.00857129 1 0 0 6944
             108.991 0.0924191    14.819  -34.0244  42.0579  43.0917 0.672903  0.479315  0.573868 -0.128487  0.00248287 0.000669067 -0.00594596  0.0172885 -0.0108794 0.00883947 1 0 0 0
              109.09  1.39182  14.5145 -33.1233  42.1105  43.1537 0.665658   0.538641   0.686865 -0.0375194  0.00245022 0.000684157 -0.00596326  0.0165676 -0.0111673 0.00840545 1 0 0 6933
              109.09 1.41411 14.4855 -33.139  42.1106  43.1542 0.665391   0.539863   0.692179 -0.0404062  0.00244317 0.000693123 -0.00595863  0.0165797 -0.0112319 0.00844673 1 0 0 0
              109.19 0.818277  13.3855 -32.4948  42.1716    43.22 0.661801  0.638338  0.658102 -0.019611  0.00249661 0.000680117 -0.00600515  0.0155352 -0.0107915 0.00816274 1 0 0 6714
              109.19 0.772282  13.3387 -32.6634  42.1546  43.1959 0.668588  0.458066  0.381983 0.0551179  0.00238972 0.000687124 -0.00599368   0.0157315 -0.00699652   0.0072288 1 0 0 0
              109.29  1.66214  12.4518 -33.4015  42.2053  43.2399 0.681973 0.528817 0.420986 0.212773  0.00238774 0.000708792 -0.00595222    0.016059 -0.00798854  0.00718981 1 0 0 6706
              109.29  1.92266  12.4895 -33.2463  42.2112  43.2612 0.670576  0.590506  0.667664 0.0935792  0.00240604 0.000722483 -0.00597945  0.0166771  -0.010788 0.00888026 1 0 0 0
              109.39  3.21572  12.5505 -32.8203  42.2684  43.3236 0.681649 0.505658 0.585455 0.101252  0.00246319 0.000666594 -0.00599026  0.0163448 -0.0109136 0.00891519 1 0 0 6552
              109.39  3.26928  12.4084 -32.9399  42.2582  43.3091 0.689019 0.394433 0.415634 0.176555  0.00236719 0.000711708 -0.00597315   0.0165097 -0.00861119  0.00793623 1 0 0 0
              109.49  3.92637  11.0853 -32.1927 42.2974 43.3532 0.70161  0.401247  0.418897 0.0756685  0.00243983  0.00073027 -0.00599013   0.0165646 -0.00929262  0.00806455 1 0 0 6423
              109.49  4.07818  11.1337 -32.1289  42.2973  43.3603 0.686633   0.399318   0.501642 -0.0843352  0.00240924 0.000730915  -0.0060016    0.016702 -0.00998403   0.0101229 1 0 0 0
             109.591  3.16593  12.0343 -32.5003  42.3438  43.4092 0.675681  0.468658  0.478333 -0.143591  0.00248347  0.00066114 -0.00594777  0.0162699 -0.0105221 0.00981748 1 0 0 6674
             109.591  3.25775  11.8579 -32.5367  42.3473  43.4079 0.686892    0.50702   0.465295 -0.0246284  0.00245531 0.000713849 -0.00593912  0.0160702 -0.0107654 0.00831153 1 0 0 0
              109.69  1.94442  12.5704 -32.4881  42.4026  43.4546 0.682274   0.574778   0.475432 -0.0798982  0.00251921 0.000661251 -0.00595912  0.0157328   -0.01123 0.00800124 1 0 0 6507
              109.69 1.97011 12.2817 -32.482  42.4029  43.4436 0.670969  0.573307  0.342631 -0.206382  0.00250275 0.000740704 -0.00596344    0.014494 -0.00969751  0.00933688 1 0 0 0
              109.79 0.793445  12.9835 -32.2013  42.4557  43.4885 0.654009   0.54612  0.474867 -0.164657  0.00250915 0.000706876 -0.00597653  0.0158977 -0.0103384 0.00899403 1 0 0 6876
              109.79 0.785652  12.8362 -32.1845  42.4478   43.485 0.662646   0.456946   0.432543 -0.0684149  0.00248413 0.000766315 -0.00598955  0.0167216 -0.0094048  0.0079546 1 0 0 0
             109.891 -0.415472   12.7656   -32.038  42.4936  43.5352 0.660352   0.487295   0.513919 0.00339571   0.0024969 0.000736001 -0.00598024   0.0175992 -0.00981565  0.00778454 1 0 0 6895
             109.891 -0.276577   12.5847  -32.0087  42.4961  43.5354 0.654591   0.513085   0.514796 -0.0577606  0.00245864 0.000787969 -0.00598816   0.0171779 -0.00999122  0.00844952 1 0 0 0
              109.99 -0.142006   13.1056  -31.5068   42.553  43.5891 0.654181  0.609724  0.556285 0.0205607  0.00246388 0.000714228 -0.00598936  0.0171539 -0.0104739 0.00794031 1 0 0 6932
              109.99 0.034628  12.9883 -31.3879  42.5561  43.5804 0.650944   0.640869   0.451917 -0.0167019  0.00241439  0.00074183 -0.00602315   0.0160186 -0.00958149  0.00819906 1 0 0 0
              110.09 2.54042   14.52 -29.802 42.6248 43.6293 0.65644  0.74419 0.486338 0.122381   0.0023896 0.000683132 -0.00604951  0.0162918  -0.010056 0.00787368 1 0 0 6727
              110.09  2.55491  14.5234 -29.7553  42.6202  43.6238 0.656768 0.693318 0.420598 0.124208  0.00236783 0.000682304 -0.00606636   0.0164021 -0.00909749  0.00787515 1 0 0 0
              110.19  1.56001  15.6758 -28.9377  42.6889  43.6682 0.676784 0.636975 0.415076 0.226877  0.00249345 0.000675938 -0.00602047   0.0169575 -0.00958386  0.00774877 1 0 0 6967
              110.19  1.63976  15.5253 -28.9488  42.6906  43.6644 0.678383 0.655385 0.371093 0.243532  0.00246829 0.000723967 -0.00601836  0.0165341 -0.0092365 0.00739374 1 0 0 0
              110.29  1.41414  14.1166 -28.6924   42.747  43.7061 0.703976 0.503223 0.394409 0.248587  0.00247182 0.000761792 -0.00600319  0.0171877 -0.0100666 0.00744805 1 0 0 7030
              110.29  1.62221  14.0418 -28.7228 42.7497 43.7073 0.69384 0.528319 0.405102 0.135808  0.00240124 0.000787174 -0.00599564  0.0165675  -0.010314 0.00881083 1 0 0 0
              110.39  1.43601  12.3262 -29.5597  42.8016   43.749 0.702617  0.545525  0.398665 0.0293669   0.0024604 0.000794448 -0.00597792  0.0170051 -0.0106598 0.00892831 1 0 0 7205
              110.39  1.52372  12.3764 -29.6059  42.8055  43.7397 0.691395   0.586414   0.285591 -0.0936981  0.00242929 0.000779896 -0.00596644   0.0154972 -0.00962527   0.0101728 1 0 0 0
              110.49 0.125912  12.6458 -31.3087  42.8613   43.776 0.680863  0.530319  0.395525 -0.130012  0.00247773 0.000742353 -0.00595014  0.0164832 -0.0104689 0.00992952 1 0 0 7280
              110.49 0.212018  12.6077 -31.2449  42.8591  43.7736 0.689118   0.508484   0.367176 -0.0400779  0.00245459 0.000755674 -0.00597044  0.0167918 -0.0100559 0.00878669 1 0 0 0
              110.59 -0.961944   12.3076  -32.2639  42.9026  43.8184 0.683544    0.41166   0.500468 -0.0701608  0.00246474 0.000740187 -0.00598487   0.017629 -0.0102261  0.0090157 1 0 0 7421
              110.59 -0.806171   12.3405  -32.2936  42.9004  43.8227 0.686099   0.386813   0.551906 -0.0417611  0.00241344 0.000729371 -0.00597631  0.0183107 -0.0106329  0.0087845 1 0 0 0
             110.692 -0.538382   11.9906  -31.9386  42.9422  43.8787 0.681984  0.425132  0.593913 -0.044352  0.00244143 0.000729552 -0.00601408  0.0175618 -0.0100912 0.00844196 1 0 0 7483
             110.692 -0.369151   12.0171  -31.9511  42.9487  43.8766 0.677992  0.497709  0.568481 -0.086193  0.00238832 0.000718349 -0.00600923   0.016519 -0.0103386 0.00877598 1 0 0 0
              110.79 -1.14264  11.7154 -32.3092  42.9996  43.9283 0.669557  0.532275  0.526004 -0.049329  0.00246195 0.000730703 -0.00597541   0.0158752 -0.00956616  0.00902186 1 0 0 7421
              110.79 -1.03782  11.6705 -32.3997  43.0011  43.9218 0.674415   0.549689   0.448123 0.00382413  0.00241501 0.000737849 -0.00594801   0.0153349 -0.00887989  0.00823489 1 0 0 0
              110.89 -0.35147  11.3013  -33.862  43.0553  43.9745 0.681012  0.565117  0.523054 0.0999645  0.00240888 0.000718271 -0.00595827   0.0165676 -0.00983218  0.00824587 1 0 0 7338
              110.89 -0.160282   11.3628  -33.8193  43.0565  43.9807 0.674728  0.575301  0.595784 0.0304546  0.00235092 0.000697572 -0.00597175  0.0167793 -0.0107106 0.00919571 1 0 0 0
             110.992 0.338011  12.4153 -34.3179  43.1105  44.0372 0.675727   0.484752   0.514069 -0.0108784  0.00240983 0.000681678 -0.00598278  0.0169824 -0.0101249 0.00958506 1 0 0 7323
             110.992 0.364815  12.4183 -34.4812 43.1143 44.0325 0.68669 0.534177 0.458231 0.111578   0.0023904 0.000676255 -0.00593541   0.0163926 -0.00988476  0.00783775 1 0 0 0
              111.09 0.0262324   12.1842  -35.0872  43.1587  44.0774 0.692205  0.445162  0.440022 0.0252814  0.00245032 0.000740795 -0.00600783   0.0172053 -0.00974662  0.00832704 1 0 0 7153
              111.09 0.144575   12.274 -34.9871  43.1565  44.0787 0.674628  0.415438  0.452072 -0.171899  0.00241348 0.000717223 -0.00603965   0.0170631 -0.00966585    0.010811 1 0 0 0
              111.19 -0.412034   13.7813   -35.532  43.1999  44.1214 0.657699  0.433893  0.418825 -0.188651  0.00242562 0.000689403 -0.00597298   0.0169283 -0.00999693   0.0103561 1 0 0 7232
              111.19 -0.387244   13.6404  -35.5219  43.2003  44.1187 0.669385   0.441289   0.388743 -0.0575652  0.00241913  0.00073605 -0.00597555   0.016984 -0.0097412 0.00861443 1 0 0 0
              111.29 -0.839349   14.4576  -35.4329  43.2479  44.1548 0.660495  0.507422   0.33098 -0.114806  0.00243198 0.000694048  -0.0060093   0.0166934 -0.00961119  0.00869385 1 0 0 7278
              111.29 -0.876399   14.4465  -35.4976  43.2529  44.1528 0.666661   0.566572   0.307972 -0.0454684  0.00243871 0.000697868 -0.00598934   0.0161472 -0.00980372  0.00762573 1 0 0 0
              111.39 -1.40307  14.6422 -36.4576   43.313  44.1877 0.660629   0.650111   0.346437 -0.0670281  0.00244414 0.000720207 -0.00598192  0.0166464 -0.0103656 0.00785422 1 0 0 7330
              111.39 -1.40307  14.6422 -36.4576   43.313  44.1877 0.660629   0.650111   0.346437 -0.0670281  0.00244414 0.000720207 -0.00598192  0.0166464 -0.0103656 0.00785422 1 0 0 0
              111.49 -1.92355  15.1302 -37.2472  43.3802  44.2228 0.654249   0.723536   0.346663 -0.0326401  0.00246493 0.000730489 -0.00598444  0.0171861 -0.0102523 0.00814492 1 0 0 7504
              111.49 -1.87444  15.1619 -37.2996  43.3787  44.2246 0.643554  0.702422  0.366105 -0.152313  0.00244537 0.000719289 -0.00596852  0.0171391 -0.0103374 0.00974469 1 0 0 0
              111.59 -2.12544  15.5858  -38.032  43.4556  44.2637 0.637444  0.783796  0.412479 0.0097947  0.00242958 0.000726649 -0.00601032  0.0170398 -0.0108358 0.00913016 1 0 0 7484
              111.59 -2.14849  15.5608  -38.059  43.4574   44.256 0.642829  0.807891  0.320046 0.0705712  0.00243288 0.000734265  -0.0060009  0.0163193 -0.0100736 0.00813848 1 0 0 0
              111.69 0.810546  16.5225 -35.5944  43.5306  44.2924 0.657281 0.692536 0.397713 0.208034  0.00238905 0.000718675  -0.0061007  0.0170404  -0.009707 0.00832783 1 0 0 7401
              111.69 0.810546  16.5225 -35.5944  43.5306  44.2924 0.657281 0.692536 0.397713 0.208034  0.00238905 0.000718675  -0.0061007  0.0170404  -0.009707 0.00832783 1 0 0 0
              111.79 0.653314  14.9934 -33.8779  43.5919  44.3331 0.677747 0.546551 0.398598 0.192246  0.00248535 0.000787222 -0.00604691   0.0172783 -0.00968986  0.00858937 1 0 0 7391
              111.79 0.663823  15.0078 -33.9008  43.5887  44.3384 0.677547 0.508758 0.462362 0.190856  0.00247723 0.000783804 -0.00603787  0.0180996 -0.0100495 0.00885686 1 0 0 0
              111.89 0.585936   13.126 -31.7674  43.6372  44.3801 0.692121  0.472246  0.387684 0.0872877  0.00247583 0.000785475 -0.00606981   0.0175355 -0.00973216   0.0087955 1 0 0 7409
              111.89 0.592005  13.1832 -31.8162  43.6407  44.3739 0.688278  0.512051  0.313406 0.0443271   0.0024729  0.00076695 -0.00605555   0.0164703 -0.00922769  0.00907726 1 0 0 0
              111.99 -0.350566   12.8799  -31.2738  43.6912  44.4039 0.684492   0.519269   0.286513 -0.0850919   0.0025047 0.000708227 -0.00602849   0.0168419 -0.00908914  0.00954195 1 0 0 7446
              111.99 -0.345443   12.9494  -31.2387  43.6923  44.4072 0.682825  0.531361  0.324922 -0.103108  0.00250577  0.00068672 -0.00603896   0.0169224 -0.00958523  0.00980458 1 0 0 0
              112.09 -1.41977  13.4505 -31.6661  43.7477  44.4422 0.670659  0.537882  0.373618 -0.130618  0.00250577 0.000705072 -0.00600076  0.0164821 -0.0102247 0.00963408 1 0 0 8496
              112.09 -1.32203  13.3627 -31.6251  43.7503  44.4419 0.671708  0.567868  0.369398 -0.117783  0.00248036 0.000729304 -0.00601169  0.0161693 -0.0103831 0.00939171 1 0 0 0
              112.19 -1.75917  13.4429 -31.9532  43.8038  44.4888 0.663701   0.515801    0.53372 -0.0842291  0.00248115 0.000710104 -0.00602337   0.016979 -0.0110405 0.00887762 1 0 0 6788
              112.19 -1.73856  13.3922 -31.9048  43.7968  44.4898 0.670854    0.432806    0.545871 -0.00375492  0.00247083 0.000743802 -0.00604067  0.0181094 -0.0106164  0.0081314 1 0 0 0
              112.29 -1.72502  13.1482 -31.0785  43.8395  44.5445 0.668175   0.414948    0.58604 -0.0149411  0.00246507 0.000738007 -0.00604183   0.017493 -0.0100021 0.00836595 1 0 0 7905
              112.29 -1.66565   13.134 -31.0261  43.8406   44.541 0.666787   0.427637   0.543149 -0.0304508  0.00244336 0.000734081 -0.00605943   0.0170483 -0.00965291  0.00847617 1 0 0 0
              112.39 -0.922604   11.8973  -31.4068  43.8871  44.5951 0.665353  0.520426  0.534217 0.0356236  0.00242078 0.000748751  -0.0060175    0.016656 -0.00952204  0.00875043 1 0 0 7731
              112.39 -0.78066  11.9017 -31.2922  43.8902  44.5918 0.662165    0.556473    0.493253 -0.00110862  0.00238133 0.000734695 -0.00605333    0.015937 -0.00934843  0.00906678 1 0 0 0
              112.49 0.885151  12.5331 -30.8991  43.9495  44.6447 0.666146  0.607318  0.531241 0.0711516  0.00244904 0.000703437 -0.00604159   0.0163718 -0.00978459  0.00923013 1 0 0 7397
              112.49  0.93374  12.6172 -30.7722  43.9471  44.6479 0.666458  0.579793  0.569455 0.0749983   0.0024482 0.000690401  -0.0060783  0.0169015 -0.0100101 0.00928993 1 0 0 0
              112.59  1.35184  12.5902 -32.1211  43.9985   44.705 0.674353  0.459885  0.561615 0.0546582  0.00243333 0.000761895 -0.00600447  0.0171823 -0.0102683 0.00926483 1 0 0 7667
              112.59  1.40755  12.4928 -31.8895  44.0017  44.6999 0.680153 0.497752 0.500245 0.119676   0.0024245 0.000772784 -0.00607843   0.0165933 -0.00989097  0.00829464 1 0 0 0
              112.69  1.50829  12.7196 -30.5303  44.0487  44.7508 0.686042  0.487837  0.471755 0.0134758  0.00252013 0.000734353 -0.00607537  0.0172748 -0.0100881 0.00868425 1 0 0 7502
              112.69  1.58068  12.8184 -30.5474  44.0416   44.757 0.674609  0.404636   0.54359 -0.114217  0.00249798 0.000729211 -0.00606642  0.0182308 -0.0102609  0.0105449 1 0 0 0
              112.79 -0.177938   13.8141  -31.8224  44.0874  44.8041 0.658515   0.45358  0.433976 -0.185502  0.00247347 0.000732793 -0.00600148  0.0171905 -0.0100877  0.0105402 1 0 0 7896
              112.79 -0.171317   13.8039  -31.8205 44.0877 44.8034 0.67093   0.458545   0.427888 -0.0479455   0.0024736 0.000737375 -0.00600176  0.0174748 -0.0100981 0.00882936 1 0 0 0
              112.89 -0.565001   14.3994  -31.7189  44.1379    44.84 0.661877   0.51711  0.348848 -0.118452  0.00246211 0.000709827 -0.00603451  0.0164944  -0.009759 0.00884986 1 0 0 7919
              112.89 -0.533753   14.3947  -31.6933  44.1402  44.8392 0.665488    0.54348   0.339322 -0.0776805  0.00245617 0.000704274  -0.0060416   0.0162937 -0.00982855  0.00827449 1 0 0 0
              112.99 -0.473509   14.7042  -31.8798 44.1981  44.875 0.65652   0.626664   0.372613 -0.0842386  0.00246759 0.000710103 -0.00604078   0.0162747 -0.00990362  0.00840875 1 0 0 7976
              112.99 -0.410554   14.7166  -31.7584  44.1952  44.8828 0.653995  0.593795  0.466951 -0.112237  0.00247282 0.000725472 -0.00607486  0.0171119 -0.0106782 0.00897879 1 0 0 0
             113.091 -1.56832  14.6561 -32.0061    44.26  44.9298 0.646555   0.656865   0.469332 -0.0409912  0.00250801 0.000727698 -0.00605281   0.016948 -0.0106446 0.00874203 1 0 0 8087
             113.091 -1.49341  14.6684 -32.0794  44.2506  44.9322 0.648155   0.550075   0.497492 -0.0244207  0.00247151 0.000747337 -0.00603386  0.0182499   -0.01025 0.00888242 1 0 0 0
              113.19 -0.154951   14.8083  -31.2892  44.3145  44.9775 0.650215  0.671386  0.466025 0.0750635  0.00246083 0.000745463 -0.00607581  0.0168367   -0.01017 0.00844516 1 0 0 8054
              113.19 -0.154951   14.8083  -31.2892  44.3145  44.9775 0.650215  0.671386  0.466025 0.0750635  0.00246083 0.000745463 -0.00607581  0.0168367   -0.01017 0.00844516 1 0 0 0
              113.29 1.89249 15.0863  -29.04  44.3872  45.0202 0.658924   0.74727  0.405768 0.0996176  0.00244601 0.000736473 -0.00611965   0.0160912 -0.00987888  0.00848971 1 0 0 7965
              113.29 1.78952  15.176 -28.956   44.383  45.0193 0.657703  0.697475  0.395162 0.0845223  0.00248559 0.000707142 -0.00614417  0.0165015 -0.0094242 0.00880744 1 0 0 0
              113.39  1.10026  15.0317 -27.3537  44.4483  45.0575 0.664343   0.58652  0.361246 0.0749824  0.00252338 0.000746403 -0.00610594   0.0164492 -0.00953972  0.00910903 1 0 0 8012
              113.39  1.20928  15.0073 -27.2731  44.4446  45.0694 0.662103  0.544232  0.504012 0.0501473  0.00249191 0.000756384 -0.00613025  0.0176553 -0.0108607 0.00982558 1 0 0 0
              113.49  1.31724   14.145 -26.4657  44.4986  45.1125 0.665382    0.534764    0.405458 -0.00111546  0.00249459 0.000764548 -0.00610551  0.0167681 -0.0105342 0.00967886 1 0 0 8184
              113.49  1.28969   14.131 -26.5714  44.4888  45.1046 0.672386  0.419701  0.308742 0.0775256  0.00249318 0.000767217 -0.00607561   0.0177751 -0.00879461  0.00883964 1 0 0 0
              113.59 0.360858  13.3288  -27.199   44.541  45.1355 0.676435   0.549614   0.303116 0.00119112  0.00252263 0.000779942  -0.0060606   0.0167916 -0.00953434  0.00850032 1 0 0 7997
              113.59 0.303618  13.3776  -27.237  44.5416  45.1415 0.670516   0.555668   0.377431 -0.0663508  0.00253746 0.000763873 -0.00604791   0.016913 -0.0104004 0.00946305 1 0 0 0
              113.69 -0.931301   13.8027  -28.0064  44.5958    45.18 0.662145   0.522864   0.395308 -0.0930574   0.0025317 0.000712246 -0.00605517  0.0169831 -0.0103646 0.00931241 1 0 0 8039
              113.69 -0.931801   13.8437  -27.9755 44.5943  45.181 0.66752   0.505243   0.408444 -0.0315324  0.00253435 0.000698991 -0.00606511  0.0174436 -0.0104154 0.00859368 1 0 0 0
              113.79 -1.87715  13.3391 -28.9297  44.6423  45.2259 0.664305   0.464542    0.49479 -0.0372081   0.0025334 0.000738388 -0.00605396  0.0174785 -0.0104655 0.00864005 1 0 0 8005
              113.79  -1.8032  13.3345 -28.8795  44.6422  45.2283 0.665716   0.462931   0.524727 -0.0206907  0.00251394 0.000740334  -0.0060697  0.0177206  -0.010796 0.00846812 1 0 0 0
             113.892 -1.43573  12.9102 -27.8752 44.6911 45.2864 0.66093    0.48231   0.618941 -0.0559679  0.00251304  0.00075389 -0.00611474  0.0173081 -0.0107151 0.00860637 1 0 0 8120
             113.892 -1.31508  13.0046 -27.8922  44.6828  45.2876 0.655015  0.382538  0.632914 -0.123801  0.00247371 0.000729855 -0.00611214  0.0182756 -0.0103151  0.0097679 1 0 0 0
              113.99 -1.16304  12.7793 -28.2488  44.7308  45.3492 0.645697   0.531806   0.639389 -0.0389648  0.00251016 0.000704841 -0.00610844  0.0168342 -0.0104861 0.00956823 1 0 0 7760
              113.99 -1.06329  12.7507 -28.3157  44.7264  45.3436 0.651949  0.477647  0.570279 0.0327087   0.0024608 0.000715073 -0.00609133  0.0172231 -0.0094165   0.008761 1 0 0 0
              114.09 -0.144795   13.0519  -28.2991  44.7835  45.4021 0.661947  0.59492 0.580402 0.145122  0.00247954 0.000729352 -0.00610055  0.0165494 -0.0101575 0.00830385 1 0 0 7919
              114.09 -0.0564257    13.2009   -28.1227  44.7792  45.4057 0.656257  0.542109  0.624063 0.0795854  0.00246482 0.000682662 -0.00615524  0.0172065 -0.0103631 0.00932944 1 0 0 0
              114.19 0.849623  13.1488 -28.3681  44.8289   45.467 0.663556  0.446795  0.592428 0.0454103  0.00247992  0.00070673 -0.00610916  0.0171151 -0.0106099 0.00945405 1 0 0 7831
              114.19 0.910278  13.0937 -28.3352  44.8183  45.4581 0.680532 0.320991 0.483436 0.237873  0.00246342 0.000724666 -0.00611792   0.0184354 -0.00862995  0.00716718 1 0 0 0
              114.29  1.34531  11.9349 -27.4284   44.861  45.5081 0.699518 0.492369 0.465758 0.146059  0.00250604 0.000786057  -0.0061083   0.0176823 -0.00986117  0.00698251 1 0 0 7606
              114.29  1.37991  12.1527 -27.2463   44.869   45.516 0.666184 0.583915 0.560354 -0.23113  0.00250568 0.000715448 -0.00616331  0.0161206 -0.0114183  0.0117275 1 0 0 0
              114.39 -0.597011   13.7173   -28.075  44.9277  45.5696 0.641608  0.574739  0.509551 -0.260298  0.00255428  0.00068845 -0.00609494  0.0163831 -0.0116471  0.0116203 1 0 0 7648
              114.39 -0.624085   13.6003  -28.0616  44.9154  45.5587 0.662015   0.430513   0.376746 -0.0305683  0.00256203  0.00072796 -0.00609647   0.0178403 -0.00935135   0.0088081 1 0 0 0
              114.49 -0.873995   13.7713   -28.466    44.96   45.602 0.659703   0.455781   0.439745 -0.0375835  0.00250672 0.000715007 -0.00609444  0.0180063 -0.0105325 0.00855495 1 0 0 7892
              114.49 -0.829969   13.7546  -28.3567  44.9581  45.6014 0.661058   0.432892   0.432413 -0.0228213  0.00250109 0.000721098 -0.00612846 0.0182602 -0.010317 0.0084199 1 0 0 0
             114.591 -0.668476   13.7354  -28.2864  45.0057  45.6484 0.652909   0.513189   0.492642 -0.0946284  0.00248624 0.000739578 -0.00610712  0.0181886 -0.0105402 0.00897126 1 0 0 8006
             114.591 -0.724123   13.8009  -28.2253  45.0068  45.6539 0.648694  0.526651  0.560152 -0.142535  0.00250935 0.000719206 -0.00612613  0.0182948 -0.0113898 0.00962366 1 0 0 0
              114.69 -1.81393  13.7055 -27.4869  45.0683  45.7075 0.635697   0.666565   0.539089 -0.0830043  0.00254066 0.000719733 -0.00614395  0.0172077 -0.0111517 0.00967488 1 0 0 7840
              114.69 -1.83222  13.6912 -27.5637  45.0657  45.7011 0.640314   0.635478   0.461279 -0.0309897  0.00253627 0.000722791 -0.00612026   0.017257 -0.0100888 0.00901203 1 0 0 0
              114.79 -0.859163   13.8357  -26.9455  45.1318  45.7464 0.641203   0.67706  0.462555 0.0600775  0.00249903 0.000722354 -0.00612935   0.0170431 -0.00987699  0.00923555 1 0 0 7866
              114.79 -0.718483   13.8033  -26.8869  45.1302  45.7507 0.640501  0.657878  0.514811 0.0525681   0.0024579 0.000733408 -0.00614753  0.0175185 -0.0103751 0.00943525 1 0 0 0
              114.89  1.77368  14.6571 -23.8045  45.1966   45.804 0.651721 0.644635 0.522468 0.129151  0.00241549 0.000695172  -0.0062151  0.0178161 -0.0105655 0.00918478 1 0 0 7801
              114.89 1.72927 14.6397 -23.804  45.1957     45.8 0.654089 0.633301 0.473091 0.155767  0.00242994 0.000699941 -0.00621538   0.0177553 -0.00993168  0.00881948 1 0 0 0
              114.99 0.698563  13.5593 -22.7218  45.2531  45.8455 0.666856 0.515074  0.42653 0.112734  0.00254009 0.000763583 -0.00615522  0.0177468 -0.0101367 0.00887494 1 0 0 7700
              114.99 0.685963   13.645 -22.6923  45.2504  45.8459 0.665653  0.482252  0.430893 0.0981877  0.00254548 0.000736141 -0.00616366  0.0181005 -0.0100144  0.0091587 1 0 0 0
              115.09  1.19658  13.1423 -22.2036  45.2953  45.8849 0.671747  0.444391  0.363382 0.0317375  0.00249157 0.000720494 -0.00615105   0.018093 -0.0100444 0.00937874 1 0 0 7632
              115.09    1.124    13.06 -22.2153  45.2937  45.8802 0.674781  0.425851  0.305156 0.0666404  0.00251483 0.000746343 -0.00614864   0.0181471 -0.00926226   0.0089054 1 0 0 0
              115.19 0.474434   12.658 -23.3208  45.3381  45.9132 0.677116   0.449606   0.332329 -0.0251105  0.00252917 0.000735527 -0.00609532    0.018378 -0.00985311  0.00895544 1 0 0 7606
              115.19 0.417466  12.7328 -23.3687  45.3388  45.9176 0.675304   0.457256   0.386693 -0.0452326  0.00254332 0.000710987 -0.00607995  0.0184804 -0.0105329 0.00926362 1 0 0 0
             115.292 -0.930189   13.6121  -24.6421   45.387  45.9619 0.666453   0.454672   0.465324 -0.0920409  0.00255554 0.000694509 -0.00608724  0.0180943 -0.0111563 0.00948129 1 0 0 7962
             115.292 -0.927213   13.6778   -24.581  45.3834  45.9539 0.665788 0.412305 0.367587 -0.10029  0.00255228   0.0006757 -0.00610746   0.0181011 -0.00979569  0.00958776 1 0 0 0
              115.39 -1.10595  13.3685 -25.3913  45.4228  45.9998 0.656633   0.387553   0.533453 -0.0982138  0.00252477 0.000709726 -0.00609821  0.0182013 -0.0106284 0.00954847 1 0 0 7410
              115.39 -1.03909   13.327 -25.3627  45.4228  46.0086 0.657323   0.386388   0.642547 -0.0899411  0.00251787 0.000727497 -0.00610383  0.0187679 -0.0118578 0.00954547 1 0 0 0
              115.49 -1.00592  13.1869  -24.996  45.4654  46.0718 0.645955  0.442971  0.656863 -0.108044  0.00252464 0.000724471 -0.00613037  0.0179139 -0.0111186 0.00957816 1 0 0 7725
              115.49  -1.0998  13.2722 -25.0339 45.4603 46.0601 0.65072    0.38355    0.51272 -0.0530483  0.00255571 0.000697955 -0.00611956   0.0180104 -0.00908366  0.00891583 1 0 0 0
              115.59 -0.507939   12.8617  -25.7457  45.5054  46.1174 0.652148  0.483942   0.59661 0.0747769  0.00253602 0.000719761 -0.00608676   0.0176146 -0.00995122  0.00849673 1 0 0 7627
              115.59 -0.438314   12.9165  -25.7261  45.5037  46.1169 0.652388 0.464153 0.590743 0.077082  0.00251477 0.000702893 -0.00609337     0.01782 -0.00978849  0.00851805 1 0 0 0
              115.69 1.11489 13.0888  -25.73  45.5535  46.1803 0.661964 0.500263 0.644083 0.110896  0.00247782 0.000725307  -0.0060949  0.0178249 -0.0104334 0.00867686 1 0 0 7473
              115.69   1.1337  13.2039 -25.7348  45.5516  46.1825 0.653237  0.475538  0.669916 0.0103703  0.00247213  0.00068824 -0.00609215 0.0179541 -0.010612 0.0100586 1 0 0 0
              115.79  1.54846  13.2851 -26.1667  45.5955  46.2501 0.654531    0.398344     0.66444 -0.00381909   0.0025056 0.000719013 -0.00608432  0.0179603 -0.0109258 0.00998682 1 0 0 7514
              115.79   1.5847  13.2544 -26.1115  45.5892  46.2477 0.666004 0.328808 0.636227 0.123086  0.00249851 0.000728503 -0.00610068  0.0189763 -0.0102509 0.00849667 1 0 0 0
              115.89  1.52865  12.7596 -25.3377  45.6272  46.3036 0.668443  0.426547  0.510215 -0.015432  0.00252768 0.000747704 -0.00611824   0.0182594 -0.00989179  0.00922974 1 0 0 7355
              115.89  1.50542  12.7734 -25.4068  45.6283  46.3048 0.651703  0.437097   0.52318 -0.203901  0.00252964 0.000743795 -0.00609663  0.0176429 -0.0100293  0.0116241 1 0 0 0
              115.99 0.0975016   14.2794  -25.8047  45.6743  46.3554 0.634378  0.461162  0.489465 -0.185392  0.00255322 0.000661639 -0.00609092  0.0177562 -0.0103543  0.0108321 1 0 0 7494
              115.99 -0.0114339    14.2467   -25.8264 45.6714 46.3519 0.65659  0.432515  0.451191 0.0627041  0.00258714 0.000673986 -0.00608375   0.0185908 -0.00982069  0.00766653 1 0 0 0
              116.09 -0.768162   14.5956  -25.4896   45.717  46.3965 0.661205  0.462811  0.438008 0.0314628  0.00257739 0.000711176 -0.00612342   0.0182571 -0.00993054  0.00763952 1 0 0 7491
              116.09 -0.678867   14.6484  -25.5414  45.709 46.3996 0.65395  0.368829  0.472349 -0.050026  0.00254488 0.000694012 -0.00610865    0.019237 -0.00983225  0.00899772 1 0 0 0
              116.19 -0.833703   14.5584  -25.4687  45.7536  46.4464 0.646126   0.484477   0.479664 -0.0886467  0.00254253 0.000713577 -0.00610401   0.0182947 -0.00992824  0.00902109 1 0 0 7729
              116.19 -0.783941   14.5708  -25.3893   45.757  46.4432 0.645314   0.524074   0.441507 -0.0975896  0.00253274 0.000708697 -0.00612846   0.0176237 -0.00970336   0.0089673 1 0 0 0
              116.29 -1.30309  14.3941 -25.0232  45.8117  46.4909 0.636934   0.596603     0.4819 -0.0597859  0.00256479 0.000709279 -0.00611353   0.0180978 -0.00993319  0.00906118 1 0 0 7685
              116.29 -1.3206 14.3975 -25.057  45.8111  46.4921 0.632907 0.590402 0.496291 -0.10576  0.00256792 0.000708017 -0.00610299  0.0180893 -0.0100766 0.00968078 1 0 0 0
              116.39 -0.866761   14.6687  -25.5052   45.873  46.5445 0.628291  0.635116  0.530533 0.0279152  0.00252273 0.000712492 -0.00609741  0.0183512 -0.0105146 0.00961534 1 0 0 7835
              116.39 -0.866761   14.6687  -25.5052   45.873  46.5445 0.628291  0.635116  0.530533 0.0279152  0.00252273 0.000712492 -0.00609741  0.0183512 -0.0105146 0.00961534 1 0 0 0
              116.49  1.63567  14.8567 -24.5726  45.9345  46.5959 0.635674 0.609051 0.501507 0.102375  0.00245333 0.000721002 -0.00613895  0.0186667 -0.0101666 0.00991087 1 0 0 7741
              116.49  1.57359  14.8587 -24.5826 45.9303 46.5946 0.63745   0.5585 0.485458 0.122068  0.00247104 0.000722219 -0.00613506  0.0192087 -0.0097074 0.00979607 1 0 0 0
              116.59   1.2826  14.0487 -24.7177   45.988  46.6406 0.648849 0.535411 0.442542 0.102485  0.00255318  0.00076033 -0.00609907  0.0182888 -0.0101295 0.00937684 1 0 0 7601
              116.59  1.28363  14.0494 -24.6431   45.984  46.6433 0.651496 0.487761 0.476394 0.131982  0.00255868 0.000760695 -0.00612077  0.0190959 -0.0102806 0.00919658 1 0 0 0
             116.691  1.00728  12.9187 -24.6594 46.0339 46.6868 0.65955   0.50295   0.41475 0.0370193  0.00255079 0.000769411 -0.00609325  0.0182751 -0.0101674 0.00937668 1 0 0 7729
             116.691 0.914539  12.9163 -24.7131  46.0315  46.6784 0.659938  0.473184  0.311115 0.0408187  0.00257606 0.000770343 -0.00607901   0.0181094 -0.00878911  0.00924254 1 0 0 0
             116.791 -0.116568   12.9356  -25.7316 46.0804  46.716 0.65987   0.489145   0.401725 -0.0437258  0.00258123 0.000713131 -0.00606566  0.0185182 -0.0096688 0.00916623 1 0 0 7499
             116.791 -0.108766   12.9592  -25.6764  46.0799  46.7193 0.659367   0.483281   0.440993 -0.0491637  0.00258344 0.000705703 -0.00608268  0.0187709 -0.0100971 0.00930293 1 0 0 0
              116.89 -2.16226   13.291 -27.1195  46.1241  46.7675 0.650112   0.407662   0.523792 -0.0952452   0.0026057 0.000716687 -0.00605345  0.0189965 -0.0102742 0.00978582 1 0 0 7696
              116.89 -2.12362  13.3307 -27.1142  46.1243   46.773 0.650948  0.410645  0.591453 -0.084827  0.00259522 0.000703782 -0.00605562  0.0193601  -0.011077 0.00971947 1 0 0 0
              116.99 -1.85624  12.9324 -27.1178   46.167  46.8339 0.641155  0.423594  0.648482 -0.103591  0.00252969 0.000722714 -0.00609494  0.0185106 -0.0109341 0.00976992 1 0 0 7749
              116.99 -1.76309  12.8965 -27.1182  46.1681   46.831 0.642451   0.436956   0.612228 -0.0885912  0.00249938 0.000734004 -0.00609441  0.0182013 -0.0105944 0.00951172 1 0 0 0
              117.09 -1.33299  12.7827 -26.0295  46.2105   46.894 0.631752  0.424563  0.657504 -0.101931  0.00255088  0.00072968 -0.00613785  0.0182482 -0.0100562 0.00985056 1 0 0 7681
              117.09 -1.39063  12.7337 -26.0384  46.2053  46.8833 0.636026     0.3623   0.525466 -0.0535321  0.00256597 0.000744173 -0.00613672   0.0183391 -0.00816932  0.00930355 1 0 0 0
              117.19  -1.5105  12.0957 -28.2816  46.2413  46.9447 0.637303 0.381657 0.628233 0.090218  0.00252645 0.000715486 -0.00605377   0.0192532 -0.00937793  0.00932024 1 0 0 7621
              117.19  -1.4074  12.1331 -28.2292  46.2411  46.9546 0.637219  0.379564  0.749088 0.0910353  0.00249813 0.000703649 -0.00606981  0.0199352 -0.0107647 0.00941951 1 0 0 0
              117.29 0.798972  13.3983 -27.9658   46.283  47.0257 0.646276  0.391543  0.688533 0.0947994  0.00249206 0.000670713 -0.00613937  0.0191161 -0.0105237 0.00997571 1 0 0 7486
              117.29 0.859986  13.3146 -28.0079  46.2864  47.0125 0.646253  0.431877  0.526686 0.0932974  0.00246371 0.000698076 -0.00612848   0.0177319 -0.00895538  0.00974178 1 0 0 0
              117.39   2.1575  12.2578 -28.9311 46.3229 47.0694 0.65081     0.347301      0.58401 -0.000350188   0.0025041 0.000798985 -0.00611449   0.0183489 -0.00950305   0.0099272 1 0 0 7366
              117.39  2.09136  12.2752 -28.8341  46.3257  47.0789 0.652753  0.381295  0.700629 0.0220136  0.00253479 0.000791686 -0.00614287  0.0187334 -0.0110213 0.00974534 1 0 0 0
              117.49 0.831453  13.0182 -27.6918  46.3645  47.1485 0.651053   0.404624   0.670822 -0.0411483  0.00265293 0.000703875 -0.00613135  0.0192249 -0.0111438  0.0100967 1 0 0 7426
              117.49 0.809151  13.0401 -27.7092  46.3642  47.1333 0.652599   0.400818   0.484177 -0.0216553  0.00265808 0.000696411 -0.00612612   0.0182077 -0.00903146  0.00951798 1 0 0 0
             117.591 -0.0545883    13.3683    -27.748  46.4005  47.1897 0.648743   0.344592   0.567777 -0.0511572  0.00258267 0.000727363  -0.0061446  0.0192848 -0.0101673 0.00982752 1 0 0 7610
             117.591 0.0309824    13.405  -27.7119   46.401  47.2028 0.651591    0.35087   0.725865 -0.0176797  0.00255912 0.000717914 -0.00615862 0.0202237 -0.012017 0.0096225 1 0 0 0
              117.69 -0.199194   12.8905  -27.2518  46.4417  47.2682 0.643574  0.450413  0.643292 -0.113595  0.00258995 0.000743125 -0.00616128  0.0191589 -0.0115857 0.00993608 1 0 0 7427
              117.69 -0.193332   12.8871  -27.2902  46.4428  47.2555 0.639623  0.460958   0.49037 -0.158711  0.00258059 0.000740971 -0.00615028    0.018028 -0.00991845    0.010284 1 0 0 0
              117.79 -1.15877  13.2659 -26.9212  46.4924  47.3086 0.622304  0.547777  0.543621 -0.178825  0.00260322 0.000705396 -0.00615796  0.0185587 -0.0102359  0.0103689 1 0 0 7559
              117.79 -1.15878  13.2378 -26.9509  46.4887  47.3063 0.628558  0.504942  0.516013 -0.108205  0.00260078 0.000714538 -0.00614864   0.0190856 -0.00966685  0.00954263 1 0 0 0
             117.891 -2.10852  13.9503 -27.4293  46.5461  47.3634 0.621703   0.596656   0.571063 -0.0283936  0.00259029 0.000680746 -0.00614618  0.0191614 -0.0105982 0.00935736 1 0 0 7741
             117.891 -2.04667  13.9244 -27.4727  46.5476  47.3578 0.622139   0.613437   0.501747 -0.0238444   0.0025656  0.00068724 -0.00613115   0.0186007 -0.00990585  0.00918317 1 0 0 0
              117.99  1.01339  14.5386 -26.2781  46.6058  47.4131 0.624964   0.59298  0.576099 0.0885335  0.00249133 0.000700209 -0.00620033  0.0192216 -0.0102481  0.0094963 1 0 0 7405
              117.99  1.01339  14.5386 -26.2781  46.6058  47.4131 0.624964   0.59298  0.576099 0.0885335  0.00249133 0.000700209 -0.00620033  0.0192216 -0.0102481  0.0094963 1 0 0 0
             118.091  1.78142  15.4999 -24.7364 46.6647 47.4728 0.63411  0.541405  0.575072 0.0883059  0.00259409 0.000707076 -0.00617743  0.0191097 -0.0103957  0.0098734 1 0 0 7521
             118.091   1.8102  15.4333 -24.7657 46.6646 47.4703 0.63307  0.540218  0.543903 0.0760248  0.00258153 0.000727354 -0.00616952  0.0189088 -0.0100336 0.00997939 1 0 0 0
              118.19 2.00134 14.8264 -22.986   46.713  47.5247 0.642341  0.445048  0.517808 0.0890203  0.00256554 0.000747561 -0.00621649  0.0190441 -0.0104578 0.00988252 1 0 0 7535
              118.19  1.98296  14.7339 -23.0311  46.7141  47.5232 0.643686    0.458 0.499408 0.104414  0.00256724 0.000775959 -0.00620392  0.0188564 -0.0103191 0.00961525 1 0 0 0
             118.291  2.36212  13.6805 -22.7042  46.7559  47.5707 0.644507  0.442235  0.452016 -0.055398  0.00256933 0.000731873 -0.00617192  0.0195429 -0.0100318  0.0105327 1 0 0 7553
             118.291   2.306 13.6424 -22.723  46.7563  47.5628 0.646893   0.446357    0.35947 -0.0289067  0.00258496 0.000742087 -0.00616827   0.0191484 -0.00896189    0.010026 1 0 0 0
              118.39 0.792258  14.2827 -23.6541  46.8016  47.6047 0.638692  0.444797  0.438921 -0.107838  0.00262778 0.000684802  -0.0061028    0.019522 -0.00985861   0.0103732 1 0 0 7401
              118.39 0.707568  14.2611 -23.6893  46.8038  47.6074 0.646584    0.47361   0.472346 -0.0197587  0.00265361 0.000691894 -0.00609179  0.0196118 -0.0104349 0.00923286 1 0 0 0
             118.491 -1.05444  13.8226 -25.0494  46.8521  47.6631 0.643586   0.467798   0.593469 -0.0420933  0.00263863 0.000731303 -0.00609606    0.01954 -0.0115104 0.00919406 1 0 0 7666
             118.491 -1.05444  13.8226 -25.0494  46.8521  47.6631 0.643586   0.467798   0.593469 -0.0420933  0.00263863 0.000731303 -0.00609606    0.01954 -0.0115104 0.00919406 1 0 0 0
              118.59 -1.11826  13.9698 -25.6888  46.8976  47.7228 0.633059 0.466385 0.618436 -0.10494   0.0025754 0.000698485 -0.00612674  0.0194785 -0.0110383  0.0101242 1 0 0 7512
              118.59 -1.10063  14.0165 -25.6779  46.8914  47.7121 0.629374  0.391912  0.484893 -0.149282  0.00256641 0.000685868 -0.00613284   0.0194908 -0.00911003   0.0107846 1 0 0 0
              118.69 -0.88985   13.835 -26.6223 46.9351 47.7649 0.61842   0.456348   0.539881 -0.0696977  0.00255568 0.000708454  -0.0060953   0.0191891 -0.00964208   0.0104995 1 0 0 7472
              118.69 -0.911054   13.7559  -26.6816  46.9388   47.764 0.626637  0.500806  0.531229 0.0227612  0.00255756 0.000732582 -0.00607647    0.018933 -0.00974782  0.00917813 1 0 0 0
              118.79 0.823758  12.9298 -28.1223  46.9923  47.8242 0.632448 0.560406 0.612675 0.100226  0.00252854 0.000730087 -0.00609941  0.0192785   -0.01071 0.00949982 1 0 0 7283
              118.79  0.94774  13.0007 -28.0924  46.9918  47.8282 0.631882  0.554954  0.660103 0.0943763  0.00249162 0.000706855 -0.00610804  0.0195882 -0.0112356 0.00964691 1 0 0 0
              118.89  1.66201  12.8173 -28.6847  47.0467  47.8913 0.640204  0.513687  0.613785 0.0755315  0.00256115 0.000720775 -0.00613438  0.0192813 -0.0112022 0.00988761 1 0 0 7046
              118.89  1.56088  12.7987 -28.7124  47.0451  47.8714 0.646217 0.494076 0.369631 0.141205  0.00258419 0.000729019 -0.00613133  0.0182653 -0.0083573 0.00871999 1 0 0 0
              118.99  1.18684  12.3792 -28.7891  47.0854  47.9176 0.656099   0.37943  0.455787 0.0694122  0.00260265 0.000730052 -0.00613176   0.0199896 -0.00945189  0.00941652 1 0 0 7001
              118.99  1.18684  12.3792 -28.7891  47.0854  47.9176 0.656099   0.37943  0.455787 0.0694122  0.00260265 0.000730052 -0.00613176   0.0199896 -0.00945189  0.00941652 1 0 0 0
              119.09 0.547117  12.5814 -29.7584  47.1197  47.9696 0.657656   0.331188   0.525511 -0.0162599  0.00261725 0.000717902 -0.00610405  0.0208381 -0.0104333 0.00994511 1 0 0 7870
              119.09 0.637296  12.6896 -29.7088  47.1189  47.9751 0.657476   0.322123   0.592754 -0.0181156  0.00260031 0.000690853 -0.00611636  0.0213483 -0.0111352  0.0100956 1 0 0 0
              119.19 -0.0550868     12.808   -30.0716 47.1636 48.0292  0.6489  0.466131  0.531557 -0.106363  0.00261003 0.000689746 -0.00612624  0.0195776 -0.0114255  0.0103289 1 0 0 6322
              119.19 -0.0714121    12.7817   -30.0896   47.165  48.0293 0.645911  0.480435  0.533412 -0.139607  0.00261599 0.000693595 -0.00612056  0.0193555 -0.0115235  0.0106921 1 0 0 0
              119.29 -0.460271   12.6626   -29.939  47.2179  48.0779 0.625254 0.563455 0.487465 -0.21935  0.00258383 0.000652235 -0.00615987  0.0183831 -0.0110172  0.0113177 1 0 0 7160
              119.29 -0.44274  12.6726 -29.9328  47.2161  48.0754 0.627495  0.542401  0.458143 -0.194781  0.00256811 0.000650596 -0.00616404  0.0184898 -0.0105878   0.011035 1 0 0 0
              119.39  -1.3363  11.7923 -30.1591  47.2724  48.1206 0.607638  0.600563  0.445706 -0.183956    0.002568 0.000679461 -0.00615037 0.0186195 -0.010277 0.0111589 1 0 0 7093
              119.39 -1.42634   11.766 -30.1253  47.2636  48.1121 0.625959 0.500534 0.345423 0.017192  0.00254893 0.000703309 -0.00616963   0.0195715 -0.00860423  0.00884985 1 0 0 0
              119.49 -0.772717   11.9114   -30.781  47.3168  48.1514 0.627817  0.562341  0.403752 0.0481374  0.00253708 0.000667364 -0.00615044   0.0199882 -0.00945172  0.00922097 1 0 0 7094
              119.49 -0.675959   11.9489  -30.7305  47.3194   48.154 0.625011  0.593133  0.434474 0.0163782  0.00252615 0.000651295 -0.00616336   0.019787 -0.0099654 0.00956079 1 0 0 0
              119.59  1.09486  13.7317 -30.1216  47.3835  48.1991 0.630586  0.63634 0.464166 0.106376  0.00251186 0.000647301 -0.00617922  0.0195312 -0.0103788 0.00956547 1 0 0 7029
              119.59  1.09486  13.7317 -30.1216  47.3835  48.1991 0.630586  0.63634 0.464166 0.106376  0.00251186 0.000647301 -0.00617922  0.0195312 -0.0103788 0.00956547 1 0 0 0
              119.69  1.47884  13.5931 -29.2213   47.433  48.2454 0.638572  0.408471  0.469138 0.0782303  0.00255926 0.000694758 -0.00621075   0.0200527 -0.00999012   0.0103974 1 0 0 7227
              119.69  1.47884  13.5931 -29.2213   47.433  48.2454 0.638572  0.408471  0.469138 0.0782303  0.00255926 0.000694758 -0.00621075   0.0200527 -0.00999012   0.0103974 1 0 0 0
              119.79  2.12498  12.0871 -27.9998   47.473  48.2887 0.643468   0.423151   0.401124 0.00693679  0.00253272 0.000739597 -0.00623149   0.0201032 -0.00985233   0.0103237 1 0 0 7057
              119.79  2.01005  12.1232 -28.0439  47.4742  48.2806 0.649723  0.437633  0.304773 0.0763379  0.00254446 0.000708172  -0.0062276   0.0196293 -0.00895388  0.00930514 1 0 0 0
              119.89  1.07879  12.1432 -29.0962  47.5216  48.3175 0.648318   0.497299   0.392826 -0.0654191  0.00256387 0.000690402  -0.0061583   0.0198583 -0.00984803   0.0100009 1 0 0 6927
              119.89  1.07879  12.1432 -29.0962  47.5216  48.3175 0.648318   0.497299   0.392826 -0.0654191  0.00256387 0.000690402  -0.0061583   0.0198583 -0.00984803   0.0100009 1 0 0 0
             119.991 -0.469796   12.7056  -29.9733  47.5771  48.3676 0.637289 0.545752 0.541801 -0.11547  0.00261377 0.000671325 -0.00615487  0.0197985 -0.0112992  0.0101485 1 0 0 7102
             119.991 -0.506455   12.7322  -29.9861  47.5778  48.3692 0.639242   0.554809   0.561473 -0.0935211  0.00262818 0.000662896 -0.00615033  0.0198771 -0.0115624 0.00989082 1 0 0 0
              120.09 -1.01612  12.7256  -30.342  47.6324  48.4315 0.628388  0.532685  0.688765 -0.104684  0.00261686 0.000678926 -0.00617977  0.0197002 -0.0120782  0.0102944 1 0 0 7033
              120.09 -0.889373   12.6671  -30.2769  47.6251  48.4276 0.627233  0.443909  0.639979 -0.119024  0.00257729 0.000701992 -0.00620201  0.0203105 -0.0109718  0.0106426 1 0 0 0
              120.19 -0.269229    12.317  -29.1102 47.6727 48.4931 0.61423  0.499682  0.701389 -0.131869  0.00254282 0.000680905  -0.0062445  0.0197358 -0.0106269  0.0105903 1 0 0 7173
              120.19 -0.349424   12.3265    -29.09  47.667 48.4834 0.62183   0.432872   0.585352 -0.0472946  0.0025204 0.00067507 -0.0062659   0.0199592 -0.00902362  0.00961341 1 0 0 0
              120.29 -0.773398   12.0894  -29.8779  47.7123  48.5453 0.618819  0.476216  0.644231 0.0250282   0.0025547 0.000656785 -0.00621045  0.0199137  -0.009202 0.00989566 1 0 0 6936
              120.29 -0.773398   12.0894  -29.8779  47.7123  48.5453 0.618819  0.476216  0.644231 0.0250282   0.0025547 0.000656785 -0.00621045  0.0199137  -0.009202 0.00989566 1 0 0 0
              120.39 0.0221703   12.0644  -29.3046  47.7644  48.6139 0.627917 0.519236 0.664351 0.123785  0.00253405 0.000671207 -0.00623059   0.0200364 -0.00997632  0.00969423 1 0 0 6935
              120.39 0.0221703   12.0644  -29.3046  47.7644  48.6139 0.627917 0.519236 0.664351 0.123785  0.00253405 0.000671207 -0.00623059   0.0200364 -0.00997632  0.00969423 1 0 0 0
              120.49 0.106591  12.1223  -29.823   47.813  48.6768 0.633851  0.446262  0.585678 0.0299841  0.00254855 0.000661118 -0.00619662 0.0198746 -0.010291 0.0103368 1 0 0 6841
              120.49 0.175123  12.1084 -29.8197  47.8145  48.6769 0.632736  0.463268  0.587334 0.0176488  0.00253112 0.000660748 -0.00619776  0.0196794 -0.0104146  0.0104502 1 0 0 0
              120.59 0.388064  12.3588 -29.1566   47.863   48.736 0.633784   0.489156   0.562251 -0.0129406  0.00258142 0.000652665 -0.00623993  0.0196498 -0.0112692  0.0102104 1 0 0 6793
              120.59 0.388064  12.3588 -29.1566   47.863   48.736 0.633784   0.489156   0.562251 -0.0129406  0.00258142 0.000652665 -0.00623993  0.0196498 -0.0112692  0.0102104 1 0 0 0
              120.69 -0.0119602    12.7271   -29.5887  47.9099  48.7888 0.626815  0.469306  0.519844 -0.112218  0.00256918 0.000646559 -0.00621525  0.0197093 -0.0107019  0.0105482 1 0 0 6905
              120.69 0.0208876   12.7617  -29.5448  47.9074  48.7814 0.630505   0.440322   0.430512 -0.0717206  0.00253612 0.000630965 -0.00623208   0.0195994 -0.00959212   0.0100004 1 0 0 0
             120.791 -0.755801   13.0694  -29.1937  47.9499  48.8284 0.617369  0.434337  0.485673 -0.161195  0.00256176 0.000658551  -0.0062342   0.0200969 -0.00982368   0.0103281 1 0 0 6956
             120.791 -0.755801   13.0694  -29.1937  47.9499  48.8284 0.617369  0.434337  0.485673 -0.161195  0.00256176 0.000658551  -0.0062342   0.0200969 -0.00982368   0.0103281 1 0 0 0
              120.89 -1.29366  13.3475 -29.0067  47.9937  48.8802 0.600337 0.475951 0.542435 -0.16308  0.00256961 0.000668536 -0.00622378   0.0204845 -0.00997311   0.0105289 1 0 0 6900
              120.89 -1.29366  13.3475 -29.0067  47.9937  48.8802 0.600337 0.475951 0.542435 -0.16308  0.00256961 0.000668536 -0.00622378   0.0204845 -0.00997311   0.0105289 1 0 0 0
              120.99 -2.18014   13.278  -29.107  48.0456  48.9332 0.588001   0.549275   0.518539 -0.0771858   0.0025677 0.000653273 -0.00623808  0.0204363 -0.0097779  0.0105091 1 0 0 6984
              120.99 -2.19059  13.2682 -29.1171  48.0486  48.9259 0.605454 0.586064 0.429414  0.11363  0.00254719 0.000636659 -0.00623717   0.0200984 -0.00898063  0.00800539 1 0 0 0
              121.09 0.546845  14.0289 -27.8564  48.1031  48.9717 0.614981 0.558434 0.475197 0.151258  0.00245831  0.00065525 -0.00626435   0.0206829 -0.00885931  0.00920088 1 0 0 6945
              121.09 0.542536  14.0503 -27.8502  48.1033  48.9719 0.614491 0.560179 0.478451 0.146008   0.0024612  0.00064828 -0.00626626  0.0206707 -0.0089051 0.00926289 1 0 0 0
              121.19  1.75098  15.2692 -25.9752  48.1578  49.0268 0.631097 0.498201 0.546432 0.165064  0.00250868 0.000622723 -0.00629844   0.0209836 -0.00982733  0.00960743 1 0 0 6806
              121.19  1.75098  15.2692 -25.9752  48.1578  49.0268 0.631097 0.498201 0.546432 0.165064  0.00250868 0.000622723 -0.00629844   0.0209836 -0.00982733  0.00960743 1 0 0 0
             121.291 0.847916  14.0463   -25.21 48.2014 49.0773 0.63653  0.387705  0.464213 0.0248503  0.00258336 0.000716438 -0.00624078   0.0205685 -0.00953306   0.0109609 1 0 0 6895
             121.291 0.847916  14.0463   -25.21 48.2014 49.0773 0.63653  0.387705  0.464213 0.0248503  0.00258336 0.000716438 -0.00624078   0.0205685 -0.00953306   0.0109609 1 0 0 0
              121.39  1.37188  12.8695 -24.8107  48.2444  49.1252 0.631138  0.460664  0.486293 -0.102446  0.00252391 0.000709526 -0.00623759  0.0200497 -0.0102953  0.0115163 1 0 0 6750
              121.39  1.37188  12.8695 -24.8107  48.2444  49.1252 0.631138  0.460664  0.486293 -0.102446  0.00252391 0.000709526 -0.00623759  0.0200497 -0.0102953  0.0115163 1 0 0 0
              121.49 0.457564  12.8412  -25.331   48.298  49.1789 0.615907  0.554015  0.573143 -0.195587  0.00254864 0.000669481 -0.00622601  0.0195628 -0.0110452  0.0114765 1 0 0 6740
              121.49 0.457564  12.8412  -25.331   48.298  49.1789 0.615907  0.554015  0.573143 -0.195587  0.00254864 0.000669481 -0.00622601  0.0195628 -0.0110452  0.0114765 1 0 0 0
              121.59 -0.834097    13.419  -25.3647 48.3538  49.243  0.5962  0.536167  0.685504 -0.193354  0.00255873 0.000638548 -0.00624654  0.0194837 -0.0113863  0.0113771 1 0 0 6946
              121.59 -0.879386   13.2835  -25.2987  48.3518  49.2277 0.609405   0.511486   0.505338 -0.0474497  0.00257709 0.000681949 -0.00626525   0.0192312 -0.00914666  0.00932833 1 0 0 0
             121.692 -0.639075   12.5239   -24.922  48.3987  49.2923 0.603133   0.469117   0.689952 -0.0578866  0.00252884  0.00069502 -0.00626228  0.0202571 -0.0100196 0.00989799 1 0 0 6951
             121.692 -0.655563   12.5073  -24.8929  48.3967  49.2895 0.602772  0.447449  0.657441 -0.061635  0.00253324 0.000700356  -0.0062721   0.0203193 -0.00952419   0.0099741 1 0 0 0
              121.79 -1.46421  12.6933 -26.1999  48.4399  49.3628 0.596999   0.457186   0.765956 -0.0134745  0.00257635 0.000672068  -0.0062389  0.0210231 -0.0105207  0.0103875 1 0 0 6687
              121.79 -1.46421  12.6933 -26.1999  48.4399  49.3628 0.596999   0.457186   0.765956 -0.0134745  0.00257635 0.000672068  -0.0062389  0.0210231 -0.0105207  0.0103875 1 0 0 0
              121.89 0.565134  13.0869 -26.7605  48.4891  49.4433 0.603328 0.494471 0.792208 0.119863  0.00248923 0.000677023 -0.00626618  0.0210551 -0.0110895  0.0103901 1 0 0 6803
              121.89 0.607393  13.0779 -26.7517  48.4873  49.4341 0.601416  0.474969  0.680825 0.0989423   0.0024787 0.000683264 -0.00626781   0.0206108 -0.00969832   0.0106099 1 0 0 0
              121.99  1.40772  12.8653 -27.9398  48.5319  49.5017 0.610851    0.4056  0.646389 0.0543145   0.0025186 0.000697869 -0.00624096  0.0205749 -0.0101931  0.0105127 1 0 0 6630
              121.99  1.41766  12.8059 -27.9419  48.5317   49.494 0.614798  0.405316  0.554019 0.0981082  0.00251464 0.000717686 -0.00624207   0.0201892 -0.00913731  0.00981556 1 0 0 0
              122.09  1.93013  12.9389 -27.2019  48.5726  49.5532 0.618394    0.418794    0.571459 0.000278804  0.00254431 0.000681921 -0.00629635  0.0206168 -0.0101011   0.010135 1 0 0 6473
              122.09  1.92037    12.99 -27.2144 48.5739 49.5549 0.61694   0.433284   0.591659 -0.0155484  0.00254628 0.000665383 -0.00629197 0.0205298 -0.010416 0.0103416 1 0 0 0
             122.191 0.205585  13.4473 -28.4875   48.617  49.6113 0.611323   0.415626   0.545184 -0.0631575  0.00259702   0.0006786 -0.00621713  0.0202872 -0.0105074  0.0107225 1 0 0 6591
             122.191 0.205585  13.4473 -28.4875   48.617  49.6113 0.611323   0.415626   0.545184 -0.0631575  0.00259702   0.0006786 -0.00621713  0.0202872 -0.0105074  0.0107225 1 0 0 0
             122.292 -0.319664    13.144  -27.9656  48.6623   49.667 0.603992 0.479463  0.54978  -0.1007  0.00258516 0.000699689 -0.00628542  0.0202373 -0.0107523  0.0104917 1 0 0 6658
             122.292 -0.316482   13.1239  -27.9639  48.6632  49.6608 0.606248   0.490605   0.476476 -0.0753017  0.00258036  0.00070376 -0.00628596   0.0197606 -0.00998974   0.0100272 1 0 0 0
              122.39 -1.23236   13.338 -28.0199  48.7117  49.7145 0.597713   0.511632   0.568082 -0.0880647  0.00259228 0.000678282 -0.00627514  0.0203726 -0.0107056  0.0102014 1 0 0 6567
              122.39 -1.23677  13.3286 -28.0226 48.7124 49.7055  0.5997   0.520261   0.457816 -0.0659255  0.00258628 0.000676187 -0.00627455   0.0197032 -0.00951555  0.00976439 1 0 0 0
              122.49 -1.59507  13.0393 -28.0344  48.7601  49.7552 0.592394   0.519969   0.485383 -0.0530759  0.00255787 0.000678699 -0.00625957   0.0211993 -0.00947231   0.0104956 1 0 0 6781
              122.49 -1.59507  13.0393 -28.0344  48.7601  49.7552 0.592394   0.519969   0.485383 -0.0530759  0.00255787 0.000678699 -0.00625957   0.0211993 -0.00947231   0.0104956 1 0 0 0
              122.59 -0.184203   13.1188  -28.5349  48.8155  49.8064 0.592104  0.583758  0.503106 0.0572475  0.00251994 0.000683594 -0.00625066  0.0216258 -0.0102116  0.0104212 1 0 0 6560
              122.59 -0.184203   13.1188  -28.5349  48.8155  49.8064 0.592104  0.583758  0.503106 0.0572475  0.00251994 0.000683594 -0.00625066  0.0216258 -0.0102116  0.0104212 1 0 0 0
              122.69  1.60251  14.4536 -27.6779  48.8745  49.8526 0.599508  0.538588  0.445333 0.0857684  0.00251509 0.000661809 -0.00629308   0.0208377 -0.00995973   0.0106855 1 0 0 6466
              122.69  1.60251  14.4536 -27.6779  48.8745  49.8526 0.599508  0.538588  0.445333 0.0857684  0.00251509 0.000661809 -0.00629308   0.0208377 -0.00995973   0.0106855 1 0 0 0
              122.79  1.90406  13.3755 -27.1459  48.9245  49.8967 0.607469  0.449659  0.433111 0.0750349  0.00252992 0.000699789 -0.00629033  0.0205351 -0.0102268  0.0107325 1 0 0 6329
              122.79  1.81981  13.3827 -27.2272  48.9204  49.8968 0.610108 0.402578 0.435718 0.103116  0.00255064 0.000697438 -0.00626393  0.0211682 -0.0099715  0.0104993 1 0 0 0
              122.89  1.78489  12.0421 -27.6953   48.966  49.9372 0.615486  0.492253  0.388372 0.0084096  0.00254233 0.000711966 -0.00623797  0.0204062 -0.0100302   0.010557 1 0 0 6233
              122.89  1.78489  12.0421 -27.6953   48.966  49.9372 0.615486  0.492253  0.388372 0.0084096  0.00254233 0.000711966 -0.00623797  0.0204062 -0.0100302   0.010557 1 0 0 0
              122.99 0.756276  11.9651 -28.6258  49.0176  49.9729 0.607878 0.520771 0.347717 -0.13135   0.0025661 0.000673617 -0.00622761   0.0201127 -0.00955989   0.0109588 1 0 0 6414
              122.99 0.636834  11.9111  -28.619  49.0167  49.9597 0.609498   0.51114  0.188331 -0.113597  0.00260553 0.000692777  -0.0062297   0.0193305 -0.00765832   0.0104913 1 0 0 0
              123.09 -1.10426  12.1522 -30.0652  49.0623  49.9939 0.600352   0.428859   0.396335 -0.0950521  0.00259569 0.000650188 -0.00621599   0.0209096 -0.00921444   0.0101584 1 0 0 6539
              123.09 -1.10426  12.1522 -30.0652  49.0623  49.9939 0.600352   0.428859   0.396335 -0.0950521  0.00259569 0.000650188 -0.00621599   0.0209096 -0.00921444   0.0101584 1 0 0 0
              123.19 -0.633534   12.0036  -30.1796  49.1033  50.0492 0.594703   0.417118   0.636843 -0.0352221   0.0025511 0.000674819 -0.00627074  0.0220179 -0.0104876 0.00994221 1 0 0 6662
              123.19 -0.612584   12.1492   -30.177  49.1035  50.0538 0.600617  0.421475  0.693147 0.0301874  0.00254517 0.000627426 -0.00627232  0.0225273 -0.0111293 0.00914266 1 0 0 0
              123.29 -0.605085   11.5372  -30.5154  49.1483  50.1227 0.601766  0.470576  0.690735 0.0444169   0.0025706  0.00068493 -0.00625086  0.0219965 -0.0108093 0.00982244 1 0 0 6447
              123.29 -0.605085   11.5372  -30.5154  49.1483  50.1227 0.601766  0.470576  0.690735 0.0444169   0.0025706  0.00068493 -0.00625086  0.0219965 -0.0108093 0.00982244 1 0 0 0
              123.39 0.755607  11.1773 -31.3625  49.2038  50.1837 0.605925  0.599451  0.566403 0.0657479  0.00252036 0.000668843 -0.00626341  0.0209527 -0.0102269  0.0103315 1 0 0 6469
              123.39 0.755607  11.1773 -31.3625  49.2038  50.1837 0.605925  0.599451  0.566403 0.0657479  0.00252036 0.000668843 -0.00626341  0.0209527 -0.0102269  0.0103315 1 0 0 0
              123.49 0.824342  12.6191 -32.1397 49.2657 50.2308 0.60632   0.571402   0.427718 -0.0119126  0.00255576 0.000664045 -0.00624335   0.0196458 -0.00954132   0.0111091 1 0 0 6365
              123.49 0.824342  12.6191 -32.1397 49.2657 50.2308 0.60632   0.571402   0.427718 -0.0119126  0.00255576 0.000664045 -0.00624335   0.0196458 -0.00954132   0.0111091 1 0 0 0
              123.59  1.36555  11.8556 -32.9992   49.314  50.2731 0.599832  0.479001   0.38618 -0.110813  0.00252211 0.000687363 -0.00627515   0.0204781 -0.00933494   0.0114945 1 0 0 6204
              123.59  1.36555  11.8556 -32.9992   49.314  50.2731 0.599832  0.479001   0.38618 -0.110813  0.00252211 0.000687363 -0.00627515   0.0204781 -0.00933494   0.0114945 1 0 0 0
              123.69  0.21818  13.3382 -34.1304   49.362  50.3082 0.585675  0.490685   0.31758 -0.163451  0.00255704 0.000620627 -0.00622219   0.0209004 -0.00928506   0.0116197 1 0 0 6359
              123.69  0.21818  13.3382 -34.1304   49.362  50.3082 0.585675  0.490685   0.31758 -0.163451  0.00255704 0.000620627 -0.00622219   0.0209004 -0.00928506   0.0116197 1 0 0 0
              123.79 -0.568425   13.6389  -35.3706  49.4111  50.3429 0.573803  0.509493  0.342723 -0.134654  0.00253203 0.000654798 -0.00624592   0.0215284 -0.00972258   0.0108744 1 0 0 6357
              123.79 -0.598663   13.6553  -35.3389  49.4036  50.3302 0.566841  0.426527  0.192199 -0.209743   0.0025429 0.000651685 -0.00625262   0.0210795 -0.00750363   0.0117784 1 0 0 0
              123.89 -0.867306   14.0519  -36.5802  49.4516  50.3595 0.554927  0.519596  0.316499 -0.106455  0.00249212 0.000635723 -0.00622143   0.0221296 -0.00903445   0.0105134 1 0 0 6358
              123.89 -0.934354   14.0802  -36.4202  49.4489  50.3651 0.550873  0.488728  0.383532 -0.150413  0.00252652  0.00062554 -0.00627235   0.0228101 -0.00949776   0.0112758 1 0 0 0
              123.99 -1.25506  13.6183 -37.4823  49.5142  50.4064 0.549009  0.700587  0.408282 0.0351866  0.00250365 0.000662012 -0.00623188  0.0219343 -0.0110518 0.00929102 1 0 0 6404
              123.99 -1.32537  13.6704  -37.482  49.5115  50.4098 0.546245   0.668221   0.449102 0.00385336   0.0025267 0.000644246 -0.00623241  0.0224724  -0.011217 0.00985411 1 0 0 0
              124.09 -0.117105   12.9908   -38.094  49.5894  50.4497 0.557695 0.814485 0.384852 0.175057   0.0024408 0.000662998 -0.00627094  0.0213201 -0.0116265 0.00855141 1 0 0 6082
              124.09 -0.0673531     12.971   -38.1269  49.5932  50.4489 0.560418 0.859515 0.373836 0.206238  0.00242212 0.000668422 -0.00626078  0.0208934 -0.0118699 0.00801332 1 0 0 0
              124.19  2.04721  14.0968 -36.5904 49.6711 50.4792 0.57912  0.75398 0.292816 0.211669  0.00244535 0.000624259 -0.00634157   0.020876 -0.0101717 0.00900687 1 0 0 5846
              124.19  2.03362  14.1598 -36.5091  49.6612  50.4694 0.566424 0.638681 0.172605 0.068235  0.00245631 0.000603439 -0.00636527   0.0206059 -0.00804518   0.0109098 1 0 0 0
              124.29  1.59536  12.7231 -36.4944  49.7195  50.4914 0.576176  0.524923  0.231152 0.0772443  0.00250914 0.000694452 -0.00629628   0.0212942 -0.00877986   0.0104891 1 0 0 5975
              124.29  1.56959  12.7387 -36.4029  49.7123  50.4965 0.564065   0.438678   0.294637 -0.0583133  0.00252229  0.00068824 -0.00632319   0.0222035 -0.00866373   0.0125725 1 0 0 0
              124.39  1.73564   11.964 -35.3195  49.7588  50.5248 0.558121 0.467715 0.261353 -0.09167  0.00250801 0.000635153 -0.00627844   0.0217625 -0.00922082   0.0119109 1 0 0 5907
              124.39  1.73564   11.964 -35.3195  49.7588  50.5248 0.558121 0.467715 0.261353 -0.09167  0.00250801 0.000635153 -0.00627844   0.0217625 -0.00922082   0.0119109 1 0 0 0
              124.49  1.02403  12.0782 -35.4648  49.8165  50.5523 0.552883   0.603649   0.271451 -0.0751694  0.00250717 0.000622819 -0.00625525  0.0209881 -0.0104862  0.0107008 1 0 0 5899
              124.49  1.02403  12.0782 -35.4648  49.8165  50.5523 0.552883   0.603649   0.271451 -0.0751694  0.00250717 0.000622819 -0.00625525  0.0209881 -0.0104862  0.0107008 1 0 0 0
             124.591 0.125976  13.0875 -36.2058 49.8806 50.5847 0.55643  0.624741  0.371939 0.0362546  0.00250611 0.000622074 -0.00627328  0.0211126 -0.0114022 0.00874164 1 0 0 6241
             124.591 0.125976  13.0875 -36.2058 49.8806 50.5847 0.55643  0.624741  0.371939 0.0362546  0.00250611 0.000622074 -0.00627328  0.0211126 -0.0114022 0.00874164 1 0 0 0
             124.692 -0.239858   13.3053  -35.9939  49.9396  50.6303 0.567202 0.569748 0.518743 0.109062  0.00250651  0.00065579 -0.00630359  0.0218672 -0.0114738 0.00780168 1 0 0 6118
             124.692 -0.239858   13.3053  -35.9939  49.9396  50.6303 0.567202 0.569748 0.518743 0.109062  0.00250651  0.00065579 -0.00630359  0.0218672 -0.0114738 0.00780168 1 0 0 0
              124.79 0.0569027   13.1823  -34.6799  49.9891  50.6844 0.574842  0.505874  0.597636 0.0842687  0.00251143 0.000676012 -0.00634244  0.022372 -0.010471 0.0084061 1 0 0 5952
              124.79 0.022216  13.1463 -34.6896  49.9894  50.6829 0.572851  0.508696   0.58031 0.0618385  0.00252113 0.000686723 -0.00633957  0.0221442 -0.0103156 0.00865243 1 0 0 0
              124.89 -0.387846   12.6491  -35.3208  50.0385   50.743 0.581025 0.507966  0.59913 0.136682  0.00252418 0.000697908 -0.00628268  0.0226253 -0.0100789  0.0090835 1 0 0 6071
              124.89 -0.40924  12.6455 -35.2979 50.0373 50.7399 0.57985 0.493325 0.561749 0.122722  0.00253394 0.000699053 -0.00628959   0.0224572 -0.00957142  0.00923896 1 0 0 0
              124.99 0.760989  12.6065  -35.192  50.0833  50.7888 0.588785 0.452472 0.468018 0.107133  0.00248798 0.000682107 -0.00628389   0.0223258 -0.00819736   0.0105669 1 0 0 5910
              124.99 0.760989  12.6065  -35.192  50.0833  50.7888 0.588785 0.452472 0.468018 0.107133  0.00248798 0.000682107 -0.00628389   0.0223258 -0.00819736   0.0105669 1 0 0 0
              125.09  1.34953  12.5461 -34.2527  50.1237  50.8339 0.593505   0.351068   0.430378 0.00707919  0.00250456 0.000689294 -0.00631344   0.0221006 -0.00814743   0.0111897 1 0 0 5931
              125.09  1.34953  12.5461 -34.2527  50.1237  50.8339 0.593505   0.351068   0.430378 0.00707919  0.00250456 0.000689294 -0.00631344   0.0221006 -0.00814743   0.0111897 1 0 0 0
              125.19  1.03337  11.9563 -31.9422  50.1642  50.8781 0.590016   0.420149   0.398479 -0.0583868  0.00256417 0.000675217 -0.00632925    0.021751 -0.00929357    0.011216 1 0 0 5793
              125.19  1.03999  12.0275 -31.9421  50.1661  50.8829 0.595733   0.444125   0.455932 0.00499762  0.00256984 0.000655447 -0.00632623  0.0221023 -0.0100941  0.0104607 1 0 0 0
              125.29 0.404473  13.0404 -31.5853  50.2152  50.9219 0.591143     0.5007   0.344001 -0.0669386  0.00257346 0.000645211 -0.00628894  0.0214773 -0.0102619  0.0107946 1 0 0 5933
              125.29 0.404473  13.0404 -31.5853  50.2152  50.9219 0.591143     0.5007   0.344001 -0.0669386  0.00257346 0.000645211 -0.00628894  0.0214773 -0.0102619  0.0107946 1 0 0 0
              125.39  0.20138  13.4525 -31.2042  50.2699  50.9557 0.582929   0.560815   0.323722 -0.0939227   0.0025616 0.000633729 -0.00627964  0.0210134 -0.0108086  0.0107492 1 0 0 6018
              125.39 0.098365  13.4934 -31.2158  50.2685  50.9516 0.588865   0.546148   0.275612 -0.0295543  0.00258855 0.000619897 -0.00627632  0.0210461  -0.010182 0.00988735 1 0 0 0
             125.492  0.19174   13.348 -30.6799   50.324  50.9837 0.581277   0.576556    0.32508 -0.0926389  0.00256427 0.000665105 -0.00628638  0.0215178 -0.0104105   0.010428 1 0 0 6222
             125.492  0.19174   13.348 -30.6799   50.324  50.9837 0.581277   0.576556    0.32508 -0.0926389  0.00256427 0.000665105 -0.00628638  0.0215178 -0.0104105   0.010428 1 0 0 0
              125.59 -0.728659   13.4933  -30.6787  50.3801  51.0165 0.570864   0.619237   0.328506 -0.0947101  0.00257693 0.000685752 -0.00626708  0.0222747 -0.0101144  0.0109001 1 0 0 5956
              125.59 -0.750824   13.4404  -30.6859  50.3798  51.0127 0.566714  0.614075  0.282561 -0.140074  0.00257437 0.000696631 -0.00626552   0.0219169 -0.00961131   0.0113944 1 0 0 0
              125.69 -1.25429  14.1739 -31.0186  50.4433  51.0431 0.551461  0.652951  0.318632 -0.135671   0.0025465  0.00067935 -0.00626584    0.022124 -0.00977635   0.0118883 1 0 0 6168
              125.69 -1.25429  14.1739 -31.0186  50.4433  51.0431 0.551461  0.652951  0.318632 -0.135671   0.0025465  0.00067935 -0.00626584    0.022124 -0.00977635   0.0118883 1 0 0 0
             125.791 0.611165  13.6513 -30.1664  50.5094  51.0801 0.543621    0.67575   0.395043 -0.0175339  0.00249508 0.000702465 -0.00630509   0.0224982 -0.00995125    0.011629 1 0 0 6259
             125.791  0.62987  13.5972 -30.0898  50.5079  51.0908 0.546088   0.659373   0.523046 0.00982021  0.00250982 0.000730656 -0.00632411   0.023569 -0.0112291  0.0114923 1 0 0 0
              125.89 0.802555   14.137 -27.4044  50.5806  51.1329 0.557961 0.707016 0.374743  0.14342  0.00250693 0.000672476 -0.00637479  0.0223844 -0.0106947  0.0103699 1 0 0 5984
              125.89 0.802555   14.137 -27.4044  50.5806  51.1329 0.557961 0.707016 0.374743  0.14342  0.00250693 0.000672476 -0.00637479  0.0223844 -0.0106947  0.0103699 1 0 0 0
              125.99 0.506409  13.8667 -26.5106 50.6451 51.1569 0.56931  0.581293  0.198565 0.0938214  0.00254271 0.000650619 -0.00633043   0.0213376 -0.00925664   0.0104159 1 0 0 6145
              125.99  0.52924  13.8672 -26.4906  50.6411  51.1499 0.565851  0.539106  0.117249 0.0551449  0.00252868 0.000648199 -0.00633968   0.0212197 -0.00808399    0.010883 1 0 0 0
              126.09 0.811199  12.4232 -25.7571   50.691  51.1625 0.573337  0.485188  0.107419 0.0438073   0.0025255 0.000704723 -0.00632095   0.0216971 -0.00851787   0.0102322 1 0 0 6881
              126.09 0.868203  12.4998 -25.7834  50.6888  51.1656 0.566741   0.462113   0.140438 -0.0245653  0.00250493 0.000684221 -0.00631179   0.0219207 -0.00876653   0.0112087 1 0 0 0
             126.193  1.42762  11.8691 -25.2762  50.7373  51.1854 0.566703   0.482959   0.213374 -0.0252879  0.00252154 0.000672094 -0.00630429   0.0223671 -0.00957177   0.0105191 1 0 0 5451
             126.193   1.5534  11.9073 -25.2301 50.7413 51.1919 0.57333   0.52667  0.288429 0.0444514  0.00249113 0.000659879 -0.00631589  0.0224723 -0.0107154 0.00961631 1 0 0 0
             126.291 0.849469   12.155 -25.6976 50.7902 51.2222 0.57734  0.484533   0.33901 0.0312187  0.00255472 0.000679354 -0.00628175  0.0227859 -0.0104749 0.00942419 1 0 0 5770
             126.291 0.983951   12.132 -25.7087  50.7913  51.2207 0.576016  0.495465  0.321385 0.0169598  0.00250976 0.000684211  -0.0062785   0.022535 -0.0103413 0.00955626 1 0 0 0
              126.39 -0.191621   12.0183  -27.2031  50.8377  51.2556 0.575479    0.458946    0.387088 -0.00562258  0.00258202 0.000678726 -0.00624606  0.0227708 -0.0102601 0.00997312 1 0 0 5941
              126.39 -0.0473373    12.0654   -27.1681  50.8304  51.2639 0.571814   0.377306   0.484711 -0.0467971  0.00254286  0.00067089 -0.00625831  0.0241126 -0.0109496  0.0108175 1 0 0 0
              126.49   0.8292   11.915 -26.8236  50.8727  51.3087 0.563645  0.429559  0.466898 -0.067717  0.00252622 0.000658886 -0.00630928  0.0229412 -0.0103621  0.0111632 1 0 0 5992
              126.49   0.8292   11.915 -26.8236  50.8727  51.3087 0.563645  0.429559  0.466898 -0.067717  0.00252622 0.000658886 -0.00630928  0.0229412 -0.0103621  0.0111632 1 0 0 0
              126.59  1.81815  10.8839 -28.3728  50.9265  51.3497 0.560786   0.584767   0.404554 0.00254025  0.00251769 0.000687214 -0.00627689  0.0217043 -0.0100066  0.0108134 1 0 0 5745
              126.59  1.81273  10.8126 -28.3907  50.9285  51.3477 0.556029    0.60492   0.381678 -0.0486253  0.00251845 0.000710202 -0.00627207   0.0212013 -0.00985069    0.011405 1 0 0 0
              126.69  2.45856  12.0358 -28.7637  50.9933  51.3853 0.555566  0.648666  0.380618 0.0166517  0.00253183 0.000635727 -0.00629253    0.020994 -0.00984567   0.0108771 1 0 0 5635
              126.69  2.45856  12.0358 -28.7637  50.9933  51.3853 0.555566  0.648666  0.380618 0.0166517  0.00253183 0.000635727 -0.00629253    0.020994 -0.00984567   0.0108771 1 0 0 0
              126.79  2.63982  12.7955 -30.2426  51.0467  51.4297 0.560238  0.486744  0.453031 0.0168813  0.00254317  0.00064127 -0.00627787  0.0223939 -0.0103031  0.0105802 1 0 0 5574
              126.79  2.63982  12.7955 -30.2426  51.0467  51.4297 0.560238  0.486744  0.453031 0.0168813  0.00254317  0.00064127 -0.00627787  0.0223939 -0.0103031  0.0105802 1 0 0 0
              126.89  3.07555  12.9874 -29.7878 51.0937 51.4753 0.56008   0.470526   0.417277 -0.0110532  0.00253987 0.000684175 -0.00632529 0.0229049 -0.010732 0.0105269 1 0 0 5465
              126.89  3.14601  13.0364 -29.7342  51.0919  51.4739 0.561836   0.449286   0.399903 0.00760831  0.00252122 0.000667575   -0.006341  0.0230889 -0.0104153  0.0102944 1 0 0 0
              126.99  1.4149 14.4152 -30.227  51.1329  51.5126 0.566747  0.379236  0.353865 0.0479382  0.00261588 0.000624371 -0.00631419  0.0234708 -0.0107656 0.00987764 1 0 0 5502
              126.99  1.51041   14.341 -30.2905  51.1377  51.5125 0.567592  0.433388  0.355254 0.0579959  0.00258031 0.000649849 -0.00629557  0.0229076 -0.0111579 0.00962968 1 0 0 0
              127.09  1.24966  14.6392 -31.5644   51.178  51.5418 0.569382    0.409816    0.256829 -0.00880233  0.00257797 0.000660234 -0.00628188  0.0231616 -0.0106454 0.00981935 1 0 0 5689
              127.09    1.286  14.6226 -31.5054  51.1758  51.5363 0.567377   0.381299   0.190345 -0.0321244  0.00257005  0.00066618 -0.00629973   0.0229697 -0.00970995   0.0100586 1 0 0 0
              127.19  1.76629  15.6578 -31.3142  51.2163  51.5554 0.561499    0.43195    0.18433 -0.0538236  0.00255711 0.000648791 -0.00631909   0.0228327 -0.00979295    0.010427 1 0 0 5640
              127.19  1.76629  15.6578 -31.3142  51.2163  51.5554 0.561499    0.43195    0.18433 -0.0538236  0.00255711 0.000648791 -0.00631909   0.0228327 -0.00979295    0.010427 1 0 0 0
              127.29  1.25794  15.4918 -32.4408 51.2624 51.5743 0.55743   0.498325   0.186868 -0.0125914  0.00259211 0.000683929 -0.00627673  0.0229547 -0.0099436  0.0106279 1 0 0 5585
              127.29  1.50994  15.6991 -32.3747  51.2687  51.5827 0.549824   0.573689   0.286947 -0.0911841  0.00251475 0.000616344  -0.0062972 0.0225494 -0.011558 0.0116555 1 0 0 0
              127.39  1.32411  14.7047 -32.4534  51.3297   51.609 0.543552   0.643283   0.245694 -0.0413408  0.00257589 0.000697045 -0.00632075  0.0225613 -0.0113599  0.0115335 1 0 0 5618
              127.39  1.42093  14.7972 -32.4247  51.3257  51.5966 0.529094  0.591271 0.0954179 -0.200881  0.00254952 0.000669025 -0.00632968    0.021515 -0.00931204   0.0133991 1 0 0 0
              127.49  2.84734  14.6119 -32.8962  51.3859  51.6103 0.519695   0.626638   0.140039 -0.0653802  0.00250203 0.000659345 -0.00630382   0.0224698 -0.00988278   0.0122939 1 0 0 5719
              127.49  2.84734  14.6119 -32.8962  51.3859  51.6103 0.519695   0.626638   0.140039 -0.0653802  0.00250203 0.000659345 -0.00630382   0.0224698 -0.00988278   0.0122939 1 0 0 0
              127.59   4.0413  15.4742 -32.0076  51.4489  51.6276 0.527395 0.589592 0.164089 0.131274  0.00253415 0.000618637 -0.00633998 0.0231605 -0.010885 0.0110421 1 0 0 5611
              127.59   4.0413  15.4742 -32.0076  51.4489  51.6276 0.527395 0.589592 0.164089 0.131274  0.00253415 0.000618637 -0.00633998 0.0231605 -0.010885 0.0110421 1 0 0 0
              127.69  4.25833  13.1956 -30.5046  51.4988   51.646 0.549951 0.433698 0.187964 0.217361  0.00257966 0.000704616 -0.00635712  0.0236339 -0.0111552 0.00974221 1 0 0 5678
              127.69  4.25833  13.1956 -30.5046  51.4988   51.646 0.549951 0.433698 0.187964 0.217361  0.00257966 0.000704616 -0.00635712  0.0236339 -0.0111552 0.00974221 1 0 0 0
              127.79  4.20218  11.5419 -28.2099  51.5401  51.6596 0.571445  0.387114 0.0793076  0.176523  0.00261125 0.000700226  -0.0064196  0.0236216 -0.0111653 0.00923295 1 0 0 5397
              127.79  4.25906  11.4492 -28.1964  51.5372  51.6421 0.573853  0.347594 -0.128313  0.199499   0.0025977 0.000723726 -0.00643273   0.0227989 -0.00862903   0.0084935 1 0 0 0
              127.89 6.04284 10.4908 -28.041  51.5635  51.6356 0.596885   0.208034 -0.0498087   0.208006  0.00258535 0.000698235 -0.00635439   0.0238957 -0.00958306  0.00801779 1 0 0 5536
              127.89 6.04284 10.4908 -28.041  51.5635  51.6356 0.596885   0.208034 -0.0498087   0.208006  0.00258535 0.000698235 -0.00635439   0.0238957 -0.00958306  0.00801779 1 0 0 0
              127.99  6.07318  8.46699 -28.6271   51.583  51.6409 0.616252 0.174747 0.103818  0.20068  0.00265161 0.000750097 -0.00631639   0.024249 -0.0107675 0.00821703 1 0 0 5318
              127.99  5.86166  8.74828 -28.6219  51.5822  51.6527 0.611011 0.171146 0.240819 0.145127  0.00271741 0.000658345  -0.0063038  0.0250119 -0.0121902    0.00928 1 0 0 0
              128.09 3.97903 6.89899  -27.44  51.6028  51.6777 0.624215  0.21141 0.270434 0.133985  0.00272766 0.000745662 -0.00637652  0.0241404 -0.0120724 0.00953667 1 0 0 5263
              128.09  3.97588  6.90085 -27.5483  51.6069  51.6718 0.620493  0.255791  0.200579 0.0937635  0.00272429 0.000747315 -0.00634117  0.0231395 -0.0114989 0.00987828 1 0 0 0
              128.19  2.66255   5.6424 -30.7735  51.6327  51.6899 0.626607  0.260885  0.187119 0.0652074  0.00269006  0.00075382 -0.00626775 0.0228925 -0.010871 0.0103624 1 0 0 5177
              128.19 2.59168 5.65621 -30.799  51.6336  51.6857 0.623565  0.269829  0.137962 0.0315002  0.00271224 0.000749722 -0.00625848 0.0224509 -0.010319 0.0107313 1 0 0 0
              128.29  2.45554  4.28662 -34.8778  51.6589  51.7065 0.623131   0.253215   0.255422 -0.0216023  0.00266142 0.000768956  -0.0062364   0.022922 -0.0105568  0.0112188 1 0 0 5167
              128.29  2.46584  4.38166 -34.9163  51.6557  51.7085 0.623265   0.215619   0.277792 -0.0202993  0.00265881 0.000738541 -0.00622323  0.0235004 -0.0105522  0.0112443 1 0 0 0
              128.39 0.852998  5.07365 -34.9852  51.6808  51.7382 0.616115   0.253676   0.309986 -0.0795225  0.00272332 0.000712598  -0.0063604  0.0231474 -0.0108497  0.0117754 1 0 0 5245
              128.39 0.852998  5.07365 -34.9852  51.6808  51.7382 0.616115   0.253676   0.309986 -0.0795225  0.00272332 0.000712598  -0.0063604  0.0231474 -0.0108497  0.0117754 1 0 0 0
              128.49 -1.52008  8.48053 -32.1826   51.701  51.7669 0.598484  0.159329  0.265982 -0.194612  0.00275438 0.000568321 -0.00648662  0.0232454 -0.0103979  0.0130189 1 0 0 5373
              128.49 -1.44665  8.58048 -32.1506  51.6999  51.7693 0.590371  0.145379  0.293259 -0.284837  0.00273161 0.000534891 -0.00649794  0.0235336 -0.0105689  0.0142532 1 0 0 0
              128.59 -3.95305  10.5651 -30.0342 51.7116 51.7927 0.56639 0.0663746   0.18521 -0.220059  0.00273479 0.000549401 -0.00645843  0.0231246 -0.0104366   0.013588 1 0 0 5818
              128.59 -3.95305  10.5651 -30.0342 51.7116 51.7927 0.56639 0.0663746   0.18521 -0.220059  0.00273479 0.000549401 -0.00645843  0.0231246 -0.0104366   0.013588 1 0 0 0
              128.69  -4.2832  11.9351 -27.9139 51.7132 51.8047 0.55867 -0.0198667   0.085025 -0.0380274  0.00263495 0.000561359 -0.00646494   0.0233121 -0.00993877   0.0119465 1 0 0 6068
              128.69  -4.2708  11.9584 -27.8913  51.7142  51.8039 0.559347 -0.00752107   0.0752052  -0.0304183  0.00263309 0.000554012  -0.0064723  0.0231355 -0.0098969  0.0118136 1 0 0 0
              128.79 -4.30871  12.1131 -26.4537  51.7097  51.8093 0.568246 -0.0697504  0.0396004  0.0892299  0.00261312 0.000563641 -0.00645012   0.0237884 -0.00981539    0.010143 1 0 0 6119
              128.79 -4.23009  12.1954 -26.4385  51.7065  51.8091 0.571818 -0.106157 0.0374621  0.127967  0.00258889 0.000536343 -0.00645642   0.0243018 -0.00953784  0.00974256 1 0 0 0
              128.89 -4.27107  12.9664 -24.1914  51.6946  51.8144 0.590014 -0.135412 0.0647091  0.173378  0.00264248  0.00056681 -0.00646966   0.0246113 -0.00983107  0.00877266 1 0 0 6069
              128.89 -4.31682  12.9715 -24.1816  51.6956  51.8153 0.593348 -0.123256 0.0759873  0.209242  0.00265807 0.000566147 -0.00647297   0.0246358 -0.00998303  0.00827106 1 0 0 0
              128.99 -5.74355  14.4017 -24.6021 51.6818 51.8179 0.60604  -0.152606 0.00479806   0.130464  0.00270415 0.000557302 -0.00636982  0.0242583 -0.0094538 0.00939488 1 0 0 6119
              128.99 -5.68618  14.4219 -24.6156  51.6794  51.8165 0.608646  -0.178049 -0.0128966   0.157285  0.00268445 0.000550117 -0.00636558    0.024551 -0.00908999  0.00912566 1 0 0 0
              129.09 -6.74855   15.035 -26.2649  51.6552  51.8101 0.613661  -0.28371 -0.112047 0.0538789  0.00269315 0.000592763 -0.00635432   0.0243485 -0.00847449   0.0109831 1 0 0 6247
              129.09   -6.738  15.0106 -26.2878  51.6478  51.8035 0.611888 -0.372919 -0.191985 0.0321605  0.00268872 0.000601076 -0.00634464   0.0249006 -0.00712481   0.0115854 1 0 0 0
              129.19 -5.67742  14.8055 -28.6025  51.6133  51.7896 0.609942  -0.357396  -0.113757 -0.0345682  0.00262953 0.000603457 -0.00632058  0.0243918 -0.0084184  0.0119135 1 0 0 6173
              129.19 -5.70376  14.7995 -28.5965  51.6155  51.7906 0.611351  -0.331668  -0.100644 -0.0187567  0.00263773 0.000605034 -0.00632263    0.024231 -0.00867719   0.0116112 1 0 0 0
              129.29 -5.81964  15.0545 -31.7668   51.584  51.7905 0.605912  -0.332108  0.0223326 -0.0593184  0.00266822 0.000588226 -0.00626945  0.0243939 -0.0101314  0.0118143 1 0 0 6266
              129.29 -5.71687  15.0748 -31.7466  51.5854  51.7978 0.604781  -0.315086   0.107752 -0.0704426  0.00263821  0.00057985 -0.00627504  0.0246854 -0.0112445  0.0119141 1 0 0 0
              129.39  -5.5188   15.454 -34.9717   51.552  51.8131 0.599764  -0.370206   0.167619 -0.0310884  0.00263456 0.000587951 -0.00631177 0.0246914 -0.011904 0.0118618 1 0 0 6145
              129.39 -5.46187  15.4968 -34.9615  51.5471  51.8142 0.601774  -0.425981   0.178688 -0.0110954  0.00261904 0.000576176 -0.00631503  0.0254316 -0.0116382  0.0118152 1 0 0 0
              129.49 -4.50157  15.0816 -38.3745 51.5063 51.8296 0.59879  -0.426513    0.20231 -0.0269611  0.00256587 0.000605876  -0.0063014  0.0243157 -0.0116404  0.0117157 1 0 0 6201
              129.49 -4.49545  15.0583 -38.2575  51.4985  51.8349 0.593106  -0.518574   0.263504 -0.0920968  0.00257919 0.000615514 -0.00633356  0.0254531 -0.0117132   0.012936 1 0 0 0
              129.59 -3.93965  13.8221 -40.4156   51.451  51.8495 0.586218  -0.464613   0.132375 -0.0533766 0.00258883 0.00062205 -0.0063103  0.0239136 -0.0108216  0.0121178 1 0 0 6062
              129.59 -3.99231  13.8194 -40.4376  51.4455  51.8457 0.585104  -0.530371  0.0860658 -0.0683502  0.00260471 0.000626025 -0.00630423   0.0241223 -0.00983399    0.012474 1 0 0 0
              129.69 -3.62326  13.2289 -43.0724  51.4074  51.8542 0.588196 -0.333617 0.0742491 0.0150039  0.00260413 0.000628774 -0.00631244  0.0230262 -0.0107962   0.010668 1 0 0 5832
              129.69 -3.49947   13.279 -43.0646  51.3999  51.8573 0.592767 -0.419116   0.10882 0.0632664  0.00256793 0.000613803 -0.00631481  0.0242813 -0.0103674  0.0103483 1 0 0 0
              129.79 -3.47271  13.8779 -45.5992  51.3627  51.8622 0.601271 -0.355506 0.0127648 0.0862789   0.0025915 0.000611464 -0.00635377  0.0235888 -0.0103845 0.00960239 1 0 0 5803
              129.79 -3.53455  13.8527 -45.6491  51.3575  51.8506 0.597556 -0.420741 -0.124241 0.0433389  0.00261052 0.000624737 -0.00633661   0.0227832 -0.00853584   0.0101427 1 0 0 0
              129.89 -3.01143  15.3626 -48.6521  51.3191  51.8425 0.602302  -0.362051 -0.0982435  0.0339857  0.00260521 0.000611408 -0.00632218  0.0234855 -0.0095632 0.00988603 1 0 0 5600
              129.89 -3.12527  15.3119 -48.6357  51.3149  51.8355 0.596637 -0.413648 -0.181344 -0.029931  0.00264241 0.000630707 -0.00632503   0.0229125 -0.00838188   0.0107098 1 0 0 0
              129.99 -2.69948  16.1102 -51.7114  51.2763  51.8308 0.600351   -0.37788 -0.0514653  0.0782968  0.00259884   0.0006378 -0.00632413  0.0248619 -0.0102154  0.0103307 1 0 0 5693
              129.99 -2.53144   16.331 -51.6792  51.2768  51.8385 0.591418  -0.372875  0.0395059 -0.0192878  0.00254772 0.000565089 -0.00633798 0.0254037  -0.01112 0.0117844 1 0 0 0
              130.09 -1.03416  15.7007 -53.4649 51.2386 51.8456 0.59575 -0.385729 0.0317886 0.0705083  0.00259057 0.000672663 -0.00634654  0.0264424 -0.0114804  0.0114731 1 0 0 5840
              130.09 -1.15167  15.7013 -53.5267  51.2347  51.8296 0.583068   -0.43718   -0.16075 -0.0715666  0.00261826 0.000677295 -0.00633085   0.0242649 -0.00955983   0.0129121 1 0 0 0
              130.19 -0.007736   15.8762  -56.3662  51.1911  51.8221 0.582657  -0.416521 -0.0750909 -0.0245355  0.00263607 0.000670385  -0.0063202  0.0260258 -0.0100387  0.0121575 1 0 0 6061
              130.19 -0.007736   15.8762  -56.3662  51.1911  51.8221 0.582657  -0.416521 -0.0750909 -0.0245355  0.00263607 0.000670385  -0.0063202  0.0260258 -0.0100387  0.0121575 1 0 0 0
              130.29 -0.199257   16.0786   -59.824   51.149   51.811 0.585906 -0.419644 -0.134435   0.01758  0.00264573 0.000682359 -0.00634199   0.0262937 -0.00992088    0.010843 1 0 0 6108
              130.29 -0.201918   16.1905  -59.8817  51.1553  51.8076 0.576467 -0.349329  -0.17626  -0.08198  0.00263725 0.000645266 -0.00632607  0.0250199 -0.0104766  0.0118561 1 0 0 0
              130.39 0.510941  15.3278 -61.8939  51.1143  51.7853 0.578704 -0.425312 -0.261726 0.0371715  0.00261768 0.000709093 -0.00637448   0.0254175 -0.00978914   0.0103565 1 0 0 6248
              130.39 0.441231  15.3151 -61.9561 51.1129 51.7835 0.56924 -0.443979 -0.282594 -0.066354   0.0026341 0.000714188 -0.00635559   0.0248758 -0.00944266   0.0116446 1 0 0 0
              130.49  1.57825   15.098 -63.1232  51.0653  51.7487 0.576649 -0.473485 -0.409667 0.0806049  0.00263708 0.000681078 -0.00637862   0.0251089 -0.00889045  0.00980107 1 0 0 6204
              130.49  1.55119  15.2055 -63.1638  51.0772  51.7518 0.566032  -0.331673  -0.371196 -0.0326012  0.00264197 0.000643357 -0.00636472  0.0244589 -0.0108271  0.0112017 1 0 0 0
              130.59 0.925452  15.8689 -63.0828  51.0391    51.71 0.574728 -0.377247 -0.428316  0.097675  0.00269451  0.00066227 -0.00644125   0.0248875 -0.00981461  0.00969651 1 0 0 6263
              130.59 0.984569  15.9315 -63.0854  51.0432  51.7142 0.576354 -0.330104 -0.380873  0.115829  0.00267484 0.000641527 -0.00644026  0.0253055 -0.0106491 0.00958119 1 0 0 0
              130.69 0.285451  15.7949 -63.1672  51.0068  51.6752 0.590675 -0.391076 -0.385841  0.205378  0.00265733 0.000676187 -0.00646747  0.0254736 -0.0104807 0.00960084 1 0 0 6269
              130.69 0.301957  15.7651 -63.1931  51.0078  51.6745 0.587563 -0.381227 -0.393974  0.172014  0.00264971 0.000686115 -0.00645949  0.0251998  -0.010559 0.00998904 1 0 0 0
              130.79 0.356513  14.7922 -62.5571  50.9659  51.6386 0.603698 -0.451223 -0.342885  0.131889  0.00264873 0.000705196 -0.00645158  0.0254417 -0.0103536  0.0100665 1 0 0 6177
              130.79 0.356513  14.7922 -62.5571  50.9659  51.6386 0.603698 -0.451223 -0.342885  0.131889  0.00264873 0.000705196 -0.00645158  0.0254417 -0.0103536  0.0100665 1 0 0 0
              130.89   2.0242  14.2317 -62.0276 50.9149 51.6057 0.61086 -0.535943 -0.322339 0.0560712  0.00258209 0.000692025 -0.00647674    0.025204 -0.00970042    0.010875 1 0 0 5996
              130.89  1.92478  14.3259 -62.0927  50.9168  51.5857 0.593268 -0.521757 -0.564788 -0.135943  0.00261426 0.000665445 -0.00645918   0.0215337 -0.00860488   0.0125567 1 0 0 0
              130.99  3.07754  15.4296 -62.7299  50.852 51.5387 0.58496 -0.657057 -0.450024  -0.11675  0.00263083  0.00066759 -0.00642661   0.0240149 -0.00743528   0.0119238 1 0 0 6210
              130.99  3.07807   15.451 -62.7181 50.8535 51.5405 0.58665 -0.639903 -0.429835 -0.098581  0.00263148  0.00066049 -0.00642985   0.0242365 -0.00775962   0.0117404 1 0 0 0
             131.092  2.19241  15.9411 -62.4441  50.7855  51.5093 0.579478  -0.698224  -0.274939 -0.0911085  0.00269737 0.000675841  -0.0064434   0.0259792 -0.00822594   0.0114939 1 0 0 6379
             131.092  2.11055  16.0055 -62.3648  50.7897  51.5438 0.573888 -0.655643  0.124587 -0.154366  0.00274112 0.000672026 -0.00646584  0.0303329 -0.0106443  0.0137437 1 0 0 0
             131.193 0.938286  16.3999 -60.0762  50.7293  51.5333 0.562062  -0.642578  -0.158979 -0.0939645   0.0027331 0.000624548 -0.00651864  0.0268463 -0.0110858  0.0119629 1 0 0 6502
             131.193 0.914905  16.4465 -60.1661  50.7366  51.5202 0.557518 -0.560487 -0.310448  -0.13842  0.00273681 0.000580257 -0.00649061  0.0245206 -0.0113131  0.0118978 1 0 0 0
              131.29  2.21367   17.253 -57.8499  50.6773  51.4763 0.554691 -0.655582 -0.477677 0.0194476  0.00266932 0.000535382 -0.00653441  0.0232286 -0.0106852  0.0103894 1 0 0 5844
              131.29  2.25077  17.2216 -57.8843  50.6824  51.4712 0.559755   -0.5935 -0.538478 0.0776796  0.00266557  0.00052762 -0.00652345  0.0224748 -0.0110754 0.00940499 1 0 0 0
              131.39   3.2656  16.4526 -55.6194  50.6086  51.4181 0.577184 -0.753349 -0.513008   0.22917  0.00267329 0.000578284 -0.00652209  0.0234328 -0.0092921 0.00922892 1 0 0 6335
              131.39 3.44527 16.5895 -55.592  50.6123  51.4165 0.577164 -0.711065 -0.532133  0.230284  0.00261983 0.000533829 -0.00652865   0.0229912 -0.00969487  0.00908589 1 0 0 0
              131.49  1.78732  15.1864 -52.7185   50.528  51.3754 0.599873 -0.846225 -0.388598  0.209254  0.00273151 0.000614758 -0.00654539   0.0252973 -0.00818756   0.0099448 1 0 0 6296
              131.49  1.86049  15.2718 -52.6929  50.5306  51.3778 0.600563 -0.814695 -0.360731  0.217145  0.00270983 0.000588378 -0.00655153  0.0254378 -0.0087459 0.00990913 1 0 0 0
              131.59  1.00425  14.8258 -50.6659  50.4444  51.3536 0.616817 -0.858866  -0.21019  0.128757  0.00271494 0.000592132 -0.00654879   0.0272036 -0.00881938   0.0110045 1 0 0 6155
              131.59 0.950821  14.8945 -50.6045  50.4554  51.3643 0.610585  -0.730496 -0.0810863  0.0635865  0.00273496 0.000578095 -0.00656657  0.0274308 -0.0111452  0.0120537 1 0 0 0
              131.69  1.24208  14.0516 -50.1188  50.3814  51.3528 0.609454  -0.740845  -0.122023 -0.0161102  0.00267076   0.0006158 -0.00652086  0.0270503 -0.0107651   0.012837 1 0 0 6217
              131.69  1.23369  14.1168 -50.2926  50.3936  51.3184 0.596181 -0.592813 -0.543389 -0.149075  0.00266734 0.000590217 -0.00646375   0.0211354 -0.00904978   0.0130697 1 0 0 0
              131.79 0.428395    12.53 -51.0584  50.3191  51.2833 0.583276 -0.729823 -0.322161 -0.163901  0.00270384 0.000614101 -0.00645286   0.0249753 -0.00853075   0.0136368 1 0 0 6036
              131.79 0.437343  12.5712 -50.9897  50.3284   51.297 0.581163 -0.622092 -0.161168 -0.184415  0.00270235 0.000599267 -0.00647195  0.0257486 -0.0109329  0.0141564 1 0 0 0
              131.89 -0.713814   13.1715  -51.7844  50.2537  51.2823 0.570724 -0.758494 -0.183021 -0.114938  0.00274197 0.000553619 -0.00648992   0.0281309 -0.00974236   0.0130188 1 0 0 6123
              131.89 -0.713814   13.1715  -51.7844  50.2537  51.2823 0.570724 -0.758494 -0.183021 -0.114938  0.00274197 0.000553619 -0.00648992   0.0281309 -0.00974236   0.0130188 1 0 0 0
              131.99 0.256003  13.3154 -52.5148  50.1764  51.2496 0.566273 -0.775894 -0.394385 -0.033935  0.00269055 0.000518292 -0.00649607  0.0274104 -0.0089146  0.0117799 1 0 0 6211
              131.99 0.272081  13.3331 -52.6349  50.1909  51.2325 0.566427  -0.612466   -0.59216 -0.0278377  0.00267332 0.000510989 -0.00646033   0.0241442 -0.00918987   0.0109323 1 0 0 0
              132.09   1.7818  13.9752 -55.1866  50.1245  51.1721 0.568205 -0.656896 -0.621618  0.023818  0.00264907 0.000536183 -0.00646297 0.0254018  -0.00883 0.0107277 1 0 0 6302
              132.09   1.7982  13.9961 -55.2082  50.1269  51.1685 0.567046 -0.629691 -0.663957 0.0118238  0.00264081 0.000530092 -0.00645751   0.0247203 -0.00882371   0.0107284 1 0 0 0
              132.19 0.941827  15.8643 -56.7955  50.0562  51.1089 0.576274 -0.747367  -0.56683  0.163991  0.00271907 0.000513368 -0.00646392   0.0258855 -0.00854752   0.0106649 1 0 0 6577
              132.19 0.929595   15.874   -56.77  50.0546  51.1111 0.573954 -0.766522  -0.54141  0.138127  0.00272618 0.000510039 -0.00647144   0.0262052 -0.00848765   0.0111046 1 0 0 0
              132.29 1.36246 14.4947 -56.612  49.9852  51.0667 0.585417 -0.68532 -0.39019 0.100147  0.00269211 0.000599911 -0.00650489   0.0262968 -0.00967311   0.0112835 1 0 0 6682
              132.29 1.47722 14.5061 -56.543  49.9876  51.0803 0.591347 -0.657633  -0.23411  0.162322  0.00266417 0.000596594  -0.0065269  0.0281018 -0.0110092  0.0109519 1 0 0 0
              132.39 3.84885 14.1702  -56.57  49.925 51.0462 0.60024 -0.599849  -0.33907 0.0423374  0.00263454 0.000603381 -0.00655629  0.0261737 -0.0103839  0.0113899 1 0 0 6627
              132.39  3.91911  14.1187 -56.6614  49.9389  51.0314 0.611281 -0.433347 -0.517581  0.167636   0.0026054 0.000621991 -0.00653162  0.0235487 -0.0112581 0.00897943 1 0 0 0
              132.49  3.01976  13.6188 -56.4685  49.8864  50.9874 0.612317  -0.574196  -0.420752 -0.0302439  0.00269526 0.000609188 -0.00654877 0.0244591 -0.010304 0.0108332 1 0 0 6701
              132.49  2.96045  13.6589 -56.5053  49.8845  50.9828 0.604575 -0.599589 -0.474761 -0.114574  0.00271305  0.00059794 -0.00653665    0.023732 -0.00957512   0.0117674 1 0 0 0
              132.59  2.53872  12.7601 -56.7692 49.8041 50.9424 0.58545  -0.88633 -0.402234 -0.214205   0.0026936 0.000620374 -0.00652478   0.0256732 -0.00802104   0.0131125 1 0 0 6526
              132.59 2.59694 12.7582 -56.775  49.8065  50.9421 0.585913 -0.859676 -0.405529 -0.208495  0.00267457 0.000621259 -0.00652261   0.0254852 -0.00832184   0.0130062 1 0 0 0
              132.69  3.17221  11.5573 -56.6886 49.7071 50.9035 0.56311  -1.02926  -0.39928 -0.207629  0.00269505 0.000631328 -0.00652602    0.026477 -0.00728269   0.0137812 1 0 0 6553
              132.69  3.17221  11.5573 -56.6886 49.7071 50.9035 0.56311  -1.02926  -0.39928 -0.207629  0.00269505 0.000631328 -0.00652602    0.026477 -0.00728269   0.0137812 1 0 0 0
              132.79  3.37974  12.0934 -56.3288 49.6139 50.8618 0.54715  -0.881639   -0.41432 -0.0674467  0.00271119 0.000568617 -0.00652128   0.0257456 -0.00831459    0.013833 1 0 0 6574
              132.79  3.43334  12.1036 -56.2617  49.6205  50.8746 0.553641  -0.799058  -0.257221 0.00300381  0.00269623 0.000564132 -0.00654142  0.0271901 -0.0103164  0.0132909 1 0 0 0
              132.89  2.61466  13.5336 -54.8926  49.5554  50.8399 0.562767 -0.561331 -0.334725  0.119043  0.00275703 0.000544412 -0.00656457  0.0254073 -0.0107174  0.0126118 1 0 0 6362
              132.89  2.66331  13.5072 -54.8947  49.5754  50.8212 0.564921 -0.334258 -0.553842  0.153573  0.00274697 0.000549831 -0.00655952  0.0216325 -0.0119745  0.0113992 1 0 0 0
              132.99  0.46538  13.7053 -51.5288  49.5282  50.7755 0.584978 -0.495699 -0.436436  0.158322  0.00281004  0.00055661 -0.00659545  0.0238037 -0.0102192  0.0106885 1 0 0 6467
              132.99 0.458562  13.7101 -51.4815  49.5327   50.779 0.579066 -0.445475 -0.393336 0.0961265  0.00281591 0.000557455 -0.00661186  0.0237494 -0.0110371  0.0115686 1 0 0 0
              133.09  1.03294    13.12 -49.3239  49.4608  50.7396 0.592908 -0.772418 -0.434202 0.0739324  0.00271464 0.000593744 -0.00662932   0.026942 -0.0083217  0.0109722 1 0 0 6176
              133.09 0.984945  13.1834  -49.355  49.4504   50.723 0.582314  -0.896002  -0.626153 -0.0403214   0.0027356 0.000564414 -0.00661769   0.0254704 -0.00547807   0.0121611 1 0 0 0
              133.19  2.60519  13.6688 -50.1564   49.356    50.67 0.576792  -0.945934  -0.531151 -0.0866245  0.00267615 0.000550644 -0.00650007   0.0274538 -0.00606722   0.0123464 1 0 0 6262
              133.19  2.72348  13.6767 -49.9894  49.3628  50.6845 0.589361 -0.862261 -0.360313 0.0493167  0.00265095 0.000548049 -0.00655139  0.0289466 -0.0083627   0.010876 1 0 0 0
              133.29  4.36501  13.6264 -50.8376 49.2911 50.6441 0.58816   -0.67665  -0.442313 -0.0366207  0.00264197 0.000569207 -0.00651186  0.0275462 -0.0097789   0.011191 1 0 0 6536
              133.29  4.34547  13.6414 -50.7886 49.2904 50.6367 0.58612  -0.683413  -0.527657 -0.0576851  0.00265136 0.000564024 -0.00652808   0.0266574 -0.00902067   0.0112202 1 0 0 0
              133.39  4.10966  14.0744 -51.9905  49.2367  50.5796 0.569605 -0.513927 -0.587706 -0.144232  0.00270476 0.000554983   -0.006476  0.0249543 -0.0103679   0.012323 1 0 0 6641
              133.39  4.14862  14.0343 -51.8235  49.2464  50.5705 0.573137 -0.400877 -0.691919 -0.100911  0.00270298 0.000564457 -0.00653044 0.0231518 -0.010865 0.0113061 1 0 0 0
              133.49  3.83568  13.6219 -52.9379  49.2029  50.5036 0.562647  -0.463233  -0.690002 -0.0303546  0.00269353  0.00059453 -0.00648206  0.0238428 -0.0111046  0.0126014 1 0 0 6694
              133.49  3.91091  13.7136 -52.9786  49.2026  50.5113 0.565996  -0.465502  -0.598313 0.00459206  0.00266727  0.00056607 -0.00646751  0.0249399 -0.0117873  0.0124573 1 0 0 0
              133.59  3.38295  14.1622 -54.4725  49.1388  50.4468 0.581158 -0.664433  -0.65674  0.220814   0.0026966 0.000563796 -0.00646946  0.0259862 -0.0100481  0.0122286 1 0 0 6648
              133.59  3.35692  13.9771 -54.5953  49.1531  50.4359 0.593467 -0.495026 -0.785195  0.360321  0.00269319 0.000621715 -0.00643398  0.0238851 -0.0111295 0.00984124 1 0 0 0
              133.69  1.78902  14.1564 -56.4162  49.0891  50.3743 0.617292 -0.663701 -0.516915  0.172069  0.00270766 0.000596867 -0.00644832   0.0264163 -0.00934439   0.0113929 1 0 0 6852
              133.69  1.78902  14.1564 -56.4162  49.0891  50.3743 0.617292 -0.663701 -0.516915  0.172069  0.00270766 0.000596867 -0.00644832   0.0264163 -0.00934439   0.0113929 1 0 0 0
              133.79  2.53243   13.853 -57.3864  49.0112  50.3306 0.622437  -0.803852  -0.390737 -0.0147774   0.0026454 0.000599986  -0.0065137   0.0274545 -0.00817235   0.0131796 1 0 0 6659
              133.79  2.46736  13.8462 -57.3864  49.0134  50.3248 0.617087  -0.780667  -0.457386 -0.0708112  0.00266579 0.000602372 -0.00651315    0.026358 -0.00797377   0.0136728 1 0 0 0
              133.89  2.06609  12.8728 -58.9356  48.9258  50.2818 0.598435 -0.930604 -0.417335 -0.248632  0.00270379 0.000622389 -0.00650805   0.0265882 -0.00669707    0.014434 1 0 0 6703
              133.89  2.02034  12.8815 -58.9745  48.9267  50.2797 0.598911 -0.919728 -0.441021 -0.243036  0.00271521 0.000620056 -0.00649584    0.026267 -0.00667711   0.0142773 1 0 0 0
              133.99 2.79834 11.7079 -60.047  48.8402  50.2352 0.568485 -0.877886 -0.447765 -0.328917  0.00269784 0.000617665 -0.00650369   0.0254144 -0.00796961   0.0144464 1 0 0 6760
              133.99  2.83891  11.6524 -59.9759  48.8482  50.2403 0.578474  -0.77654 -0.384485 -0.214679  0.00268816 0.000632553 -0.00652453   0.0259044 -0.00963366   0.0130623 1 0 0 0
              134.09  3.43264    11.76 -60.3411  48.7694  50.1897 0.562506 -0.824133 -0.559247 -0.101799  0.00270857 0.000571459  -0.0065188   0.0244265 -0.00937261   0.0122814 1 0 0 6693
              134.09  3.43694  11.7562 -60.3396 48.7695 50.1888 0.56145 -0.823894 -0.570394  -0.11303  0.00270716 0.000572588 -0.00651954   0.0242634 -0.00930635   0.0123974 1 0 0 0
              134.19  4.07231  13.2755 -61.2837  48.6843  50.1288 0.560964 -0.863928 -0.601531 0.0833746  0.00271434 0.000528276 -0.00649497   0.0241658 -0.00915891   0.0116856 1 0 0 6909
              134.19  4.11634  13.2477 -61.2014  48.6931  50.1361 0.576355 -0.754141  -0.51964  0.251503  0.00270815 0.000534584 -0.00652301  0.0249748 -0.0110717 0.00968596 1 0 0 0
              134.29  5.77646  12.9029 -60.4141  48.6159  50.0826 0.600229 -0.718338  -0.52844  0.233868  0.00266328 0.000597463 -0.00655713  0.0248725 -0.0103419  0.0107406 1 0 0 7043
              134.29  5.71696  12.9068 -60.4358  48.6162  50.0772 0.596846 -0.714728 -0.589406  0.198233  0.00268092 0.000596929 -0.00655059  0.0240299 -0.0100231  0.0110063 1 0 0 0
              134.39  5.39732  14.8461 -60.0522   48.545  50.0255 0.608564 -0.660391 -0.475193 0.0859397  0.00271358 0.000517296 -0.00654284   0.0249284 -0.00880477   0.0120347 1 0 0 7216
              134.39  5.39732  14.8461 -60.0522   48.545  50.0255 0.608564 -0.660391 -0.475193 0.0859397  0.00271358 0.000517296 -0.00654284   0.0249284 -0.00880477   0.0120347 1 0 0 0
              134.49  2.82248  15.9465 -59.9029  48.4778  49.9842 0.609025  -0.67653 -0.387324 -0.040336  0.00278173 0.000529832  -0.0065287   0.0255275 -0.00837896   0.0128231 1 0 0 7254
              134.49  2.65059  15.8343 -59.9056   48.473   49.986 0.603795 -0.735359 -0.365186 -0.100224  0.00283757 0.000564635 -0.00653146   0.0258916 -0.00767367   0.0136948 1 0 0 0
              134.59  1.34259  14.5024 -59.9054  48.4045  49.9469 0.591975 -0.684067 -0.427411 -0.143121  0.00277262 0.000602279  -0.0065315   0.0252632 -0.00853963   0.0134359 1 0 0 7109
              134.59  1.36442  14.3929 -59.9107   48.416   49.939 0.605456  -0.541777  -0.525274 0.00911688  0.00276531 0.000639898 -0.00652512   0.0238916 -0.00983421   0.0109544 1 0 0 0
              134.69   2.6175  14.2369 -60.7303  48.3592  49.8891 0.596392 -0.566403 -0.537608 -0.130232  0.00269631  0.00056542 -0.00650715   0.0248952 -0.00971879   0.0120852 1 0 0 6989
              134.69 2.56506 14.1804 -60.771  48.3602  49.8905 0.598202 -0.553293 -0.521475  -0.11039  0.00271016 0.000584046 -0.00649482   0.0250723 -0.00997117   0.0118639 1 0 0 0
              134.79  2.69862  14.4182 -60.5482 48.3045 49.8402 0.58692  -0.54665 -0.530273 -0.105218  0.00271973  0.00057045 -0.00654281   0.0259787 -0.00993161   0.0120579 1 0 0 7070
              134.79  2.69862  14.4182 -60.5482 48.3045 49.8402 0.58692  -0.54665 -0.530273 -0.105218  0.00271973  0.00057045 -0.00654281   0.0259787 -0.00993161   0.0120579 1 0 0 0
              134.89  2.92663  14.8128 -60.2018  48.2477  49.7804 0.579344  -0.571984  -0.637458 -0.0349648  0.00270848  0.00056368 -0.00653783    0.025846 -0.00956625   0.0121301 1 0 0 7148
              134.89  2.92663  14.8128 -60.2018  48.2477  49.7804 0.579344  -0.571984  -0.637458 -0.0349648  0.00270848  0.00056368 -0.00653783    0.025846 -0.00956625   0.0121301 1 0 0 0
              134.99  2.49909  15.3497 -58.9278 48.1847 49.7083 0.58228  -0.67084 -0.750937  0.114186  0.00274075 0.000554903 -0.00659647   0.0250103 -0.00866868   0.0122006 1 0 0 7042
              134.99  2.49174  15.2596 -59.0783  48.1973  49.6806 0.586742 -0.522576  -1.07662  0.172683  0.00273567 0.000577963 -0.00654876   0.0206656 -0.00868488   0.0101959 1 0 0 0
              135.09  3.46227  15.4634 -59.2846  48.1251  49.5987 0.605569 -0.732777 -0.715193  0.139204 0.00268586  0.0005714 -0.0065327   0.0249241 -0.00694192   0.0107989 1 0 0 7250
              135.09  3.37088  15.3846 -59.1693   48.116  49.5973 0.599807 -0.841213  -0.73036 0.0715846  0.00272412 0.000593893 -0.00656995   0.0251046 -0.00550762   0.0117249 1 0 0 0
              135.19  5.18098  15.4254 -59.0356   48.033  49.5447 0.599522  -0.824246  -0.447625 -0.0617677   0.0026645 0.000594363 -0.00651459   0.0271272 -0.00682197   0.0130048 1 0 0 7418
              135.19  5.10949  15.3285 -58.9969  48.0346  49.5489 0.595305 -0.808045 -0.395786 -0.108679  0.00269055 0.000624216 -0.00652812   0.0274535 -0.00726894    0.013779 1 0 0 0
              135.29 5.79275 14.8386 -59.099  47.9652  49.5161 0.580805 -0.711398 -0.316278 -0.176323  0.00272328 0.000585494 -0.00651559   0.0271663 -0.00964676   0.0135512 1 0 0 7477
              135.29  5.78967  14.7718 -59.0692   47.963  49.5193 0.579648 -0.738668 -0.277452  -0.19053  0.00272674 0.000606343 -0.00652634   0.0277168 -0.00952098   0.0138934 1 0 0 0
              135.39  6.97978  14.1659 -59.5241 47.8998 49.4769 0.56613 -0.628239 -0.467259 -0.117721  0.00271644 0.000593024 -0.00651149  0.0251057 -0.0109363  0.0123553 1 0 0 7477
              135.39  6.96025  14.0217 -59.5298  47.9065  49.4711 0.574098  -0.543353  -0.535862 -0.0256393  0.00272201 0.000639834 -0.00651583  0.0241258 -0.0117192  0.0108877 1 0 0 0
              135.49   6.813 14.5965  -59.17 47.8518 49.4136 0.57373 -0.549954 -0.615652 0.0224483  0.00273232 0.000549574 -0.00653625  0.0238747 -0.0117813  0.0107683 1 0 0 7532
              135.49  6.85838  14.6512 -59.2169  47.8558  49.4009 0.573003 -0.504605 -0.765538  0.017094  0.00271492 0.000535828 -0.00652032  0.0218667 -0.0115065  0.0102703 1 0 0 0
              135.59  6.43261  17.4877 -58.3081  47.7886  49.3359 0.578941  -0.71015 -0.632548  0.150132  0.00272629 0.000515572 -0.00657453   0.0245617 -0.00980024   0.0111097 1 0 0 7614
              135.59  6.43261  17.4877 -58.3081  47.7886  49.3359 0.578941  -0.71015 -0.632548  0.150132  0.00272629 0.000515572 -0.00657453   0.0245617 -0.00980024   0.0111097 1 0 0 0
              135.69 6.88659 17.8876  -56.74  47.7085  49.2833 0.596986 -0.758073 -0.467506  0.180913  0.00271947 0.000568856 -0.00658117   0.0264782 -0.00854743   0.0122418 1 0 0 7615
              135.69   6.7751  17.8818 -56.8129  47.7098  49.2754 0.585551 -0.748075 -0.556721 0.0592043  0.00275031 0.000572983 -0.00655688   0.0249202 -0.00794875   0.0133906 1 0 0 0
              135.79  4.44589  19.1738 -55.9021   47.635  49.2337 0.595514 -0.715662 -0.345341 0.0657926  0.00279869 0.000528355 -0.00655983    0.026686 -0.00791926   0.0128715 1 0 0 7665
              135.79  4.38306  19.1097 -55.9159  47.6372  49.2287 0.595941 -0.688884  -0.40433 0.0727462  0.00281841  0.00055064 -0.00655594   0.0258927 -0.00788846    0.012488 1 0 0 0
             135.892   3.5836  19.5729 -55.8433  47.5763  49.1933 0.599285   -0.598873   -0.338348 -0.00391333  0.00274744 0.000572025 -0.00651396   0.0258005 -0.00957247   0.0124864 1 0 0 7471
             135.892  3.58577  19.5122 -55.8328  47.5784  49.1889 0.603861 -0.572461 -0.389216  0.047094  0.00274782  0.00058727 -0.00651606   0.0253146 -0.00961677   0.0115782 1 0 0 0
             135.991  4.55584  18.6078 -55.9413  47.5241  49.1516 0.602606  -0.542162  -0.391887 -0.0476877  0.00268116 0.000612679 -0.00652248  0.0252421 -0.0101296   0.011947 1 0 0 7425
             135.991  4.62543  18.5745 -56.0103  47.5428   49.134 0.608033 -0.320438 -0.595027 0.0251867  0.00266074  0.00058687 -0.00649667   0.022083 -0.0114123 0.00982106 1 0 0 0
              136.09  5.67909  18.4259 -55.5196  47.4904  49.0879 0.604646  -0.537688  -0.473574 -0.0833048  0.00266355 0.000578615   -0.006536   0.0257027 -0.00932071   0.0114368 1 0 0 7547
              136.09   5.6091  18.3874 -55.5846  47.4953  49.0718 0.597482 -0.485357 -0.661504 -0.156324  0.00267173 0.000568135 -0.00652068   0.0230055 -0.00865217    0.011442 1 0 0 0
              136.19 5.91712 18.7574 -55.065  47.4214  49.0223 0.582581 -0.770433 -0.512139 -0.142429  0.00264699 0.000679714 -0.00655423   0.0272536 -0.00695925   0.0128681 1 0 0 7588
              136.19  5.89878  18.7703 -55.0598   47.423  49.0233 0.581385 -0.752499 -0.500731 -0.154641  0.00265974 0.000675495  -0.0065539   0.0272124 -0.00720025   0.0130427 1 0 0 0
              136.29  6.38024  20.3681 -52.3102  47.3449  48.9718 0.572113  -0.775943  -0.567768 -0.0415675  0.00269375 0.000637809 -0.00659478   0.0280715 -0.00692229   0.0131437 1 0 0 7877
              136.29  6.33753  20.4018 -52.2919  47.3554  48.9746 0.570471  -0.650873  -0.533355 -0.0552518  0.00275036 0.000615748 -0.00658962   0.0276008 -0.00844121   0.0133244 1 0 0 0
             136.391 6.70744 24.1925 -49.024  47.3024  48.9058 0.574182 -0.521393  -0.72713  0.101591  0.00276009 0.000483687 -0.00660222    0.025377 -0.00932933   0.0122139 1 0 0 8012
             136.391  6.68481  24.1297 -49.0335 47.3068 48.8974 0.57913 -0.467346 -0.824595    0.1588  0.00276595  0.00046171 -0.00659924   0.0243771 -0.00933585   0.0110101 1 0 0 0
              136.49  7.53046  25.2756 -48.8863  47.2606  48.8156 0.593065 -0.474871 -0.750448  0.126583  0.00269639  0.00051191 -0.00656744   0.0235774 -0.00872856   0.0105082 1 0 0 8038
              136.49 7.62614 25.3205 -48.956  47.2639  48.7953 0.597379 -0.432813 -0.996754  0.179213  0.00262039 0.000415427 -0.00655227   0.0214799 -0.00753629  0.00860652 1 0 0 0
              136.59  9.69967  25.1151 -49.3112  47.2061   48.719 0.607527 -0.623369 -0.663131 0.0421733  0.00262733 0.000560311 -0.00651538   0.0239088 -0.00744622   0.0107733 1 0 0 8202
              136.59  9.46952  25.0391 -49.3417   47.197  48.7198 0.598072   -0.73443  -0.650255 -0.0641451  0.00268088 0.000612713  -0.0065277    0.024137 -0.00619511   0.0122525 1 0 0 0
              136.69 10.0496 23.2282  -49.51  47.1169  48.6818 0.585958 -0.831155 -0.312755 -0.166836  0.00271316 0.000684847 -0.00653556  0.0267678 -0.0074409  0.0140752 1 0 0 8419
              136.69   10.119  23.1953 -49.4232  47.1251  48.7009 0.593084  -0.731753 -0.0863472 -0.0867391  0.00275184 0.000718745 -0.00652731  0.0285746 -0.0102091  0.0143338 1 0 0 0
              136.79  9.82158  22.1811 -49.8689  47.0539  48.6841 0.581508  -0.72662  -0.18876 -0.121527  0.00278974 0.000648198 -0.00651545 0.0274553  -0.01007 0.0138754 1 0 0 8381
              136.79  9.82158  22.1811 -49.8689  47.0539  48.6841 0.581508  -0.72662  -0.18876 -0.121527  0.00278974 0.000648198 -0.00651545 0.0274553  -0.01007 0.0138754 1 0 0 0
              136.89  9.19498  21.9547 -50.0368  46.9903  48.6428 0.568796  -0.663642  -0.481226 -0.0946305  0.00278567  0.00054288 -0.00653643 0.0242991 -0.010006 0.0125014 1 0 0 8142
              136.89 9.31134 21.9181 -50.258  47.0082  48.6073 0.574173 -0.452186 -0.908026 -0.014802  0.0026953 0.00041912 -0.0064702    0.019383 -0.00953155  0.00906298 1 0 0 0
              136.99  10.2519  21.1175 -50.8313  46.9309  48.5304 0.577343   -0.8683 -0.743588  0.105037  0.00264431 0.000558814 -0.00653607  0.0230898 -0.0075923  0.0107248 1 0 0 8331
              136.99  10.2083  21.0753 -50.8267 46.9225  48.531 0.57522   -0.9673 -0.736437 0.0777374  0.00263447 0.000593868 -0.00655197   0.0236819 -0.00656193   0.0111851 1 0 0 0
              137.09  11.8482  20.8785 -51.2802  46.8118  48.4785 0.595857  -1.05481 -0.452231  0.224028  0.00263055 0.000674583 -0.00654037   0.0273235 -0.00623058   0.0120985 1 0 0 8273
              137.09  11.6112  20.8149 -51.3439  46.8166   48.478 0.588829  -1.00096 -0.455484  0.150321  0.00270844 0.000683625 -0.00651851   0.0265706 -0.00655797   0.0128695 1 0 0 0
              137.19  8.03962  20.7557 -51.3284  46.7317  48.4519 0.599467 -0.782836 -0.187243 0.0644532  0.00284445 0.000670912  -0.0065451   0.0272834 -0.00819321   0.0136372 1 0 0 8349
              137.19  8.01835  20.7102 -51.2438  46.7478   48.476 0.608134 -0.586281  0.100528  0.163048  0.00294955 0.000716547 -0.00655544   0.029143 -0.0123468  0.0139059 1 0 0 0
              137.29  7.48847  21.1135 -51.1952  46.7014  48.4599 0.614543 -0.448753 -0.249256  0.021048  0.00282886 0.000599992 -0.00653536  0.0255929 -0.0117605  0.0126922 1 0 0 8100
              137.29  7.46383  21.1931 -51.4962  46.7159  48.4095 0.603996  -0.286607  -0.850174 -0.0793392   0.0027438 0.000433242 -0.00641113   0.0183219 -0.00924994    0.010707 1 0 0 0
              137.39  9.14303  23.0143 -52.2789  46.6575  48.3408 0.603497  -0.591757  -0.662403 -0.0233762  0.00267129 0.000548853 -0.00647184   0.0229788 -0.00697962   0.0114269 1 0 0 8324
              137.39  9.09175  22.9712 -52.3182  46.6516  48.3422 0.602452 -0.661964 -0.645728 -0.037979  0.00266946 0.000579939 -0.00646749   0.0235335 -0.00632273   0.0117781 1 0 0 0
              137.49  8.84912  23.6994 -51.8048  46.5772  48.2988 0.599908  -0.721117  -0.381222 -0.0520071  0.00272417 0.000690285 -0.00651996   0.0267174 -0.00622612   0.0131916 1 0 0 8539
              137.49 8.76905 23.7057 -51.691  46.5764  48.3316 0.606307   -0.72195 0.00694896  0.0080888  0.00284097  0.00078716 -0.00655007   0.0306532 -0.00872475   0.0146132 1 0 0 0
              137.59  7.69896  23.6003 -49.2857  46.5235  48.3067 0.599867  -0.521013  -0.321828 -0.0695677 0.00283782 0.00066085 -0.0065456    0.026435 -0.00904374    0.013167 1 0 0 8342
              137.59   7.6912   23.575 -49.3005 46.5245 48.3067  0.5997  -0.509998  -0.321222 -0.0707165  0.00284082 0.000667585 -0.00654104  0.0263607 -0.0091612  0.0131659 1 0 0 0
              137.69  8.43964  23.2233 -48.8371  46.4863   48.243 0.592395   -0.37613  -0.734048 -0.0542731  0.00276718 0.000549318 -0.00649754   0.0223549 -0.00879654   0.0109149 1 0 0 8497
              137.69  8.36941  23.1674 -48.9881  46.4946   48.213 0.595917     -0.2759    -1.09274 -0.00703713   0.0027404 0.000461109 -0.00646799   0.0187123 -0.00738463  0.00827515 1 0 0 0
              137.79  9.28971   24.001 -48.0646  46.4469  48.1238 0.593601 -0.572019 -0.895721 0.0534954   0.0027294 0.000546709 -0.00650397   0.0218023 -0.00704946   0.0109273 1 0 0 8540
              137.79   9.2304  24.0417 -48.0268  46.4327  48.1169 0.590907 -0.739923 -0.976789  0.015585  0.00269377 0.000546227 -0.00653776   0.0220637 -0.00474324   0.0112175 1 0 0 0
              137.89  10.8899  23.5324 -48.6322  46.3467   48.051 0.592282  -0.850372  -0.531081 -0.0156894  0.00268861 0.000763098 -0.00647732   0.0256363 -0.00560325   0.0140705 1 0 0 8907
              137.89  10.7184  23.4344 -48.6059   46.361  48.0684 0.601054 -0.676695 -0.327291 0.0810532  0.00283445 0.000809754 -0.00644522   0.0267117 -0.00892705   0.0138037 1 0 0 0
             137.991  11.2893  22.1422 -47.6623  46.2976  48.0483 0.608647 -0.609292  -0.15825  0.042768  0.00282328 0.000781746 -0.00645774   0.0272141 -0.00970769   0.0139728 1 0 0 8694
             137.991 11.2624 22.1507 -47.759  46.3072  48.0319 0.606554 -0.498014 -0.348978 0.0283412  0.00280181  0.00071777 -0.00641386   0.0246897 -0.00948963   0.0129189 1 0 0 0
              138.09  11.9632  22.1563 -49.3575  46.2535  48.0002 0.600334 -0.557992 -0.315334 -0.114428  0.00277404 0.000737762 -0.00637926   0.0252971 -0.00902361   0.0136149 1 0 0 8666
              138.09  11.9472  22.1541 -49.3995  46.2522  47.9878 0.604868  -0.570614  -0.458634 -0.0647903  0.00274474 0.000709844 -0.00637471   0.0243837 -0.00804853   0.0122948 1 0 0 0
              138.19  13.8876  21.8802 -48.4007  46.1906  47.9467 0.592999 -0.649369 -0.417206 -0.142169    0.002741 0.000716967 -0.00644404  0.0251219 -0.0080717  0.0129983 1 0 0 8828
              138.19  13.8876  21.8802 -48.4007  46.1906  47.9467 0.592999 -0.649369 -0.417206 -0.142169    0.002741 0.000716967 -0.00644404  0.0251219 -0.0080717  0.0129983 1 0 0 0
              138.29  15.4381  22.1397 -47.0434  46.1198  47.8998 0.579069  -0.75772 -0.488271 -0.117616  0.00275392 0.000691398 -0.00644923   0.0248178 -0.00768195   0.0127959 1 0 0 8829
              138.29  15.4614  22.2423 -47.0972  46.1265  47.8837 0.582759  -0.676944   -0.67502 -0.0708079  0.00272949 0.000602161 -0.00642627   0.0228155 -0.00743414   0.0111288 1 0 0 0
              138.39  16.8557  23.0413 -46.2381  46.0481  47.8289 0.576248  -0.819059  -0.516088 -0.0244564  0.00274784 0.000684873 -0.00643746   0.0243814 -0.00722339   0.0124319 1 0 0 9099
              138.39 16.6929 23.0001 -46.233  46.0507   47.834 0.572777   -0.78882  -0.454608 -0.0616817  0.00281631 0.000708862 -0.00643584   0.0244864 -0.00777468    0.013202 1 0 0 0
              138.49  15.6216  22.2311 -45.4003  45.9688  47.7951 0.575875 -0.806074 -0.351908  0.107987   0.0028259 0.000733054 -0.00645004   0.0251297 -0.00778565   0.0132301 1 0 0 8915
              138.49  15.4457  22.0658 -45.4587  45.9745  47.8046 0.583155 -0.733491 -0.239418  0.187557  0.00291048 0.000801698 -0.00643252   0.0259445 -0.00953111   0.0130238 1 0 0 0
              138.59  12.4416  21.0714 -44.8517  45.9113  47.7759 0.604902 -0.573756 -0.246838  0.229424  0.00290066 0.000732013 -0.00644077   0.0246165 -0.00940658   0.0121511 1 0 0 8932
              138.59  12.1057  20.9773 -44.9987  45.9175  47.7535 0.599148 -0.507716 -0.500893  0.175855  0.00294471  0.00069244 -0.00638467   0.0216977 -0.00804322   0.0111685 1 0 0 0
              138.69  7.49228  20.1337 -47.5296  45.8553  47.7161 0.617866 -0.638253 -0.330282  0.154965  0.00289881  0.00069982 -0.00635879   0.0240307 -0.00770472   0.0115322 1 0 0 8548
              138.69  7.48948  20.1173 -47.4756  45.8592    47.73 0.625404 -0.585327 -0.167335   0.23565  0.00294679 0.000727991 -0.00636958   0.0253883 -0.00966372   0.0114093 1 0 0 0
              138.79  7.40361   19.765 -46.8897  45.7884   47.706 0.646151 -0.751371  -0.29271  0.176418  0.00277832 0.000690097 -0.00647344   0.0257259 -0.00788762    0.011224 1 0 0 8148
              138.79  7.45592  19.8674 -47.1156  45.7936   47.667 0.638256 -0.701719 -0.740755 0.0993821  0.00266693 0.000568249  -0.0064106   0.0210226 -0.00483229    0.010002 1 0 0 0
              138.89  9.94078  18.4442 -48.7942  45.7141  47.6265 0.630917 -0.777386 -0.321257 -0.151586     0.00265 0.000773927  -0.0063881   0.0248255 -0.00626929   0.0139917 1 0 0 8278
              138.89  9.84719  18.4097 -48.6819  45.7172  47.6488 0.628646  -0.740339 -0.0593723  -0.181348  0.00274432 0.000828026 -0.00640162  0.0267625 -0.0085547  0.0154684 1 0 0 0
              138.99  9.77126  18.1236 -50.2178  45.6507  47.6414 0.606892   -0.62642 -0.0901827  -0.245183  0.00278041 0.000776832 -0.00638374   0.0264218 -0.00886467   0.0153227 1 0 0 8235
              138.99  9.77126  18.1236 -50.2178  45.6507  47.6414 0.606892   -0.62642 -0.0901827  -0.245183  0.00278041 0.000776832 -0.00638374   0.0264218 -0.00886467   0.0153227 1 0 0 0
              139.09  9.15239   19.587 -50.4779  45.6006  47.6095 0.593785 -0.478394 -0.402531 -0.109353  0.00279598 0.000642315 -0.00639496   0.0239032 -0.00917084   0.0124783 1 0 0 8306
              139.09  9.12814  19.5749 -50.4955  45.6045  47.6089 0.598591  -0.430699  -0.409422 -0.0552727  0.00280665 0.000641533 -0.00638803  0.0237193 -0.0097445  0.0117764 1 0 0 0
              139.19  10.4863  21.0479 -49.4516  45.5575  47.5462 0.602024 -0.493944 -0.700934 0.0719598  0.00276572 0.000629978 -0.00644517   0.0222071 -0.00830333  0.00980124 1 0 0 8384
              139.19  10.4863  21.0479 -49.4516  45.5575  47.5462 0.602024 -0.493944 -0.700934 0.0719598  0.00276572 0.000629978 -0.00644517   0.0222071 -0.00830333  0.00980124 1 0 0 0
              139.29  11.3976  22.4107 -47.9741  45.4996  47.4726 0.610372 -0.615218 -0.756005  0.123517  0.00276636 0.000655792 -0.00646455   0.0222888 -0.00711135   0.0101205 1 0 0 8539
              139.29  11.3963  22.4701 -48.0393  45.5064  47.4711 0.609519 -0.535513 -0.773222  0.118701  0.00276047 0.000641538 -0.00644291   0.0215084 -0.00783681   0.0100082 1 0 0 0
              139.39  11.9147  22.8399 -48.0141  45.4392   47.407 0.616036  -0.69264 -0.580003 0.0678256   0.0027652 0.000685763 -0.00642519   0.0234571 -0.00659007   0.0123158 1 0 0 8717
              139.39  11.8846  22.8276 -48.0318  45.4413  47.4037 0.612896 -0.670102 -0.618713 0.0356944  0.00277358 0.000691246  -0.0064206   0.0227437 -0.00645352   0.0124468 1 0 0 0
              139.49  11.8601  22.6549 -49.0689  45.3673  47.3621 0.609485  -0.751137  -0.338291 -0.0628056   0.0027834 0.000717599 -0.00639942    0.024722 -0.00630767   0.0148086 1 0 0 8483
              139.49  11.7933  22.5929 -49.0965  45.3699  47.3576 0.613007  -0.718139  -0.392483 -0.0211486  0.00280058 0.000739355 -0.00639526   0.0241945 -0.00639125    0.013936 1 0 0 0
              139.59  10.3886    20.12 -50.9034  45.2975  47.3303 0.608143 -0.740926 -0.249979 -0.103231  0.00282136 0.000777099 -0.00636759   0.0252901 -0.00723663   0.0144034 1 0 0 8418
              139.59  10.3173   19.961 -50.8521  45.2995  47.3342 0.616192   -0.71053  -0.204753 -0.0143626  0.00284881 0.000822811 -0.00639059   0.0259818 -0.00815755     0.01357 1 0 0 0
              139.69  11.0444  18.9679 -51.5173  45.2341  47.3085 0.607483 -0.671288 -0.284482 -0.122575   0.0027809 0.000729992 -0.00640823   0.0247294 -0.00896059   0.0136495 1 0 0 8369
              139.69  11.0199  18.9956 -51.5885  45.2344  47.2956 0.604278 -0.669683 -0.435782 -0.154388  0.00278321  0.00072864 -0.00638716  0.0230209 -0.0078292  0.0132078 1 0 0 0
              139.79  11.3245   18.914 -52.3964  45.1706  47.2494 0.591419  -0.641875  -0.459038 -0.0992768   0.0027837 0.000714016 -0.00639814    0.022456 -0.00873776    0.012804 1 0 0 8498
              139.79  11.3251  18.8917 -52.3906  45.1697  47.2613 0.598889  -0.647384   -0.32115 -0.0195534  0.00278261 0.000716537 -0.00639983    0.024285 -0.00982947   0.0125378 1 0 0 0
              139.89   10.509  18.9134 -51.8899  45.1114  47.2236 0.599221 -0.581468 -0.395318 0.0505351  0.00282782 0.000675948 -0.00644562  0.0230498 -0.0101731   0.012178 1 0 0 8342
              139.89  10.4726  18.8721 -52.0193  45.1315  47.2046 0.599616 -0.340528 -0.624138 0.0739361  0.00282417 0.000697899 -0.00640479  0.0191094 -0.0114508  0.0106282 1 0 0 0
              139.99  10.8755  18.8629 -51.9088  45.0705  47.1568 0.616391 -0.651323  -0.45539  0.226425  0.00276783 0.000700865 -0.00643353  0.023314 -0.009297 0.0118575 1 0 0 8449
              139.99  10.8389  18.9122 -51.9371  45.0682  47.1365 0.618984 -0.677888 -0.700233  0.257243  0.00277938 0.000687595 -0.00641951  0.0211572 -0.0074472  0.0102103 1 0 0 0
              140.09  10.3509  19.0286 -51.1971  44.9861   47.097 0.637342  -0.75799 -0.297726  0.117607  0.00280186 0.000689377  -0.0064462   0.0259688 -0.00604388   0.0132318 1 0 0 8339
              140.09  10.1441  19.0232 -51.1449  44.9768  47.1104 0.624128  -0.874787  -0.136872 -0.0353003  0.00287584 0.000686069 -0.00646407   0.0277355 -0.00536106   0.0160216 1 0 0 0
              140.19  8.76658  19.7936 -48.8793  44.9038  47.0911 0.623079   -0.69878  -0.231551 -0.0296722  0.00286624 0.000624458 -0.00646352   0.0264743 -0.00655158   0.0146081 1 0 0 8226
              140.19  8.84782  19.7808 -48.8922 44.9169 47.0978 0.63246 -0.533468 -0.152459  0.078443  0.00283619 0.000634164 -0.00646089    0.026558 -0.00926797   0.0135601 1 0 0 0
              140.29  9.65489  20.6838 -47.7233  44.8807  47.0585 0.636975 -0.313213 -0.434359 0.0245245  0.00280617 0.000608001 -0.00645737   0.0225374 -0.00949512   0.0118868 1 0 0 8278
              140.29  9.68525  20.7227 -47.7884  44.9049  47.0243 0.640693 -0.024137 -0.843417 0.0806104  0.00279676 0.000541863  -0.0064224   0.0165941 -0.00962173  0.00873761 1 0 0 0
             140.391  10.0948  20.2748 -45.9441   44.876  46.9587 0.642303  -0.312222  -0.633502 -0.0474503  0.00278796 0.000695147 -0.00650024   0.0207622 -0.00775152   0.0106176 1 0 0 8288
             140.391  10.0948  20.2748 -45.9441   44.876  46.9587 0.642303  -0.312222  -0.633502 -0.0474503  0.00278796 0.000695147 -0.00650024   0.0207622 -0.00775152   0.0106176 1 0 0 0
              140.49  10.7407  20.2334 -44.7814  44.8219  46.9158 0.625578 -0.598108 -0.435887 -0.214067  0.00277864  0.00068996 -0.00647394    0.02525 -0.0067396  0.0142366 1 0 0 8350
              140.49  10.6984   20.215 -44.7856  44.8249  46.9141 0.622729 -0.564099 -0.454961  -0.24374   0.0027931 0.000695891 -0.00647335   0.0246445 -0.00685866    0.014448 1 0 0 0
              140.59  10.6938  19.6112 -43.7756  44.7607  46.8737 0.601838 -0.671994  -0.42801 -0.180072  0.00281286 0.000719877 -0.00647721   0.0262051 -0.00695699   0.0150539 1 0 0 8599
              140.59  10.6388   19.563 -43.9333 44.7712 46.8601 0.60609 -0.543108 -0.594777 -0.125122  0.00281453 0.000710383  -0.0064334  0.0238978 -0.0070235  0.0133167 1 0 0 0
              140.69 9.89209 18.8463 -44.702  44.7165  46.8022 0.602815 -0.576041  -0.61289 0.0359835  0.00285064 0.000692044 -0.00639112  0.0244065 -0.0080007  0.0131768 1 0 0 8627
              140.69 9.89209 18.8463 -44.702  44.7165  46.8022 0.602815 -0.576041  -0.61289 0.0359835  0.00285064 0.000692044 -0.00639112  0.0244065 -0.0080007  0.0131768 1 0 0 0
              140.79 10.3302 19.5622  -46.12  44.6665  46.7345 0.611992 -0.454155 -0.662087  0.125331  0.00279866  0.00064771 -0.00635858   0.0230799 -0.00875115   0.0129481 1 0 0 8479
              140.79  10.2694  19.6208 -46.2294  44.6643  46.7169 0.620214 -0.477871 -0.874834  0.216821  0.00281109 0.000643738 -0.00632274    0.021788 -0.00696823   0.0107548 1 0 0 0
              140.89  8.91328  18.7104 -46.2549  44.6227  46.6471 0.639242 -0.404789 -0.621446  0.177705    0.002868 0.000714766 -0.00643367   0.0224102 -0.00807519   0.0113354 1 0 0 8365
              140.89   8.9206  18.7777 -46.2308  44.6315  46.6533 0.640265 -0.296983 -0.545754  0.192062  0.00286704 0.000690386 -0.00643653   0.0223058 -0.00982533   0.0114173 1 0 0 0
              140.99  9.30168  18.5795 -47.1709  44.5997  46.6094 0.645715  -0.332214   -0.39565 -0.0126853  0.00280044 0.000686773 -0.00638466  0.0230059 -0.0100302  0.0132253 1 0 0 8322
              140.99   9.2524  18.5395 -47.2309  44.6038  46.6084 0.644815  -0.284801  -0.406497 -0.0200749  0.00280913 0.000703956 -0.00636786  0.0224709 -0.0104165  0.0132031 1 0 0 0
              141.09  10.3432  16.9634 -47.0903  44.5599  46.5691 0.636718 -0.500603 -0.401405 -0.137509  0.00278135 0.000727492  -0.0064397   0.0236459 -0.00889675   0.0136042 1 0 0 8263
              141.09 10.3532  17.057  -47.23  44.5696  46.5452 0.639581  -0.382435  -0.687063 -0.0963944  0.00276345 0.000706669 -0.00639586  0.0201227 -0.0079398  0.0115831 1 0 0 0
              141.19  11.8367  17.1815 -47.8837  44.5031  46.4904 0.626768 -0.745991 -0.548278 -0.157297  0.00274989 0.000730952 -0.00640847   0.0242711 -0.00614395   0.0127612 1 0 0 8277
              141.19   11.735  17.2285 -47.9169  44.5021  46.4773 0.622879 -0.760889 -0.701654 -0.198786  0.00276425 0.000707113 -0.00640306   0.0227372 -0.00466624   0.0125482 1 0 0 0
             141.291 12.4824 16.8641  -48.41  44.4112  46.4203 0.609346  -0.941672  -0.558373 -0.0941838  0.00277082 0.000819661 -0.00643388   0.0253055 -0.00471134   0.0129095 1 0 0 8561
             141.291  12.3983   16.874 -48.3243  44.3972  46.4274 0.604294  -1.10763 -0.476812 -0.155175  0.00278698 0.000858869 -0.00646892   0.0269964 -0.00351906   0.0139946 1 0 0 0
              141.39 12.0248 16.4892 -48.744 44.3146 46.3698 0.59823  -0.78693 -0.599057 0.0360554  0.00280691 0.000863878 -0.00645542   0.0235994 -0.00632544   0.0125348 1 0 0 8545
              141.39  12.1093  16.4719 -48.6913  44.3323  46.3927 0.610187   -0.5626 -0.327125  0.176615  0.00277458 0.000867925 -0.00647348  0.0250482 -0.0112112  0.0121466 1 0 0 0
              141.49  13.4011  15.8137 -47.0519   44.296  46.3352 0.628964 -0.29361 -0.60137 0.246495  0.00274985 0.000823296 -0.00652963  0.0204594 -0.0112803  0.0116593 1 0 0 8541
              141.49   13.255   15.764 -47.2186  44.3067  46.3197 0.618758 -0.174116 -0.778134  0.143254  0.00278498 0.000853561 -0.00648131   0.017361 -0.0108947  0.0120945 1 0 0 0
              141.59 11.1558 16.7897 -46.433  44.2767  46.2474 0.642945 -0.296732 -0.660041   0.21301  0.00285612 0.000803843  -0.0065133   0.0195748 -0.00892847   0.0103994 1 0 0 8531
              141.59  11.1105  16.7847 -46.4208  44.2747  46.2442 0.639813 -0.322596 -0.697645  0.177906  0.00287325 0.000804092 -0.00651675   0.0192892 -0.00824495   0.0106517 1 0 0 0
              141.69  9.66094  17.2327 -46.2016  44.2261  46.1937 0.652884 -0.553787 -0.476685 0.0802571  0.00283063 0.000810863 -0.00648798   0.0227178 -0.00821424   0.0120854 1 0 0 8431
              141.69  9.61305  17.2371 -46.2433  44.2041   46.182 0.650588 -0.821188 -0.615759 0.0438969  0.00284249 0.000806172  -0.0064758    0.023491 -0.00423138   0.0119935 1 0 0 0
              141.79  9.62468  16.2465 -47.5436  44.1286   46.136 0.648392  -0.736287  -0.432966 -0.0644758  0.00277697 0.000841036 -0.00646229   0.0243051 -0.00682078   0.0130877 1 0 0 8413
              141.79  9.63891   16.295 -47.4858  44.1371  46.1492 0.654083   -0.627729   -0.276674 0.000951118  0.00277254 0.000820706 -0.00647753   0.0251477 -0.00938321   0.0128952 1 0 0 0
              141.89 10.4698 16.1884 -47.986 44.0904 46.1142 0.64203 -0.409437 -0.380675  -0.15637  0.00275798 0.000806007 -0.00649932   0.022901 -0.0102477  0.0134231 1 0 0 8271
              141.89   10.458  16.2375 -48.1796 44.1153  46.098  0.6439 -0.111505 -0.566624 -0.120423  0.00273701 0.000808243 -0.00643915  0.0187578 -0.0120077  0.0119273 1 0 0 0
             141.992  10.6311  16.5115 -48.5842  44.0833  46.0434 0.634638  -0.353543  -0.574303 -0.0988992  0.00274957  0.00084098 -0.00651432   0.0218008 -0.00980256   0.0117532 1 0 0 8515
             141.992  10.4767  16.4715 -48.5885  44.0855  46.0277 0.631502 -0.332105 -0.758846 -0.129845  0.00279211 0.000848388 -0.00651473   0.0196863 -0.00851818   0.0112694 1 0 0 0
              142.09  10.3618   16.558 -48.0555   44.027  45.9645 0.626863   -0.643094   -0.650529 -0.00869213   0.0027438 0.000877342 -0.00655544    0.023888 -0.00678476   0.0118562 1 0 0 8252
              142.09  10.0941   16.558 -48.0165  44.0241  45.9561 0.617368 -0.683664  -0.74947  -0.11434  0.00282288 0.000868911 -0.00656842   0.0228414 -0.00533059   0.0127162 1 0 0 0
              142.19  8.92793  16.9057 -47.3092  43.9468   45.888 0.621429 -0.822464 -0.700937  0.129241  0.00278851 0.000853544 -0.00654634    0.024911 -0.00582333   0.0123734 1 0 0 8322
              142.19  8.96188  16.9768 -47.2883  43.9482  45.8917 0.622524  -0.80317 -0.656484  0.141059  0.00277902  0.00083067 -0.00654955   0.0252413 -0.00639947   0.0124229 1 0 0 0
              142.29  8.02707  17.9735 -49.1726  43.8801  45.8245 0.645083 -0.619524  -0.58735  0.230844  0.00275899 0.000832604 -0.00646097   0.0238441 -0.00752132   0.0113517 1 0 0 8428
              142.29  7.84503  17.8386 -49.1684  43.8983  45.8371 0.643364 -0.396569 -0.430971  0.219282  0.00282266 0.000873841 -0.00646913  0.0234715 -0.0109928  0.0119975 1 0 0 0
              142.39  6.87429  16.8568 -48.3473  43.8699  45.7933 0.655652 -0.272529 -0.398087 0.0926102  0.00277591  0.00085931 -0.00656827  0.0209859 -0.0112434  0.0123827 1 0 0 8061
              142.39   6.9601  17.0169 -48.6049  43.8698  45.7692 0.667125 -0.270618 -0.686967  0.219764  0.00270118 0.000792192  -0.0064912   0.0186882 -0.00928975  0.00949998 1 0 0 0
              142.49  7.16296   16.033 -49.7621  43.8301  45.7141 0.677047 -0.441295 -0.506366 0.0353531  0.00267923 0.000913562 -0.00653375   0.0204816 -0.00870894   0.0110122 1 0 0 8233
              142.49   7.1547  16.0783 -49.7449  43.8299  45.7086 0.676592 -0.443886 -0.570365 0.0299729  0.00267314 0.000886521  -0.0065393    0.019908 -0.00822342   0.0108393 1 0 0 0
              142.59 8.47718 14.6787 -49.567  43.7643  45.6688 0.670452 -0.713429 -0.365268 -0.135767  0.00264809  0.00089383 -0.00655595    0.023369 -0.00712683   0.0126349 1 0 0 8374
              142.59  8.33011  14.7931 -49.6594  43.7512  45.6667 0.654681  -0.87865 -0.390882 -0.318443  0.00270002 0.000856574 -0.00651814   0.0237296 -0.00472366   0.0150417 1 0 0 0
              142.69  9.79199  14.3348 -49.7823   43.662  45.6295 0.629631 -0.936055 -0.380869 -0.239227  0.00269364 0.000864819 -0.00652835    0.023979 -0.00574275   0.0139175 1 0 0 8328
              142.69  9.74934  14.2849 -49.8225  43.6663  45.6292 0.632853 -0.882913 -0.383642 -0.201427  0.00270362 0.000883447 -0.00651872   0.0236564 -0.00637126   0.0133974 1 0 0 0
              142.79  10.8979  14.1423 -50.6129  43.5882  45.5856 0.624206  -0.755037  -0.433323 -0.0414156  0.00270003   0.0008576 -0.00652158   0.0221398 -0.00784801    0.011705 1 0 0 8432
              142.79   10.905  14.1368 -50.6282  43.5912  45.5884 0.625675  -0.718017  -0.400681 -0.0239456  0.00269511 0.000859533 -0.00651724   0.0222421 -0.00853626   0.0116183 1 0 0 0
              142.89 10.8498 13.9429 -50.636  43.5309  45.5426 0.630378 -0.598557 -0.472423  0.117647  0.00272355 0.000843695 -0.00654313    0.020491 -0.00992461   0.0109704 1 0 0 8260
              142.89  10.8133  13.9183 -50.6641  43.5328  45.5433 0.631054 -0.575223 -0.463965  0.125987  0.00273301 0.000853006 -0.00653585 0.0204247 -0.010257  0.010906 1 0 0 0
              142.99  11.3494  14.6198 -49.9307   43.477  45.4956 0.650079 -0.524844 -0.476642  0.242553  0.00270319 0.000830383 -0.00654331  0.0202811 -0.0103605  0.0109642 1 0 0 8238
              142.99  11.2967  14.6998 -50.0597  43.4815  45.4771 0.639928 -0.478957 -0.693033  0.133931  0.00271328 0.000813733 -0.00649675   0.0173658 -0.00898556   0.0114557 1 0 0 0
              143.09  8.60432  15.7579 -50.1712  43.422 45.4316 0.65699 -0.568049 -0.372893  0.123152  0.00278253 0.000829752 -0.00653483   0.0213386 -0.00828073   0.0115686 1 0 0 8167
              143.09  8.56699  15.7299 -50.1108   43.423  45.4283 0.658526 -0.555895 -0.411424  0.141107  0.00279964 0.000836081 -0.00655353   0.0209093 -0.00818144   0.0111672 1 0 0 0
              143.19  7.58085  16.6828 -49.3408   43.353  45.4046 0.669431  -0.74287 -0.226356 0.0648111   0.0027299 0.000818344 -0.00657423   0.0244367 -0.00780649   0.0122968 1 0 0 8063
              143.19  7.55574  16.7233 -49.5103  43.3611  45.3791 0.665136 -0.649217 -0.533428 0.0266756   0.0027246 0.000814198 -0.00650523   0.0204247 -0.00642315   0.0114108 1 0 0 0
              143.29  7.80104  17.0377 -50.5439  43.2808   45.353 0.667787  -0.836368  -0.205713 0.00400379  0.00268928 0.000890268  -0.0065083   0.0249436 -0.00718808   0.0126395 1 0 0 8002
              143.29  7.79266  17.0373 -50.4593  43.2783  45.3575 0.667322   -0.865502   -0.153096 -0.00270503  0.00270028 0.000894509 -0.00653263   0.0256728 -0.00726396   0.0129776 1 0 0 0
              143.39  8.01548  16.4031 -51.0404  43.1986  45.3432 0.661223  -0.771287  -0.140812 -0.0866096  0.00271568 0.000897403 -0.00652594   0.0251491 -0.00796537   0.0132925 1 0 0 8077
              143.39  8.01548  16.4031 -51.0404  43.1986  45.3432 0.661223  -0.771287  -0.140812 -0.0866096  0.00271568 0.000897403 -0.00652594   0.0251491 -0.00796537   0.0132925 1 0 0 0
              143.49  7.93143  15.9447 -51.8181  43.1404  45.3111 0.649981 -0.539846 -0.379659 -0.128365  0.00271049 0.000900325 -0.00652519   0.0216716 -0.00901822   0.0121007 1 0 0 7955
              143.49  7.93143  15.9447 -51.8181  43.1404  45.3111 0.649981 -0.539846 -0.379659 -0.128365  0.00271049 0.000900325 -0.00652519   0.0216716 -0.00901822   0.0121007 1 0 0 0
              143.59 7.84361 15.4501 -51.764  43.097 45.2567 0.63912   -0.44998  -0.624179 -0.0413094  0.00271048 0.000912647  -0.0065422   0.0190587 -0.00969722   0.0113177 1 0 0 8019
              143.59 7.84361 15.4501 -51.764  43.097 45.2567 0.63912   -0.44998  -0.624179 -0.0413094  0.00271048 0.000912647  -0.0065422   0.0190587 -0.00969722   0.0113177 1 0 0 0
              143.69  6.49903  15.5184 -52.6698   43.045  45.1903 0.645899 -0.551955 -0.656605  0.144591  0.00274141 0.000907323 -0.00654402   0.0192665 -0.00891612   0.0107702 1 0 0 7914
              143.69  6.50814  15.5555 -52.6637  43.0433  45.1884 0.645194 -0.573502  -0.67928  0.136057  0.00273939 0.000895294 -0.00654427   0.0191606 -0.00850342   0.0107984 1 0 0 0
              143.79  4.51134  16.4523 -54.1471  42.9671  45.1284 0.668883 -0.791203 -0.562683  0.233121  0.00275031 0.000890995 -0.00651707   0.0215828 -0.00724187   0.0104189 1 0 0 7726
              143.79  4.51134  16.4523 -54.1471  42.9671  45.1284 0.668883 -0.791203 -0.562683  0.233121  0.00275031 0.000890995 -0.00651707   0.0215828 -0.00724187   0.0104189 1 0 0 0
              143.89  4.31355  15.8551 -56.3359  42.8844  45.0909 0.686039 -0.824805 -0.291357  0.144074  0.00270807 0.000935661  -0.0065152   0.0231458 -0.00729696   0.0115219 1 0 0 7754
              143.89  4.30899   15.795 -56.2865  42.8922  45.0671 0.681388 -0.740934 -0.572065 0.0992215  0.00269613  0.00092471 -0.00652507   0.0193473 -0.00626165   0.0109479 1 0 0 0
              143.99  5.31584  14.5565 -58.4297  42.8083  45.0393 0.683257   -0.83529   -0.20826 -0.0463895  0.00268474  0.00101541 -0.00650979   0.0231013 -0.00657692   0.0124886 1 0 0 7570
              143.99  5.14581  14.4813 -58.4636  42.8057  45.0414 0.678576  -0.866592  -0.184241 -0.0978861 0.00273661 0.00105008 -0.0065031   0.0233365 -0.00631787   0.0131995 1 0 0 0
              144.09  6.36352  13.1067 -58.5049  42.7217  45.0317 0.662935  -0.846055 -0.0755469   -0.20228  0.00269842  0.00102862 -0.00656509   0.0239778 -0.00725442   0.0135159 1 0 0 7688
              144.09   6.3586  13.1423 -58.4657  42.7231  45.0301 0.663725  -0.829777 -0.0946288   -0.19267  0.00270237  0.00101687 -0.00657675   0.0236897 -0.00735204   0.0133127 1 0 0 0
              144.19  7.51178  13.2836 -58.6812  42.6489  45.0139 0.644081 -0.760754 -0.167207 -0.175832 0.00270879 0.00097742 -0.0065614   0.0219097 -0.00869874   0.0129087 1 0 0 7738
              144.19  7.51178  13.2836 -58.6812  42.6489  45.0139 0.644081 -0.760754 -0.167207 -0.175832 0.00270879 0.00097742 -0.0065614   0.0219097 -0.00869874   0.0129087 1 0 0 0
              144.29  8.17516  13.2714 -57.9764  42.5765  44.9884 0.635489  -0.751437  -0.258879 -0.0457087  0.00273302 0.000964352 -0.00658358  0.0201962 -0.0093374  0.0115501 1 0 0 7908
              144.29  8.17516  13.2714 -57.9764  42.5765  44.9884 0.635489  -0.751437  -0.258879 -0.0457087  0.00273302 0.000964352 -0.00658358  0.0201962 -0.0093374  0.0115501 1 0 0 0
              144.39  8.51093  12.8422 -57.6926  42.4989  44.9599 0.641295  -0.81745 -0.276668  0.126439  0.00273087 0.000991649 -0.00658674   0.0196108 -0.00942702   0.0103966 1 0 0 7849
              144.39  8.49818  12.7348 -57.7935  42.5067  44.9472 0.639103 -0.728923 -0.424148  0.107038  0.00272954  0.00102891 -0.00656065   0.0173071 -0.00958544   0.0101409 1 0 0 0
              144.49  8.85794  12.4232 -57.6165  42.4139  44.9203 0.665919 -0.920261 -0.225045  0.326083  0.00272075  0.00101089 -0.00657129   0.0207334 -0.00813517  0.00956865 1 0 0 8057
              144.49  8.80685   12.372 -57.6544  42.4227  44.8993 0.659798 -0.823484 -0.466482  0.260229  0.00273696  0.00103012 -0.00656207    0.017179 -0.00771702  0.00960136 1 0 0 0
              144.59  6.35561  11.9157 -57.7926  42.3286  44.8968 0.681852 -0.898781 0.0684912  0.162449  0.00280576  0.00102288 -0.00658165   0.0237041 -0.00760053   0.0113163 1 0 0 7957
              144.59  6.17231  11.8402 -57.7957  42.3305  44.8942 0.675161 -0.879248 0.0410683 0.0862959  0.00286547  0.00104767 -0.00658238   0.0230405 -0.00747554   0.0122205 1 0 0 0
              144.69  5.46589  11.5566 -57.7341  42.234 44.9101 0.68649 -0.981463  0.157393 0.0927414  0.00278501  0.00100274 -0.00659286   0.0259364 -0.00709206   0.0118993 1 0 0 7755
              144.69  5.43333  11.6848 -57.8255    42.24  44.9048 0.676698  -0.912492  0.0949194 -0.0114613  0.00279071 0.000964008 -0.00655619   0.0245099 -0.00735229   0.0130835 1 0 0 0
              144.79  5.18519  12.4417 -59.9129  42.1559  44.9149 0.676929   -0.80949   0.145639 -0.0153295  0.00276898 0.000924146 -0.00654435   0.0241387 -0.00837751   0.0126342 1 0 0 7647
              144.79  5.18626  12.2828 -59.9406  42.1659  44.9126 0.684587  -0.68661  0.122701 0.0717551  0.00277741 0.000960409 -0.00653696   0.0233238 -0.00982333   0.0113961 1 0 0 0
              144.89  4.48814  10.2366 -60.6149  42.1011  44.9122 0.691717  -0.641304 -0.0311956  0.0280025  0.00275903 0.000963566 -0.00657658   0.0216169 -0.00946329   0.0103172 1 0 0 7878
              144.89  4.49446   10.193 -60.8224  42.1184  44.8733 0.687612   -0.451112    -0.46572 -0.00735982   0.0027179 0.000866381 -0.00648906   0.0158313 -0.00929382  0.00953186 1 0 0 0
              144.99  5.32772  8.66618 -62.5205   42.045  44.8504 0.686034  -0.803097  -0.218294 -0.0575207  0.00268304 0.000880068 -0.00652351   0.0209958 -0.00724681   0.0100553 1 0 0 7680
              144.99  5.26686  8.65854 -62.5106  42.0461  44.8459 0.685052  -0.791881  -0.267903 -0.0671051  0.00270328 0.000882828   -0.006527   0.0203054 -0.00709339    0.010049 1 0 0 0
              145.09  7.88346  6.04737 -63.7549  41.9449  44.8464 0.674327    -1.0656  0.0298926 -0.0971398  0.00264111 0.000907045 -0.00651853   0.0253003 -0.00620481   0.0116576 1 0 0 7821
              145.09  7.86882  6.10132 -63.7606  41.9537  44.8474 0.673729 -0.965089 0.0427413 -0.100011  0.00264379 0.000888161 -0.00651359    0.024928 -0.00751904   0.0117973 1 0 0 0
              145.19  8.50181  3.49439 -63.4409  41.8556  44.8614 0.653787 -0.983551  0.140456 -0.147618  0.00272742 0.000866905 -0.00657122   0.0264665 -0.00746832    0.014229 1 0 0 8223
              145.19  8.36545  3.56565 -63.5706  41.8709  44.8479 0.634668  -0.810781 -0.0139034   -0.34681  0.00276685 0.000847569 -0.00652926   0.0234717 -0.00848295   0.0168694 1 0 0 0
              145.29  7.66225  4.83592 -61.8086  41.7737  44.8322 0.638132 -0.971733 -0.210442  0.101683  0.00278726 0.000734889 -0.00659665   0.0228557 -0.00655997   0.0121247 1 0 0 8157
              145.29  7.64537  4.84828 -61.8786  41.7918  44.8188 0.630186 -0.763158 -0.357846 0.0252202  0.00279875  0.00073088 -0.00657208    0.019949 -0.00823503    0.013339 1 0 0 0
              145.39   6.4141  7.25176 -61.6263  41.7038  44.7895 0.656182 -0.871126 -0.254005  0.248785  0.00282845 0.000680927 -0.00651644   0.0212447 -0.00656848  0.00941368 1 0 0 8111
              145.39   6.4141  7.25176 -61.6263  41.7038  44.7895 0.656182 -0.871126 -0.254005  0.248785  0.00282845 0.000680927 -0.00651644   0.0212447 -0.00656848  0.00941368 1 0 0 0
              145.49  6.94916  7.23243 -62.3312  41.6166  44.7696 0.681388 -0.861727 -0.171693  0.179358  0.00276249 0.000758284 -0.00651373    0.022025 -0.00679367  0.00867376 1 0 0 8179
              145.49  6.89217  7.30139 -62.3265  41.6182  44.7693 0.682562 -0.841728 -0.175743  0.192787  0.00278055 0.000736282 -0.00651278   0.0218901 -0.00704024  0.00850426 1 0 0 0
              145.59  8.09545    6.956 -61.6437  41.5382  44.7539 0.689181 -0.828842 -0.172025 0.0186332   0.0027326 0.000774035 -0.00657167  0.0217989 -0.0081193 0.00958665 1 0 0 8141
              145.59  8.09267  6.96745 -61.6359  41.5441  44.7559 0.685602  -0.759856  -0.148868 -0.0175198  0.00273304 0.000769704 -0.00657408   0.0216586 -0.00903823   0.0102016 1 0 0 0
              145.69  9.42958  8.31611 -61.6193 41.4666   44.74 0.66626  -0.81673 -0.162673 -0.206158   0.0027191 0.000739477 -0.00655079   0.0215569 -0.00906054    0.012492 1 0 0 8469
              145.69  9.43447  8.38228 -61.6652  41.4724  44.7333 0.666509   -0.7493 -0.237905 -0.199986  0.00271988 0.000711469 -0.00653581   0.0202779 -0.00951746   0.0123319 1 0 0 0
              145.79  9.76231  9.81927 -60.9669 41.3855 44.7116 0.64412 -0.879251  -0.20979 -0.152087  0.00272884 0.000742218  -0.0065844   0.0208528 -0.00822326   0.0133315 1 0 0 8644
              145.79  9.66766  9.83931 -61.0835   41.397  44.6949 0.636516 -0.755745 -0.395041   -0.2244  0.00275836 0.000683091 -0.00654293   0.0180944 -0.00856964   0.0139389 1 0 0 0
              145.89  9.75789  10.9061 -58.9342  41.2948  44.6695 0.641603  -1.05063 -0.275776  0.180693  0.00273843 0.000701367 -0.00660586   0.0219773 -0.00596734   0.0122156 1 0 0 8716
              145.89  9.77235  10.8691 -58.9577 41.3023 44.6685 0.64655 -0.961001  -0.28671  0.237294  0.00273178 0.000717079 -0.00660282   0.0214723 -0.00714378   0.0115491 1 0 0 0
              145.99  8.66942   12.058 -59.4189  41.2082  44.6563 0.668618   -0.85359 -0.0789515     0.1169  0.00276449 0.000690457 -0.00654843   0.0240099 -0.00730105   0.0120557 1 0 0 8705
              145.99  8.50088  11.9861 -59.5284  41.2236  44.6555 0.663721  -0.680325 -0.0825931   0.073897  0.00281496 0.000722352 -0.00652116   0.0228308 -0.00922825    0.012793 1 0 0 0
              146.09  7.37614  13.4151 -57.5634  41.1422  44.6418 0.680386 -0.831871 -0.204315  0.125362  0.00275289 0.000683637 -0.00664055   0.0236984 -0.00734623   0.0103066 1 0 0 8471
              146.09  7.31957  13.3876 -57.5936  41.1544  44.6387 0.677395 -0.692134 -0.236901  0.101439  0.00276813 0.000697301 -0.00663267   0.0223904 -0.00880925   0.0106009 1 0 0 0
              146.19  8.78679   13.489 -57.8987  41.0795  44.6094 0.685195 -0.745932 -0.315622 0.0573707  0.00265677 0.000714747 -0.00658153   0.0224239 -0.00771496   0.0104088 1 0 0 8567
              146.19  8.78939  13.4871 -57.9118  41.0843  44.6156 0.687142 -0.689033 -0.245636 0.0791614    0.002655 0.000717112 -0.00657955   0.0229482 -0.00885055   0.0103897 1 0 0 0
              146.29  8.08522  12.1879 -55.2769  41.0129  44.5716 0.681184 -0.729957 -0.527275 -0.123798  0.00270689 0.000744424 -0.00667579   0.0212487 -0.00706765   0.0109455 1 0 0 8506
              146.29  8.04822  12.1755 -55.3579  41.0178  44.5708 0.678344 -0.674976 -0.535034 -0.150593  0.00271761 0.000748275 -0.00665248   0.0207271 -0.00761983   0.0112864 1 0 0 0
              146.39 8.20594  12.442 -53.748  40.9427  44.5034 0.655408 -0.783956 -0.740917 -0.213073  0.00266885 0.000679416 -0.00665118   0.0200935 -0.00617481   0.0115107 1 0 0 8375
              146.39  8.21874  12.4395 -53.9787 40.9617 44.4745 0.65522 -0.577393  -1.05633 -0.200709   0.0026611 0.000605522 -0.00656883   0.0155955 -0.00652286   0.0103997 1 0 0 0
              146.49  9.28167  12.6442 -55.1072   40.874  44.3972 0.643134  -0.955592  -0.762172 0.00159002  0.00264627 0.000619045 -0.00652344   0.0216507 -0.00532688   0.0122631 1 0 0 8607
              146.49  9.2574 12.5875 -55.048  40.8806  44.3991 0.648584 -0.876024 -0.739449 0.0621505  0.00265604 0.000635238  -0.0065464  0.0214992 -0.0065098  0.0115695 1 0 0 0
              146.59  8.85175  12.2419 -55.2919  40.7818  44.3505 0.658236 -0.949643 -0.409467  0.107606  0.00270509 0.000678702 -0.00655829   0.0252126 -0.00673512   0.0136993 1 0 0 8544
              146.59  8.82663  12.2362 -55.3117  40.7891  44.3521 0.657158 -0.864697 -0.388493 0.0997097  0.00272264 0.000675914 -0.00654955   0.0248392 -0.00779821   0.0139242 1 0 0 0
              146.69  7.09639  11.9375 -56.0435  40.7051  44.3195 0.670919 -0.817346 -0.265009 0.0963558  0.00274797 0.000647347 -0.00656306   0.0248436 -0.00751456   0.0127216 1 0 0 8547
              146.69   7.1944  11.9334 -56.0477  40.7122   44.318 0.670833 -0.735974 -0.280098 0.0994564   0.0027301 0.000634546 -0.00655148    0.024198 -0.00828387   0.0126736 1 0 0 0
              146.79   7.3901    11.02 -57.2265  40.6511  44.2813 0.678429 -0.591779 -0.360916  0.022535  0.00270236 0.000645821 -0.00654345   0.0221095 -0.00916871   0.0114196 1 0 0 8475
              146.79   7.3901    11.02 -57.2265  40.6511  44.2813 0.678429 -0.591779 -0.360916  0.022535  0.00270236 0.000645821 -0.00654345   0.0221095 -0.00916871   0.0114196 1 0 0 0
              146.89  8.53343   9.9262 -56.5852  40.5945  44.2355 0.675696  -0.577003  -0.474017 -0.0647341  0.00268471 0.000646393 -0.00660114   0.0203433 -0.00896249   0.0110868 1 0 0 8551
              146.89   8.5302  9.87517 -56.7167  40.6151  44.2168 0.674415  -0.342369  -0.684304 -0.0610761   0.0026764  0.00067475 -0.00656412  0.0163541 -0.0104355  0.0104899 1 0 0 0
             147.006  8.92537  9.72365 -55.9326  40.5361  44.1577 0.668421  -0.805898  -0.490129 -0.0551726  0.00269663 0.000657512 -0.00659676   0.0208631 -0.00780971    0.010512 1 0 0 9304
             147.006  8.83773  9.69752 -56.0176  40.5433  44.1539 0.660676 -0.736048 -0.527128 -0.124474   0.0027205 0.000670319 -0.00657206   0.0198183 -0.00823535   0.0113798 1 0 0 0
              147.09 9.62377 10.0561 -56.235  40.4536  44.1309 0.653656   -1.13974  -0.261354 -0.0731961  0.00266009 0.000677431 -0.00655741   0.0248513 -0.00626919   0.0118627 1 0 0 8453
              147.09 9.62377 10.0561 -56.235  40.4536  44.1309 0.653656   -1.13974  -0.261354 -0.0731961  0.00266009 0.000677431 -0.00655741   0.0248513 -0.00626919   0.0118627 1 0 0 0
              147.19  10.5533  9.31843 -56.6226  40.3365  44.1071 0.654463  -1.18666 -0.231686  0.101938  0.00266168 0.000694989 -0.00656987   0.0249696 -0.00643419   0.0117963 1 0 0 8327
              147.19  10.5533  9.31843 -56.6226  40.3365  44.1071 0.654463  -1.18666 -0.231686  0.101938  0.00266168 0.000694989 -0.00656987   0.0249696 -0.00643419   0.0117963 1 0 0 0
              147.29  10.1237    9.235 -57.4837  40.2436  44.0689 0.671723 -0.782953 -0.370133  0.196341  0.00271452 0.000642639  -0.0065234  0.0215149 -0.0077592   0.011143 1 0 0 8965
              147.29  10.1044  9.25521 -57.5574  40.2596  44.0705 0.668127  -0.59616 -0.348557  0.167505  0.00273648  0.00063107 -0.00649493    0.020485 -0.00995346   0.0118378 1 0 0 0
              147.39  6.53703  9.11189 -56.3449  40.2093  44.0312 0.686037 -0.447586 -0.384801  0.145624  0.00281971 0.000623566 -0.00658668   0.0195157 -0.00958808   0.0112216 1 0 0 8622
              147.39 6.47205 9.11731 -56.348  40.2174  44.0297 0.682938 -0.357486 -0.399475  0.116888  0.00285907 0.000608013 -0.00657463  0.0187793 -0.0103867  0.0116312 1 0 0 0
              147.49  5.32993  9.74581 -54.2158  40.1665  43.9926 0.687531  -0.560688  -0.405164 -0.0124586  0.00277731 0.000576949 -0.00658752   0.0205386 -0.00900709   0.0121598 1 0 0 8099
              147.49  5.30284  9.61643 -54.4273  40.1795  43.9631 0.689041 -0.406538 -0.741416 0.0156616  0.00278141 0.000591838 -0.00651987   0.0156396 -0.00867054   0.0109233 1 0 0 0
              147.59  6.53889    9.872 -54.6757   40.103  43.9282 0.691608   -0.78632  -0.285061 -0.0371944  0.00265852 0.000789192 -0.00655388   0.0225935 -0.00691552   0.0113309 1 0 0 8329
              147.59  6.39467  9.73582 -54.6899   40.106  43.9221 0.689505  -0.754407  -0.351449 -0.0568239  0.00269684  0.00080491 -0.00655319     0.02166 -0.00679046    0.011421 1 0 0 0
              147.69  7.44439  9.23307 -53.7364  40.0189  43.9089 0.682413  -0.859982  -0.139275 -0.0882284   0.0026801 0.000826666 -0.00656661   0.0253204 -0.00692145     0.01227 1 0 0 8380
              147.69  7.44497  9.24069 -53.7368   40.028  43.9067 0.682235  -0.758981  -0.163471 -0.0850024  0.00269384 0.000807583 -0.00656065   0.0244239 -0.00783576   0.0121902 1 0 0 0
              147.79  6.57013  9.08099 -52.3032  39.9616  43.8871 0.673155  -0.661856  -0.236998 -0.0682371  0.00274306 0.000810947 -0.00660634   0.0236504 -0.00896582   0.0122575 1 0 0 8290
              147.79  6.42882  9.00206 -52.3638  39.9672  43.8794 0.669374 -0.598807 -0.323169 -0.103423  0.00278784 0.000843103 -0.00659042   0.0221521 -0.00898923   0.0125055 1 0 0 0
              147.89  6.03003  9.40723 -52.4698  39.9099  43.8323 0.670324 -0.583077 -0.498585 0.0574343  0.00274365 0.000789582 -0.00653999   0.0205823 -0.00860919   0.0109553 1 0 0 8210
              147.89 6.06794 9.44163 -52.474  39.9164  43.8318 0.669171 -0.506121 -0.502238  0.049344  0.00274068 0.000774586 -0.00653623   0.0199534 -0.00941417   0.0110821 1 0 0 0
              147.99  5.28124  10.1246 -51.8062  39.8622  43.7785 0.680848 -0.541609 -0.536539  0.169081  0.00275628 0.000738311 -0.00656647   0.0197964 -0.00924579   0.0111648 1 0 0 8057
              147.99  5.26222  10.0558 -51.8481  39.8794  43.7541 0.684941 -0.345354 -0.807318  0.224249  0.00275941 0.000663546 -0.00654384   0.0159129 -0.00943909  0.00988948 1 0 0 0
              148.09  3.87755  9.88484 -51.9777  39.8193  43.7087 0.706607 -0.636495  -0.34998  0.161272  0.00275163 0.000730596 -0.00658661   0.0219168 -0.00817232   0.0107776 1 0 0 7806
              148.09  3.85822  9.91529 -51.9713  39.8157  43.7121 0.703368 -0.680787 -0.311514  0.124948  0.00275841 0.000724665 -0.00658999   0.0225903 -0.00791857   0.0113712 1 0 0 0
              148.19   4.5512  9.20555 -51.7322  39.7417  43.6967 0.703964  -0.760337  -0.116259 -0.0267197  0.00270486 0.000769202 -0.00657355   0.0242795 -0.00826007   0.0130005 1 0 0 7807
              148.19  4.51002  9.12719 -51.8984 39.7568 43.6727 0.70413   -0.59479  -0.388631 -0.0138394   0.0026977 0.000706171 -0.00651076   0.0203616 -0.00803057   0.0121926 1 0 0 0
              148.29  5.02636  7.56193 -52.4232  39.6775  43.6541 0.700991  -0.837209  -0.138826 -0.0839633  0.00269222 0.000803122 -0.00656213    0.023778 -0.00746324   0.0125697 1 0 0 8109
              148.29  5.00769   7.5813 -52.4554  39.6819  43.6514 0.697799 -0.789321  -0.16856 -0.114144  0.00270196 0.000783298 -0.00654967  0.0230689 -0.0077129  0.0128809 1 0 0 0
              148.39 6.09672 7.25217 -53.235  39.5983  43.6366 0.679433 -0.886247  -0.15122 -0.219648   0.0026945 0.000742453 -0.00652281   0.0234596 -0.00786513   0.0132443 1 0 0 8081
              148.39   6.0813   7.2416 -53.2172  39.6017   43.634 0.679555 -0.846501 -0.180646  -0.21647  0.00270352 0.000731386 -0.00652751    0.022876 -0.00807586    0.013157 1 0 0 0
              148.49  7.54674  7.10105 -53.6708  39.5161  43.6069 0.664882 -0.900415 -0.283761 -0.110776  0.00268926 0.000690971  -0.0065369   0.0215392 -0.00790767   0.0121462 1 0 0 8281
              148.49  7.54899  7.05511 -53.7682  39.5363  43.5924 0.670061  -0.672549  -0.440535 -0.0451183   0.0027125 0.000626805 -0.00650891   0.0184091 -0.00930526   0.0111351 1 0 0 0
              148.59  8.46632  7.60794 -55.0346  39.4506  43.5604 0.674998 -0.885111 -0.287526 0.0997742  0.00268585 0.000687168 -0.00652394   0.0210211 -0.00819841   0.0107034 1 0 0 8511
              148.59  8.46632  7.60794 -55.0346  39.4506  43.5604 0.674998 -0.885111 -0.287526 0.0997742  0.00268585 0.000687168 -0.00652394   0.0210211 -0.00819841   0.0107034 1 0 0 0
              148.69 8.90907 7.19775 -54.617  39.3529    43.54 0.686907 -0.969738 -0.188721  0.189334  0.00268986 0.000750167 -0.00658355   0.0225146 -0.00749601   0.0119564 1 0 0 8538
              148.69 8.90907 7.19775 -54.617  39.3529    43.54 0.686907 -0.969738 -0.188721  0.189334  0.00268986 0.000750167 -0.00658355   0.0225146 -0.00749601   0.0119564 1 0 0 0
              148.79  6.91998  8.68611 -54.5959  39.2703  43.5181 0.698965 -0.755774 -0.200127 0.0752133   0.0027748 0.000672428  -0.0065616   0.0214542 -0.00778178   0.0122895 1 0 0 8418
              148.79  6.91998  8.68611 -54.5959  39.2703  43.5181 0.698965 -0.755774 -0.200127 0.0752133   0.0027748 0.000672428  -0.0065616   0.0214542 -0.00778178   0.0122895 1 0 0 0
              148.89  6.47865  9.36211 -55.0782  39.2088   43.495 0.702118  -0.580156  -0.232771 0.00529111   0.0027443 0.000657175 -0.00656417   0.0202026 -0.00900757   0.0124624 1 0 0 8482
              148.89 6.49655 9.34583  -55.05  39.2089  43.4932 0.700902   -0.579891   -0.252833 -0.00678347  0.00273757 0.000656613 -0.00657161  0.0199647 -0.0088567  0.0125671 1 0 0 0
              148.99  5.97097  9.58071 -55.0213  39.1518  43.4637 0.694551  -0.586728  -0.317187 -0.0942284    0.002748 0.000668096 -0.00657275   0.0194704 -0.00877597   0.0126663 1 0 0 8308
              148.99 5.97121 9.57233 -55.021  39.1508  43.4624 0.691631 -0.600884  -0.33175 -0.124329  0.00274228 0.000669174 -0.00657346   0.0193504 -0.00848309   0.0130061 1 0 0 0
              149.09  6.79321  9.55228 -55.0582  39.0848  43.4302 0.680516 -0.671664 -0.343847 -0.146887  0.00269567 0.000695837  -0.0065819   0.0201192 -0.00810665   0.0124164 1 0 0 8304
              149.09   6.8152  9.49232 -55.1313  39.0961  43.4269 0.688216  -0.536259  -0.380972 -0.0599283  0.00271527 0.000684126 -0.00655719   0.0189914 -0.00946987   0.0112511 1 0 0 0
             149.191  7.67348  9.67359 -54.8906  39.0223  43.3945 0.684564  -0.76176 -0.341904 -0.066683  0.00268216 0.000711544 -0.00659435   0.0215435 -0.00770959   0.0108469 1 0 0 8597
             149.191  7.67348  9.67359 -54.8906  39.0223  43.3945 0.684564  -0.76176 -0.341904 -0.066683  0.00268216 0.000711544 -0.00659435   0.0215435 -0.00770959   0.0108469 1 0 0 0
              149.29  7.72368  9.80712 -54.4355  38.9388  43.3585 0.675489   -0.87352  -0.398178 -0.0472493  0.00269296 0.000714287 -0.00659699   0.0222391 -0.00692651   0.0116057 1 0 0 8527
              149.29  7.70799  9.75382 -54.5599 38.9489 43.3493 0.67284  -0.755752  -0.501806 -0.0668023  0.00269708  0.00071442 -0.00656267   0.0202031 -0.00754466   0.0116182 1 0 0 0
              149.39  6.30024  9.75211 -54.0576  38.8631  43.3052 0.671297 -0.904032 -0.443003 0.0693879  0.00272997 0.000726442  -0.0066162    0.021619 -0.00701651   0.0121136 1 0 0 8525
              149.39  6.31396   9.6798 -54.1015  38.8818   43.299 0.673491 -0.690812 -0.508924  0.100785  0.00276574 0.000702043 -0.00659486   0.0196499 -0.00883517   0.0116761 1 0 0 0
              149.49  6.11621  11.0693 -53.9302  38.7946  43.2534 0.693095 -0.859831 -0.417279  0.168732  0.00272696 0.000685577 -0.00660441    0.021905 -0.00711898   0.0114318 1 0 0 8394
              149.49  6.07945  11.0524 -53.9776 38.8021 43.2468 0.69349 -0.774267 -0.489902  0.177463  0.00273774 0.000680624 -0.00658772   0.0205143 -0.00759325   0.0111285 1 0 0 0
              149.59  5.96976  10.6624 -53.5855  38.7198  43.2181 0.702068 -0.832418 -0.229142  0.058411  0.00273376 0.000759854 -0.00664288    0.022363 -0.00764571   0.0123863 1 0 0 8444
              149.59 5.96107 10.4795 -53.762 38.7491 43.1838  0.7055 -0.495477 -0.607282  0.114199  0.00273857 0.000645971 -0.00654608   0.0164709 -0.00872453   0.0107256 1 0 0 0
              149.69  6.60751  9.53805 -55.9099 38.6607 43.1641 0.70466  -0.949491  -0.128613 -0.0834015  0.00270337 0.000774089 -0.00654026   0.0236117 -0.00659754   0.0130501 1 0 0 8570
              149.69  6.50408   9.4718 -55.9514  38.6583  43.1602 0.697847 -0.981166 -0.171659 -0.153755   0.0027259 0.000792558 -0.00653118  0.0232183 -0.0058757  0.0137978 1 0 0 0
              149.79  7.14685  7.94755 -56.1668   38.549   43.158 0.679582   -1.13889 -0.0138581  -0.233442  0.00271582 0.000759225  -0.0065866   0.0257271 -0.00594922    0.013997 1 0 0 8559
              149.79 7.11149 7.95144 -56.178  38.5505  43.1578 0.680823   -1.11972 -0.0162772  -0.220034  0.00272546 0.000758982 -0.00658297  0.0255927 -0.0061802   0.013819 1 0 0 0
              149.89  7.32108  8.05905 -56.5089 38.4539 43.1394 0.66121 -0.966698 -0.205324 -0.199433  0.00275516 0.000660114 -0.00658289    0.022301 -0.00755889   0.0126716 1 0 0 8522
              149.89  7.35348  8.05257 -56.5441  38.4705  43.1469 0.663943 -0.770278 -0.118222 -0.162004  0.00276743 0.000658796 -0.00656792  0.0220405 -0.0104995  0.0125488 1 0 0 0
              149.99  7.77998  8.42208 -56.0151  38.3908  43.1065 0.668005 -0.812525   -0.4346  0.114869    0.002719 0.000578015 -0.00659972   0.0188503 -0.00927314   0.0100375 1 0 0 8520
              149.99  7.76707  8.38645 -56.1356  38.4061  43.0984 0.666487 -0.637025 -0.523431  0.107488  0.00274248 0.000551967 -0.00655632  0.0168369 -0.0105762   0.010088 1 0 0 0
              150.09  8.53351  8.52672 -55.1951  38.3219  43.0497 0.690436 -0.830352 -0.495187  0.331638  0.00270543 0.000576348 -0.00661419   0.0188886 -0.00811537   0.0100124 1 0 0 8631
              150.09 8.56699 8.53224 -55.259  38.3317  43.0508 0.688494 -0.718078 -0.480103  0.317884  0.00270718 0.000571721 -0.00659447   0.0182836 -0.00947481   0.0103176 1 0 0 0
              150.19  6.93454  9.76434 -54.2847  38.2473   43.019 0.709782 -0.788243 -0.276022  0.161742  0.00272322 0.000647202 -0.00665863   0.0213448 -0.00732292   0.0119462 1 0 0 8707
              150.19  6.87318  9.77983 -54.3273  38.2452   43.015 0.705528 -0.816745 -0.319621  0.117584  0.00271982 0.000634954 -0.00664396   0.0210062 -0.00668188   0.0123584 1 0 0 0
             150.291  5.73512  10.4351 -51.8853  38.1628  42.9901 0.711003   -0.78575  -0.243523 0.00300231  0.00271038  0.00065667 -0.00671957   0.0221357 -0.00640139   0.0127614 1 0 0 8508
             150.291  5.67229  10.4408 -51.9254 38.1677 42.9889 0.70442  -0.734538  -0.254719 -0.0603706  0.00274067  0.00064682 -0.00670166   0.0215637 -0.00674271   0.0135226 1 0 0 0
              150.39 5.17682 11.1828 -50.565  38.1017  42.9624 0.700472  -0.642246  -0.265704 -0.0653344  0.00270945 0.000642068 -0.00669994  0.0210507 -0.0076314  0.0127925 1 0 0 8150
              150.39  5.18887  11.0697 -50.5847  38.1158  42.9606 0.705684  -0.475128  -0.285882 -0.0058902  0.00270607 0.000684529 -0.00669816   0.0196604 -0.00943619   0.0118937 1 0 0 0
              150.49  5.20526  10.5884 -49.0398  38.0626  42.9272 0.708997 -0.525879  -0.35633 0.0102142  0.00269008 0.000680008 -0.00669853   0.0198473 -0.00813805    0.010917 1 0 0 8222
              150.49   5.2174  10.5823 -49.0385  38.0634  42.9276 0.707765  -0.517861  -0.352197 -0.0014974  0.00268738 0.000681813 -0.00669896   0.0197964 -0.00824322   0.0110829 1 0 0 0
              150.59  5.27761  10.4921 -48.5498  38.0104  42.8915 0.705988  -0.521885  -0.379364 -0.0438134  0.00267961 0.000675801   -0.006678   0.0202072 -0.00821601   0.0112231 1 0 0 8051
              150.59  5.22595  10.4492 -48.5933 38.0121 42.8914 0.70348  -0.504322  -0.380404 -0.0679369  0.00269679 0.000687733 -0.00666486   0.0200053 -0.00834399   0.0115138 1 0 0 0
              150.69  4.28961  10.1336 -47.2264  37.9549  42.8462 0.695684  -0.597819  -0.504311 -0.0870702   0.0027293  0.00068461 -0.00670117   0.0201439 -0.00727334   0.0113716 1 0 0 8014
              150.69  4.28961  10.1336 -47.2264  37.9549  42.8462 0.695684  -0.597819  -0.504311 -0.0870702   0.0027293  0.00068461 -0.00670117   0.0201439 -0.00727334   0.0113716 1 0 0 0
              150.79  4.58636  10.7953 -46.9689  37.8971  42.7934 0.686845  -0.585269  -0.556568 -0.0529101  0.00269708 0.000639126 -0.00668428   0.0200563 -0.00787984   0.0118007 1 0 0 7953
              150.79  4.59878   10.772 -47.0055  37.9119  42.7889 0.685637  -0.414259  -0.605466 -0.0570082  0.00270491 0.000631427  -0.0066735   0.0180873 -0.00919106   0.0116357 1 0 0 0
              150.89  4.53991  11.9108 -47.1011  37.8489  42.7305 0.695233 -0.647291 -0.568996  0.153552  0.00266866 0.000686966 -0.00668039   0.0203726 -0.00766346   0.0113025 1 0 0 8033
              150.89  4.48503  11.8677 -47.1964  37.8538  42.7222 0.692101 -0.592372 -0.660859  0.127235  0.00267378 0.000672601 -0.00665149   0.0190701 -0.00741452    0.011387 1 0 0 0
              150.99   2.3512  11.1653 -47.9665  37.7929  42.6803 0.701907 -0.597984 -0.338477 0.0613429  0.00273838  0.00069875 -0.00665461   0.0214869 -0.00835156   0.0120386 1 0 0 8056
              150.99  2.32223  11.1044 -48.0073  37.8059  42.6819 0.712386 -0.437309 -0.321252  0.176631  0.00273453 0.000727508 -0.00664337  0.0205633 -0.0102915  0.0103773 1 0 0 0
              151.09  3.31373  10.6002 -47.8831 37.7487 42.6557 0.72793 -0.596751 -0.256454  0.120501  0.00263047 0.000711164 -0.00670144   0.0224731 -0.00911566    0.010702 1 0 0 7750
              151.09  3.33598  10.5797 -47.9974  37.7665  42.6365 0.729489 -0.391298 -0.469802  0.144545  0.00261648 0.000729226 -0.00666102   0.0186101 -0.00942101  0.00964395 1 0 0 0
              151.19  4.97211  8.89399 -47.4454  37.7056  42.6085 0.724218 -0.654631 -0.256316 -0.105555  0.00260879 0.000744105 -0.00669552   0.0222898 -0.00832723   0.0128203 1 0 0 7881
              151.19  4.97211  8.89399 -47.4454  37.7056  42.6085 0.724218 -0.654631 -0.256316 -0.105555  0.00260879 0.000744105 -0.00669552   0.0222898 -0.00832723   0.0128203 1 0 0 0
              151.29  6.10026  8.76742 -46.3353  37.6337  42.5834 0.701967 -0.750091 -0.266091 -0.255704  0.00262624 0.000686071 -0.00672952   0.0231032 -0.00748735    0.013942 1 0 0 7888
              151.29  6.07659  8.70537 -46.5368  37.6627  42.5733 0.700834 -0.414831 -0.374359 -0.251421  0.00262651 0.000716089 -0.00667112   0.019095 -0.0100201  0.0135451 1 0 0 0
              151.39  7.07136  8.40973 -45.4741  37.5945  42.5356 0.682794 -0.770474 -0.391295 -0.178992  0.00260386 0.000724772 -0.00672704  0.0215545 -0.0076568  0.0128945 1 0 0 7994
              151.39  7.03421  8.32298 -45.6167   37.613  42.5244 0.686176 -0.549824 -0.517023 -0.133232    0.002622 0.000728455 -0.00669032   0.0184311 -0.00884309   0.0119762 1 0 0 0
              151.49  7.59217  8.46302 -45.3304  37.5267  42.4791 0.680002   -0.93312   -0.45503 -0.0450349  0.00258999 0.000754512 -0.00670296   0.0217464 -0.00682271    0.011673 1 0 0 8184
              151.49  7.49105  8.32333 -45.5117  37.5381  42.4652 0.672946 -0.809319 -0.607011  -0.10647  0.00261103 0.000754443 -0.00665289   0.0192784 -0.00660466   0.0121183 1 0 0 0
              151.59 6.69849 8.20975 -45.007   37.432  42.4162 0.678058  -1.12025 -0.492046  0.121683  0.00264596 0.000709483 -0.00669588   0.0229696 -0.00532955   0.0113077 1 0 0 8170
              151.59  6.69671  8.14371 -45.0188  37.4317  42.4097 0.683196 -1.12263  -0.5708  0.17456  0.00264879 0.000734253 -0.00669388   0.0223137 -0.00470848    0.010391 1 0 0 0
              151.69  6.66472  8.37589 -45.0822  37.3336  42.3705 0.695956 -0.886522 -0.312431  0.123515  0.00267858 0.000686359 -0.00668258   0.0229531 -0.00722123   0.0121729 1 0 0 8104
              151.69  6.68604  8.37265 -45.0416  37.3425  42.3722 0.701751 -0.775727 -0.293727  0.185444  0.00268607 0.000677983 -0.00669065   0.0222402 -0.00856958   0.0113891 1 0 0 0
              151.79  4.86081  8.66277 -44.1969  37.2831  42.3415 0.714303 -0.545243 -0.292687 0.0981224  0.00275804  0.00063175 -0.00668582  0.0204822 -0.0092986  0.0114233 1 0 0 8114
              151.79   4.8317  8.65584 -44.2389  37.2965  42.3371 0.712772 -0.394352 -0.340483 0.0891732   0.0027826 0.000603339 -0.00665657  0.0187914 -0.0102249   0.011433 1 0 0 0
              151.89  4.36672  9.05779 -44.2632  37.2584  42.3056 0.718613 -0.395354 -0.318516 0.0352573  0.00272491 0.000599077 -0.00665865   0.018931 -0.0107759  0.0116305 1 0 0 7748
              151.89  4.32535  9.01731 -44.3298  37.2617  42.3058 0.717701 -0.358279 -0.314585 0.0288365  0.00273425 0.000614844 -0.00663863  0.0186055 -0.0111608  0.0117058 1 0 0 0
              151.99  4.21468  8.76436 -44.8169  37.2138  42.2738 0.720588  -0.496197  -0.325268 -0.0302602  0.00268982 0.000636595  -0.0066548   0.0197312 -0.00996389     0.01143 1 0 0 7807
              151.99  4.12149  8.65636 -44.9284  37.2117  42.2598 0.715291  -0.527503  -0.482725 -0.0834821   0.0026977 0.000664195 -0.00662592    0.018411 -0.00813882   0.0118316 1 0 0 0
              152.09  5.31082  8.33136 -45.0372  37.1428   42.216 0.705889 -0.705164 -0.472934 -0.129669  0.00263326 0.000683176 -0.00666535  0.0207451 -0.0072087  0.0117695 1 0 0 7766
              152.09  5.32973  8.34638 -45.0761  37.1519  42.2086 0.712687   -0.59582  -0.555933 -0.0558158  0.00262924 0.000648507 -0.00665031   0.0192449 -0.00755147   0.0106494 1 0 0 0
              152.19  5.70152  8.75533 -45.1342  37.0833  42.1658 0.700212  -0.70193 -0.443221 -0.117397  0.00265566 0.000628292 -0.00664199   0.0220052 -0.00780375    0.011983 1 0 0 7907
              152.19  5.63143  8.76855 -45.1866  37.0842  42.1705 0.694789 -0.692769 -0.387639 -0.171719   0.0026746 0.000623167 -0.00662486   0.0223699 -0.00831979   0.0128329 1 0 0 0
              152.29 5.20317 9.14673 -44.836  37.0154  42.1247 0.682034  -0.692954   -0.49379 -0.0750768  0.00268408 0.000594268 -0.00665333   0.0219775 -0.00802765   0.0127787 1 0 0 7910
              152.29  5.04349  9.05883 -44.9463  37.0165  42.1224 0.677309 -0.682003 -0.517431 -0.120487  0.00272489 0.000620312 -0.00662369   0.0215579 -0.00784107   0.0133337 1 0 0 0
              152.39  3.30183  9.57773 -44.2282  36.9512  42.0579 0.685446 -0.666571 -0.672224  0.149148  0.00272441 0.000552615 -0.00666586   0.0200328 -0.00787097    0.011457 1 0 0 7794
              152.39  3.23594   9.5079 -44.4273  36.9683  42.0434 0.684616 -0.468697 -0.833031  0.152182  0.00274583 0.000505234 -0.00659505   0.0170396 -0.00826938   0.0110308 1 0 0 0
              152.49 2.26301  10.311 -44.961   36.912  41.9784 0.706673 -0.560729 -0.556854  0.195617  0.00270398 0.000474878 -0.00662731   0.0197793 -0.00846937   0.0104792 1 0 0 7893
              152.49  2.32782  10.2239 -44.9115  36.9305   41.993 0.715609 -0.342742 -0.393415  0.294941  0.00267798 0.000510517 -0.00664802  0.0195064 -0.0121659 0.00927362 1 0 0 0
              152.59  3.43512  9.14619 -44.6353  36.8761  41.9642 0.735529 -0.568691 -0.269445  0.153163  0.00257638 0.000566313 -0.00666665  0.0223678 -0.0103467  0.0108788 1 0 0 7811
              152.59 3.35029 9.06219 -44.915  36.8951  41.9331 0.738047 -0.349012 -0.616066  0.190076  0.00257955 0.000557796 -0.00658157   0.0171203 -0.00929088  0.00945109 1 0 0 0
              152.69  3.99729  8.14305 -45.4544  36.8127  41.8953 0.740228 -0.917642 -0.344946 -0.049101  0.00254082 0.000668981 -0.00665247   0.0234557 -0.00644597   0.0121329 1 0 0 7785
              152.69 3.96486 8.13878 -45.512  36.8218  41.8911 0.732765 -0.818807 -0.390321 -0.118932  0.00255691 0.000647321 -0.00663097  0.0220875 -0.0068939  0.0128632 1 0 0 0
             152.792  5.68189  8.04881 -45.6606  36.7175  41.8646 0.706713  -1.09038 -0.252386 -0.303916  0.00253235 0.000595154 -0.00664693   0.0254827 -0.00599079   0.0147039 1 0 0 7974
             152.792  5.70521  8.08509 -45.8507  36.7418  41.8617 0.716747 -0.797958 -0.279503 -0.192015  0.00250842 0.000593958 -0.00659233   0.0227128 -0.00881942   0.0130188 1 0 0 0
              152.89  6.08536  7.57138 -45.6489  36.6482  41.8283 0.697249  -1.01353 -0.356595 -0.173381  0.00252718 0.000619976 -0.00667081  0.0231531 -0.0069104  0.0130402 1 0 0 7892
              152.89   6.0954  7.52636 -45.8038  36.6664  41.8109 0.704004  -0.793834  -0.555892 -0.0968823  0.00252696 0.000576868 -0.00662839    0.019419 -0.00739527    0.011591 1 0 0 0
              152.99  6.13655  7.71345 -46.5835  36.5739  41.7628 0.693968  -0.957305  -0.465049 -0.0480297  0.00254311 0.000589815 -0.00663358    0.021159 -0.00684944   0.0124526 1 0 0 8003
              152.99  6.10279  7.69715 -46.6305  36.5683  41.7676 0.687603   -1.0222 -0.411941 -0.113632  0.00254773  0.00062025 -0.00662014    0.022051 -0.00659449   0.0133662 1 0 0 0
              153.09  5.54143  7.46008 -46.3034  36.4739  41.7194 0.688365 -0.899338 -0.489309 0.0811343  0.00258141 0.000616302 -0.00667857   0.0204277 -0.00693617   0.0126858 1 0 0 7940
              153.09  5.48661   7.3892 -46.3687  36.4781   41.719 0.685776 -0.851105 -0.492071 0.0574481  0.00259444 0.000642014 -0.00666023   0.0199307 -0.00735155   0.0129995 1 0 0 0
              153.19  4.04052  8.01548 -46.8396  36.4087   41.671 0.704374 -0.599091 -0.443949  0.136343  0.00260986 0.000604119 -0.00664479   0.0191553 -0.00822475   0.0109881 1 0 0 7832
              153.19   4.0716  7.92046 -46.8659  36.4374  41.6796 0.706909 -0.276877 -0.347786  0.173633  0.00262954 0.000619162 -0.00663313   0.017303 -0.0123379  0.0106678 1 0 0 0
              153.29 3.27066 8.35068 -45.476  36.3976  41.6468 0.722681 -0.406042 -0.352584  0.117941  0.00258563 0.000615009 -0.00671328  0.0189847 -0.0110438  0.0105264 1 0 0 7792
              153.29  3.22243  8.27603 -45.5412   36.394  41.6306 0.717393 -0.451953 -0.537188 0.0611898  0.00256393 0.000616469 -0.00668418   0.0175817 -0.00907286    0.010935 1 0 0 0
              153.39  3.73808  8.84073 -44.9001  36.3286  41.5864 0.722718 -0.689713 -0.455384 0.0095722  0.00251204  0.00058301 -0.00669168   0.0210085 -0.00795339   0.0110704 1 0 0 7553
              153.39  3.72751  8.78792 -44.9222  36.3333   41.582 0.726205 -0.633317 -0.503841  0.047801  0.00251425 0.000604429  -0.0066865   0.0200728 -0.00810797   0.0104224 1 0 0 0
              153.49  4.65255  8.68561 -44.2634  36.2632  41.5401 0.719427 -0.709476 -0.428681 -0.115187  0.00248475  0.00062185 -0.00668483   0.0218591 -0.00818278   0.0116904 1 0 0 7546
              153.49 4.68402 8.71354 -44.357  36.2731  41.5366 0.720378  -0.596889  -0.466054 -0.0992177  0.00247761 0.000607273 -0.00665742   0.0204901 -0.00895822   0.0113297 1 0 0 0
              153.59   5.7959  8.78068 -44.3593  36.2085  41.4878 0.701797 -0.651331 -0.528239 -0.188196  0.00247851 0.000623426 -0.00663519   0.0210674 -0.00876578   0.0123289 1 0 0 7796
              153.59  5.76285  8.73534 -44.4077  36.2115  41.4791 0.696752 -0.623542 -0.622687 -0.235175  0.00247558 0.000618953 -0.00662218    0.019921 -0.00816905   0.0127197 1 0 0 0
              153.69  5.71816  8.68446 -43.7149  36.1442   41.414 0.680216 -0.671382 -0.701179 -0.115093   0.0025204  0.00061304 -0.00666612   0.0205355 -0.00763786   0.0123554 1 0 0 7716
              153.69  5.67018  8.59636 -43.7851 36.1473 41.4078 0.67007 -0.645885 -0.768111 -0.216264  0.00253481 0.000641747 -0.00664681   0.0194817 -0.00711235   0.0135397 1 0 0 0
              153.79  4.54551  8.64811 -43.4344  36.0801  41.3313 0.674513 -0.680147 -0.782533  0.149818  0.00258126 0.000610248 -0.00666418   0.0203858 -0.00771971   0.0111344 1 0 0 7620
              153.79  4.58269   8.6031 -43.4614  36.0937  41.3335 0.676952 -0.515879 -0.752807  0.182105  0.00258949 0.000614002 -0.00665468   0.0191978 -0.00958582   0.0107257 1 0 0 0
              153.89  3.77414  9.40449 -42.8166  36.0397  41.2634 0.707328 -0.496734 -0.622448  0.273374   0.0025827 0.000594032 -0.00666025   0.0201241 -0.00936476  0.00968351 1 0 0 7728
              153.89  3.83411  9.35958 -42.7885  36.0476  41.2634 0.706489 -0.406058  -0.62024  0.268569  0.00258629 0.000588093 -0.00666586  0.0193633 -0.0101421 0.00971472 1 0 0 0
              153.99  2.67171  8.25367 -40.1863  36.0046  41.2164 0.720971 -0.457016 -0.440819  0.110073  0.00259906 0.000615605 -0.00672928   0.020233 -0.0108722  0.0109967 1 0 0 7312
              153.99  2.62683  8.27085 -40.3359 36.0125 41.1952  0.7263 -0.368877 -0.681661  0.166906  0.00261665 0.000619627  -0.0066748   0.0172856 -0.00940328  0.00967901 1 0 0 0
              154.09  4.22303  7.65643 -41.4785  35.9555  41.1474 0.732288  -0.598889  -0.418789 0.00420577  0.00253457 0.000644792 -0.00665205   0.0212886 -0.00943483   0.0112264 1 0 0 7426
              154.09 4.20674 7.62176 -41.471  35.9634  41.1446 0.731913  -0.509511  -0.448754 0.00482078  0.00254453 0.000648351   -0.006653   0.0201214 -0.00993049   0.0110899 1 0 0 0
             154.191  5.57157   7.0145 -40.7509  35.899 41.1108 0.71672 -0.662117 -0.344693 -0.188755  0.00255231 0.000684864 -0.00667572   0.0222124 -0.00987252   0.0130038 1 0 0 7590
             154.191  5.54997  6.97688 -40.7776  35.9145   41.103 0.716409 -0.495646 -0.428401 -0.182192  0.00256666 0.000654438 -0.00666364   0.020021 -0.0104878  0.0127309 1 0 0 0
              154.29  6.27904  7.48892 -40.1928  35.8433  41.0601 0.698615 -0.764162 -0.454854 -0.201196  0.00258737 0.000603366 -0.00666796   0.0222895 -0.00858581   0.0125466 1 0 0 7612
              154.29  6.32067  7.58016 -40.1902  35.8422  41.0607 0.706323 -0.770534 -0.449999  -0.12586  0.00257346 0.000575508 -0.00666587   0.0225053 -0.00868562   0.0115517 1 0 0 0
              154.39  7.12338  8.39682 -40.0748   35.766  41.0051 0.688366  -0.79772 -0.588879 -0.131814  0.00256565 0.000571993 -0.00664645   0.0210754 -0.00784906   0.0122571 1 0 0 7752
              154.39  7.13816  8.32969 -40.2217  35.7944  40.9868 0.692868  -0.469708  -0.800772 -0.0666458  0.00256525 0.000553561 -0.00660854   0.0160314 -0.00874758   0.0108799 1 0 0 0
              154.49    7.071  8.54206 -39.9406  35.7193  40.9162 0.694756 -0.798583 -0.698416  0.123936  0.00258906 0.000653901 -0.00667246  0.0193083 -0.0074521  0.0112771 1 0 0 7821
              154.49   7.0439  8.50697 -39.9356  35.717  40.912 0.69101 -0.827239  -0.74706  0.085311   0.0025801 0.000662176 -0.00667761   0.0191214 -0.00673825   0.0116483 1 0 0 0
              154.59  5.79072  8.84866 -39.9657  35.6239  40.8508 0.715943 -0.870087 -0.538824   0.21127  0.00262464 0.000652328 -0.00664197   0.0218852 -0.00638073    0.010389 1 0 0 7692
              154.59 5.74896 8.78939 -39.959  35.6275  40.8505 0.715112 -0.830494 -0.540498  0.204605  0.00263786 0.000671384 -0.00664635 0.0214588 -0.006697 0.0104614 1 0 0 0
              154.69   3.7064  9.59947 -39.4588  35.5606  40.8144 0.716422   -0.653479   -0.329371 -0.00220385  0.00267388 0.000626593 -0.00665195  0.0209791 -0.0094259  0.0128029 1 0 0 7623
              154.69  3.69836  9.53766 -39.4612  35.5667  40.8096 0.715845   -0.584084   -0.382412 -0.00451982  0.00267701 0.000637713 -0.00664865   0.0198054 -0.00949489   0.0126748 1 0 0 0
              154.79  2.97901  9.11173 -39.4802 35.5145 40.7771 0.71513  -0.532462  -0.323944 -0.0333751  0.00267538 0.000637949 -0.00664088  0.0194636 -0.0108782  0.0122959 1 0 0 7760
              154.79  2.95721  9.03085 -39.4408  35.5167  40.7723 0.713698  -0.507895  -0.378618 -0.0464436  0.00267808   0.0006498 -0.00665377   0.018782 -0.0105526  0.0123404 1 0 0 0
              154.89  3.00072  8.49858 -40.3204  35.4667  40.7373 0.710983  -0.491363   -0.34091 -0.0849216  0.00264076 0.000627687 -0.00663418   0.019014 -0.0111741  0.0114639 1 0 0 7558
              154.89  3.00072  8.49858 -40.3204  35.4667  40.7373 0.710983  -0.491363   -0.34091 -0.0849216  0.00264076 0.000627687 -0.00663418   0.019014 -0.0111741  0.0114639 1 0 0 0
              154.99  4.50507  7.83283 -41.0159  35.4152  40.6976 0.702199 -0.501699 -0.433119 -0.115802  0.00259447 0.000644686 -0.00662289  0.0190557 -0.0104042  0.0110465 1 0 0 7547
              154.99  4.52863  7.77194 -41.1136  35.4316  40.6847 0.706845  -0.320458  -0.573269 -0.0594144  0.00258025 0.000673747 -0.00659616  0.0160818 -0.0106284 0.00987203 1 0 0 0
              155.09  4.91406  8.19803 -41.5559  35.3745  40.6363 0.705512 -0.584299 -0.514286 -0.012029  0.00260472 0.000616382 -0.00662414   0.0200162 -0.00926794  0.00984621 1 0 0 7677
              155.09  4.91406  8.19803 -41.5559  35.3745  40.6363 0.705512 -0.584299 -0.514286 -0.012029  0.00260472 0.000616382 -0.00662414   0.0200162 -0.00926794  0.00984621 1 0 0 0
              155.19  3.94726  8.63318 -41.4444  35.3013  40.5837 0.701873   -0.762226   -0.558829 -0.00325828  0.00264153 0.000611305 -0.00665159  0.0218352 -0.0077606  0.0108429 1 0 0 7624
              155.19  3.94726  8.63318 -41.4444  35.3013  40.5837 0.701873   -0.762226   -0.558829 -0.00325828  0.00264153 0.000611305 -0.00665159  0.0218352 -0.0077606  0.0108429 1 0 0 0
             155.291  4.13165  10.3513 -40.7502  35.2269  40.5172 0.694213   -0.739074   -0.682186 -0.00433941   0.0026044 0.000555627   -0.006676   0.0204453 -0.00747178   0.0127751 1 0 0 7757
             155.291  4.12124  10.2411 -40.8363  35.2463  40.4945 0.702415 -0.508005 -0.935732 0.0876948  0.00260567 0.000587679 -0.00664894   0.0161323 -0.00717721   0.0108466 1 0 0 0
              155.39  3.26532  11.0232 -40.7819   35.191  40.4308 0.705059  -0.542369   -0.51961 0.00765247  0.00265497 0.000616306 -0.00666332  0.0191195 -0.0084937  0.0121753 1 0 0 7673
              155.39 3.26429 10.8231 -40.755 35.2085 40.4209 0.71479 -0.337363 -0.630199  0.121538  0.00266047 0.000664933 -0.00667309   0.0164344 -0.00934189   0.0101999 1 0 0 0
              155.49  5.22519  10.0817 -40.2161  35.1473  40.3831 0.718834  -0.644817  -0.341183 -0.0035256  0.00257358 0.000663011 -0.00665239   0.0218688 -0.00919178   0.0125647 1 0 0 7796
              155.49  5.19421  9.99416 -40.3207 35.1538 40.3585 0.71589  -0.572683  -0.624016 -0.0310995  0.00258239 0.000696382 -0.00662039   0.0186179 -0.00698155   0.0122082 1 0 0 0
              155.59  5.73348  8.95175 -40.5471  35.0756  40.3315 0.700494 -0.826344 -0.230406 -0.214413  0.00261805 0.000662452 -0.00662914   0.0237519 -0.00830558   0.0143339 1 0 0 7920
              155.59 5.78989 8.82045 -40.512  35.0863  40.3318 0.712263  -0.696535  -0.224741 -0.0918863  0.00259786 0.000706303 -0.00664658  0.0227561 -0.0096788  0.0125805 1 0 0 0
              155.69  6.65845  8.61153 -39.5706  35.0109  40.3119 0.699897 -0.781626 -0.229188 -0.158444  0.00261101   0.0006199 -0.00665133    0.023753 -0.00990021   0.0126548 1 0 0 7751
              155.69  6.64021  8.61239 -39.5612  35.0143  40.3084 0.696319 -0.746337 -0.266106 -0.191594  0.00261768  0.00061999 -0.00665488   0.0230069 -0.00979841    0.012998 1 0 0 0
              155.79  7.29908  8.31947 -38.2911  34.9493  40.2654 0.683061  -0.66879 -0.472101 -0.092928  0.00261542 0.000618959 -0.00666857    0.020125 -0.00989678   0.0119609 1 0 0 7719
              155.79  7.30707  8.32094 -38.3041  34.9514  40.2623 0.683549  -0.645871  -0.505766 -0.0866275  0.00261311 0.000619636 -0.00666489   0.0196168 -0.00976946   0.0117874 1 0 0 0
              155.89  7.26419  9.17781 -37.6769  34.8922  40.1976 0.679904 -0.607237 -0.661701 0.0156814  0.00263581 0.000574456 -0.00664545   0.0175784 -0.00889015   0.0111124 1 0 0 7770
              155.89  7.21543  9.14712 -37.6685  34.8864  40.2005 0.680346 -0.672604  -0.62928 0.0165807  0.00264768 0.000590835 -0.00664993    0.018515 -0.00866663   0.0111925 1 0 0 0
              155.99  7.36248  8.93919 -37.1304  34.8207  40.1282 0.694276 -0.620546 -0.713941  0.217662  0.00260719 0.000577358 -0.00664237   0.0175368 -0.00800246   0.0103927 1 0 0 7868
              155.99  7.30777  8.86888 -37.1677   34.821  40.1286 0.690806 -0.619639 -0.707106  0.182637  0.00262419 0.000603056 -0.00663337   0.0175022 -0.00800506   0.0108439 1 0 0 0
              156.09  5.05075  9.40851 -36.9768  34.7675  40.0724 0.702445 -0.486548 -0.489081 0.0779826  0.00268515 0.000563666 -0.00665014   0.0179995 -0.00880773   0.0117227 1 0 0 7832
              156.09  5.00241  9.34135 -36.9721   34.763  40.0701 0.705018 -0.536309   -0.5155  0.101383  0.00270226   0.0005847 -0.00665404   0.0183502 -0.00816248   0.0113678 1 0 0 0
              156.19  3.63491  9.45038 -36.7617  34.7041  40.0269 0.719919 -0.594258 -0.434909  0.120355  0.00267621 0.000586494 -0.00664861   0.0197919 -0.00870292   0.0107049 1 0 0 7560
              156.19  3.69399  9.47289 -36.7799  34.7055   40.029 0.724024 -0.576115 -0.410493  0.161164  0.00266079 0.000579808 -0.00664252   0.0198803 -0.00917863   0.0101891 1 0 0 0
              156.29  3.80443  8.94757 -37.2584  34.6487  39.9903 0.726922   -0.572595   -0.390326 -0.00780659  0.00262452 0.000609709 -0.00663868   0.0198792 -0.00961262   0.0113476 1 0 0 7635
              156.29  3.80443  8.94757 -37.2584  34.6487  39.9903 0.726922   -0.572595   -0.390326 -0.00780659  0.00262452 0.000609709 -0.00663868   0.0198792 -0.00961262   0.0113476 1 0 0 0
              156.39 4.48843 8.64872 -37.169 34.5936 39.9477  0.7199  -0.547046  -0.452486 -0.0995455  0.00260233 0.000599359 -0.00664513   0.0195072 -0.00950402   0.0115609 1 0 0 7596
              156.39  4.53252  8.69625 -37.1836  34.5896  39.9485 0.720799  -0.592268  -0.444941 -0.0934722  0.00258836 0.000583745 -0.00663894   0.0200649 -0.00921916   0.0115443 1 0 0 0
              156.49  5.40006   8.7766 -37.5135   34.539  39.8978 0.699357 -0.491493 -0.537675 -0.225239  0.00257934 0.000574976 -0.00663577  0.0186977 -0.0092567  0.0125836 1 0 0 7548
              156.49  5.40006   8.7766 -37.5135   34.539  39.8978 0.699357 -0.491493 -0.537675 -0.225239  0.00257934 0.000574976 -0.00663577  0.0186977 -0.0092567  0.0125836 1 0 0 0
              156.59  5.08391  8.57611 -37.1848 34.4905 39.8368 0.68326 -0.475696 -0.648654 -0.128656  0.00262052 0.000567393 -0.00664987    0.018404 -0.00902072   0.0119944 1 0 0 7677
              156.59  5.05106  8.49771 -37.1736  34.4927   39.837 0.684677 -0.450369 -0.645998 -0.113972  0.00263626 0.000587708 -0.00665518   0.0181995 -0.00924947   0.0118012 1 0 0 0
              156.69  3.90371  8.87515 -36.8425  34.4452  39.7699 0.684085 -0.502788 -0.713236 0.0748476  0.00265778 0.000561781 -0.00666685   0.0185608 -0.00936516   0.0112493 1 0 0 7603
              156.69  3.90371  8.87515 -36.8425  34.4452  39.7699 0.684085 -0.502788 -0.713236 0.0748476  0.00265778 0.000561781 -0.00666685   0.0185608 -0.00936516   0.0112493 1 0 0 0
              156.79  3.93124  10.7534 -37.7644  34.3814  39.6969 0.704169  -0.62961 -0.673736  0.191356  0.00260753 0.000526456 -0.00664711   0.020004 -0.0079175  0.0105597 1 0 0 7563
              156.79  3.84512   10.634 -37.7679  34.3685  39.6889 0.698978 -0.785914 -0.763733   0.13332  0.00261271 0.000571425 -0.00665103   0.0208098 -0.00566178    0.011317 1 0 0 0
              156.89  2.15311  9.75515 -37.7132 34.2939 39.6242 0.71252 -0.757139  -0.60857  0.129835  0.00267706 0.000597476 -0.00664391   0.0206065 -0.00644019   0.0109792 1 0 0 7770
              156.89 2.15684 9.73809 -37.739  34.2986  39.6285 0.712014 -0.708149 -0.561963  0.126449  0.00269026 0.000600528 -0.00663213   0.0204728 -0.00725035   0.0110513 1 0 0 0
              156.99  2.95463  8.74075 -40.3258   34.244  39.5825 0.718014 -0.530136 -0.428847 0.0164168  0.00261127 0.000609037 -0.00661009    0.019408 -0.00987584   0.0111769 1 0 0 7414
              156.99  2.96535  8.60905 -40.2993  34.2529  39.5794 0.718316 -0.427162 -0.463307 0.0258612  0.00260764 0.000653904 -0.00661979  0.0180595 -0.0103871  0.0108345 1 0 0 0
              157.09  3.35869  7.04827 -40.7723  34.2002  39.5383 0.718729  -0.554387   -0.42192 -0.0438102  0.00262693 0.000632848  -0.0066465  0.0193786 -0.0102203  0.0107227 1 0 0 7338
              157.09  3.36256  7.05857 -40.7556 34.2033 39.5348 0.71905 -0.518849 -0.459554   -0.0388  0.00262555 0.000630959 -0.00665259  0.0186971 -0.0101532  0.0105579 1 0 0 0
              157.19  4.00641  7.27678 -41.4776  34.1461   39.497 0.703996 -0.613616 -0.380378 -0.173683  0.00262051 0.000588598 -0.00664493  0.0200433 -0.0106837  0.0117917 1 0 0 7328
              157.19  3.93014  7.18364 -41.4791  34.1504  39.4889 0.704437 -0.566376 -0.467325  -0.16596  0.00263992 0.000608417  -0.0066483  0.0187969 -0.0102402   0.011522 1 0 0 0
              157.29  4.89815  7.55137 -40.9485  34.0701  39.4395 0.698116  -0.839518  -0.506633 -0.0256377  0.00256257 0.000606922 -0.00670707   0.0208055 -0.00840344   0.0108513 1 0 0 7378
              157.29  4.99517  7.63824 -41.0117  34.0717  39.4297 0.705799 -0.817188 -0.617675 0.0539695   0.0025135 0.000557307 -0.00668757   0.0198213 -0.00766939  0.00966827 1 0 0 0
              157.39  4.60427  8.14059 -40.3964   33.985  39.3772 0.706143 -0.879505 -0.492844  0.088494  0.00259598 0.000580675 -0.00670104    0.021097 -0.00789799   0.0117306 1 0 0 7477
              157.39  4.61606  8.12142 -40.3819  33.9874  39.3813 0.705289 -0.853027 -0.444468 0.0802718  0.00259982 0.000587816 -0.00670544   0.0212452 -0.00859525   0.0119262 1 0 0 0
              157.49   3.2742  8.91947 -39.5227  33.9128  39.3387 0.709607 -0.680775  -0.37748 0.0271735  0.00264515 0.000544923 -0.00671151   0.0205695 -0.00884031   0.0127132 1 0 0 7409
              157.49  3.30613  8.86282 -39.5599  33.9242  39.3305 0.714393 -0.551168 -0.467057 0.0778299  0.00264135 0.000497834 -0.00668911   0.0187926 -0.00912534   0.0118637 1 0 0 0
              157.59  2.72074  8.86466 -38.4077  33.8644  39.2843 0.724523 -0.584641 -0.463338 0.0711917   0.0026229 0.000540704 -0.00672116   0.0193824 -0.00825436   0.0113163 1 0 0 7431
              157.59  2.74329  8.89655 -38.4078  33.8635  39.2802 0.730431 -0.593823  -0.50894  0.129088  0.00260432 0.000526151 -0.00671962   0.0192169 -0.00780513   0.0105259 1 0 0 0
              157.69  3.11893  8.96299 -37.9073  33.8034   39.237 0.731779  -0.617622   -0.43157 -0.0303226  0.00258073 0.000498006  -0.0067051   0.0201177 -0.00867503    0.011663 1 0 0 7477
              157.69  3.06921  8.87455 -37.9011  33.8041  39.2287 0.726253  -0.613168  -0.524422 -0.0804525  0.00260256 0.000528372 -0.00670764   0.0191859 -0.00768956   0.0121701 1 0 0 0
              157.79  4.49339  8.57298 -38.5715  33.7361  39.1847 0.714419 -0.688476 -0.438969  -0.16004  0.00256861 0.000519228  -0.0066598   0.0207734 -0.00832503   0.0125312 1 0 0 7441
              157.79  4.47926  8.48741 -38.5722  33.7401   39.178 0.713001 -0.645353 -0.513988 -0.171723  0.00256988 0.000538116 -0.00666276   0.0196673 -0.00788697   0.0125133 1 0 0 0
              157.89  6.39945  8.55681 -40.1931   33.678  39.1362 0.693407 -0.596671 -0.422772  -0.21094  0.00259409 0.000547957  -0.0066401   0.0205494 -0.00937375   0.0127736 1 0 0 7833
              157.89 6.43289 8.46054 -40.251  33.6912  39.1241 0.697377 -0.450796 -0.557746 -0.164069  0.00257417 0.000535184  -0.0066275   0.0182036 -0.00928316    0.011847 1 0 0 0
              157.99  5.93923  8.42259 -41.0885   33.633  39.0793 0.686331 -0.572693 -0.472306 -0.110552   0.0026499 0.000533184 -0.00664898    0.020964 -0.00925431     0.01172 1 0 0 7782
              157.99  5.96233  8.34923 -41.0644  33.6392  39.0741 0.685704 -0.507858 -0.526229 -0.112406  0.00264272 0.000544767 -0.00665898   0.0198357 -0.00929171   0.0115869 1 0 0 0
              158.09    4.802  9.01515 -42.5885  33.5822  39.0274 0.680702   -0.575786   -0.503633 -0.00594445  0.00267377 0.000553371 -0.00663331  0.0215746 -0.0096639   0.011454 1 0 0 7726
              158.09  4.83869  8.97562 -42.5561  33.5845   39.023 0.679188  -0.551713  -0.550573 -0.0192244  0.00265655 0.000546343 -0.00664247   0.0209517 -0.00942903   0.0115141 1 0 0 0
              158.19  3.84392  10.2808 -41.6888 33.5217 38.9616 0.69883   -0.6257 -0.660702  0.280903  0.00265863  0.00051584 -0.00671151   0.0215758 -0.00891953  0.00993845 1 0 0 7688
              158.19  3.91845  10.3262 -41.7887  33.5354  38.9494 0.695655 -0.473122 -0.793222  0.255933  0.00262724 0.000446103 -0.00667336   0.0191267 -0.00902279  0.00989951 1 0 0 0
             158.291  2.14542  11.4743 -43.0753  33.4871  38.8864 0.715722 -0.454489 -0.533148  0.152735  0.00266784 0.000452774 -0.00663801   0.0208051 -0.00951059   0.0107192 1 0 0 7881
             158.291  2.22846  11.4058 -42.9994  33.4871  38.8948 0.720589 -0.449921 -0.442634  0.200057  0.00264511 0.000475264  -0.0066663  0.0216673 -0.0104863  0.0102791 1 0 0 0
              158.39   2.4735  10.9148 -40.7136  33.4381  38.8474 0.730197 -0.532979 -0.480841 0.0789922  0.00261082   0.0005004 -0.00679502  0.020942 -0.009589 0.0115243 1 0 0 7756
              158.39   2.5186  10.8378 -40.8716  33.4549  38.8261 0.729585 -0.344805 -0.717378 0.0859666  0.00258594 0.000520128  -0.0067373 0.0170165 -0.009056 0.0106478 1 0 0 0
              158.49  3.70207  9.70731 -42.2296  33.3984  38.7718 0.726042  -0.627497   -0.50288 -0.0855638  0.00255764 0.000530701 -0.00666541   0.0203982 -0.00873909   0.0124315 1 0 0 7781
              158.49  3.71011  9.63878 -42.2415  33.3972  38.7633 0.723789 -0.646263 -0.597896 -0.106016  0.00255727 0.000553643 -0.00666413   0.0196794 -0.00761206   0.0125401 1 0 0 0
              158.59   5.1115   8.2193 -42.0246  33.3182  38.7199 0.702459 -0.812964 -0.422572  -0.26065  0.00258103 0.000527422 -0.00669645   0.0224376 -0.00784747   0.0140226 1 0 0 7596
              158.59  5.18185  8.19955 -42.0577  33.3305  38.7098 0.708387 -0.673179 -0.529089 -0.194738   0.0025549  0.00053807 -0.00669054    0.020244 -0.00816527   0.0127793 1 0 0 0
              158.69  5.48299  7.51647 -42.1614  33.2498  38.6658 0.686852 -0.847092 -0.460913 -0.205075  0.00260784 0.000547628 -0.00668965    0.022378 -0.00812987   0.0134535 1 0 0 7700
              158.69  5.45919  7.52478 -42.1344  33.2466  38.6583 0.686409 -0.887944 -0.546196 -0.210719  0.00260553 0.000541875 -0.00670049   0.0219937 -0.00691842   0.0133586 1 0 0 0
              158.79  5.64973  7.78097 -41.7044 33.1626 38.6052 0.67426  -0.833142  -0.536035 -0.0799433  0.00264509 0.000497278 -0.00669111   0.0217135 -0.00793366    0.012741 1 0 0 7869
              158.79  5.69828  7.81491 -41.6781  33.1711  38.6091 0.681083    -0.73309   -0.492618 -0.00989215  0.00265991 0.000473768 -0.00669456  0.0212938 -0.0092382  0.0119339 1 0 0 0
              158.89  5.90881  8.44229 -41.2146 33.1058 38.5538 0.68957   -0.6207 -0.552119  0.183748  0.00265566 0.000454007 -0.00668653   0.0199152 -0.00971088   0.0116652 1 0 0 7675
              158.89  5.96318  8.37198 -41.2978 33.1205 38.5401 0.69352 -0.453235 -0.699289  0.234838  0.00263346 0.000482759 -0.00666354   0.0170518 -0.00990129   0.0106089 1 0 0 0
              158.99  3.8884 8.94469 -41.516  33.0672  38.4884 0.720149 -0.482415  -0.43941  0.232303  0.00272085  0.00050733 -0.00667927   0.0196969 -0.00940293   0.0106234 1 0 0 7802
              158.99  3.89789  8.95005 -41.4743 33.0715 38.4921 0.72198 -0.431221  -0.39628  0.250825  0.00272624 0.000503585 -0.00669077  0.0196094 -0.0103113  0.0104468 1 0 0 0
              159.09  2.22146  9.01918 -40.7925  33.0163  38.4572 0.735673 -0.562017 -0.348438 0.0839672  0.00269527 0.000533576 -0.00672701   0.0211177 -0.00925214   0.0117616 1 0 0 7521
              159.09  2.25508  9.02684 -40.7853  33.0171   38.453 0.734774 -0.554711 -0.394603 0.0756621  0.00267796 0.000522915  -0.0067262   0.0206581 -0.00889113   0.0117793 1 0 0 0
              159.19  2.2898 10.0179 -40.595  32.9566    38.41 0.730645  -0.643429  -0.465965 -0.0627063  0.00262866 0.000499872 -0.00670819   0.0209085 -0.00849703    0.012801 1 0 0 7533
              159.19  2.20451   9.8969 -40.6493  32.9461  38.3872 0.726639  -0.764866  -0.729469 -0.0991814  0.00263273 0.000528412 -0.00669455   0.0197135 -0.00468666   0.0129831 1 0 0 0
              159.29  3.55348    9.638 -41.1618 32.8752 38.3296  0.7148  -0.67904  -0.56059 -0.154777  0.00264152  0.00056172 -0.00667251   0.0205338 -0.00664757     0.01287 1 0 0 7540
              159.29  3.50464  9.61495 -41.1187  32.8733   38.331 0.709931 -0.702368  -0.54597  -0.20398  0.00265503 0.000577499 -0.00668533   0.0207578 -0.00657004   0.0135425 1 0 0 0
             159.392  4.22248  9.89451 -41.3183  32.8215  38.2804 0.694454 -0.456985 -0.512501 -0.161449  0.00270503 0.000520069 -0.00666712   0.0198817 -0.00904988   0.0124951 1 0 0 7804
             159.392  4.28856  9.82535 -41.3055  32.8413  38.2879 0.700307  -0.235205  -0.428359 -0.0938134  0.00273553 0.000513009 -0.00666626  0.0186769 -0.0117256  0.0115942 1 0 0 0
              159.49  4.37407  10.3175 -40.6533  32.8106  38.2434 0.698497   -0.319413   -0.501178 -0.00203841  0.00275716 0.000490499 -0.00670537  0.0197524 -0.0112556  0.0109405 1 0 0 7488
              159.49   4.3948  10.2446 -40.7078  32.7992  38.2303 0.693034 -0.454856  -0.65537 -0.062499  0.00273165 0.000513659  -0.0066881   0.0195955 -0.00849406   0.0115188 1 0 0 0
              159.59   4.3531  10.5714 -40.4566  32.7481  38.1645 0.699771 -0.516601 -0.695021  0.114725  0.00273867 0.000510428 -0.00669817   0.0207295 -0.00831299   0.0103933 1 0 0 7695
              159.59  4.36097  10.5984 -40.4654  32.7511   38.161 0.699047 -0.485206 -0.732569  0.110512  0.00273526 0.000496949 -0.00669507   0.0200858 -0.00821968   0.0103303 1 0 0 0
              159.69  3.90116  11.8293 -40.0312  32.6991  38.0902 0.710275 -0.515074 -0.675712  0.147973  0.00274427 0.000475332 -0.00669819   0.0204792 -0.00844095   0.0114705 1 0 0 7847
              159.69  3.91042  11.8259 -40.0696  32.6994   38.087 0.708502 -0.514914 -0.710298  0.130561  0.00273086 0.000470668 -0.00668664   0.0201661 -0.00811886    0.011614 1 0 0 0
              159.79  2.73362  11.3917 -39.4897  32.6465  38.0249 0.720297 -0.539494 -0.557666  0.109944  0.00275753 0.000521178 -0.00671976   0.0204618 -0.00788821   0.0117101 1 0 0 7647
              159.79  2.73462   11.317 -39.4873  32.6476  38.0254 0.722373 -0.525961 -0.551656  0.131596  0.00275734 0.000542886 -0.00672111   0.0204284 -0.00809333   0.0114107 1 0 0 0
              159.89  3.37074    9.336 -40.9596  32.5935  37.9723 0.723629  -0.555248   -0.51567 -0.0345784  0.00271452 0.000582815 -0.00665243   0.0204597 -0.00798307   0.0125079 1 0 0 7604
              159.89  3.36637   9.2612 -41.0363 32.6027 37.9621 0.72712 -0.452958 -0.625788 0.0069309  0.00270475 0.000553808 -0.00662572    0.018763 -0.00779834   0.0116431 1 0 0 0
              159.99 4.18814 7.25027 -41.708  32.5445  37.9114 0.718555 -0.609763   -0.5105 -0.137838  0.00269973 0.000567934 -0.00669407   0.0207589 -0.00812372    0.012628 1 0 0 7410
              159.99  4.29176  7.22784 -41.8594  32.5782  37.9111 0.726263  -0.244359  -0.507865 -0.0443403  0.00269982 0.000516635 -0.00663029  0.0175675 -0.0112499  0.0111228 1 0 0 0
             160.092  5.30202   6.6081 -43.3366  32.5132  37.8679 0.720111 -0.710517 -0.460371 -0.121586  0.00273206 0.000466831 -0.00663566   0.0228178 -0.00837409   0.0114819 1 0 0 7471
             160.092  5.19881  6.54459 -43.4658 32.5177  37.852 0.71693 -0.668832 -0.634848 -0.144903  0.00276228 0.000494076 -0.00660031   0.0207631 -0.00700648   0.0114475 1 0 0 0
              160.19  6.34748  6.15553 -43.6788  32.4289  37.7968 0.697233 -0.945155 -0.608616 -0.166808  0.00273071 0.000496032 -0.00665923    0.023803 -0.00609511   0.0128456 1 0 0 7469
              160.19  6.33764  6.20523 -43.8343  32.4553  37.7865 0.696672 -0.655492 -0.709924 -0.155131  0.00274218 0.000454639 -0.00661668    0.020116 -0.00785971   0.0125283 1 0 0 0
              160.29 7.24834 6.76362  -44.62  32.3598   37.717 0.696692 -0.972675 -0.723447 0.0822205   0.0026875 0.000520262 -0.00667238   0.0232012 -0.00527837   0.0116939 1 0 0 7651
              160.29 7.24834 6.76362  -44.62  32.3598   37.717 0.696692 -0.972675 -0.723447 0.0822205   0.0026875 0.000520262 -0.00667238   0.0232012 -0.00527837   0.0116939 1 0 0 0
              160.39  7.15443  6.97253 -43.9781  32.2715  37.6343 0.713433 -0.792788 -0.800587  0.208471   0.0027044 0.000485136 -0.00668288   0.0218033 -0.00457778   0.0113753 1 0 0 7738
              160.39  7.25833  6.99586 -44.0562  32.2852  37.6271 0.722593 -0.639875 -0.878571  0.305034  0.00268604  0.00042429 -0.00664916   0.0199077 -0.00548721   0.0100182 1 0 0 0
              160.49   4.2859  7.74252 -43.0813  32.2343  37.5549 0.733984  -0.45778 -0.666213 0.0614407  0.00284921 0.000414895 -0.00670712   0.0201753 -0.00648157   0.0120419 1 0 0 7443
              160.49  4.30508  7.75839 -43.0918  32.2469  37.5594 0.733246 -0.320529 -0.616681 0.0601426    0.002883 0.000393553 -0.00669502   0.0194058 -0.00815045   0.0121892 1 0 0 0
              160.59 4.10529 8.64015 -41.405  32.2163  37.5061 0.726132 -0.291149 -0.545959 -0.133358  0.00284587 0.000371094 -0.00670992  0.0203251 -0.0088576  0.0132571 1 0 0 7249
              160.59 4.11459 8.63937 -41.406  32.2122  37.5017 0.727701 -0.336339 -0.595962 -0.120246    0.002826 0.000369782 -0.00670983   0.0203139 -0.00801543    0.013011 1 0 0 0
              160.69   5.1699  9.40826 -39.8092  32.1763  37.4388 0.715758 -0.335509 -0.636868 -0.143743  0.00279733 0.000398067  -0.0067091   0.0204666 -0.00745447   0.0125496 1 0 0 7494
              160.69  5.18238   9.3739 -39.8329  32.1895  37.4424 0.716657 -0.187715 -0.593124 -0.126467  0.00282824 0.000391315 -0.00670109   0.0194628 -0.00917217   0.0123036 1 0 0 0
              160.79  5.38964  9.97536 -37.5371  32.1621  37.3749 0.710231  -0.258615  -0.718701 -0.0891566  0.00282136 0.000400382  -0.0067275   0.0202615 -0.00745463   0.0113059 1 0 0 7478
              160.79  5.38964  9.97536 -37.5371  32.1621  37.3749 0.710231  -0.258615  -0.718701 -0.0891566  0.00282136 0.000400382  -0.0067275   0.0202615 -0.00745463   0.0113059 1 0 0 0
              160.89  5.18202  10.4642 -35.6305  32.1325  37.2945 0.701169  -0.309277  -0.864848 -0.0912786  0.00281165 0.000399172 -0.00673122    0.020465 -0.00670766   0.0111312 1 0 0 7489
              160.89  5.19636  10.4263 -35.6404  32.1355   37.295 0.697435 -0.278619 -0.857811 -0.125952  0.00281355 0.000404972 -0.00672876   0.0201367 -0.00697678   0.0115664 1 0 0 0
              160.99  5.83902  11.3674 -36.2085  32.1024  37.2005 0.696005  -0.35761 -0.991806 0.0610027   0.0027776  0.00040933 -0.00663039   0.0204553 -0.00640084   0.0106749 1 0 0 7632
              160.99  5.80095  11.2579 -36.2517  32.1125  37.1907 0.697751 -0.245022  -1.09979 0.0874606  0.00278435 0.000396792 -0.00662286   0.0185809 -0.00616974  0.00995345 1 0 0 0
             161.091  6.53325  11.4177 -36.7921  32.0751  37.1012 0.714998 -0.389498 -0.825322  0.217015  0.00279177 0.000437201 -0.00661487   0.0210611 -0.00782549   0.0112686 1 0 0 7582
             161.091  6.42443  11.3537 -36.8043  32.0609  37.0787 0.707297 -0.561765  -1.07726  0.139202  0.00273727 0.000458309 -0.00663063   0.0207927 -0.00394568   0.0118109 1 0 0 0
              161.19  3.91186  10.6714 -40.4462  32.0101  37.0068 0.716278 -0.531769 -0.627912 0.0324539  0.00281922 0.000508071 -0.00656854    0.022339 -0.00744259   0.0124451 1 0 0 7401
              161.19  4.00857  10.6278 -40.3343  32.0241  37.0295 0.733068 -0.354081 -0.375368  0.204145  0.00280419 0.000518795 -0.00659809 0.0229308 -0.011828 0.0106547 1 0 0 0
              161.29  5.51066  9.65635 -42.0972  31.9939  36.9962 0.732753  -0.285763  -0.314565 -0.0577193  0.00270004 0.000464598 -0.00660948   0.022278 -0.0124886  0.0127134 1 0 0 7301
              161.29  5.53343  9.55365 -42.2143  32.0054   36.966 0.730618  -0.175202   -0.63786 -0.0691959  0.00266517 0.000481585  -0.0065785  0.0182886 -0.0101598  0.0119671 1 0 0 0
              161.39  6.24998  10.5765 -44.3662  31.9732  36.9113 0.715261 -0.379195 -0.542995 -0.188602   0.0027015 0.000476035 -0.00661513   0.0203262 -0.00965782   0.0127275 1 0 0 7504
              161.39  6.35651  10.5099 -44.4596 32.0059 36.8975   0.727 -0.0184486  -0.689989 -0.0547883  0.00267493  0.00042344 -0.00657878  0.0161015 -0.0116272  0.0105133 1 0 0 0
              161.49  8.40061  11.2078 -45.4673  31.9534  36.8455 0.718756 -0.617104 -0.508222 -0.131085  0.00264972 0.000475283 -0.00660995   0.0226662 -0.00824893   0.0119227 1 0 0 7673
              161.49  8.26761  11.1426 -45.6565  31.9418  36.8125 0.715478 -0.758283 -0.886119 -0.165947  0.00263941 0.000492425 -0.00656821   0.0202936 -0.00332248   0.0113491 1 0 0 0
              161.59  9.48106  11.0211 -47.0027  31.8393  36.7509 0.693212  -1.05998 -0.583804 -0.228913    0.002651 0.000634435 -0.00661197     0.02479 -0.00270652   0.0133083 1 0 0 7862
              161.59  9.40805  11.0024 -47.0237  31.8452  36.7531 0.688793 -0.996408 -0.555566 -0.272419  0.00269409 0.000632611  -0.0066009   0.0244063 -0.00341379   0.0139283 1 0 0 0
             161.691  9.29321  10.6631 -47.8406  31.7539  36.6986 0.671436  -0.905952  -0.557208 -0.0903275  0.00276872 0.000594164 -0.00660855   0.0238833 -0.00504013   0.0135321 1 0 0 8072
             161.691  9.24688  10.5773 -47.8512  31.7748  36.7143 0.676432  -0.666368  -0.378999 -0.0312362  0.00285086    0.000611 -0.00659142   0.0237279 -0.00879247   0.0134273 1 0 0 0
              161.79  8.63273  9.61759 -45.8817  31.7235  36.6525 0.687352 -0.461846 -0.614964  0.199554  0.00285298 0.000531003 -0.00666008   0.0197806 -0.00836891   0.0117601 1 0 0 7694
              161.79  8.59212  9.58952 -45.9766  31.7422  36.6518 0.690797 -0.249914 -0.620473  0.247061  0.00287882 0.000528156 -0.00662401 0.0180247 -0.010619 0.0111497 1 0 0 0
              161.89  6.33771  10.4967 -44.6719 31.7175 36.5864 0.71742 -0.243217 -0.618454  0.257774  0.00286381 0.000453141 -0.00664612   0.0175201 -0.00939542    0.010494 1 0 0 7631
              161.89   6.2854   10.496 -44.8013  31.7121  36.5839 0.717655  -0.30393 -0.648208  0.257353   0.0028468 0.000463079 -0.00661572   0.0177482 -0.00860826   0.0104056 1 0 0 0
              161.99  4.28711  10.3536 -44.7862  31.6637   36.524 0.736213 -0.536788 -0.571798 0.0897877  0.00280033 0.000513843 -0.00663451   0.0194277 -0.00703298    0.010852 1 0 0 7439
              161.99  4.12056  10.2851 -44.8537  31.6647  36.5243 0.728483 -0.529409 -0.567303 0.0114351  0.00285516 0.000538096 -0.00661404   0.0192297 -0.00699535   0.0118327 1 0 0 0
              162.09  3.68021  10.4892 -45.2809  31.5902  36.4649 0.735474 -0.805889 -0.619165 0.0630477   0.0027672 0.000513163 -0.00661227   0.0209051 -0.00535545   0.0109658 1 0 0 7241
              162.09  3.78678  10.3966 -45.3653  31.6076  36.4451 0.739981  -0.60442 -0.845351  0.125996  0.00273133 0.000530655 -0.00659004   0.0169733 -0.00531254  0.00936182 1 0 0 0
              162.19  5.02881  10.3711 -46.5272  31.5356  36.3951 0.734482 -0.703858 -0.425388 -0.100179  0.00274794 0.000648146 -0.00660482   0.0213379 -0.00657024   0.0123245 1 0 0 7351
              162.19  4.90365  10.3708 -46.5638   31.537  36.3988 0.727613 -0.692296 -0.381671 -0.169128  0.00279429 0.000656489 -0.00659205   0.0214697 -0.00698604    0.013298 1 0 0 0
              162.29  3.75545  11.0978 -47.1475  31.4681  36.3682 0.702266  -0.68976 -0.313953 -0.276511  0.00284838 0.000632168 -0.00660195  0.0225336 -0.0076555  0.0144264 1 0 0 7329
              162.29  3.66019  11.0629 -47.1566  31.4629  36.3739 0.698941 -0.749075 -0.248797 -0.314084  0.00288005 0.000667431 -0.00660397   0.0235592 -0.00757197   0.0151089 1 0 0 0
              162.39  2.91825  11.2385 -47.2559  31.4047  36.3249 0.680758 -0.583925 -0.561224 -0.149145 0.00286852 0.00056285 -0.0066121   0.0199627 -0.00791667   0.0125805 1 0 0 7269
              162.39  2.93344  11.1984 -47.2737  31.4092  36.3267 0.682966 -0.531812 -0.540336 -0.124253  0.00287909  0.00056962 -0.00660513   0.0197851 -0.00861096   0.0122655 1 0 0 0
              162.49  3.69676  11.8149 -47.3378  31.3604  36.2528 0.690655  -0.50741 -0.797958  0.153702  0.00282826 0.000493825 -0.00662634   0.0178074 -0.00825781  0.00974474 1 0 0 7334
              162.49  3.65695  11.8247 -47.3842   31.361  36.2501 0.690647 -0.500248 -0.827709  0.154008  0.00283333 0.000483305 -0.00661361   0.0174714 -0.00807831   0.0096647 1 0 0 0
              162.59  4.29387  14.2425 -48.1228  31.3028  36.1688 0.716817  -0.55398 -0.739357  0.270577  0.00279262  0.00048049 -0.00661477   0.0184297 -0.00726354  0.00938371 1 0 0 7567
              162.59  4.28695  14.1741 -48.1648  31.3058  36.1701 0.716341 -0.519412 -0.724379  0.267559  0.00280393 0.000497689 -0.00660217   0.0182756 -0.00771749  0.00942253 1 0 0 0
              162.69  2.60224  13.4746 -47.7966 31.2402  36.115 0.74398 -0.681167 -0.471646  0.261655  0.00285249 0.000606205 -0.00666855   0.0204629 -0.00679474  0.00989387 1 0 0 7565
              162.69   2.6148  13.4836 -47.8168 31.2384  36.115 0.74437 -0.701454 -0.472231  0.264813   0.0028428 0.000607582 -0.00666502   0.0206278 -0.00659614  0.00987912 1 0 0 0
              162.79  2.41042  12.1268 -49.8274  31.1669   36.076 0.751624  -0.759176  -0.365604 0.00630008  0.00279467 0.000655812  -0.0066065   0.0209698 -0.00703575   0.0117708 1 0 0 7491
              162.79  2.43509  12.0838 -49.8201   31.167  36.0753 0.749015  -0.759328  -0.373012 -0.0201287   0.0027871 0.000668402 -0.00660955    0.020811 -0.00695792   0.0120864 1 0 0 0
              162.89  4.21406  10.7106 -51.0812  31.0908  36.0389 0.734254 -0.772991 -0.354092  -0.20064  0.00274254 0.000659382 -0.00662059   0.0203535 -0.00724397   0.0131551 1 0 0 7391
              162.89  4.21954  10.7447 -51.0582  31.0923  36.0374 0.737168  -0.75419 -0.372021 -0.168619  0.00274284 0.000641193  -0.0066272   0.0201193 -0.00731162   0.0126785 1 0 0 0
              162.99  4.20138  10.3342 -52.0264  31.0238  36.0036 0.702693 -0.722469 -0.331884 -0.341255  0.00282373 0.000609689 -0.00661617   0.0194951 -0.00830891    0.014599 1 0 0 7565
              162.99 4.33673 10.3261 -52.033  31.0332  36.0028 0.720541 -0.604753  -0.34008 -0.154326  0.00280503 0.000588161 -0.00660868   0.0189845 -0.00965013   0.0121209 1 0 0 0
              163.09  4.80288  9.67755 -52.2458  30.9575  35.9634 0.711564  -0.790758  -0.405138 -0.0453683  0.00279217 0.000623249 -0.00665194   0.0194575 -0.00796901   0.0119831 1 0 0 7469
              163.09 4.81145 9.67872 -52.268  30.9602  35.9628 0.712075  -0.760565  -0.411384 -0.0387445  0.00279204 0.000618522 -0.00664378   0.0191868 -0.00824821   0.0118722 1 0 0 0
              163.19  5.01954  9.40685 -51.9799  30.8724  35.9206 0.721104 -0.883794 -0.428972  0.175328  0.00278904 0.000613592 -0.00666344   0.0199161 -0.00691472   0.0114376 1 0 0 7462
              163.19  4.98773  9.39567 -51.9843 30.8778 35.9168 0.72178 -0.822437 -0.471713  0.186136  0.00280103 0.000608886 -0.00666216   0.0190059 -0.00727721   0.0111649 1 0 0 0
              163.29  3.25871  9.80971 -52.8095  30.7969  35.8793 0.733214 -0.746368 -0.319027 0.0684024  0.00284234 0.000619238 -0.00665463   0.0200428 -0.00698848   0.0122971 1 0 0 7524
              163.29  3.23514  9.76581 -52.7929  30.7991  35.8779 0.731101 -0.722917 -0.335184 0.0479576  0.00285385 0.000620881 -0.00665815   0.0196767 -0.00708637   0.0125161 1 0 0 0
              163.39  1.39879  9.41907 -52.4139  30.7253  35.8452 0.740656 -0.713109 -0.334073 0.0667154  0.00285223 0.000624629 -0.00668146   0.0201492 -0.00646692   0.0116443 1 0 0 7403
              163.39  1.43599  9.40658 -52.3926  30.7282  35.8441 0.741349 -0.678929 -0.346476 0.0756029  0.00284373 0.000623076 -0.00668519   0.0197969 -0.00674566   0.0114862 1 0 0 0
              163.49 0.871026  9.30516 -52.0145  30.6663  35.8088 0.746773 -0.611826 -0.377251 0.0164325  0.00283236 0.000615293 -0.00668611   0.0196354 -0.00765481   0.0111179 1 0 0 7192
              163.49 0.896176  9.34739 -52.0114  30.6683  35.8075 0.750267 -0.585346 -0.392106 0.0536426   0.0028262 0.000601479 -0.00668695   0.0193428 -0.00785311   0.0105502 1 0 0 0
              163.59  1.49241  9.38515 -51.7078    30.61  35.7658 0.749632  -0.580371  -0.441352 -0.0476613  0.00278572 0.000600617 -0.00668544   0.0193119 -0.00778915   0.0107286 1 0 0 7124
              163.59  1.47782  9.35571 -51.7194   30.612  35.7626 0.748385   -0.55857  -0.478285 -0.0594417  0.00278731 0.000595452 -0.00668288   0.0187626 -0.00774323   0.0107984 1 0 0 0
              163.69  3.28875  9.81758 -51.3699  30.5534  35.7134 0.728084 -0.582937 -0.525999 -0.228923  0.00274274 0.000579781 -0.00669024   0.0191575 -0.00737718    0.012349 1 0 0 7360
              163.69  3.28875  9.81758 -51.3699  30.5534  35.7134 0.728084 -0.582937 -0.525999 -0.228923  0.00274274 0.000579781 -0.00669024   0.0191575 -0.00737718    0.012349 1 0 0 0
              163.79  3.49167  9.98023 -50.2728  30.4919  35.6571 0.708052 -0.621214 -0.608462 -0.166212   0.0027897 0.000597191 -0.00670446    0.019511 -0.00698785    0.012372 1 0 0 7465
              163.79  3.46994  9.93953 -50.2796 30.4954 35.6557 0.70872 -0.580543 -0.624432 -0.156941  0.00279826 0.000606554 -0.00670411   0.0190276 -0.00731612   0.0121769 1 0 0 0
              163.89  3.06073   9.8338 -50.0734  30.4328  35.5909 0.702737 -0.650679 -0.684082 0.0149347  0.00280952 0.000615597 -0.00666721   0.0196151 -0.00707612   0.0117022 1 0 0 7516
              163.89  3.00591  9.74534 -50.1163  30.4444  35.5897 0.704292 -0.518358 -0.695324 0.0372241   0.0028652 0.000606853 -0.00665225   0.0185799 -0.00828153   0.0113342 1 0 0 0
              163.99  2.94093  10.7997 -48.9695  30.3806  35.5207 0.721922 -0.610877 -0.663017  0.203023  0.00282504 0.000584306 -0.00671909   0.0198292 -0.00729268   0.0109463 1 0 0 7609
              163.99  3.04786  10.7943 -49.0683  30.3899  35.5052 0.730274 -0.499633 -0.840586  0.290274  0.00278161 0.000531931 -0.00668781   0.0174902 -0.00711373  0.00941046 1 0 0 0
              164.09 0.615737  10.2952 -48.7118  30.3287  35.4498 0.754002 -0.627938 -0.458973  0.196482  0.00286673 0.000575234 -0.00669135   0.0212458 -0.00727167   0.0102075 1 0 0 7475
              164.09 0.726154  10.2757  -48.605  30.3359  35.4589 0.758505 -0.543364  -0.35326  0.245053  0.00284429 0.000582608 -0.00672168   0.0217634 -0.00912102  0.00968415 1 0 0 0
             164.192   1.7905  9.42566 -48.7817  30.2722  35.4269 0.761247  -0.647615  -0.308794 -0.0343153  0.00275317 0.000609062 -0.00669181    0.022432 -0.00845625   0.0123192 1 0 0 7285
             164.192   1.7905  9.42566 -48.7817  30.2722  35.4269 0.761247  -0.647615  -0.308794 -0.0343153  0.00275317 0.000609062 -0.00669181    0.022432 -0.00845625   0.0123192 1 0 0 0
              164.29   2.2554  8.48533 -48.4313   30.207  35.3859 0.748521  -0.69665 -0.439646 -0.166896   0.0027653 0.000595576 -0.00670273   0.0209141 -0.00729626   0.0127483 1 0 0 7252
              164.29  2.25664  8.45903 -48.4719  30.2201  35.3762 0.746354 -0.547196 -0.551241 -0.180752   0.0027658 0.000591037 -0.00669229   0.0184888 -0.00788597   0.0125707 1 0 0 0
              164.39  3.33363  8.25441 -48.6279 30.1548 35.3152 0.72125 -0.700871 -0.642538 -0.281522  0.00275712 0.000588764 -0.00668333   0.0189237 -0.00653142   0.0131343 1 0 0 7250
              164.39  3.33363  8.25441 -48.6279 30.1548 35.3152 0.72125 -0.700871 -0.642538 -0.281522  0.00275712 0.000588764 -0.00668333   0.0189237 -0.00653142   0.0131343 1 0 0 0
              164.49  3.95307   8.5132 -48.1333  30.0732  35.2471 0.703353  -0.85506 -0.713598 -0.146285  0.00276615 0.000578832 -0.00671244   0.0195502 -0.00580131   0.0122037 1 0 0 7320
              164.49  3.93977  8.44153 -48.2571  30.0897  35.2332 0.707583  -0.664647  -0.874194 -0.0925863   0.0027822 0.000510517 -0.00668336   0.0166552 -0.00639427   0.0111878 1 0 0 0
              164.59  4.34538    8.733 -48.4256   30.004  35.1639 0.709112 -0.887587 -0.667912  0.113227  0.00279541 0.000585116 -0.00667684   0.0202133 -0.00633992   0.0113231 1 0 0 7407
              164.59 4.29839 8.59832 -48.436  30.0046  35.1655 0.715341 -0.876811 -0.647504  0.177068  0.00281638 0.000632254 -0.00667596  0.0204116 -0.0066517  0.0105494 1 0 0 0
              164.69   4.3938  8.21309 -47.9902   29.923  35.1208 0.732262 -0.733146 -0.372429  0.183758  0.00283919 0.000617859  -0.0067063   0.0223697 -0.00838166   0.0123038 1 0 0 7449
              164.69   4.3938  8.21309 -47.9902   29.923  35.1208 0.732262 -0.733146 -0.372429  0.183758  0.00283919 0.000617859  -0.0067063   0.0223697 -0.00838166   0.0123038 1 0 0 0
              164.79  1.19392  8.88401 -47.0865   29.862  35.0833 0.750394  -0.56511 -0.353787   0.14835   0.0029332 0.000532299 -0.00671718   0.0212474 -0.00850604   0.0114678 1 0 0 7219
              164.79  1.19392  8.88401 -47.0865   29.862  35.0833 0.750394  -0.56511 -0.353787   0.14835   0.0029332 0.000532299 -0.00671718   0.0212474 -0.00850604   0.0114678 1 0 0 0
              164.89  1.12433  9.38545 -46.1997  29.8166  35.0361 0.755579 -0.438684  -0.50777 0.0230535   0.0028411  0.00047401 -0.00669558   0.0191109 -0.00857934   0.0118079 1 0 0 7201
              164.89 1.12905 9.35877 -46.197  29.8184  35.0359 0.754879 -0.419588   -0.5108 0.0169801  0.00284264 0.000479697 -0.00669566   0.0189132 -0.00873196   0.0118612 1 0 0 0
              164.99 1.52801 9.29931 -45.658  29.7824  34.9785 0.750631 -0.321509 -0.582447  -0.08491  0.00282243 0.000501259 -0.00668425   0.0177511 -0.00868644   0.0121937 1 0 0 7080
              164.99 1.56696 9.27999 -45.654  29.7898  34.9758 0.752805   -0.23311  -0.615734 -0.0570641  0.00281477 0.000501964 -0.00668642   0.0166598 -0.00928218   0.0116317 1 0 0 0
              165.09  1.23204  9.68546 -44.7716  29.7516  34.9165 0.745437 -0.391712 -0.622496 -0.114406  0.00280734 0.000563818 -0.00670809   0.0187562 -0.00784293   0.0116995 1 0 0 7179
              165.09  1.25807  9.69125 -44.7601   29.761  34.9074 0.751323  -0.280831  -0.729797 -0.0464393  0.00280177 0.000510956 -0.00670761   0.0170226 -0.00795673   0.0105618 1 0 0 0
              165.19  1.64408  9.80843 -43.8817  29.7065  34.8455 0.742786  -0.572531  -0.635561 -0.0883675  0.00276878 0.000588447 -0.00669935   0.0209955 -0.00684982   0.0117849 1 0 0 7156
              165.19  1.65056  9.81166 -43.8507  29.7086  34.8449 0.743361  -0.548288  -0.642756 -0.0814273  0.00277139  0.00058275 -0.00670946   0.0207384 -0.00700679   0.0116558 1 0 0 0
              165.29  2.35705  9.84591 -44.4328 29.6456 34.7835 0.73244  -0.653721  -0.631452 -0.0638946  0.00276611 0.000592108  -0.0066644    0.022266 -0.00667656   0.0130187 1 0 0 7190
              165.29  2.30775  9.80178 -44.4512  29.6541  34.7833 0.733787  -0.556431  -0.631632 -0.0427757  0.00278725 0.000598922  -0.0066604   0.0213867 -0.00761193   0.0125924 1 0 0 0
              165.39   2.3788  9.93291 -43.9179  29.5933  34.7171 0.733598 -0.617884 -0.668563  0.069984  0.00277843 0.000569375 -0.00669705   0.0213521 -0.00708777    0.013222 1 0 0 7131
              165.39   2.3551  9.92589 -43.9611  29.5965  34.7145 0.735424 -0.580434 -0.697905 0.0905553  0.00278602 0.000551972 -0.00668442   0.0208319 -0.00716663   0.0128753 1 0 0 0
              165.49 0.971992  9.69191 -44.8827  29.5456  34.6456 0.748683 -0.492492 -0.624034   0.09522  0.00283322 0.000562229 -0.00665538   0.0200072 -0.00700148   0.0117701 1 0 0 7043
              165.49 0.942299  9.53799 -44.8839  29.5705  34.6413 0.750827 -0.217495 -0.669197  0.128993  0.00288278 0.000553276 -0.00664461   0.0173126 -0.00905029   0.0109589 1 0 0 0
              165.59  2.25264  8.84304 -45.4354  29.5359  34.5954 0.755452   -0.364924   -0.421444 -0.00139893  0.00279067 0.000528481 -0.00665648   0.0204177 -0.00974364    0.012325 1 0 0 7013
              165.59  2.28667  8.78039 -45.5139    29.55  34.5751 0.763337 -0.202706 -0.652499 0.0897513  0.00277147 0.000531796 -0.00663382   0.0168243 -0.00916968   0.0104591 1 0 0 0
              165.69  3.70875  7.98756 -47.0583  29.4919  34.5336 0.768746    -0.63146   -0.361781 -0.00770248  0.00272739 0.000700419 -0.00665055  0.0225507 -0.0072701  0.0112545 1 0 0 7082
              165.69  3.66108   8.0174 -47.0675  29.4948  34.5431 0.767844  -0.599985  -0.254113 -0.0145593  0.00277318 0.000707653 -0.00664057   0.0232422 -0.00845694   0.0114833 1 0 0 0
              165.79  4.85207  7.84935 -46.6738  29.4267  34.5121 0.752214 -0.714931 -0.354362 -0.186761  0.00276291 0.000674009 -0.00668054   0.0234601 -0.00754808   0.0130984 1 0 0 7259
              165.79  4.74796  7.80536 -46.8544  29.4335  34.4986 0.743696 -0.644916 -0.505528 -0.273155  0.00277891 0.000662215 -0.00662584   0.0213235 -0.00688547   0.0138936 1 0 0 0
              165.89   5.237 8.21324 -46.782  29.3646  34.4394 0.724189 -0.725035 -0.623819 -0.183957  0.00279362  0.00063937 -0.00667307   0.0207586 -0.00620688      0.0127 1 0 0 7252
              165.89  5.19937  8.18907 -46.7875  29.3717  34.4429 0.724182 -0.642536  -0.58367 -0.179812  0.00279954 0.000649763 -0.00667435   0.0204204 -0.00742244   0.0127096 1 0 0 0
              165.99  5.18097   8.8329 -47.1497  29.3074   34.371 0.711733  -0.677249  -0.766059 -0.0779964  0.00280353 0.000635981  -0.0066527   0.0188094 -0.00686646   0.0121186 1 0 0 7194
              165.99  5.21543  8.86378 -47.2695  29.3227  34.3672 0.718994  -0.494002   -0.80783 0.00795278  0.00280085 0.000615107 -0.00661763   0.0169195 -0.00847117   0.0108206 1 0 0 0
              166.09  5.99807  7.96914 -47.5817  29.2591  34.2917 0.728291 -0.663685 -0.737518  0.201472  0.00277592 0.000708065  -0.0066815   0.0183716 -0.00790828   0.0111977 1 0 0 7128
              166.09  5.99892  7.93942 -47.5732  29.2576   34.286 0.734563 -0.676669 -0.802083  0.264666  0.00276362 0.000706966 -0.00668737  0.0180084 -0.0073546  0.0102587 1 0 0 0
              166.19  5.15862   7.3214 -48.6708  29.1817   34.226 0.769188 -0.679514 -0.489586  0.283886  0.00279681 0.000698259 -0.00666081   0.0213761 -0.00677823  0.00976786 1 0 0 6960
              166.19  5.24393  7.36436 -48.5369  29.1957  34.2517 0.768684 -0.517133 -0.194646  0.288955  0.00279814 0.000686623 -0.00669869  0.0229717 -0.0110194  0.0103483 1 0 0 0
              166.29  2.15392  7.65444 -47.0064  29.1503  34.2246 0.774323 -0.452853 -0.287597 0.0321337  0.00284409 0.000636418 -0.00672226  0.0213178 -0.0099954  0.0126298 1 0 0 6764
              166.29  2.16021  7.67443 -47.1071  29.1622  34.2024 0.769035  -0.318511  -0.541667 -0.0136575  0.00281656 0.000547795 -0.00665212   0.017779 -0.0092115  0.0127688 1 0 0 0
              166.39  1.40194  8.02564 -46.8152   29.109  34.1432 0.767537  -0.559459  -0.606451 -0.0794749  0.00272989 0.000567246  -0.0066604  0.0192745 -0.0068939  0.0125208 1 0 0 6783
              166.39  1.34216  7.99068 -46.8567  29.1132   34.142 0.769076  -0.513114  -0.619487 -0.0618105  0.00275409  0.00057115 -0.00664597   0.0187928 -0.00722803   0.0122486 1 0 0 0
              166.49  1.7846 8.26302 -46.295  29.0505  34.0876 0.758461 -0.646713 -0.549891 -0.161489   0.0026964 0.000572078 -0.00664902   0.0209295 -0.00711235   0.0127567 1 0 0 6734
              166.49  1.7846 8.26302 -46.295  29.0505  34.0876 0.758461 -0.646713 -0.549891 -0.161489   0.0026964 0.000572078 -0.00664902   0.0209295 -0.00711235   0.0127567 1 0 0 0
              166.59  2.77939  9.01114 -46.2309  28.9829  34.0257 0.741978 -0.683382 -0.651814 -0.191075  0.00266851 0.000556044 -0.00663669   0.0207281 -0.00636199   0.0122864 1 0 0 6670
              166.59     2.77  9.07658 -46.2774  28.9922  34.0256 0.749843 -0.568745 -0.653529 -0.103151  0.00269963 0.000511149 -0.00662094   0.0199216 -0.00741179    0.011081 1 0 0 0
              166.69  3.19807  9.00568 -45.7625  28.9354  33.9619 0.737136  -0.575836  -0.663479 -0.0830163  0.00272182 0.000564192 -0.00664701   0.0203238 -0.00796832   0.0117368 1 0 0 6962
              166.69  3.13351  8.99355 -45.7697  28.9395  33.9576 0.736627  -0.528577  -0.713618 -0.0856612   0.0027428  0.00055394 -0.00664594   0.0194656 -0.00797936    0.011642 1 0 0 0
              166.79  2.44835  9.07578 -46.2504  28.8831   33.889 0.735256 -0.606763 -0.709887 0.0726797  0.00276387 0.000546898 -0.00662399   0.0204053 -0.00847463   0.0117228 1 0 0 6827
              166.79  2.49431  9.07703 -46.2641  28.8951  33.8929 0.741333 -0.462516 -0.661998  0.142378  0.00276233 0.000541572 -0.00661912  0.0197051 -0.0104111  0.0107391 1 0 0 0
              166.89  2.82246  10.5884 -46.9767  28.8385  33.8291 0.758961 -0.556621 -0.598336  0.200031  0.00270958 0.000551919  -0.0066077   0.0207589 -0.00983745   0.0116162 1 0 0 6944
              166.89  2.82988  10.5283 -47.0893  28.8464  33.8274 0.761966 -0.465785 -0.617881  0.237216  0.00272578 0.000537255 -0.00657253   0.019923 -0.0105053    0.01105 1 0 0 0
              166.99 0.258734  9.29279 -46.2725  28.7853  33.7723 0.776966 -0.635616 -0.485665   0.10952  0.00278586 0.000612409 -0.00669825   0.0209724 -0.00826814   0.0118208 1 0 0 6858
              166.99 0.243169  9.24159 -46.2768  28.7832  33.7684 0.777918  -0.65756 -0.531447  0.118018  0.00278024 0.000625996 -0.00669766   0.0207407 -0.00768891   0.0116492 1 0 0 0
              167.09 0.987181  8.51355 -47.7362  28.7125  33.7138 0.779131  -0.735212  -0.534914 -0.0552673  0.00269758 0.000593741 -0.00664156   0.0208902 -0.00695814   0.0125534 1 0 0 6564
              167.09 0.992687  8.64993   -47.88  28.7153  33.7251 0.787266 -0.696654 -0.402966 0.0297476  0.00269309 0.000557469 -0.00659586   0.0220886 -0.00859019   0.0115389 1 0 0 0
              167.19  2.34314  7.59254 -48.0608  28.6466   33.678 0.774311  -0.72803 -0.487573 -0.165469  0.00265702 0.000568369 -0.00668038   0.0205066 -0.00825169   0.0127937 1 0 0 6694
              167.19  2.31916  7.59333 -48.0633 28.6466 33.6778 0.77521 -0.727748 -0.488964 -0.156382  0.00266412 0.000567469 -0.00667963   0.0205084 -0.00824043   0.0126757 1 0 0 0
              167.29   3.4833  7.38408 -49.0103  28.5712  33.6153 0.759326 -0.777216 -0.629906 -0.175869  0.00266776 0.000547912 -0.00667936    0.019098 -0.00679843   0.0120121 1 0 0 6808
              167.29  3.43554  7.36845 -49.0099  28.5723  33.6184 0.759386 -0.763332 -0.594297 -0.174811     0.00269 0.000555936 -0.00667779 0.0193297 -0.007215 0.0120441 1 0 0 0
              167.39 4.12879 7.29269 -48.992  28.4921  33.5545 0.739383 -0.840488 -0.654589 -0.160894  0.00268974 0.000543255 -0.00669361   0.0187664 -0.00686274   0.0127317 1 0 0 6772
              167.39  4.09705  7.34717 -49.0361  28.4903  33.5574 0.745538  -0.856815  -0.621981 -0.0995214  0.00269898 0.000530748 -0.00667843   0.0193509 -0.00701919   0.0119487 1 0 0 0
              167.49  4.69943  7.50217 -49.6004  28.4085  33.5017 0.739612 -0.827718 -0.546354 0.0574974  0.00274178 0.000543647 -0.00667898   0.0193594 -0.00804483    0.012516 1 0 0 6785
              167.49 4.66411 7.50811  -49.64  28.4125  33.4987 0.745978 -0.778997 -0.578879  0.124403  0.00275952 0.000518423 -0.00666583    0.018787 -0.00830942   0.0116064 1 0 0 0
              167.59 3.80369  7.7557 -51.301  28.3326  33.4501 0.770115 -0.720494 -0.416411  0.218009  0.00279698 0.000576003 -0.00663592   0.0200793 -0.00798005   0.0109377 1 0 0 6919
              167.59  3.87524  7.82565 -51.2714  28.3355  33.4516 0.777164 -0.683595  -0.39945  0.291993  0.00278469  0.00055002 -0.00664227   0.0200797 -0.00855855   0.0100301 1 0 0 0
              167.69 0.926868  7.44311 -51.8691  28.2748  33.4287 0.788717 -0.596125 -0.221385 0.0714654  0.00284067 0.000562825 -0.00668263  0.0213534 -0.0101394  0.0120076 1 0 0 6742
              167.69 0.926868  7.44311 -51.8691  28.2748  33.4287 0.788717 -0.596125 -0.221385 0.0714654  0.00284067 0.000562825 -0.00668263  0.0213534 -0.0101394  0.0120076 1 0 0 0
              167.79 2.02719 7.72382 -52.528  28.2187  33.4037 0.783547   -0.56339  -0.281746 -0.0986625  0.00273141  0.00052661 -0.00668812 0.0210224 -0.010652 0.0131491 1 0 0 6630
              167.79  1.92965  7.59741 -52.5831  28.2136  33.3958 0.779133 -0.627153  -0.37474 -0.148405  0.00275088 0.000562928 -0.00667231   0.0203996 -0.00917365   0.0137539 1 0 0 0
              167.89  3.39047  8.57749 -52.9545  28.1518  33.3543 0.762814 -0.593331 -0.415959 -0.193912  0.00270793 0.000513835 -0.00667692   0.0200698 -0.00891748   0.0135322 1 0 0 6804
              167.89  3.37716  8.55037 -52.9573   28.155  33.3474 0.760184 -0.558456 -0.491824 -0.218927  0.00270706 0.000504936 -0.00667867   0.0190088 -0.00872817   0.0137261 1 0 0 0
              167.99  4.35312  8.88418 -53.0941  28.0928  33.2952 0.745393 -0.615033 -0.561724 -0.171651  0.00272193 0.000507057  -0.0066835   0.0196594 -0.00774084   0.0125945 1 0 0 6858
              167.99  4.35236  8.87471 -53.1319  28.1024  33.2881 0.752298 -0.502074 -0.637212  -0.09467  0.00272246 0.000502761 -0.00667524   0.0180732 -0.00852544   0.0113269 1 0 0 0
              168.09  4.59373  9.23624 -52.6521  28.0391   33.235 0.743193  -0.651941  -0.555772 -0.0874429  0.00272764  0.00058597 -0.00669219   0.020798 -0.0080777   0.011654 1 0 0 6992
              168.09  4.56235  9.22196 -52.6365  28.0361  33.2364 0.741891 -0.686549 -0.539848 -0.101912  0.00273037 0.000601169 -0.00669759    0.021172 -0.00781641   0.0118745 1 0 0 0
              168.19  5.04487  10.1104 -52.0478   27.965  33.1776 0.735958  -0.717479  -0.625564 -0.0111628  0.00271644 0.000569869 -0.00670817   0.0213649 -0.00745101   0.0117626 1 0 0 7081
              168.19  4.99588  10.0711 -52.0574  27.9656  33.1778 0.730203  -0.713384  -0.623278 -0.0709009  0.00273242 0.000580685 -0.00670629   0.0212418 -0.00743915   0.0125177 1 0 0 0
              168.29  4.78157  11.8761 -50.7741  27.8959  33.1053 0.735967 -0.703553 -0.757708  0.149821  0.00274623 0.000533756 -0.00671884   0.0199669 -0.00758296   0.0117363 1 0 0 7123
              168.29  4.72206  11.7908 -50.8354  27.9046  33.0977 0.740186 -0.598358 -0.851028  0.197586  0.00276621 0.000547388 -0.00670429   0.0182278 -0.00807859   0.0107891 1 0 0 0
              168.39  3.10995   12.313 -51.4365 27.8552 33.0372 0.74311  -0.462571  -0.482565 0.00472249  0.00284451 0.000614032 -0.00668538   0.0192596 -0.00970037   0.0131257 1 0 0 7346
              168.39  3.15065  12.1149 -51.3557  27.8591  33.0609 0.768735 -0.398186   -0.2175  0.259792  0.00292279 0.000734686 -0.00670779  0.0219943 -0.0124998  0.0105414 1 0 0 0
              168.49  3.31483  11.3673 -51.3316  27.8137  33.0231 0.787596  -0.47097 -0.389228  0.138555  0.00281962 0.000700438 -0.00669336  0.0202606 -0.0103994  0.0107216 1 0 0 7249
              168.49    3.274  11.3124 -51.3425  27.8091  33.0086 0.777069  -0.52867 -0.546969 0.0274457  0.00281009 0.000701161 -0.00669536   0.0188141 -0.00854557   0.0117683 1 0 0 0
              168.59    4.374  10.1298 -52.5418  27.7511   32.959 0.767559 -0.610382 -0.479392  -0.13036  0.00276154 0.000698975  -0.0066577    0.019303 -0.00830886   0.0129556 1 0 0 7259
              168.59  4.42424  10.1078 -52.5364  27.7545  32.9586 0.768365 -0.571737 -0.484046 -0.120191  0.00274846  0.00070359 -0.00665944   0.0189642 -0.00871734   0.0127652 1 0 0 0
              168.69  5.82474   9.5587 -52.6814  27.6957   32.915 0.746085  -0.59562 -0.437327  -0.24987  0.00276049  0.00071677 -0.00668072   0.0196263 -0.00867863     0.01384 1 0 0 7144
              168.69  5.77671   9.5411 -52.6705  27.6971  32.9123 0.748296 -0.577396 -0.467903 -0.226074  0.00277443 0.000709431 -0.00668456   0.0192422 -0.00866956   0.0134626 1 0 0 0
              168.79  6.02367  9.05547 -52.0448  27.6281  32.8652 0.731248 -0.729403 -0.487962 -0.156415  0.00278652 0.000713733 -0.00669854   0.0200978 -0.00796095   0.0130105 1 0 0 7369
              168.79  6.00776  9.10701 -52.0636  27.6256  32.8657 0.736369  -0.75483 -0.483196 -0.105461  0.00278695 0.000702541 -0.00669153   0.0204343 -0.00779734   0.0123792 1 0 0 0
              168.89 5.79109 9.53685 -51.944  27.5498  32.8135 0.731975  -0.775313  -0.530879 0.00367633  0.00280415 0.000687233 -0.00667751   0.0199527 -0.00778495   0.0117709 1 0 0 7308
              168.89  5.75871  9.53768 -51.9668   27.555  32.8154 0.739421  -0.70775 -0.509454  0.085142  0.00281835 0.000686775 -0.00666973  0.0198203 -0.0088389   0.010712 1 0 0 0
              168.99  5.22927  9.03288 -50.6313  27.4838  32.7597 0.754092 -0.696261  -0.55734  0.223956   0.0028007 0.000680797 -0.00671456    0.019247 -0.00846408   0.0107364 1 0 0 7281
              168.99  5.15687  8.98411 -50.6185  27.4866  32.7592 0.751835 -0.665097 -0.561749  0.202166   0.0028317 0.000686626 -0.00671727   0.0189326 -0.00870492   0.0110034 1 0 0 0
              169.09  4.32217  9.22771 -50.3046  27.4299  32.7097 0.761247 -0.498863 -0.436911 0.0698847  0.00283555 0.000671969 -0.00668918   0.0188721 -0.00897986   0.0125109 1 0 0 7170
              169.09 4.25313 9.22627 -50.303  27.4262  32.7094 0.762759 -0.539026 -0.439507 0.0836531  0.00284941 0.000678034 -0.00669225   0.0191705 -0.00857024   0.0123379 1 0 0 0
              169.19  2.73255  8.66637 -49.0556  27.3772  32.6671 0.768716 -0.480249 -0.429017 0.0344633   0.0028487 0.000692328 -0.00671478   0.0190105 -0.00876844   0.0122744 1 0 0 6959
              169.19  2.70981  8.67061 -49.0755   27.383  32.6713 0.769326 -0.413594 -0.380156 0.0433119  0.00285824 0.000692191 -0.00670847    0.018997 -0.00991734   0.0122283 1 0 0 0
              169.29  2.35119   8.9383 -48.4125  27.3297  32.6233 0.774693  -0.556724  -0.511239 0.00912251  0.00277069 0.000662067 -0.00671126   0.0192619 -0.00824618   0.0116146 1 0 0 6798
              169.29  2.35526  8.89971 -48.4188  27.3306  32.6243 0.774814 -0.546682 -0.500204 0.0109958  0.00277393 0.000674608 -0.00670935   0.0192891 -0.00843099   0.0116042 1 0 0 0
              169.39  2.93401  9.22997 -47.6572  27.2724  32.5713 0.772748  -0.578361  -0.559436 -0.0612353  0.00273803 0.000653652 -0.00670653   0.0195225 -0.00789431   0.0113035 1 0 0 6886
              169.39 3.02341 9.23471 -47.649   27.281  32.5655 0.776149   -0.48313  -0.624894 -0.0227586  0.00271643 0.000630738 -0.00670891  0.0181928 -0.0083175  0.0106239 1 0 0 0
              169.49  4.55932  9.47327 -47.3988  27.2294  32.5123 0.758824 -0.510145 -0.525938  -0.19402  0.00271305 0.000642912 -0.00669302   0.0199843 -0.00864315   0.0128481 1 0 0 6995
              169.49  4.52039  9.48199 -47.4503 27.2338 32.5219 0.76088 -0.458271 -0.416913 -0.171952  0.00273008  0.00064587 -0.00667768  0.0206933 -0.0101717  0.0127313 1 0 0 0
              169.59  3.97655  8.95482 -45.9322  27.1868   32.474 0.744936 -0.467687  -0.52234 -0.127039  0.00276126 0.000670001 -0.00673039   0.0205165 -0.00964653   0.0128868 1 0 0 7063
              169.59  3.88752  8.98807 -45.9748  27.1863  32.4662 0.751478  -0.468718  -0.608574 -0.0600454  0.00276641 0.000639012 -0.00671732  0.0198731 -0.0089994  0.0118484 1 0 0 0
              169.69  2.77708  9.38527 -45.7406  27.1364  32.4004 0.746087 -0.541858 -0.703815  0.015038  0.00276652 0.000618634 -0.00668229   0.0198372 -0.00891942   0.0125368 1 0 0 6976
              169.69  2.77498   9.3858 -45.7188  27.1367  32.3995 0.745592 -0.538805 -0.713421 0.0100353  0.00276739 0.000615585 -0.00668927   0.0197166 -0.00886335   0.0125792 1 0 0 0
              169.79 2.86806 10.2737 -44.704  27.0787    32.32 0.756448  -0.55474 -0.785147  0.118857  0.00273688 0.000599484 -0.00670836   0.0193815 -0.00785631   0.0119485 1 0 0 7026
              169.79  2.84963  10.1908 -44.7064  27.0846  32.3138 0.750182 -0.492101 -0.855344 0.0594871   0.0027445 0.000631482 -0.00670859   0.0179845 -0.00778299   0.0125605 1 0 0 0
              169.89  1.29269  10.5608 -43.9532   27.031   32.242 0.759557 -0.551231 -0.652579 0.0879688  0.00278244  0.00062844 -0.00668861   0.0193686 -0.00781871   0.0118704 1 0 0 7155
              169.89 1.20805  10.496 -43.925  27.039 32.2393 0.77981  -0.44996 -0.682375  0.303716  0.00281328 0.000635596 -0.00669322   0.0186494 -0.00865549   0.0086945 1 0 0 0
              169.99  2.09323  9.88331 -44.9376  26.9847  32.1894 0.794352 -0.568892 -0.456229 0.0867571  0.00271822 0.000689949 -0.00664594   0.0206706 -0.00933039    0.010986 1 0 0 7085
              169.99  2.06293   9.9062 -44.9208  26.9806  32.1859 0.800208 -0.610972  -0.49522   0.14749  0.00271529 0.000680429 -0.00665529   0.020846 -0.0086322  0.0102046 1 0 0 0
              170.09  2.91627  8.02185 -45.6102  26.9162  32.1483 0.796769 -0.681675 -0.356835 -0.082699  0.00269358 0.000724149 -0.00664864   0.0217533 -0.00972707   0.0122563 1 0 0 6787
              170.09  2.92112  8.07875 -45.5931  26.9134  32.1508 0.788974 -0.717952 -0.327808 -0.161951   0.0026935 0.000708465 -0.00665187    0.022204 -0.00961142   0.0134414 1 0 0 0
              170.19  4.17546  7.82535 -46.7779  26.8479   32.112 0.759048 -0.677169 -0.400623 -0.329861  0.00268944 0.000651264  -0.0066393   0.0207898 -0.00976965   0.0144891 1 0 0 6918
              170.19  4.02485  7.73391 -46.8346  26.8494  32.1028 0.749685 -0.665326 -0.504113 -0.426142  0.00271586 0.000662271  -0.0066289    0.019533 -0.00891158   0.0155681 1 0 0 0
              170.29  4.57349  7.38039 -47.4365  26.7811  32.0412 0.721619 -0.708323  -0.65317 -0.224547    0.002713 0.000604242 -0.00666454   0.0183723 -0.00862425   0.0135821 1 0 0 6988
              170.29  4.57613  7.32298 -47.4556  26.7824  32.0319 0.725984 -0.690708 -0.759234 -0.177407  0.00269512 0.000597232 -0.00666482   0.0172744 -0.00793563   0.0127617 1 0 0 0
              170.39  4.96378  6.80716 -48.0502  26.7125  31.9651 0.728828 -0.698529 -0.651046  0.137187  0.00273179 0.000633362 -0.00666255  0.018417 -0.009035 0.0111678 1 0 0 6953
              170.39  5.02099  6.77474 -47.9528  26.7081  31.9811 0.741725 -0.745359 -0.464296  0.268472  0.00275395    0.000699 -0.00668746  0.0207736 -0.0102522 0.00978822 1 0 0 0
              170.49  4.37716   6.2881 -47.3333  26.6448   31.933 0.774154 -0.542266 -0.456254   0.34578  0.00279402 0.000659497 -0.00670284  0.0199936 -0.0103932 0.00985506 1 0 0 6953
              170.49  4.26198  6.31028 -47.5148  26.6646  31.9202 0.762429 -0.328545 -0.594938  0.234487   0.0028469  0.00057174 -0.00663062  0.0167715 -0.0111888   0.011079 1 0 0 0
              170.59  2.23447    7.282 -47.7954  26.6198  31.8691 0.789352 -0.435353  -0.47676  0.212736  0.00281454 0.000585675    -0.00667   0.0191709 -0.00988145   0.0102919 1 0 0 6826
              170.59  2.18577  7.25858 -47.8182  26.6203  31.8627 0.786703 -0.429272 -0.551212  0.186647  0.00281794 0.000577309 -0.00665713   0.0183595 -0.00928049   0.0105202 1 0 0 0
              170.69  2.77229  7.73332 -47.5576  26.5644  31.8188 0.799179 -0.574919 -0.425125 0.0741581  0.00273161 0.000640394 -0.00669293   0.0208981 -0.00883803   0.0111683 1 0 0 6803
              170.69  2.77738  7.79077 -47.5766  26.5712  31.8144 0.800903 -0.496613 -0.478042 0.0957432  0.00273496 0.000599286 -0.00668317   0.0197634 -0.00917565   0.0107689 1 0 0 0
              170.79  3.44854  8.16888 -47.5927  26.5109  31.7727 0.798786  -0.618686  -0.416333 -0.0558262  0.00271857   0.0006492 -0.00668252   0.0214737 -0.00856917   0.0121803 1 0 0 6913
              170.79 3.38694 8.33269 -47.596  26.4894  31.7876 0.795752  -0.860984  -0.248673 -0.0947705  0.00271972 0.000669698 -0.00667831   0.0250904 -0.00756586   0.0131043 1 0 0 0
              170.89   4.7119  8.70239 -47.6441  26.4276  31.7401 0.775854 -0.555643 -0.540068 -0.233945  0.00269805 0.000589863 -0.00667131   0.0202912 -0.00819839   0.0133334 1 0 0 7085
              170.89   4.7119  8.70239 -47.6441  26.4276  31.7401 0.775854 -0.555643 -0.540068 -0.233945  0.00269805 0.000589863 -0.00667131   0.0202912 -0.00819839   0.0133334 1 0 0 0
              170.99  5.31508  8.89723 -47.8449  26.3992  31.6654 0.751154 -0.229617 -0.819821 -0.240249  0.00275015  0.00052565 -0.00667009   0.0158231 -0.00940724   0.0123863 1 0 0 7195
              170.99  5.27495  8.89567 -47.8666   26.404  31.6671 0.751136 -0.175223 -0.800371 -0.237113  0.00277594 0.000520722 -0.00666326  0.0155614 -0.0101043  0.0123686 1 0 0 0
              171.09  5.76457  9.56417 -47.9755  26.3867  31.5827 0.737952  -0.164958  -0.890295 -0.0846065  0.00276756 0.000521098 -0.00665383  0.0157336 -0.0101238  0.0114191 1 0 0 7291
              171.09  5.73105  9.45076 -48.0388  26.3994  31.5746 0.744502  -0.0114786   -0.985371 -0.00886463  0.00279197 0.000504868 -0.00663639  0.0136775 -0.0109572  0.0101665 1 0 0 0
              171.19  4.97828   9.6774 -48.2951  26.3608  31.4954 0.759545 -0.456162 -0.795023  0.225836  0.00276656  0.00067723 -0.00665801   0.0194387 -0.00958954    0.010377 1 0 0 7368
              171.19  4.97828   9.6774 -48.2951  26.3608  31.4954 0.759545 -0.456162 -0.795023  0.225836  0.00276656  0.00067723 -0.00665801   0.0194387 -0.00958954    0.010377 1 0 0 0
              171.29  3.63637  10.2211 -49.9439  26.2985  31.4357 0.781673 -0.606398 -0.482121  0.179914    0.002757 0.000775898 -0.00662742  0.0227804 -0.0086651  0.0114438 1 0 0 7393
              171.29  3.58998  10.1952 -49.9826   26.309   31.439 0.780407 -0.488683 -0.446258  0.173015  0.00281143 0.000763774 -0.00660721  0.0221818 -0.0100512  0.0115678 1 0 0 0
              171.39 1.59892 8.48923 -48.381  26.2538  31.3945 0.787864 -0.581217 -0.428643 0.0466633  0.00282876 0.000814603 -0.00674081  0.0218498 -0.0088955  0.0123653 1 0 0 7056
              171.39  1.60649  8.44729 -48.3805   26.252  31.3824 0.780669 -0.606477 -0.565005 -0.025651  0.00281124 0.000813425 -0.00673968   0.0205482 -0.00750923   0.0130204 1 0 0 0
              171.49  2.84116  8.32896 -49.5766 26.1965 31.3207 0.77482 -0.559442 -0.624554 -0.110525  0.00273517 0.000762556 -0.00666412   0.0193585 -0.00779314    0.012532 1 0 0 7024
              171.49  2.87932  8.36495 -49.5539  26.1911  31.3289 0.773681 -0.623826 -0.530664 -0.125428  0.00272356 0.000755532 -0.00666956   0.0208971 -0.00792318   0.0129654 1 0 0 0
              171.59  4.58781  8.60108 -49.0677  26.142 31.2614  0.7592 -0.491601 -0.710961 -0.171664  0.00274018 0.000673447  -0.0067104   0.018053 -0.0085914  0.0123474 1 0 0 7100
              171.59  4.61132  8.62429 -49.0565 26.1431 31.2598 0.76094  -0.47812 -0.729337 -0.152897  0.00273357 0.000658948 -0.00671385   0.0178046 -0.00859014   0.0120697 1 0 0 0
              171.69  5.90111  8.84129 -48.9704  26.1026  31.1849 0.752925  -0.409736  -0.755481 -0.0817271   0.0027612 0.000663224  -0.0066974   0.0170027 -0.00962681   0.0106808 1 0 0 7286
              171.69  5.90784  8.86597 -48.9717  26.1047  31.1885 0.754743  -0.384864  -0.714798 -0.0624196  0.00276806 0.000658576 -0.00669489  0.0172387 -0.0102126  0.0105143 1 0 0 0
              171.79  6.64777  8.94775 -48.6676 26.0595  31.118 0.74626   -0.49224  -0.721364 -0.0493601  0.00277879 0.000684646 -0.00670251  0.0178467 -0.0100216  0.0112623 1 0 0 7392
              171.79  6.67356  8.95713 -48.6521  26.0601  31.1172 0.745054  -0.486214   -0.73096 -0.0612706  0.00277163  0.00068061 -0.00670699   0.0176713 -0.00998898   0.0114014 1 0 0 0
              171.89   6.6159  9.51533 -49.5648  25.9974  31.0495 0.747806 -0.666856 -0.666338  0.136378  0.00276753 0.000729316 -0.00666859    0.019398 -0.00918412   0.0115939 1 0 0 7577
              171.89  6.63708   9.5268 -49.5591  25.9961  31.0483 0.747538 -0.682639 -0.680707  0.133067  0.00275279 0.000725669 -0.00667114  0.0193805 -0.0089238   0.011599 1 0 0 0
              171.99  6.56915  9.53594 -50.6711  25.9284  30.9889 0.770579 -0.603651 -0.510816  0.238767   0.0027631 0.000751804 -0.00666742   0.0202496 -0.00910708    0.011566 1 0 0 7607
              171.99  6.38493  9.38356 -50.6948  25.9337  30.9801 0.762114 -0.545258 -0.610818  0.151333  0.00281533 0.000770758 -0.00666255   0.0186524 -0.00876318   0.0124171 1 0 0 0
              172.09  2.93342  8.79745 -49.5887  25.8829   30.934 0.775398 -0.494118 -0.430711 0.0949248  0.00289311 0.000761559 -0.00675664   0.0199392 -0.00945141   0.0122345 1 0 0 7225
              172.09  3.02689  8.91792 -49.5934  25.8877  30.9372 0.786111 -0.43215 -0.39544 0.210186  0.00286396 0.000725818 -0.00675149  0.0200674 -0.0106479  0.0107348 1 0 0 0
              172.19   2.4817  9.10919 -49.3949  25.8449  30.8972 0.797462 -0.451609 -0.416765 0.0518409  0.00279813 0.000724751 -0.00670659  0.0200439 -0.0109337  0.0113075 1 0 0 6979
              172.19  2.51157  9.08507 -49.4275  25.8575  30.8894 0.794606 -0.302735 -0.506793 0.0259498  0.00280899 0.000680767 -0.00668596  0.0179719 -0.0116829  0.0113972 1 0 0 0
              172.29  3.45845   9.1131 -49.3497  25.8102  30.8403 0.790072  -0.498708  -0.491632 -0.0869419  0.00273826 0.000715713 -0.00670489  0.0195781 -0.0101509   0.012233 1 0 0 7061
              172.29  3.48631   9.1925 -49.4012  25.8142  30.8327 0.798234  -0.448915  -0.579494 0.00121087  0.00272435 0.000673652 -0.00668934   0.0184971 -0.00999161   0.0109084 1 0 0 0
              172.39  4.20823  9.46706 -49.7222  25.7516  30.7761 0.788881 -0.654793  -0.58302 -0.136347   0.0027197 0.000683436 -0.00669789   0.0206066 -0.00765101   0.0121044 1 0 0 7030
              172.39 4.19914 9.52205 -49.713 25.7554 30.7716 0.78797 -0.610684 -0.634664 -0.144029  0.00272264 0.000662937  -0.0067003   0.0196643 -0.00768264   0.0120675 1 0 0 0
              172.49  4.64544  9.63532 -49.9016  25.6854  30.7077 0.766297 -0.712315 -0.662972 -0.207428  0.00271188 0.000725479  -0.0067034   0.0206256 -0.00686146   0.0132202 1 0 0 7181
              172.49  4.64544  9.63532 -49.9016  25.6854  30.7077 0.766297 -0.712315 -0.662972 -0.207428  0.00271188 0.000725479  -0.0067034   0.0206256 -0.00686146   0.0132202 1 0 0 0
              172.59  4.46492  9.49587 -50.2046  25.6193  30.6378 0.755612  -0.662298  -0.724636 -0.0233074  0.00275493 0.000705708 -0.00669705   0.0201232 -0.00747393   0.0126037 1 0 0 7162
              172.59  4.38908   9.4929 -50.2696  25.6291  30.6509 0.753151  -0.544265  -0.572178 -0.0469367  0.00284407  0.00072291 -0.00667044   0.0206461 -0.00975186   0.0132109 1 0 0 0
              172.69  3.66924  10.4881 -50.1179   25.583  30.5805 0.759018 -0.438694  -0.72194  0.122481  0.00285295 0.000621377 -0.00670317  0.0186526 -0.0101025  0.0126251 1 0 0 7199
              172.69  3.66399   10.504 -50.1373  25.5893  30.5757 0.761269 -0.363771 -0.778266  0.148981  0.00286335 0.000579357  -0.0066945  0.0176185 -0.0104388    0.01214 1 0 0 0
              172.79  1.58489  10.9339 -50.7582  25.5519  30.5035 0.779115 -0.389891 -0.648182  0.137748  0.00287541 0.000600904 -0.00671017    0.017805 -0.00983628   0.0111441 1 0 0 7029
              172.79  1.57114  10.7588 -50.7225  25.5418   30.504 0.784065 -0.508669 -0.642729  0.186176  0.00285375 0.000677435 -0.00673402   0.0188511 -0.00873451   0.0106249 1 0 0 0
              172.89  3.39584  9.93654 -51.3195  25.4858  30.4485 0.798974 -0.570887 -0.523561 0.0904597  0.00270579 0.000667608 -0.00667445   0.0197314 -0.00897098   0.0108252 1 0 0 6988
              172.89  3.39593  9.93874 -51.3159  25.4934  30.4428 0.801646 -0.481604 -0.587558  0.120874  0.00270891 0.000647853 -0.00667026  0.0184826 -0.0094041  0.0102084 1 0 0 0
              172.99   4.6955  9.05703 -52.8875  25.4358  30.3948 0.799587  -0.618179  -0.457817 -0.0709538  0.00270854 0.000666701 -0.00666597   0.0200451 -0.00895041   0.0119538 1 0 0 7008
              172.99  4.64571  9.02413 -52.9095  25.4456  30.3879 0.799453  -0.503139  -0.534448 -0.0683241  0.00272277 0.000670272 -0.00666289   0.0182534 -0.00962052   0.0116559 1 0 0 0
              173.09  6.05118  8.47605 -53.9364  25.3778   30.345 0.783351 -0.724259 -0.443864 -0.194763  0.00268948 0.000732961 -0.00666216   0.0207898 -0.00879683   0.0130855 1 0 0 7016
              173.09   6.0479  8.39801 -53.9658  25.3856  30.3428 0.779608 -0.634033 -0.467639 -0.235402  0.00270686 0.000732399  -0.0066525   0.0198271 -0.00951729   0.0135473 1 0 0 0
              173.19  5.97749  8.40351 -54.0781  25.3094  30.3004 0.753248 -0.809857  -0.44404 -0.231478  0.00276152 0.000728209 -0.00668934   0.0212948 -0.00875712   0.0142348 1 0 0 6928
              173.19  5.95783   8.3232 -54.0559  25.3222  30.2882 0.752236 -0.661653 -0.581372 -0.238274  0.00277338  0.00071586 -0.00670075   0.0188073 -0.00939158   0.0140493 1 0 0 0
              173.29  5.99325  9.27191 -53.5231  25.2409  30.2317 0.745106  -0.860045  -0.576425 0.00666481  0.00277152  0.00066254 -0.00670177   0.0206199 -0.00794748   0.0124618 1 0 0 7076
              173.29  5.99313  9.22339 -53.6314  25.2582  30.2197 0.756416 -0.650109 -0.714524  0.133864  0.00277505 0.000665349 -0.00667002   0.0177064 -0.00957964   0.0104176 1 0 0 0
              173.39 6.66658 10.5343 -52.739  25.1719  30.1618 0.777782 -0.841926 -0.516484  0.262868  0.00268658 0.000735688 -0.00672505   0.0208074 -0.00767397   0.0108447 1 0 0 7127
              173.39 6.66658 10.5343 -52.739  25.1719  30.1618 0.777782 -0.841926 -0.516484  0.262868  0.00268658 0.000735688 -0.00672505   0.0208074 -0.00767397   0.0108447 1 0 0 0
              173.49  2.97392  10.7134 -51.4214  25.0967  30.1205 0.790934 -0.708733 -0.358324  0.091302  0.00282156 0.000769595 -0.00675042   0.0208334 -0.00788579   0.0120838 1 0 0 7021
              173.49 2.88606 10.6799 -51.417  25.0896  30.1251 0.781186  -0.792783  -0.304966 -0.0134985  0.00284942 0.000800846 -0.00676378    0.021728 -0.00719783   0.0135539 1 0 0 0
              173.59  1.94291  10.6906 -50.9949  25.0331  30.0869 0.782187  -0.518305  -0.420409 -0.0184182  0.00278951 0.000777122 -0.00671745  0.0190449 -0.0097071  0.0121935 1 0 0 6819
              173.59  1.92083    10.72 -51.0247 25.0446 30.0848 0.78642 -0.381005 -0.445305 0.0325015  0.00280033 0.000766971 -0.00670505  0.0177817 -0.0110996  0.0112943 1 0 0 0
              173.69  2.32666  11.5825 -52.0822  25.0157  30.0338 0.789834 -0.289086 -0.530085 0.0162359  0.00276422  0.00071562 -0.00668238  0.0164693 -0.0119282  0.0105082 1 0 0 6832
              173.69  2.28917  11.4587 -52.1531 25.0304 30.0252 0.79632 -0.119131  -0.62482 0.0910834  0.00279811 0.000695397 -0.00666082  0.0144451 -0.0129256 0.00918886 1 0 0 0
              173.79  3.42406  11.1299 -52.5496  24.9914  29.9721 0.798772  -0.430156  -0.531325 -0.0231753  0.00272763 0.000755678 -0.00670443  0.0177715 -0.0103382  0.0101791 1 0 0 6994
              173.79  3.48961  11.1986 -52.5668  24.9969  29.9639 0.808588 -0.365246 -0.626101 0.0846807  0.00270352  0.00071169 -0.00669997  0.0166219 -0.0103714 0.00852849 1 0 0 0
             173.891  4.30478  11.1569 -54.1439  24.9301  29.9154 0.799979 -0.723098 -0.490103  -0.10932  0.00272234 0.000697451 -0.00666197   0.0212389 -0.00765281   0.0116444 1 0 0 6922
             173.891  4.22032  11.0487 -54.1772  24.9376  29.9066 0.791789 -0.640469 -0.588915 -0.190886  0.00274667 0.000741917 -0.00665652   0.0192457 -0.00775546   0.0124245 1 0 0 0
              173.99  4.86475  11.1021 -54.4271  24.8524  29.8576 0.770082 -0.904887 -0.507545 -0.187515  0.00272747 0.000747801 -0.00667292   0.0223685 -0.00580865   0.0139665 1 0 0 7058
              173.99  4.75996  10.9263 -54.5407  24.8746  29.8467 0.767746 -0.642744 -0.629694 -0.203588  0.00276839 0.000772163 -0.00664381   0.0189964 -0.00789426   0.0137195 1 0 0 0
              174.09  4.59663  10.8802 -55.1474  24.7927  29.7896 0.758092   -0.878022   -0.581883 -0.00606951  0.00275015 0.000797676 -0.00669118    0.021191 -0.00685093   0.0137886 1 0 0 7047
              174.09  4.55857  10.8585 -55.1838  24.8072  29.7869 0.764425 -0.705484 -0.611471 0.0658733  0.00281521 0.000752715 -0.00667178   0.0199455 -0.00851672   0.0127646 1 0 0 0
              174.19  3.95916  11.8795 -56.3128  24.7262  29.7251 0.781426 -0.789196 -0.569396  0.145123  0.00277536 0.000727584 -0.00667167   0.0206354 -0.00701914   0.0117282 1 0 0 6954
              174.19  3.90056  11.7729 -56.4051 24.7418  29.723 0.78111 -0.609943 -0.590207  0.147773  0.00283777  0.00071401 -0.00663376   0.0192655 -0.00878494   0.0115834 1 0 0 0
              174.29  3.21034  10.1453 -55.7987  24.6793  29.6723 0.798461 -0.620259 -0.464696  0.162746    0.002816 0.000753082 -0.00671791   0.0197551 -0.00864788   0.0108994 1 0 0 6906
              174.29  3.19768   10.073 -55.8213   24.685  29.6724 0.798604 -0.554146 -0.462467  0.165566  0.00282687 0.000771227 -0.00670597   0.0193563 -0.00939164   0.0108288 1 0 0 0
              174.39 4.35841 10.1691 -56.288  24.6287  29.6251 0.807394 -0.555664 -0.447715  0.045499  0.00278191 0.000707661 -0.00670209   0.0191049 -0.00844846   0.0113266 1 0 0 6859
              174.39  4.26095  10.0504 -56.4113   24.656  29.6154 0.803928 -0.231674  -0.55409 0.0145685  0.00281436 0.000736732 -0.00666127  0.0154535 -0.0115826  0.0112936 1 0 0 0
              174.49 4.28011 9.45312 -55.226  24.6023  29.5717 0.799739  -0.618541  -0.421373 -0.0864792  0.00274511 0.000812152 -0.00675028   0.0184695 -0.00872263   0.0120537 1 0 0 6812
              174.49 4.28011 9.45312 -55.226  24.6023  29.5717 0.799739  -0.618541  -0.421373 -0.0864792  0.00274511 0.000812152 -0.00675028   0.0184695 -0.00872263   0.0120537 1 0 0 0
              174.59  4.78473  9.12524 -55.2476  24.5193  29.5331 0.789644 -0.893525 -0.374627 -0.131317  0.00268909 0.000838241 -0.00674502   0.0201235 -0.00672491    0.011963 1 0 0 6729
              174.59  4.66717  9.02223 -55.3276  24.5237  29.5308 0.787131 -0.844076 -0.398211 -0.156662  0.00272876 0.000857682  -0.0067218  0.0194828 -0.0070733  0.0122229 1 0 0 0
              174.69  5.66652  8.54611 -55.5474  24.4346  29.4896 0.774998  -0.936642  -0.415224 -0.0880857  0.00271245   0.0008221 -0.00673449   0.0192572 -0.00721717   0.0119526 1 0 0 6837
              174.69  5.56759  8.45313 -55.5705  24.4359  29.4847 0.772628 -0.923493 -0.469128 -0.112599  0.00273437  0.00083414 -0.00673252   0.0185377 -0.00696982   0.0121466 1 0 0 0
              174.79   5.6211  8.22366 -56.7173  24.3539  29.4471 0.762608  -0.825999  -0.350965 -0.0331875   0.0027938 0.000813442 -0.00669671    0.018504 -0.00918246   0.0128083 1 0 0 6853
              174.79  5.57686  8.14147 -56.6576  24.3501  29.4542 0.765247   -0.868339   -0.270778 -0.00741179  0.00281488 0.000869059 -0.00671575   0.0196592 -0.00926656   0.0126385 1 0 0 0
              174.89 5.51606 7.46207 -56.769  24.2784  29.4197 0.775937 -0.637496 -0.337769  0.138869  0.00284776 0.000785044 -0.00673258  0.0178145 -0.0104632   0.011822 1 0 0 6917
              174.89  5.53577  7.48146 -56.7529 24.2807 29.4157  0.7776 -0.611045 -0.383972  0.157133  0.00284045 0.000758222 -0.00673461  0.0171865 -0.0104927  0.0115015 1 0 0 0
              174.99  3.21344  8.41116 -56.7161  24.229 29.3757 0.79594 -0.473444  -0.39243  0.169371  0.00291306 0.000699945 -0.00671659  0.0164689 -0.0107435  0.0106267 1 0 0 6763
              174.99  3.21344  8.41116 -56.7161  24.229 29.3757 0.79594 -0.473444  -0.39243  0.169371  0.00291306 0.000699945 -0.00671659  0.0164689 -0.0107435  0.0106267 1 0 0 0
              175.09 2.76369 8.77115 -57.428  24.1797  29.3383 0.810482 -0.502862 -0.374687  0.118185  0.00284676 0.000700698 -0.00669923  0.0169058 -0.0104544  0.0107822 1 0 0 6742
              175.09  2.75616  8.75977 -57.4325  24.1812  29.3428 0.814344 -0.482119 -0.322867  0.160316  0.00285071 0.000706065 -0.00669915  0.0174585 -0.0111068   0.010292 1 0 0 0
              175.19  2.36509  8.47492 -57.8293  24.121 29.3055 0.82231 -0.624275 -0.394393 0.0255993  0.00280353 0.000741888 -0.00673255   0.0177507 -0.00952847   0.0108967 1 0 0 6605
              175.19  2.36509  8.47492 -57.8293  24.121 29.3055 0.82231 -0.624275 -0.394393 0.0255993  0.00280353 0.000741888 -0.00673255   0.0177507 -0.00952847   0.0108967 1 0 0 0
              175.29  3.65715  8.93858 -58.0777  24.0487  29.2644 0.811702 -0.734873 -0.434665 -0.151451  0.00273829 0.000726767 -0.00672713   0.0184625 -0.00826872   0.0121681 1 0 0 6704
              175.29  3.69445  8.96338 -58.0915  24.0524  29.2673 0.812737 -0.691448 -0.401602  -0.13881  0.00273478 0.000719764 -0.00672145   0.0185869 -0.00897093   0.0120512 1 0 0 0
              175.39  4.03462  9.46566 -58.0365  23.9848  29.2243 0.786449 -0.685416 -0.464395 -0.254505  0.00276982  0.00073789 -0.00672912   0.0182667 -0.00881234   0.0135987 1 0 0 6701
              175.39  4.03462  9.46566 -58.0365  23.9848  29.2243 0.786449 -0.685416 -0.464395 -0.254505  0.00276982  0.00073789 -0.00672912   0.0182667 -0.00881234   0.0135987 1 0 0 0
              175.49  3.94871  9.77196 -57.4705  23.9189  29.1699 0.762835 -0.662928 -0.581084 -0.187444  0.00279623 0.000717134 -0.00674013   0.0175095 -0.00896231    0.013974 1 0 0 6715
              175.49  3.92393  9.69348 -57.5681  23.9311  29.1733 0.757632 -0.526349 -0.540528 -0.238909  0.00285099 0.000728396 -0.00670877  0.0170199 -0.0106482  0.0147227 1 0 0 0
              175.59  2.81872  10.7465 -56.1614  23.8643  29.1078 0.761533 -0.712385 -0.694759  0.124234  0.00282995 0.000659095 -0.00676178   0.0170063 -0.00911777   0.0117974 1 0 0 6750
              175.59  2.87484  10.7429 -56.1959  23.8728  29.1058 0.766952 -0.609613 -0.717109  0.185891  0.00284363 0.000633863 -0.00674717  0.0162724 -0.0101597  0.0109406 1 0 0 0
              175.69  2.00689  11.9034 -57.5222  23.8022  29.0445 0.786268 -0.671593 -0.523025  0.157131  0.00282592 0.000697262 -0.00669125   0.0178867 -0.00886845   0.0112232 1 0 0 6800
              175.69 1.99363 11.8972 -57.499   23.798  29.0504 0.794292 -0.716441 -0.456223  0.242047  0.00283086 0.000728067 -0.00670066  0.0190715 -0.0088585  0.0103231 1 0 0 0
              175.79  1.85869  10.3944 -56.8687  23.7168  29.0037 0.819692 -0.827228  -0.45911  0.230415  0.00276051 0.000785171 -0.00677714  0.0190288 -0.0073773  0.0100693 1 0 0 6864
              175.79  1.89438  10.4505 -56.8868  23.7268  28.9966 0.825104 -0.707294 -0.545495  0.291469  0.00275744 0.000727074 -0.00675592   0.0175165 -0.00819394  0.00897482 1 0 0 0
             175.891  2.80404  9.28254 -58.6033  23.6541  28.9549 0.829213  -0.741605  -0.383361 -0.0326493  0.00274921 0.000783802  -0.0066679   0.0184877 -0.00871719   0.0118993 1 0 0 6848
             175.891  2.83371    9.282 -58.5876  23.6537  28.9614 0.823253  -0.746636  -0.312234 -0.0952028  0.00274765  0.00079671 -0.00667029   0.0191463 -0.00909172   0.0128523 1 0 0 0
              175.99  4.69632  8.38551 -58.5232 23.5808 28.9294 0.80025 -0.757686  -0.33831 -0.282567  0.00272005 0.000795602 -0.00671104   0.0185415 -0.00948989   0.0141704 1 0 0 6837
              175.99  4.72359  8.36796 -58.5129  23.5845  28.9253 0.794957 -0.715226  -0.38645 -0.341467  0.00271209 0.000795301 -0.00671635   0.0175447 -0.00966133   0.0148683 1 0 0 0
              176.09  5.77707  8.55059 -58.5439  23.5111  28.8825 0.761134  -0.76783 -0.435411 -0.314699  0.00275883 0.000762741 -0.00671089   0.0170281 -0.00956022   0.0147926 1 0 0 7218
              176.09  5.77707  8.55059 -58.5439  23.5111  28.8825 0.761134  -0.76783 -0.435411 -0.314699  0.00275883 0.000762741 -0.00671089   0.0170281 -0.00956022   0.0147926 1 0 0 0
              176.19  5.48495  8.97112 -58.2578  23.4336  28.8424 0.744329 -0.789445 -0.385899 -0.105856  0.00281491 0.000744296 -0.00671145  0.0174437 -0.0101748  0.0133309 1 0 0 7136
              176.19   5.4676  8.84857 -58.2358  23.4312   28.841 0.741002 -0.819017 -0.400727 -0.144282  0.00280859 0.000781222  -0.0067239   0.0173745 -0.00970293   0.0137745 1 0 0 0
              176.29  5.27322  8.63813 -57.7124  23.3454  28.7989 0.753194  -0.84374 -0.422814  0.234618  0.00281137 0.000758443 -0.00672374   0.0174056 -0.00967914   0.0112834 1 0 0 7153
              176.29  5.33592  8.64588 -57.7523 23.3524 28.8044 0.76185 -0.756578 -0.362258  0.334265  0.00283398  0.00075954 -0.00670345   0.017733 -0.0111132  0.0101801 1 0 0 0
              176.39  2.83177  9.26929 -57.9763  23.2835  28.7706 0.799344 -0.620628 -0.294595  0.328323  0.00288211 0.000733295 -0.00669891  0.0176961 -0.0108276 0.00946096 1 0 0 7154
              176.39 2.85665 9.32864 -57.942   23.292  28.7884 0.800232  -0.516782 -0.0911894   0.339043  0.00294667 0.000759088 -0.00670992  0.0193038 -0.0132026 0.00977782 1 0 0 0
              176.49  2.27022  9.19625 -57.8961  23.2321  28.7624 0.830004 -0.603451 -0.298116  0.270828  0.00283033 0.000758714 -0.00671531   0.017853 -0.0107648 0.00982916 1 0 0 7062
              176.49  2.27022  9.19625 -57.8961  23.2321  28.7624 0.830004 -0.603451 -0.298116  0.270828  0.00283033 0.000758714 -0.00671531   0.017853 -0.0107648 0.00982916 1 0 0 0
              176.59  1.92742  9.58357 -57.9068  23.1638   28.719 0.840304   -0.7226 -0.472788 0.0587798  0.00280711 0.000743684 -0.00672838   0.0164319 -0.00838643   0.0115339 1 0 0 7070
              176.59  1.90835  9.64304 -57.9087  23.1713  28.7142 0.834161    -0.63698   -0.528119 -0.00752186  0.00281441 0.000722066 -0.00672791   0.0150438 -0.00903554    0.012291 1 0 0 0
              176.69 2.55134 9.12048 -58.616  23.0928  28.6628 0.820085 -0.801678 -0.519893 -0.196165  0.00273644 0.000810697 -0.00670791    0.016063 -0.00728738   0.0136301 1 0 0 7058
              176.69  2.55288  9.07577 -58.5971  23.0889  28.6622 0.814278 -0.846804 -0.525688 -0.258752  0.00272207 0.000830055 -0.00671617   0.0161388 -0.00673164   0.0144433 1 0 0 0
              176.79  3.80125  9.36796 -59.0737  23.0049  28.6183 0.784198 -0.823218 -0.451863 -0.321071  0.00273619 0.000821766 -0.00669225   0.0177447 -0.00755474    0.014958 1 0 0 7341
              176.79  3.78503  9.41415 -59.0457 22.9935 28.6387 0.78506 -0.957047 -0.216207  -0.31344  0.00274707 0.000855386 -0.00669792   0.0212121 -0.00744767   0.0153968 1 0 0 0
              176.89  3.49599  9.64879 -58.5789  22.9232  28.6006 0.762692 -0.654164 -0.439728 -0.181904  0.00281121 0.000840814 -0.00673334  0.0175047 -0.0102457  0.0137606 1 0 0 7328
              176.89  3.50332   9.5921 -58.5853  22.9314  28.6105 0.764702 -0.560113 -0.325909 -0.157394  0.00281809 0.000861737 -0.00673281  0.0183344 -0.0121661  0.0136743 1 0 0 0
              176.99  2.56858  9.71117 -58.2579   22.892   28.554 0.765799 -0.390671 -0.624387 0.0922483   0.0028553 0.000722637  -0.0067143  0.0147335 -0.0130751  0.0113174 1 0 0 7400
              176.99  2.54626  9.63771 -58.2865  22.8944  28.5568 0.760095 -0.364242 -0.590899 0.0316683  0.00287375 0.000750377 -0.00670596 0.0148078 -0.013513 0.0121645 1 0 0 0
              177.09   2.5739   11.447 -58.0602  22.8477  28.4891 0.784013 -0.447134 -0.665837  0.289604  0.00280201   0.0006622 -0.00670741  0.0147624 -0.0122924  0.0102752 1 0 0 7399
              177.09  2.50706  11.2855 -58.1068  22.8405  28.4785 0.779774 -0.530265  -0.78534  0.240378  0.00278872 0.000699992 -0.00669887  0.0138392 -0.0106272   0.010689 1 0 0 0
              177.19 0.658554  10.6893 -57.6314  22.7787    28.42 0.807904 -0.631782 -0.508281  0.278619  0.00282129 0.000702574 -0.00674592   0.0168524 -0.00967631  0.00997907 1 0 0 7392
              177.19  0.71005  10.6974 -57.5666  22.7739  28.4192 0.810001 -0.687278 -0.518616  0.300494  0.00281263 0.000696884 -0.00676607   0.0171556 -0.00894271   0.0096996 1 0 0 0
              177.29  2.30721    10.16 -58.9188  22.7028  28.3829 0.826989 -0.717886 -0.333191  0.106939  0.00273127 0.000723588 -0.00669085   0.0192882 -0.00971065   0.0115759 1 0 0 7387
              177.29  2.30468  10.1555 -58.9015  22.6973  28.3816 0.817789  -0.788291  -0.347102 0.00670457  0.00272778 0.000727131 -0.00669829   0.019322 -0.0087379  0.0130196 1 0 0 0
              177.39 3.58374 9.50088 -59.464  22.6253  28.3568 0.807482 -0.732697 -0.225184 -0.144514  0.00278194 0.000740322 -0.00673575 0.0195845 -0.010459 0.0139257 1 0 0 7385
              177.39  3.51382  9.48038 -59.4857  22.6254  28.3615 0.809077 -0.730051 -0.172275 -0.127543  0.00281028  0.00075502 -0.00672693  0.0201952 -0.0108039  0.0138178 1 0 0 0
              177.49   5.1342   9.3926 -59.8543  22.5618  28.3354 0.791575 -0.655253 -0.276646 -0.187583  0.00278746  0.00073085 -0.00674076  0.0181715 -0.0118529  0.0136634 1 0 0 7550
              177.49  5.13161  9.43907 -59.8715  22.5715   28.338 0.795674 -0.537501 -0.246083 -0.139971  0.00279185 0.000715298 -0.00673385  0.0179187 -0.0135804  0.0130566 1 0 0 0
              177.59  6.25345  9.14911 -59.7533  22.5092  28.3015 0.784109  -0.655604  -0.376808 -0.0832653  0.00275612 0.000695926 -0.00676975  0.0167143 -0.0123641  0.0128506 1 0 0 7705
              177.59  6.25345  9.14911 -59.7533  22.5092  28.3015 0.784109  -0.655604  -0.376808 -0.0832653  0.00275612 0.000695926 -0.00676975  0.0167143 -0.0123641  0.0128506 1 0 0 0
              177.69  6.12293  8.86014 -60.2203  22.4292  28.2549 0.782077 -0.842852 -0.472404 0.0458802  0.00275469 0.000680826 -0.00676623  0.0163568 -0.0101528  0.0122073 1 0 0 7741
              177.69  6.07885  8.82421 -60.2535  22.4251  28.2524 0.784352 -0.889057  -0.50113 0.0693346  0.00275518 0.000693243 -0.00675924    0.016339 -0.00950373   0.0118148 1 0 0 0
              177.79  6.15377  7.85624 -59.7037  22.3316  28.2054 0.796297 -0.893246 -0.466968  0.164556  0.00276779 0.000702997 -0.00679843   0.0172173 -0.00885375   0.0122506 1 0 0 7769
              177.79  6.15046  7.93846 -59.6882  22.3265  28.2063 0.795969 -0.951762 -0.456965  0.159427  0.00277357 0.000672121 -0.00680014   0.0177004 -0.00817161   0.0123157 1 0 0 0
              177.89  3.30948  8.51997 -59.8828  22.2502  28.1678 0.806072 -0.712347 -0.356106 0.0817393  0.00287033 0.000660687 -0.00678803    0.01737 -0.0100703  0.0127865 1 0 0 7512
              177.89  3.30948  8.51997 -59.8828  22.2502  28.1678 0.806072 -0.712347 -0.356106 0.0817393  0.00287033 0.000660687 -0.00678803    0.01737 -0.0100703  0.0127865 1 0 0 0
              177.99  3.26919   8.6064 -60.1428  22.1965  28.1387 0.810181  -0.505541  -0.286024 0.00139883  0.00283138 0.000667708 -0.00677759   0.017279 -0.0125518  0.0130171 1 0 0 7613
              177.99  3.22734  8.59735 -60.0781  22.1844   28.146 0.810444    -0.637981    -0.206608 -0.000406767   0.0028334 0.000696382 -0.00680896  0.0189329 -0.0114786  0.0131906 1 0 0 0
              178.09  3.49959   8.8143 -60.5447  22.1398  28.1189 0.806376  -0.407064  -0.295527 -0.0654292  0.00280847 0.000680733 -0.00678655  0.0169883 -0.0138446  0.0130323 1 0 0 7481
              178.09   3.5556  8.83505 -60.5298  22.1447  28.1242 0.812305   -0.350802   -0.238395 -0.00218768  0.00279639  0.00067615 -0.00679108  0.0174713 -0.0149591  0.0122609 1 0 0 0
              178.19  4.22763  9.33071 -59.9108  22.1078  28.0857 0.809899  -0.356194  -0.437327 -0.0416444   0.0027608 0.000638043   -0.006815  0.0162476 -0.0137024   0.011922 1 0 0 7507
              178.19  4.13143  9.20569 -59.9398  22.1128  28.0746 0.799099  -0.29902 -0.558977 -0.153224  0.00278596 0.000631355 -0.00680618   0.014335 -0.0135915  0.0131098 1 0 0 0
              178.29  4.68677  10.1049 -59.1687  22.0591  28.0171 0.788861 -0.553083 -0.602467  -0.11592  0.00272429 0.000627612 -0.00682834  0.0162765 -0.0107738  0.0122098 1 0 0 7690
              178.29  4.68677  10.1049 -59.1687  22.0591  28.0171 0.788861 -0.553083 -0.602467  -0.11592  0.00272429 0.000627612 -0.00682834  0.0162765 -0.0107738  0.0122098 1 0 0 0
              178.39  4.99522  10.2076 -58.4879  21.9908  27.9604 0.783814  -0.692508  -0.580051 -0.0383132  0.00271663 0.000656245 -0.00681926   0.0182626 -0.00932477   0.0116555 1 0 0 7715
              178.39  4.99522  10.2076 -58.4879  21.9908  27.9604 0.783814  -0.692508  -0.580051 -0.0383132  0.00271663 0.000656245 -0.00681926   0.0182626 -0.00932477   0.0116555 1 0 0 0
              178.49  4.21073  9.92859 -58.3676  21.9203  27.9057 0.787481 -0.753886 -0.558146  0.142506  0.00277329 0.000682246 -0.00681355 0.0188415 -0.010034 0.0119085 1 0 0 7699
              178.49  4.21073  9.92859 -58.3676  21.9203  27.9057 0.787481 -0.753886 -0.558146  0.142506  0.00277329 0.000682246 -0.00681355 0.0188415 -0.010034 0.0119085 1 0 0 0
             178.591  4.03229  10.1237 -58.3307  21.8557  27.8476 0.806602 -0.576705 -0.536632  0.185611  0.00279388 0.000650167 -0.00679377  0.0176783 -0.0110144  0.0118747 1 0 0 7713
             178.591  4.03229  10.1237 -58.3307  21.8557  27.8476 0.806602 -0.576705 -0.536632  0.185611  0.00279388 0.000650167 -0.00679377  0.0176783 -0.0110144  0.0118747 1 0 0 0
              178.69  1.92203  9.01236 -57.6428  21.8137  27.8018 0.811319 -0.409959 -0.426591 0.0110972  0.00284337 0.000676264 -0.00683078  0.016722 -0.013112 0.0134255 1 0 0 7454
              178.69  1.97819  9.02768 -57.6444  21.8142  27.8035 0.814517 -0.403554 -0.407584 0.0483638  0.00282614  0.00067156 -0.00683027  0.0170032 -0.0133615  0.0129467 1 0 0 0
              178.79  3.77412  9.49415 -58.7135  21.7757  27.7648 0.814173  -0.379199  -0.355536 -0.0487318  0.00273581 0.000642007 -0.00676609  0.0170206 -0.0135432  0.0129771 1 0 0 7459
              178.79  3.80342   9.4467 -58.7795 21.7858 27.7504 0.81826   -0.261672    -0.52226 0.000941172  0.00272795 0.000587565 -0.00674104  0.0145832 -0.0138495  0.0119848 1 0 0 0
              178.89  4.97451  8.49207 -58.4932 21.7351 27.7102 0.81446  -0.546595  -0.359684 -0.0649008 0.00271598 0.00067518 -0.0068141  0.0171875 -0.0114286   0.012546 1 0 0 7731
              178.89    4.954  8.51669 -58.5294  21.7349  27.7121 0.815485   -0.54828   -0.33811 -0.0528799  0.00272278 0.000671353 -0.00680118  0.0174628 -0.0115457  0.0124386 1 0 0 0
              178.99  5.25429  8.66502 -58.7746  21.6648  27.6839 0.804436 -0.741131 -0.263363 -0.122752  0.00273851  0.00066181 -0.00680026   0.0191172 -0.00973447   0.0131812 1 0 0 7552
              178.99  5.22922  8.66488 -58.8053  21.6661  27.6801 0.804923 -0.724822 -0.306995 -0.116909  0.00274455 0.000660957  -0.0067917   0.0184851 -0.00966331   0.0129991 1 0 0 0
              179.09  5.39155   8.6522 -58.0997  21.5878   27.651 0.793732 -0.809989 -0.292178  -0.10195  0.00275406 0.000664857 -0.00681408   0.0189509 -0.00929634   0.0131426 1 0 0 7734
              179.09  5.4006 8.72243 -58.082 21.5894 27.6562 0.79523  -0.791574   -0.23211 -0.0836454   0.0027683 0.000658264 -0.00681534   0.0195407 -0.00987124   0.0130483 1 0 0 0
              179.19   5.5157  9.62712 -57.6552  21.5167  27.6234 0.791305  -0.724908  -0.334798 -0.0049504  0.00278088 0.000612798 -0.00680863  0.0176938 -0.0103989  0.0125518 1 0 0 7633
              179.19  5.56779  9.78751 -57.6882   21.527  27.6254 0.802977 -0.606823 -0.312716  0.132345 0.00280446 0.00055216 -0.0067875   0.017493 -0.0120325  0.0108706 1 0 0 0
              179.29  4.75553  9.04817 -55.8332   21.472   27.592 0.811783  -0.53791 -0.337202  0.141579  0.00286101 0.000588537  -0.0068306  0.0163056 -0.0124314  0.0124274 1 0 0 7529
              179.29  4.75059  8.98962 -55.8266  21.4733  27.5935 0.800819 -0.523433 -0.322702 0.0144688   0.0028696 0.000609651 -0.00683316  0.0161003 -0.0125092  0.0140808 1 0 0 0
              179.39  2.36511  9.52382 -54.6997  21.4196  27.5564 0.808433 -0.490223 -0.327853 0.0211467   0.0029008 0.000561066 -0.00681306  0.0157392 -0.0111602  0.0128855 1 0 0 7395
              179.39  2.25474  9.55169 -54.6798  21.4215  27.5522 0.806196   -0.467472   -0.374598 -0.00259717  0.00293446 0.000534622  -0.0068147  0.0150476 -0.0110686  0.0130827 1 0 0 0
              179.49  1.05705  9.31345 -54.2705   21.371  27.5271 0.808792 -0.520098 -0.241129 0.0287957   0.0028557 0.000565172 -0.00679305  0.0166658 -0.0117568  0.0127429 1 0 0 7379
              179.49 1.20616 9.23223 -54.279  21.3784  27.5184 0.822699 -0.432246 -0.338963  0.182607  0.00280233 0.000571267 -0.00678078  0.0153186 -0.0121341  0.0105073 1 0 0 0
              179.59  1.10407  9.04833 -54.9583    21.32  27.5003 0.832583 -0.599594 -0.162662 0.0694771  0.00279593 0.000577429 -0.00675273 0.0186195 -0.011427 0.0119397 1 0 0 7119
              179.59 0.985476  9.04624 -54.9484  21.3072  27.4968 0.818149  -0.745177  -0.204721 -0.0882725  0.00282392 0.000580081 -0.00675698   0.0188953 -0.00936692   0.0142369 1 0 0 0
              179.69  1.21523  9.27214 -55.9002  21.2369  27.4862 0.812171  -0.688796   -0.10032 -0.0678873  0.00282186 0.000593431 -0.00673868  0.0200019 -0.0105447   0.013766 1 0 0 7301
              179.69  1.23611  9.24852 -55.8843  21.2358  27.4869 0.809825  -0.702757  -0.090655 -0.0936908  0.00281442 0.000605891 -0.00674387  0.0201446 -0.0104596   0.014126 1 0 0 0
              179.79  2.19681  9.72082 -56.3511 21.1785 27.4745 0.80855  -0.535776  -0.143577 -0.0145959  0.00283519 0.000546565 -0.00675531  0.0192359 -0.0117821  0.0126056 1 0 0 7458
              179.79  2.26246  9.68743 -56.3689  21.1888  27.4754 0.806004 -0.417235 -0.135427 -0.044042   0.0028326   0.0005445 -0.00674851  0.0184808 -0.0131292  0.0128994 1 0 0 0
              179.89  2.84725  9.87337 -56.3017  21.1518  27.4489 0.805796   -0.368669   -0.309197 -0.00370741  0.00284124 0.000553374 -0.00676898  0.0166232 -0.0128559  0.0115748 1 0 0 7490
              179.89  2.87318  9.85525 -56.3074  21.1549  27.4451 0.807327 -0.332775 -0.355434 0.0139214  0.00283358 0.000556797 -0.00676861  0.0158522 -0.0129711  0.0111964 1 0 0 0
              179.99  3.47189  9.77995 -55.4815   21.111  27.4033 0.805889  -0.453769  -0.449922 -0.0231818  0.00279843 0.000566629 -0.00679015 0.0160993 -0.011336 0.0115319 1 0 0 7565
              179.99 3.34298 9.89953 -55.504 21.1034 27.4079 0.80588  -0.542199   -0.39439 -0.0226797  0.00282019 0.000566277 -0.00678276  0.0172555 -0.0107259  0.0116902 1 0 0 0
              180.09  3.03295  10.2671 -53.7352  21.0475  27.3635 0.802871   -0.569941   -0.465419 -0.00293224  0.00280727 0.000583027  -0.0068113  0.0168507 -0.0104729  0.0121492 1 0 0 7587
              180.09  2.99842  10.3302 -53.6845 21.0565 27.3697 0.79181 -0.463028 -0.391095 -0.132702  0.00286313 0.000564539 -0.00682069  0.0166533 -0.0120105  0.0139335 1 0 0 0
              180.19   3.4458  11.0969 -50.7807  21.0033  27.3228 0.790891 -0.519628 -0.499939 0.0661991  0.00278886 0.000547876 -0.00684313  0.0165891 -0.0106665  0.0128737 1 0 0 7537
              180.19  3.46196  11.1117 -50.8171  21.0091  27.3235 0.795026  -0.45066 -0.490683  0.114628   0.0028067 0.000534657  -0.0068285  0.0163169 -0.0114744  0.0122269 1 0 0 0
              180.29  2.25549  11.9053 -49.6309  20.9612  27.2813 0.800934 -0.470971 -0.366188 0.0396008  0.00284503 0.000578785 -0.00679487  0.0171671 -0.0106295  0.0127065 1 0 0 7706
              180.29  2.26307  11.8644 -49.6125  20.9623    27.28 0.798581 -0.458454 -0.382672 0.0118122  0.00284518 0.000583396 -0.00679956  0.0168383 -0.0106104  0.0130109 1 0 0 0
              180.39  2.75522  11.4239 -49.4455  20.9083  27.2433 0.802644  -0.54601  -0.34993 0.0238668  0.00276924 0.000626394 -0.00677024   0.0176379 -0.00965119   0.0124937 1 0 0 7726
              180.39  2.82371  11.3977 -49.4315  20.908 27.2418 0.80372 -0.549683 -0.368312  0.036434   0.0027447 0.000629902 -0.00677549   0.0175201 -0.00948166   0.0122942 1 0 0 0
              180.49  3.53897  10.7328 -50.0988  20.8587    27.22 0.805268   -0.484563   -0.166818 -0.00710014  0.00280192 0.000649088 -0.00673737  0.0184951 -0.0112994  0.0125301 1 0 0 7840
              180.49  3.53897  10.7328 -50.0988  20.8587    27.22 0.805268   -0.484563   -0.166818 -0.00710014  0.00280192 0.000649088 -0.00673737  0.0184951 -0.0112994  0.0125301 1 0 0 0
              180.59  4.08499  9.91937 -49.7042   20.819  27.2033 0.803523  -0.404869  -0.185184 -0.0201373  0.00283515 0.000644381 -0.00675496  0.0178331 -0.0125774  0.0123037 1 0 0 7825
              180.59  4.12437  9.90532 -49.6997   20.816  27.2013 0.800607  -0.440333  -0.209684 -0.0543216  0.00281093 0.000650011 -0.00675996  0.0177855 -0.0120053  0.0127127 1 0 0 0
              180.69  5.13487  9.60138 -49.6112  20.7731  27.1757 0.795198  -0.450091  -0.269541 -0.0473351  0.00282588 0.000618805 -0.00674445  0.0169564 -0.0122071  0.0127487 1 0 0 7747
              180.69  5.12424  9.64546 -49.5826  20.7706  27.1723 0.800755 -0.478737 -0.310159  0.018307  0.00282341 0.000601211  -0.0067545  0.0169325 -0.0116662  0.0118277 1 0 0 0
             180.798 5.28272 9.57123 -49.785  20.7166   27.139 0.800289    -0.536989    -0.307349 -0.000809304  0.00282782 0.000607208  -0.0067315  0.0167146 -0.0118381  0.0124751 1 0 0 8605
             180.798 5.28272 9.57123 -49.785  20.7166   27.139 0.800289    -0.536989    -0.307349 -0.000809304  0.00282782 0.000607208  -0.0067315  0.0167146 -0.0118381  0.0124751 1 0 0 0
              180.89  5.16152  8.74383 -49.8594  20.6639  27.1104 0.800544 -0.581683 -0.323042 0.0427395  0.00281706 0.000646196 -0.00673634  0.0167004 -0.0115041  0.0127236 1 0 0 6947
              180.89  5.21243  8.72247 -49.8742  20.6693  27.1087 0.797371   -0.51621  -0.343983 0.00353049  0.00280857 0.000639569 -0.00673002  0.0158496 -0.0119768  0.0131917 1 0 0 0
              180.99  5.73267  8.57271 -49.5369  20.6134  27.0766 0.804576 -0.505218 -0.313813  0.123892  0.00282033 0.000630958 -0.00674416  0.0169559 -0.0113201  0.0131295 1 0 0 7851
              180.99  5.72398   8.5627 -49.5842  20.6115  27.0845 0.800294 -0.527602 -0.218411 0.0725287  0.00283134  0.00065799 -0.00672898  0.017959  -0.01176 0.0139965 1 0 0 0
              181.09   3.1215  9.16692 -48.4248 20.5712 27.0648 0.80798 -0.337263 -0.173321 0.0235492  0.00290905 0.000623629 -0.00675406  0.0175108 -0.0120441  0.0129388 1 0 0 7698
              181.09  3.09379   9.0985 -48.3261  20.5774  27.0646 0.807918  -0.26544 -0.173739 0.0230854  0.00292164 0.000643783 -0.00678508   0.016877 -0.0128231  0.0129295 1 0 0 0
              181.19  2.95542  9.30524 -47.1766 20.5425 27.0356 0.82047 -0.348608 -0.326516  0.145796  0.00277845 0.000631875  -0.0067648 0.0168837 -0.010752 0.0109246 1 0 0 7601
              181.19  2.91578  9.27226 -47.2081  20.5457  27.0379 0.817306 -0.310889 -0.297817  0.108201  0.00280158 0.000643315 -0.00675444  0.0167692 -0.0113345  0.0114469 1 0 0 0
              181.29 3.05872 8.74847 -45.483  20.5188  27.0062 0.825502 -0.239988 -0.325644 0.0583724  0.00278834 0.000650173 -0.00678684  0.0163653 -0.0111945  0.0116091 1 0 0 7699
              181.29 3.01254 8.76774 -45.392  20.5153  27.0065 0.820516   -0.281127   -0.322856 4.92262e-05  0.00279975 0.000649113 -0.00681582  0.0166342 -0.0107729  0.0124364 1 0 0 0
              181.39   3.1355  8.38198 -43.5354  20.4812  26.9677 0.825983 -0.342604 -0.426892 0.0498759  0.00277758 0.000650164 -0.00680038   0.0169377 -0.00983007   0.0116122 1 0 0 7665
              181.39 3.11702 8.37213 -43.459  20.4777  26.9677 0.817027  -0.385832  -0.426835 -0.0477513  0.00277741 0.000657343 -0.00682544   0.0171392 -0.00935167    0.012944 1 0 0 0
              181.49  4.20585  8.55807 -42.0616   20.451  26.9271 0.812728  -0.240202  -0.424641 -0.0512401  0.00278369 0.000625715 -0.00678802  0.0165812 -0.0110722  0.0127081 1 0 0 7607
              181.49  4.17655  8.50205 -41.9526  20.4547  26.9239 0.807607 -0.198053  -0.46152 -0.111014  0.00279908 0.000625174 -0.00682361  0.0157439 -0.0110642  0.0134076 1 0 0 0
              181.59  4.59421  8.44106 -40.9459 20.4344 26.8774 0.80211   -0.19684  -0.491781 -0.0587021  0.00282321 0.000633189 -0.00677675  0.0163045 -0.0114686  0.0122779 1 0 0 7635
              181.59  4.49557  8.35342 -40.9459  20.4349  26.8708 0.795825 -0.193055 -0.571119 -0.134134  0.00283946 0.000643656 -0.00677981  0.0154312 -0.0106466  0.0131275 1 0 0 0
              181.69  5.60101  8.28883 -40.9254  20.4174  26.8234 0.792792  -0.168164  -0.489909 0.00387764  0.00282194 0.000664711 -0.00674625  0.0168702 -0.0124712  0.0119395 1 0 0 7879
              181.69  5.54921  8.25514 -40.8475  20.4172  26.8188 0.796439  -0.16996 -0.544076 0.0467261  0.00283093 0.000664253 -0.00677198   0.016506 -0.0119722  0.0112608 1 0 0 0
              181.79  4.43102  8.36241 -41.1373  20.3992  26.7678 0.804428 -0.202237  -0.54995  0.125099  0.00289531 0.000667002 -0.00674594  0.0173368 -0.0129206  0.0113871 1 0 0 7820
              181.79  4.40371  8.37537 -41.1846  20.4058   26.765 0.802253 -0.127529 -0.582127  0.100073  0.00290797 0.000641851  -0.0067305  0.0163015 -0.0132107  0.0116163 1 0 0 0
              181.89 5.56154 8.81325 -42.684  20.3813  26.7084 0.819785 -0.246602 -0.539707  0.233118  0.00279864 0.000680471 -0.00671375  0.0178245 -0.0124979  0.0112596 1 0 0 7703
              181.89  5.57066  8.76596 -42.6933  20.3757  26.6948 0.816272 -0.313216 -0.698846  0.197246  0.00274587 0.000680473 -0.00671725  0.0170462 -0.0103454  0.0114546 1 0 0 0
             181.991  3.38169  7.90629 -44.3786  20.3493  26.6455 0.819894   -0.25252  -0.405142 -0.0231883  0.00289687 0.000724275 -0.00669989  0.0180644 -0.0115634  0.0134199 1 0 0 7960
             181.991  3.37812  8.04348 -44.3931  20.3517  26.6643 0.823557 -0.217986 -0.186648 0.0178043  0.00295451 0.000714179 -0.00669037  0.0197528 -0.0139565  0.0133218 1 0 0 0
              182.09  3.80474  8.05623 -43.6293  20.3294  26.6278 0.831138 -0.227473 -0.385652 0.0782419  0.00281935 0.000656539 -0.00679435  0.0176739 -0.0123929  0.0121679 1 0 0 7454
              182.09  3.85091  8.12824 -43.6182  20.3319  26.6112 0.828363  -0.19896 -0.577629 0.0472832   0.0027721 0.000591464 -0.00679725  0.0156063 -0.0108668  0.0122232 1 0 0 0
              182.19  4.39412  8.37981 -44.8083  20.3126   26.553 0.826426  -0.219318  -0.550202 -0.0299143  0.00277772 0.000612404 -0.00674084  0.0150508 -0.0104259  0.0125961 1 0 0 7684
              182.19 4.46722 8.29297 -44.786  20.3314  26.5566 0.831756 -0.0142695  -0.508045   0.028311  0.00281006 0.000599732 -0.00673866   0.013662 -0.0127018  0.0117859 1 0 0 0
              182.29  5.17393  8.17061 -44.8992  20.3083  26.5111 0.825762  -0.255635  -0.443095 -0.0843955  0.00277673 0.000658383 -0.00677928 0.0160616 -0.010902 0.0130251 1 0 0 7918
              182.29  5.11345  8.33901 -44.9424  20.3028  26.5072 0.824657  -0.317468  -0.490339 -0.0962179  0.00276984 0.000612536 -0.00676754   0.0161826 -0.00990411   0.0131119 1 0 0 0
              182.39  5.84161  8.49255 -44.5082  20.2607  26.4684 0.814953  -0.446766   -0.36875 -0.0921884  0.00276796 0.000704491 -0.00679442  0.0180724 -0.0100852  0.0136501 1 0 0 7813
              182.39  5.83486  8.58237 -44.4539  20.2641   26.483 0.816048  -0.402576  -0.199671 -0.0803716  0.00282128 0.000704562   -0.006803  0.0192366 -0.0119945  0.0138391 1 0 0 0
              182.49  6.17753  9.65391 -42.4872  20.2234  26.4517 0.811202  -0.425013  -0.345376 -0.0454062   0.0028137 0.000660213 -0.00684778  0.0182018 -0.0109426  0.0130473 1 0 0 7964
              182.49  6.17524  9.67323 -42.5195 20.2432 26.4484 0.80688   -0.20457  -0.373629 -0.0858373  0.00286021 0.000599244 -0.00682782  0.0159329 -0.0126105  0.0134471 1 0 0 0
              182.59  6.05602  10.1483 -41.8833  20.2072  26.4002 0.804844   -0.425986   -0.508887 -0.00645167  0.00280898  0.00062413 -0.00681133  0.0161601 -0.0103205  0.0123802 1 0 0 8059
              182.59  6.0283 10.0891 -41.942  20.2205  26.3949 0.811344 -0.277278 -0.566226 0.0693379  0.00283701  0.00059917 -0.00679041  0.0144594 -0.0112124  0.0111966 1 0 0 0
              182.69    4.993  8.42205 -41.5015 20.1685 26.3409 0.81876 -0.575109 -0.552033 0.0958164  0.00281576  0.00070632 -0.00681274   0.0168295 -0.00946584   0.0117441 1 0 0 8018
              182.69  4.92262  8.51494 -41.5029  20.1601  26.3436 0.820627 -0.669392 -0.523772    0.1154  0.00282299 0.000706652 -0.00681466  0.0180036 -0.0089351  0.0116161 1 0 0 0
              182.79  4.87944  8.29778 -40.5688  20.0929  26.2977 0.832506 -0.635163 -0.419103  0.139042  0.00280589 0.000712613 -0.00682758   0.0184742 -0.00960233   0.0126039 1 0 0 7865
              182.79  4.81623  8.36577 -40.6642  20.1049  26.2987 0.827777 -0.493787 -0.405112   0.08691  0.00285926 0.000661254 -0.00678686  0.0171846 -0.0108396  0.0132278 1 0 0 0
              182.89  2.39932  8.02519 -39.9179  20.0594  26.2643 0.830366  -0.45498  -0.32231 0.0148335  0.00290614 0.000685494  -0.0068079  0.0170795 -0.0107129  0.0132641 1 0 0 7680
              182.89  2.42959  8.04771 -39.8743  20.0619  26.2564 0.830954  -0.43122 -0.413015  0.022426  0.00288228 0.000652993 -0.00681546  0.0161311 -0.0100602  0.0129892 1 0 0 0
              182.99  2.31985  7.75981 -41.4831  20.0255  26.2262 0.833634 -0.351912  -0.27109  0.017832  0.00287467 0.000667771 -0.00671152  0.0164703 -0.0121317  0.0130677 1 0 0 7684
              182.99   2.2772  7.78284 -41.4421  20.0223  26.2267 0.828826  -0.389913  -0.265838 -0.0352977  0.00288252 0.000670352 -0.00672587  0.0167934 -0.0118329  0.0138036 1 0 0 0
              183.09 0.791472  7.87963 -42.4128  19.9842  26.2028 0.832611  -0.38996  -0.23227 0.0110974   0.0029065 0.000652237 -0.00673127 0.0168261 -0.012326 0.0124984 1 0 0 7625
              183.09 0.822986  7.94395 -42.4146  19.9858  26.1998 0.840798 -0.371477 -0.265514 0.0994421  0.00289199 0.000621143 -0.00673023  0.0165248 -0.0122028  0.0112932 1 0 0 0
              183.19  2.15122   7.8701 -44.1341   19.945  26.1737 0.844025   -0.4112 -0.264297 0.0187616  0.00279704 0.000655662 -0.00670694  0.0168697 -0.0119244  0.0120921 1 0 0 7707
              183.19   2.2285  7.90193 -44.1831  19.9556  26.1708 0.848635 -0.287519 -0.295955 0.0721398  0.00278698 0.000613526  -0.0066897 0.0155344 -0.012716 0.0112251 1 0 0 0
              183.29   2.8418  7.58653 -45.8401 19.9147 26.1442 0.84754  -0.425413  -0.268226 -0.0395785  0.00278045 0.000670851 -0.00670951  0.0169706 -0.0114244  0.0123534 1 0 0 7799
              183.29  2.70485  7.63627 -45.8941 19.9159 26.1448 0.84798  -0.410818  -0.261276 -0.0344365  0.00282425  0.00065394 -0.00669189  0.0169144 -0.0116087  0.0122837 1 0 0 0
              183.39  3.54968  6.57235 -47.2127  19.8627  26.1123 0.837761 -0.554184 -0.359891 -0.116475   0.0027456 0.000712654 -0.00671972   0.0174729 -0.00996633   0.0131662 1 0 0 7800
              183.39  3.40804  6.66771 -47.2404  19.8558  26.1093 0.834165 -0.633352  -0.39753 -0.158148  0.00276126 0.000693844 -0.00671275    0.017753 -0.00886817   0.0136908 1 0 0 0
              183.49  3.65564  6.37147 -47.3846   19.801  26.0658 0.817268 -0.539966 -0.470064 -0.156374  0.00277555 0.000670819 -0.00675968   0.0169007 -0.00964968   0.0138402 1 0 0 7821
              183.49 3.61547 6.45905  -47.45  19.8194  26.0753 0.818155 -0.324049 -0.354084 -0.143285  0.00285876 0.000623706 -0.00673344  0.0162014 -0.0126863  0.0137854 1 0 0 0
              183.59  2.83297  7.32985 -45.9273  19.7776  26.0276 0.813406  -0.460071  -0.528902 0.00897861  0.00283955  0.00060702 -0.00679885  0.0159841 -0.0109729  0.0125756 1 0 0 7676
              183.59  2.90679  7.39876 -45.9257  19.7775  26.0275 0.812746  -0.461071  -0.529731 0.00145091  0.00281688 0.000585711 -0.00679794  0.0159829 -0.0109579   0.012674 1 0 0 0
              183.69  3.52387    8.412 -44.9847  19.7294  25.9711 0.820884 -0.460689 -0.540654 0.0744281  0.00278628 0.000611644 -0.00677679  0.0159842 -0.0104575  0.0121747 1 0 0 7861
              183.69  3.46295  8.46633 -44.9933  19.7185  25.9726 0.814476   -0.587961   -0.525863 -0.00151451  0.00276998 0.000628967 -0.00677503   0.0170964 -0.00936095   0.0132443 1 0 0 0
              183.79   2.1419  8.72549 -44.5407  19.6667  25.9193 0.819038 -0.560751 -0.537599 0.0475643  0.00283134 0.000609023 -0.00676049  0.0158072 -0.0101676  0.0118328 1 0 0 7726
              183.79  2.19812  8.72304 -44.5871   19.675  25.9112 0.820973 -0.465219 -0.633516 0.0703706  0.00281234 0.000572186  -0.0067405  0.0141326 -0.0102091  0.0113017 1 0 0 0
              183.89  5.7078 9.61501 -48.025  19.6239   25.867 0.825394  -0.52872 -0.377185 0.0210985  0.00272957 0.000632629 -0.00662095  0.0161275 -0.0119453  0.0117744 1 0 0 8135
              183.89  5.67443   9.5227 -48.0356  19.6276  25.8616 0.822105  -0.487401   -0.44052 -0.0153169  0.00273295  0.00063827 -0.00662371  0.0151064 -0.0117374  0.0121053 1 0 0 0
              183.99  7.39513  8.30282 -50.1692  19.5674  25.8371 0.817812  -0.638163  -0.202631 -0.0789763  0.00278256 0.000755747 -0.00670922  0.0177303 -0.0121026  0.0124464 1 0 0 8246
              183.99  7.46884  8.28301 -50.1606  19.5784  25.8349 0.819291  -0.512013  -0.226634 -0.0615448  0.00277762 0.000726311 -0.00670692  0.0164951 -0.0131609  0.0121313 1 0 0 0
              184.09  8.70811   7.4324 -51.5285  19.5093  25.8147 0.806346  -0.73495 -0.213669 -0.153482  0.00279387 0.000751515 -0.00670621  0.0185343 -0.0115877  0.0129691 1 0 0 8460
              184.09  8.69926  7.45748 -51.5114  19.5028  25.8076 0.801423 -0.812462 -0.298527 -0.211372 0.00276449 0.00074076  -0.006718 0.0181859 -0.010042 0.0134588 1 0 0 0
              184.19    8.713  7.26066 -50.7228  19.4181  25.7745 0.787615  -0.851456  -0.349623 -0.0623115  0.00280531 0.000710698   -0.006781   0.018122 -0.0097682  0.0128988 1 0 0 8405
              184.19  8.67016  7.29157 -50.6964  19.4224  25.7731 0.786227  -0.798921  -0.367009 -0.0783414  0.00282907 0.000684625   -0.006785  0.0175254 -0.0101366  0.0131089 1 0 0 0
             184.292  8.06147  8.16551 -49.3032  19.3514  25.7328 0.794484 -0.670341  -0.41209  0.215854  0.00285439 0.000634264 -0.00679272  0.0165257 -0.0110226  0.0121969 1 0 0 8555
             184.292  8.11449  8.15938 -49.2826 19.3552 25.7308 0.79705 -0.625457 -0.436332  0.245962  0.00284463 0.000622849 -0.00679656  0.0159932 -0.0113618  0.0117867 1 0 0 0
              184.39  6.38415  9.07526 -48.4904  19.3055   25.685 0.825806 -0.415064 -0.438828  0.218935  0.00289236 0.000601734 -0.00677501  0.0150538 -0.0112841  0.0106009 1 0 0 8231
              184.39  6.41315  9.09469 -48.4923  19.3214  25.6904 0.829992 -0.223317 -0.372459  0.271321  0.00290068 0.000593754 -0.00677246  0.0141973 -0.0140193  0.0101327 1 0 0 0
              184.49  5.10838  10.4301 -46.6283  19.2932  25.6554 0.835379 -0.309325 -0.394588 0.0010542  0.00287986 0.000578758 -0.00678973   0.014888 -0.0134934  0.0125245 1 0 0 8259
              184.49   5.1421  10.4021 -46.6507  19.3036  25.6524 0.831511  -0.196235  -0.425566 -0.0391676  0.00287981 0.000576194 -0.00677394  0.0135599 -0.0143002  0.0129568 1 0 0 0
              184.59  6.80116  10.4635 -47.2031  19.2535  25.6078 0.828572  -0.529759  -0.447159 -0.0474183  0.00280684  0.00063169 -0.00674851 0.0170714 -0.010131 0.0128239 1 0 0 8356
              184.59  6.83761  10.4747 -47.1933   19.255   25.608 0.828467  -0.512852  -0.443899 -0.0482211  0.00279677 0.000627778 -0.00675115  0.0169477 -0.0103425  0.0128328 1 0 0 0
              184.69  7.04104  10.6389 -46.0492  19.1913  25.5585 0.822188 -0.654387  -0.55561 -0.076966   0.0028038 0.000650322 -0.00677093   0.0182617 -0.00861025   0.0128234 1 0 0 8197
              184.69  6.99838  10.6642 -46.0717  19.1999  25.5501 0.821316  -0.553864   -0.65255 -0.0873418  0.00281806 0.000597845 -0.00675756   0.0165121 -0.00875158   0.0126496 1 0 0 0
             184.791  7.90436   11.285 -45.5479   19.139  25.4856 0.806065 -0.604546 -0.673808 -0.188031  0.00279995 0.000619407 -0.00676361   0.0175609 -0.00851379   0.0131663 1 0 0 8486
             184.791  8.08199   11.306 -45.5011  19.1736  25.4926 0.815215  -0.211559  -0.589252 -0.0846839   0.0028083 0.000579363 -0.00677907  0.0151746 -0.0132042   0.011964 1 0 0 0
              184.89   8.3778  11.3204 -44.1915  19.1308  25.4296 0.800692  -0.45342 -0.681738 -0.119408  0.00285791 0.000600429 -0.00679486  0.0176703 -0.0102536  0.0129694 1 0 0 8389
              184.89   8.3778  11.3204 -44.1915  19.1308  25.4296 0.800692  -0.45342 -0.681738 -0.119408  0.00285791 0.000600429 -0.00679486  0.0176703 -0.0102536  0.0129694 1 0 0 0
              184.99  7.21646  11.7001 -43.9375   19.075  25.3517 0.795374 -0.594798 -0.842489 0.0748307  0.00286932 0.000607693 -0.00676263    0.018168 -0.00885679   0.0131231 1 0 0 8366
              184.99  7.21646  11.7001 -43.9375   19.075  25.3517 0.795374 -0.594798 -0.842489 0.0748307  0.00286932 0.000607693 -0.00676263    0.018168 -0.00885679   0.0131231 1 0 0 0
              185.09  5.58201  12.5147 -44.3725  19.0282   25.267 0.815197 -0.390335  -0.77817  0.180428  0.00290771 0.000562103 -0.00672376   0.0171055 -0.00961112   0.0121071 1 0 0 8306
              185.09  5.51845  12.5581 -44.4573  19.0307  25.2767 0.814413 -0.361925 -0.662903  0.171308  0.00295999 0.000574732 -0.00669405  0.0178138 -0.0108305  0.0125554 1 0 0 0
              185.19  3.17626   12.301 -43.2496  19.0173  25.2211 0.824656 -0.131903 -0.541182 0.0842628  0.00297997 0.000571081 -0.00675738  0.0158538 -0.0142968  0.0124804 1 0 0 8053
              185.19  3.26035  12.2833 -43.2933 19.0239 25.2101 0.82988 -0.0537536  -0.672031   0.142879  0.00293904 0.000549405 -0.00673173  0.0141238 -0.0139256  0.0112488 1 0 0 0
              185.29  5.97988  12.3932 -43.8528  19.0081  25.1431 0.835651 -0.148349 -0.636426 -0.012865  0.00280823 0.000569733 -0.00670182  0.0151071 -0.0123179  0.0119175 1 0 0 8002
              185.29  5.97988  12.3932 -43.8528  19.0081  25.1431 0.835651 -0.148349 -0.636426 -0.012865  0.00280823 0.000569733 -0.00670182  0.0151071 -0.0123179  0.0119175 1 0 0 0
              185.39  6.92359  11.8639 -42.5452  18.9747  25.0812 0.822287 -0.377339 -0.646773 -0.167399  0.00283507 0.000617346  -0.0067612  0.0170001 -0.0105906   0.013579 1 0 0 8068
              185.39  6.89894   11.871 -42.5659  18.9745  25.0792 0.818996 -0.380369 -0.669278 -0.201944  0.00283818 0.000613159 -0.00675523  0.0167239 -0.0102991  0.0139715 1 0 0 0
              185.49  7.67892   12.668 -42.5294  18.9238   25.004 0.800133 -0.549319 -0.801536 -0.193691  0.00282135 0.000609288 -0.00673081   0.0176701 -0.00875577   0.0133644 1 0 0 8151
              185.49  7.68665  12.7054 -42.5664  18.9282  25.0053 0.806858 -0.497915  -0.78668 -0.115706  0.00283186 0.000593307 -0.00671591   0.0175401 -0.00950011   0.0123522 1 0 0 0
              185.59  8.36746  12.9166 -42.6761  18.8785  24.9226 0.793745 -0.511511 -0.862795 -0.105985  0.00284267 0.000611442 -0.00672382  0.0171871 -0.0096656  0.0126375 1 0 0 8295
              185.59  8.34797  12.9022 -42.6993  18.8783  24.9196 0.790832 -0.515889 -0.897536 -0.136648  0.00283838 0.000611026 -0.00671906  0.0168376 -0.0092478  0.0129192 1 0 0 0
              185.69  8.48783  13.0573 -43.9177  18.8315  24.8307 0.787377 -0.468667 -0.900786 0.0889638  0.00287375 0.000604078 -0.00669907  0.0166714 -0.0102546   0.012635 1 0 0 8447
              185.69  8.54953  13.0183 -43.9079  18.8422   24.838 0.794698 -0.34511 -0.81729 0.169169  0.00289718 0.000605608 -0.00669409  0.0164925 -0.0123232  0.0117959 1 0 0 0
              185.79  8.52793  12.7637 -43.7985  18.8112  24.7621 0.819226 -0.237953 -0.672282  0.260772  0.00290998  0.00060818 -0.00672324  0.0166549 -0.0121919  0.0119866 1 0 0 8326
              185.79  8.52793  12.7637 -43.7985  18.8112  24.7621 0.819226 -0.237953 -0.672282  0.260772  0.00290998  0.00060818 -0.00672324  0.0166549 -0.0121919  0.0119866 1 0 0 0
              185.89   5.5201  12.3495 -42.7971  18.7868  24.7002 0.837816 -0.249565  -0.59595  0.146211  0.00300701 0.000612613 -0.00676409   0.016602 -0.0115393  0.0127765 1 0 0 8138
              185.89  5.45497  12.4317 -42.8249  18.7884  24.7007 0.847138 -0.229135 -0.589882    0.2487  0.00302181  0.00058462 -0.00675117  0.0167905 -0.0120148  0.0114496 1 0 0 0
              185.99  3.58529  12.7827 -43.2559  18.7587  24.6331 0.851612 -0.351358 -0.711583 -0.042009  0.00293814 0.000571095 -0.00672887  0.0160336 -0.0107373  0.0132858 1 0 0 8073
              185.99  3.58529  12.7827 -43.2559  18.7587  24.6331 0.851612 -0.351358 -0.711583 -0.042009  0.00293814 0.000571095 -0.00672887  0.0160336 -0.0107373  0.0132858 1 0 0 0
              186.09  4.31168  12.2186 -44.6682  18.7142  24.5576 0.840523 -0.471727 -0.754656 -0.164804  0.00284195 0.000601846 -0.00669449    0.016067 -0.00969788   0.0139247 1 0 0 8065
              186.09  4.24762  12.1585 -44.6091  18.7166  24.5459 0.839435 -0.443386 -0.891746 -0.179054  0.00284373 0.000588663 -0.00672209   0.0145383 -0.00864829    0.013706 1 0 0 0
              186.19  4.83434  11.2764 -45.4933  18.6715  24.4696 0.818479  -0.42211 -0.752552 -0.239297  0.00286753 0.000638746 -0.00671956   0.0161551 -0.00976219   0.0140094 1 0 0 7736
              186.19  4.80155  11.2699 -45.4683  18.6734  24.4683 0.821946 -0.400318 -0.768377 -0.201052  0.00287946 0.000631763  -0.0067265   0.0159302 -0.00985571   0.0134508 1 0 0 0
              186.29  4.68192  10.3398 -45.6465  18.6371  24.4041 0.811737 -0.347952 -0.663746 -0.021471  0.00293347 0.000670583 -0.00672576  0.0175852 -0.0117908  0.0130746 1 0 0 7867
              186.29  4.68192  10.3398 -45.6465  18.6371  24.4041 0.811737 -0.347952 -0.663746 -0.021471  0.00293347 0.000670583 -0.00672576  0.0175852 -0.0117908  0.0130746 1 0 0 0
              186.39  3.56191  10.3414 -46.0476  18.6061  24.3355 0.822061 -0.309853 -0.699438  0.198015   0.0029714 0.000633408 -0.00671702 0.0175222 -0.012286 0.0123426 1 0 0 7703
              186.39  3.58374  10.3686 -46.0429  18.6043  24.3356 0.821429 -0.330583 -0.699374  0.190889  0.00295904 0.000630526 -0.00671884  0.0176858 -0.0120901  0.0124518 1 0 0 0
              186.49  2.71441  12.0527 -47.0817  18.5726  24.2604 0.846253 -0.304025 -0.672126  0.208841  0.00290643 0.000550888 -0.00670418  0.0166808 -0.0111931  0.0116803 1 0 0 7662
              186.49  2.60544  12.0214 -47.2051  18.5776  24.2624 0.852188 -0.242414  -0.64912  0.274971  0.00295396 0.000551498 -0.00666249  0.0165233 -0.0120045  0.0108185 1 0 0 0
              186.59  1.94217  10.5277 -46.0462  18.5472  24.1951 0.867503 -0.329216 -0.635722  0.103731  0.00293543 0.000602454 -0.00675989  0.0153224 -0.0104762  0.0117325 1 0 0 7823
              186.59 1.96964   10.53 -45.996  18.5467  24.1866 0.864188 -0.336505 -0.736171 0.0664197  0.00291393 0.000586189 -0.00677848   0.0143373 -0.00952068   0.0120016 1 0 0 0
              186.69  2.98671  9.78158 -46.0542  18.5155   24.128 0.856062 -0.304384   -0.5365 -0.140506  0.00288459 0.000607474 -0.00674224  0.0153735 -0.0106174   0.013595 1 0 0 7595
              186.69  2.98671  9.78158 -46.0542  18.5155   24.128 0.856062 -0.304384   -0.5365 -0.140506  0.00288459 0.000607474 -0.00674224  0.0153735 -0.0106174   0.013595 1 0 0 0
              186.79  3.92045  10.0953 -45.6836  18.4747  24.0816 0.839049 -0.470518 -0.467235 -0.186363  0.00289064 0.000611577 -0.00675088  0.0168832 -0.0107052  0.0138707 1 0 0 7602
              186.79  3.86701  10.0572 -45.7134  18.4723  24.0863 0.835442 -0.498247 -0.411689 -0.226641   0.0029105 0.000641486 -0.00674129  0.0175426 -0.0108982  0.0145263 1 0 0 0
              186.89  5.96694  10.2289 -45.4066  18.4214  24.0399 0.818882 -0.528224 -0.468438 -0.168547  0.00285003 0.000606245 -0.00674522  0.0169836 -0.0106812  0.0133551 1 0 0 7617
              186.89  5.93041  10.2265 -45.4312  18.4183  24.0434 0.818486 -0.564693 -0.427632 -0.173258  0.00285981 0.000624452 -0.00673577  0.0176634 -0.0106868  0.0135341 1 0 0 0
              186.99  6.81617  10.8203 -44.7167  18.3647  23.9866 0.809583  -0.572694  -0.609735 -0.0590962  0.00288152 0.000547938 -0.00674336  0.0158323 -0.0101894  0.0118275 1 0 0 7735
              186.99    6.763  10.8481 -44.7583  18.3687  23.9821 0.813091  -0.526919  -0.662895 -0.0183768  0.00289492 0.000518025 -0.00673025  0.0150462 -0.0102086  0.0111409 1 0 0 0
              187.09  8.53388  10.9513 -44.9056  18.3135  23.9147 0.817772 -0.572124 -0.664621    0.1367  0.00285461 0.000546138 -0.00671826  0.0148371 -0.0103469  0.0111422 1 0 0 7950
              187.09  8.54347  10.9267 -44.9298  18.3169  23.9168 0.819711 -0.531117 -0.639088  0.158931  0.00286767 0.000550539 -0.00670823   0.014757 -0.0109741   0.010915 1 0 0 0
              187.19  8.29995  9.97946 -43.7064  18.2673  23.8637 0.835988 -0.452577 -0.504762  0.229981  0.00295961 0.000596984 -0.00675326  0.0153623 -0.0116178  0.0125375 1 0 0 7904
              187.19  8.21599  10.0603 -43.7163  18.2615  23.8631 0.830317 -0.519006 -0.510778   0.16564  0.00296782  0.00058892 -0.00675336   0.015733 -0.0108176  0.0133552 1 0 0 0
              187.29 5.13051 10.0702 -43.541  18.2181  23.8239 0.845129 -0.373889 -0.337813   0.07343  0.00304205 0.000609518 -0.00673345   0.016451 -0.0119523  0.0134801 1 0 0 7772
              187.29 5.13051 10.0702 -43.541  18.2181  23.8239 0.845129 -0.373889 -0.337813   0.07343  0.00304205 0.000609518 -0.00673345   0.016451 -0.0119523  0.0134801 1 0 0 0
              187.39   4.7111  10.1778 -41.0824  18.1783  23.7804 0.856053  -0.38557 -0.478091 0.0793638  0.00296169 0.000584423 -0.00678692  0.0162587 -0.0107539   0.012088 1 0 0 7373
              187.39  4.72228    10.18 -41.1218  18.1841  23.7732 0.858792 -0.318558 -0.560474  0.110685  0.00295219 0.000558945 -0.00676623  0.0149947 -0.0106426  0.0114374 1 0 0 0
              187.49  5.05217  10.3259 -39.7027  18.1541  23.7254 0.861214  -0.276701  -0.467791 0.00238667  0.00294945 0.000589651 -0.00672835 0.0157737 -0.011511 0.0124518 1 0 0 7358
              187.49  5.14274  10.3837 -39.7059  18.1541  23.7373 0.859494 -0.277424 -0.330879 -0.017101   0.0029483 0.000600198 -0.00672516  0.0168785 -0.0127955  0.0130152 1 0 0 0
              187.59  3.80864  10.4125 -38.0576  18.1282   23.693 0.853485 -0.240217 -0.491873 -0.104523  0.00298126 0.000590425  -0.0067368  0.0161945 -0.0115338  0.0128777 1 0 0 7217
              187.59  3.79106  10.4198 -38.0674  18.1297  23.6898 0.852015 -0.222831 -0.528313 -0.120766  0.00298202 0.000577027 -0.00673229  0.0156918 -0.0112968  0.0129851 1 0 0 0
              187.69  2.70559  10.3559 -35.8239  18.1014    23.62 0.837546 -0.301242 -0.790478 -0.178978  0.00294182 0.000561709 -0.00675426   0.0155083 -0.00953257   0.0124537 1 0 0 6988
              187.69  2.71466  10.4285 -35.8396  18.1039  23.6176 0.840257 -0.272346  -0.81871 -0.148051  0.00293948 0.000529488 -0.00674795   0.0150791 -0.00950106   0.0119574 1 0 0 0
              187.79  4.50006  11.5585 -34.4819  18.0735  23.5329 0.823475 -0.301369 -0.893878 -0.121023  0.00284624 0.000523656 -0.00673728   0.0155661 -0.00960903   0.0127846 1 0 0 6795
              187.79  4.41413  11.5708 -34.5782  18.0706  23.5195 0.819465  -0.33563  -1.05079 -0.164938  0.00282265 0.000496747  -0.0067132   0.0147039 -0.00769353   0.0131096 1 0 0 0
              187.89  3.29416  11.5912 -34.3368  18.0374  23.4259 0.818142 -0.349516 -0.954989  0.126587  0.00296076 0.000592216 -0.00665346   0.015796 -0.0098023  0.0127976 1 0 0 7104
              187.89  3.44567  11.6451 -34.2718  18.0536  23.4372 0.820285 -0.162268 -0.823217  0.150576  0.00300069 0.000547971 -0.00666262  0.0148138 -0.0125395   0.012482 1 0 0 0
              187.99  2.64223  13.0763 -36.3734  18.0337  23.3746 0.841498 -0.182653 -0.484693  0.179242  0.00303687 0.000587168  -0.0065939  0.0168459 -0.0137047  0.0126176 1 0 0 6884
              187.99  2.46794  13.1142 -36.4296  18.0152  23.3813 0.842578 -0.395559 -0.405876  0.188773  0.00306552 0.000662907 -0.00658968  0.0195916 -0.0130258  0.0130176 1 0 0 0
              188.09  1.60926  12.5901 -37.2361  17.9728  23.3292 0.859381 -0.451588 -0.528088  0.125012  0.00296967 0.000660115 -0.00665095  0.0181237 -0.0110739  0.0123959 1 0 0 6975
              188.09  1.60926  12.5901 -37.2361  17.9728  23.3292 0.859381 -0.451588 -0.528088  0.125012  0.00296967 0.000660115 -0.00665095  0.0181237 -0.0110739  0.0123959 1 0 0 0
              188.19  3.03483  11.8721 -38.9811  17.9429  23.2639 0.859537  -0.291026  -0.666447 -0.0704289   0.0028801 0.000616119 -0.00663956  0.0148827 -0.0108295  0.0121967 1 0 0 6975
              188.19  3.00739  11.8532 -39.0259  17.9502  23.2625 0.858577  -0.208288  -0.682334 -0.0801742  0.00289369 0.000602929 -0.00662382  0.0138828 -0.0113099  0.0121157 1 0 0 0
              188.29  5.10193  11.5529 -38.9219  17.9223  23.1835 0.845198 -0.309534 -0.838987 -0.155041  0.00284702 0.000580328 -0.00669168  0.0135652 -0.0099255  0.0123368 1 0 0 6891
              188.29  5.07596  11.5402 -39.0233   17.936  23.1768 0.849144 -0.149331 -0.917817 -0.108885  0.00285874 0.000536723 -0.00666423  0.0114891 -0.0104622  0.0113097 1 0 0 0
              188.39   5.8684  11.2801 -38.8996  17.8949  23.0957 0.831679 -0.482962 -0.831158 -0.163725  0.00287903  0.00065906 -0.00669556   0.0150449 -0.00969739   0.0132262 1 0 0 6913
              188.39  5.77135  11.2023 -38.9213  17.8938  23.0877 0.826571 -0.495634  -0.92053 -0.220537  0.00288259 0.000668974 -0.00669822   0.0143139 -0.00864209    0.013745 1 0 0 0
             188.491  6.79785  11.3418 -39.8219  17.8288  23.0139 0.812503  -0.681699   -0.70299 -0.0999575  0.00289099 0.000700383 -0.00666273   0.0178166 -0.00989831   0.0139359 1 0 0 6972
             188.491  6.79086  11.3842 -39.9052  17.8269  23.0209 0.818028  -0.705423  -0.621682 -0.0365747  0.00289923 0.000703336 -0.00662986   0.018858 -0.0105909  0.0133586 1 0 0 0
              188.59  7.46465  10.2753 -39.9547 17.7605 22.9629 0.82731 -0.629476 -0.562237  0.186847  0.00291688 0.000734444 -0.00665215  0.0189832 -0.0115408   0.012679 1 0 0 7131
              188.59  7.42811  10.2803 -39.9257  17.7595  22.9707 0.829886 -0.641788  -0.46979  0.216029  0.00293437 0.000735952 -0.00665954  0.0199964 -0.0124422  0.0125633 1 0 0 0
              188.69  5.54789  10.2064 -38.6593  17.7141  22.9101 0.854082 -0.373433 -0.564065  0.226431  0.00298925 0.000586017  -0.0066838  0.0169542 -0.0116853  0.0121067 1 0 0 6996
              188.69  5.54789  10.2064 -38.6593  17.7141  22.9101 0.854082 -0.373433 -0.564065  0.226431  0.00298925 0.000586017  -0.0066838  0.0169542 -0.0116853  0.0121067 1 0 0 0
             188.794  1.79393  10.5747 -36.8687  17.6846  22.8354 0.873752 -0.292545 -0.758043  0.155961  0.00301407 0.000500652 -0.00668584  0.0139993 -0.0101923  0.0113214 1 0 0 6757
             188.794  1.78838  10.5532 -36.9976  17.6996  22.8376 0.873214 -0.121384 -0.732601   0.15144  0.00303712 0.000489278 -0.00662638  0.0124598 -0.0118292  0.0112693 1 0 0 0
              188.89 1.84475 10.6732 -36.924  17.6782  22.7639 0.877431 -0.260181 -0.778429 -0.014513  0.00291903 0.000504076 -0.00660686  0.0131457 -0.0109368  0.0122823 1 0 0 6256
              188.89  1.79769  10.6861 -36.9313  17.6779  22.7603 0.878991  -0.262854  -0.822247 0.00349341  0.00292625 0.000493705  -0.0066061  0.0128811 -0.0104484  0.0119713 1 0 0 0
              188.99  2.59481  10.6098 -37.1538  17.6304   22.687 0.868063 -0.520438 -0.737515 -0.164615  0.00286494 0.000585801 -0.00659916   0.0159574 -0.00982748   0.0136265 1 0 0 6504
              188.99  2.55793  10.6621 -37.1916   17.627  22.6865 0.869279 -0.560175  -0.74372 -0.151661  0.00286673 0.000577921 -0.00658802   0.0163559 -0.00946101   0.0135163 1 0 0 0
              189.09  3.90437  10.4752 -38.2492  17.5688  22.6217 0.851052 -0.563285 -0.647686 -0.205645  0.00286817 0.000639796 -0.00657169  0.0178136 -0.0104455  0.0138259 1 0 0 6623
              189.09  3.88287  10.4785 -38.2702  17.5906  22.6424 0.848454 -0.309186 -0.407308 -0.229053  0.00296712 0.000619658 -0.00655313  0.0169678 -0.0149155  0.0141881 1 0 0 0
              189.19  4.15316  10.3648 -37.3889  17.5441  22.5813 0.832122 -0.482256 -0.701208 -0.101454  0.00289802 0.000610734 -0.00662328  0.0176265 -0.0116724  0.0135712 1 0 0 6700
              189.19  4.01081   10.349 -37.3604 17.5304 22.5544 0.83055  -0.63907  -1.01601 -0.119353  0.00283308 0.000593155 -0.00664209   0.0167456 -0.00727046   0.0133345 1 0 0 0
              189.29  3.00674  10.9909 -37.6386  17.4761  22.4542 0.832621 -0.552902  -1.04193  0.106881   0.0028887 0.000577532 -0.00658725   0.0163283 -0.00888449   0.0123286 1 0 0 6447
              189.29  2.97943  11.1029 -37.5702  17.4773  22.4684 0.820732  -0.538415   -0.87179 -0.0294418  0.00294482  0.00057169 -0.00660142   0.017154 -0.0105726  0.0144558 1 0 0 0
              189.39   1.9651   13.313 -39.3146  17.4345  22.3794 0.837338 -0.418922 -0.849702  0.186325  0.00295349 0.000500106  -0.0065225  0.0160232 -0.0120807  0.0119188 1 0 0 6549
              189.39  1.86893   13.179 -39.3255  17.4362   22.369 0.842518 -0.399896 -0.971706  0.243335    0.002954 0.000508171  -0.0065259  0.0150545 -0.0110161    0.01089 1 0 0 0
              189.49 2.57011 12.8878 -40.163   17.403  22.2907 0.872044 -0.328473 -0.701742  0.290201  0.00292384 0.000548087 -0.00656776  0.0151822 -0.0128449 0.00993029 1 0 0 6622
              189.49 2.57011 12.8878 -40.163   17.403  22.2907 0.872044 -0.328473 -0.701742  0.290201  0.00292384 0.000548087 -0.00656776  0.0151822 -0.0128449 0.00993029 1 0 0 0
              189.59  3.46531  12.1437 -42.5522  17.3677  22.2296 0.886014 -0.365611 -0.602256 0.0587527   0.0029184 0.000590626 -0.00648737  0.0161083 -0.0133031  0.0113426 1 0 0 6707
              189.59  3.42119  12.1775 -42.6155  17.3657  22.2318 0.882247 -0.389498 -0.576057 0.0164895  0.00293046 0.000591485 -0.00646756  0.0164242 -0.0133299  0.0119927 1 0 0 0
             189.691  5.44459  11.5523 -43.2678  17.3144  22.1687 0.866857 -0.530595 -0.631631 -0.202564  0.00285707 0.000613048 -0.00656986  0.0167742 -0.0117463  0.0139955 1 0 0 6778
             189.691  5.35781  11.6254 -43.2409  17.3126  22.1563 0.860154 -0.551282 -0.771771 -0.277251  0.00286788   0.0005796 -0.00658411  0.0155545 -0.0101539   0.014648 1 0 0 0
              189.79  5.23212  11.5585 -43.9646  17.2535  22.0773 0.835826 -0.638298 -0.818835 -0.232625  0.00290805 0.000595298 -0.00658159   0.0158813 -0.00969855   0.0138579 1 0 0 6842
              189.79  5.22253  11.5334 -43.9752  17.2494  22.0809 0.833479 -0.688037 -0.776029 -0.260496  0.00291039  0.00060828 -0.00657815   0.0167015 -0.00958932   0.0144293 1 0 0 0
              189.89 5.32215  10.932  -44.32  17.1832   21.998 0.821506 -0.663721 -0.849879 -0.039161  0.00292288 0.000584427 -0.00657359   0.0160905 -0.00982223   0.0128975 1 0 0 6912
              189.89  5.31788  10.9395 -44.3322  17.1827  21.9999 0.826536 -0.668784 -0.828252 0.0175701  0.00292957 0.000588283 -0.00656821  0.0164732 -0.0100363  0.0122343 1 0 0 0
              189.99 5.77285 10.0694 -43.332  17.1294  21.9165 0.844354 -0.470503  -0.82428  0.303572  0.00296333 0.000574236 -0.00663392  0.0152478 -0.0116312  0.0116589 1 0 0 6916
              189.99  5.77796  10.0819 -43.3991  17.1256   21.929 0.838425 -0.515737 -0.678725  0.235845  0.00297186 0.000601281 -0.00660975  0.0167604 -0.0124196   0.012953 1 0 0 0
              190.09 2.58098 10.2316 -42.669  17.0903  21.8603 0.863235 -0.283684 -0.637052  0.209098  0.00308031 0.000571049 -0.00659977  0.0150906 -0.0122121  0.0118717 1 0 0 6527
              190.09  2.63598  10.2736 -42.7246  17.0923  21.8704 0.867035 -0.259577 -0.516789  0.251138  0.00305578 0.000559048 -0.00658502 0.0161073 -0.013703  0.011577 1 0 0 0
              190.19  1.57011  10.3216 -41.1464 17.0681 21.8004 0.88625 -0.234324 -0.742276  0.125755   0.0029422 0.000524614 -0.00661441  0.0142138 -0.0116853   0.011258 1 0 0 6374
              190.19  1.61191   10.364 -41.1944  17.0708  21.7968 0.881402 -0.203983 -0.782901 0.0724324  0.00292642 0.000501606 -0.00659476  0.0134414 -0.0115309  0.0118522 1 0 0 0
              190.29   1.8157  11.2549 -39.8919 17.0388 21.7107 0.88049  -0.363871  -0.898469 -0.0502912  0.00289373 0.000510469 -0.00662474  0.0140997 -0.0100158  0.0122779 1 0 0 6381
              190.29  1.84272   11.273 -39.9509  17.0359  21.7184 0.883544  -0.396319  -0.806947 -0.0167574  0.00289087 0.000524808 -0.00660392  0.0152995 -0.0106645  0.0120416 1 0 0 0
              190.39  2.91542  10.9226 -38.6588 16.9899 21.6342 0.87164 -0.457422 -0.859623 -0.179659  0.00285379 0.000578025 -0.00662676   0.0156768 -0.00954053   0.0129484 1 0 0 6375
              190.39 3.00417 10.9887 -38.651   16.991  21.6451 0.868267 -0.443136 -0.731503 -0.217709  0.00285043 0.000576164  -0.0066222 0.0164982 -0.010961 0.0136846 1 0 0 0
              190.49  3.28616  11.0496 -38.1132   16.951  21.5639 0.849016 -0.391422 -0.865014 -0.172231   0.0028892 0.000594279 -0.00658256  0.0158571 -0.0108375  0.0128979 1 0 0 6513
              190.49  3.34601  11.0891 -38.0834  16.9461   21.563 0.846436 -0.448686 -0.877015 -0.202015  0.00286127 0.000588608 -0.00659208  0.0162769 -0.0102262  0.0133603 1 0 0 0
              190.59  4.03878  11.0009 -37.1381  16.9068  21.4648 0.835935  -0.378675   -1.04586 -0.0152829  0.00290478 0.000560464 -0.00660241  0.0151244 -0.0100286  0.0129381 1 0 0 6701
              190.59  4.03729  11.0005 -37.1381  16.9088  21.4651 0.837329   -0.354617    -1.04206 0.000432256  0.00291115 0.000556392 -0.00660212  0.0149469 -0.0102726     0.0127 1 0 0 0
              190.69  3.38987  11.6901 -36.6719  16.8773  21.3641 0.852958 -0.308226 -0.998422   0.21916  0.00298072 0.000527127 -0.00658267  0.0150388 -0.0115375  0.0117712 1 0 0 6540
              190.69  3.38987  11.6901 -36.6719  16.8773  21.3641 0.852958 -0.308226 -0.998422   0.21916  0.00298072 0.000527127 -0.00658267  0.0150388 -0.0115375  0.0117712 1 0 0 0
              190.79 2.59357  12.924 -37.072  16.8487  21.2758 0.874772 -0.294703 -0.795864  0.192897  0.00298633 0.000523966 -0.00655451  0.0152665 -0.0123516  0.0115589 1 0 0 6457
              190.79 2.64465 12.8668 -37.128  16.8469  21.2829 0.869242  -0.31359 -0.713058  0.131449  0.00298151 0.000561235 -0.00653775  0.0159154 -0.0130354  0.0125889 1 0 0 0
              190.89  2.86441  12.5419 -39.1843  16.8135  21.2162 0.879701 -0.354494 -0.618727 0.0427266  0.00296166 0.000597813 -0.00649358  0.015854 -0.012819 0.0123153 1 0 0 6419
              190.89  2.81225  12.4724 -39.1405  16.8148  21.2057 0.877038  -0.34221 -0.742147 0.0125866  0.00296095 0.000602039 -0.00651249 0.0146666 -0.011576 0.0124166 1 0 0 0
              190.99  3.22842  10.2315 -40.2841  16.7673  21.1394 0.873739   -0.54162  -0.676129 -0.0777598  0.00291719  0.00066399 -0.00654914  0.0164781 -0.0116933  0.0125809 1 0 0 6319
              190.99   3.2266  10.2126 -40.2573  16.7601   21.132 0.871362 -0.628558 -0.764268 -0.105081  0.00289523 0.000675855 -0.00656998  0.0165601 -0.0100372  0.0128992 1 0 0 0
              191.09  5.06033  9.60041 -41.2672  16.697 21.0608 0.86022 -0.648084 -0.718245 -0.140616  0.00291887 0.000653695  -0.0065429  0.0172496 -0.0111707  0.0124899 1 0 0 6671
              191.09  5.06178  9.64899 -41.2377  16.6875  21.0582 0.857462 -0.759012 -0.750026 -0.172451  0.00289595 0.000654954 -0.00655497   0.0180193 -0.00986127   0.0129843 1 0 0 0
              191.19   5.2982  9.85107 -41.5427  16.6226  20.9824 0.839552 -0.665609 -0.785244 -0.109079  0.00296231 0.000604805 -0.00654172  0.0166031 -0.0115217  0.0133333 1 0 0 6751
              191.19    5.503  9.90876 -41.4358  16.6348  20.9654 0.837311 -0.530715 -0.985517 -0.130127  0.00288384 0.000511879 -0.00657985  0.0135833 -0.0107695  0.0130572 1 0 0 0
              191.29  5.67473  9.90682 -42.9947  16.5755   20.878 0.846011 -0.607419 -0.831806  0.235986  0.00298514 0.000607562 -0.00653061  0.0153405 -0.0118335  0.0120375 1 0 0 6889
              191.29  5.72078  9.96804 -42.9748  16.5668  20.8943 0.847786 -0.704475 -0.641238  0.255728  0.00300417 0.000664123 -0.00652906  0.0178576 -0.0127927  0.0122958 1 0 0 0
              191.39  3.40958  9.35222 -43.4754  16.5086   20.831 0.879461 -0.507821 -0.560365  0.294033  0.00309199 0.000656597 -0.00651814  0.0166746 -0.0127974  0.0116728 1 0 0 6744
              191.39    3.281  9.38711 -43.4781  16.5148  20.8297 0.878089 -0.438588 -0.573327  0.279295   0.0031435 0.000623779 -0.00650783  0.0159002 -0.0132544  0.0117864 1 0 0 0
              191.49  1.89631  9.04885 -43.1296   16.474  20.7736 0.897201 -0.378829  -0.54806  0.147998  0.00303456 0.000603896 -0.00654375  0.0154666 -0.0128803   0.012751 1 0 0 6396
              191.49  1.76898  8.96544 -43.1382 16.4714 20.7691  0.8882 -0.409976 -0.598558 0.0488405  0.00306404 0.000625991 -0.00654247  0.0150965 -0.0120307  0.0139726 1 0 0 0
              191.59 0.512138  9.37005 -42.8256 16.4288 20.7034 0.88716  -0.456957  -0.695833 -0.0814265  0.00302143 0.000577474 -0.00655729  0.0148738 -0.0113639  0.0135827 1 0 0 6268
              191.59 0.550217  9.41152 -42.8057  16.4261  20.7019 0.889512  -0.487824  -0.713929 -0.0559249  0.00300203 0.000567105 -0.00656438   0.015055 -0.0109266  0.0132595 1 0 0 0
              191.69  2.23932  9.30978 -42.7374  16.3693  20.6231 0.876991 -0.574415 -0.807448 -0.189397  0.00290264 0.000580219 -0.00655213   0.0152544 -0.00999205   0.0136981 1 0 0 6480
              191.69 2.28417 9.30062 -42.748  16.3658  20.6245 0.876965 -0.615062 -0.791016  -0.19017  0.00288404 0.000593384 -0.00654767  0.0157835 -0.0097895  0.0137893 1 0 0 0
              191.79  3.90595  9.43522 -42.1697  16.3051  20.5407 0.862098 -0.591061 -0.871744 -0.155038  0.00291251 0.000594379 -0.00654293    0.015617 -0.00946317   0.0127321 1 0 0 6514
              191.79  3.93679  9.47419 -42.1873  16.3031  20.5463 0.860333 -0.614829 -0.805225 -0.174663  0.00291094 0.000599582 -0.00653463   0.0163756 -0.00987598   0.0131311 1 0 0 0
              191.89 3.60593 9.21717 -41.416   16.253  20.4604 0.849537  -0.496275  -0.913836 -0.0258294   0.0029774 0.000576607  -0.0065535  0.0150102 -0.0106443  0.0124419 1 0 0 6700
              191.89  3.70108  9.24407 -41.4681   16.252  20.4708 0.842599 -0.507044 -0.790521 -0.104309  0.00296965 0.000596167 -0.00653517  0.0160023 -0.0116473  0.0137345 1 0 0 0
             191.991   3.0107  9.99726 -41.2891  16.2082  20.3797 0.846016 -0.445767 -0.949649  0.132269    0.003025 0.000555159  -0.0065425  0.0145898 -0.0117436   0.012694 1 0 0 6620
             191.991  2.91794  9.98408 -41.3231  16.2079  20.3822 0.842473 -0.449416 -0.920942 0.0935202  0.00305664 0.000564533 -0.00653157  0.0147819 -0.0119392   0.013264 1 0 0 0
              192.09  2.65578  12.0621 -41.7553  16.162 20.2843 0.86068  -0.46089 -0.927558  0.165539  0.00301851 0.000532684 -0.00652583  0.0140634 -0.0107893  0.0120361 1 0 0 6532
              192.09  2.65374   12.033 -41.7622  16.1579  20.2784 0.862546 -0.510513 -0.999127  0.185881  0.00301694 0.000541649 -0.00652351   0.0139743 -0.00959047   0.0116578 1 0 0 0
              192.19  3.14936  11.8809 -43.2377   16.105  20.1988 0.884085 -0.536561 -0.700718  0.203843  0.00302846 0.000616075 -0.00648721  0.0151448 -0.0108994  0.0114367 1 0 0 6647
              192.19  3.14363  11.8119 -43.2856  16.1103  20.1914 0.887868 -0.475624  -0.78584  0.246822    0.003016  0.00060561 -0.00646998  0.0139762 -0.0106438  0.0106059 1 0 0 0
              192.29  3.71296  9.59722 -46.2183 16.0485 20.1387 0.90235 -0.645673 -0.449259 0.0929601  0.00300277 0.000733482 -0.00646713  0.0171335 -0.0113504  0.0121593 1 0 0 6910
              192.29  3.59004  9.66697 -46.2406   16.039  20.1508 0.893241   -0.749399    -0.31264 -0.00605812  0.00305615 0.000762887 -0.00645981  0.0190162 -0.0115903  0.0139028 1 0 0 0
              192.39  4.30492  7.78607 -46.9813 15.9646 20.1124 0.88272 -0.748447 -0.396285 -0.171467  0.00302567  0.00073292 -0.00651028  0.0179895 -0.0109181  0.0143049 1 0 0 6691
              192.39  4.26619  7.78765 -46.9713  15.9647   20.112 0.880918 -0.747974 -0.401222 -0.191255  0.00303725  0.00073162 -0.00651337  0.0178953 -0.0108592  0.0145509 1 0 0 0
              192.49  4.73531  7.26983 -47.1477  15.8978  20.0561 0.864396 -0.683326 -0.604521 -0.146273   0.0030231 0.000632071 -0.00654558  0.0154167 -0.0106445  0.0135724 1 0 0 6820
              192.49  4.65558  7.19217 -47.0713  15.8985  20.0457 0.861936 -0.676908 -0.725885  -0.17157   0.0030295 0.000629449 -0.00657397   0.0141475 -0.00963598   0.0136743 1 0 0 0
             192.591  5.26014  7.45603 -46.3369  15.8392  19.9736 0.854485   -0.589406   -0.712501 -0.00424302  0.00304507 0.000554311 -0.00658823  0.0134247 -0.0111797  0.0128435 1 0 0 6701
             192.591   5.1463  7.36413 -46.2956  15.8402  19.9779 0.859286 -0.576088 -0.662261 0.0476057  0.00309425  0.00059016 -0.00660326  0.0138561 -0.0117809  0.0122458 1 0 0 0
              192.69  5.38764  7.27595 -45.8261  15.7787  19.9142 0.879237 -0.578017 -0.592315  0.286097  0.00307055 0.000595186 -0.00655595  0.0144189 -0.0115079  0.0118624 1 0 0 6717
              192.69 5.23463 7.22537  -45.77  15.7778  19.9161 0.879363  -0.58807 -0.569654  0.287068  0.00312007 0.000610892 -0.00657457  0.0147358 -0.0115992  0.0118916 1 0 0 0
              192.79 2.00874  7.7984  -45.45 15.7254 19.8725 0.90339 -0.486345 -0.394513   0.18185  0.00317258 0.000601707 -0.00656336  0.0154321 -0.0122109  0.0121091 1 0 0 6496
              192.79  1.81688   7.6814 -45.3936 15.7227 19.8652 0.89112  -0.52059  -0.47535 0.0496471  0.00321449 0.000624843 -0.00658143  0.0147756 -0.0110138  0.0137059 1 0 0 0
              192.89  1.26253  8.07685 -45.5213  15.6639  19.8214 0.898704 -0.601795 -0.442284 0.0520789  0.00310551 0.000613826 -0.00655604  0.0158922 -0.0108128   0.013032 1 0 0 6297
              192.89  1.26777  8.06276 -45.4726  15.6632  19.8168 0.899178 -0.610332 -0.496563 0.0567022  0.00309459 0.000609316 -0.00657021  0.0154658 -0.0102414  0.0129005 1 0 0 0
              192.99  1.54806  8.08585 -46.2766   15.601  19.7748 0.904751 -0.626905 -0.406682 0.0205542  0.00304637 0.000614755 -0.00652314  0.0164062 -0.0109864   0.012439 1 0 0 6195
              192.99  1.52354  8.07114 -46.3435  15.5985  19.7809 0.901032  -0.655875  -0.335914 -0.0217513  0.00305896  0.00064098 -0.00650087  0.0172399 -0.0113388  0.0131141 1 0 0 0
              193.09  2.42232  7.61323 -46.3227 15.5421 19.7418 0.89627  -0.549214  -0.416113 -0.0855322  0.00306157  0.00062315 -0.00655002  0.0159617 -0.0118578  0.0125357 1 0 0 6289
              193.09  2.42232  7.61323 -46.3227 15.5421 19.7418 0.89627  -0.549214  -0.416113 -0.0855322  0.00306157  0.00062315 -0.00655002  0.0159617 -0.0118578  0.0125357 1 0 0 0
              193.19  3.47712  8.26223 -46.9292  15.4897  19.6862 0.885203 -0.526039 -0.593641 -0.115798 0.00301219 0.00055097 -0.0065256  0.0144159 -0.0109389  0.0122573 1 0 0 6465
              193.19 3.52309 8.31434 -46.947  15.4825  19.6899 0.884267 -0.610528 -0.549406  -0.12678  0.00298903 0.000559589  -0.0065182  0.0155713 -0.0105093  0.0125314 1 0 0 0
              193.29  4.75102  8.29894 -47.5092   15.421  19.6162 0.875234  -0.625754  -0.791573 -0.0232246  0.00297457 0.000569316 -0.00654373  0.0137814 -0.0093073  0.0124757 1 0 0 6483
              193.29   4.8189  8.30966 -47.6085  15.4218  19.6103 0.872112  -0.619206  -0.858129 -0.0563362  0.00293468 0.000550886 -0.00651594   0.0130458 -0.00878811   0.0127848 1 0 0 0
              193.39 2.92603 8.93202 -48.769   15.357    19.53 0.874971 -0.683565 -0.812122  0.111794   0.0030735   0.0005622 -0.00648599   0.0137921 -0.00920309   0.0128653 1 0 0 6434
              193.39  3.10559   9.0235 -48.6848  15.3611  19.5468 0.873803 -0.634045 -0.621554  0.100842  0.00308202 0.000569181 -0.00650407 0.0151715 -0.011256  0.013388 1 0 0 0
              193.49  1.26376  9.71775 -50.9331  15.2961  19.4882 0.886615 -0.633852 -0.533933 0.0955214  0.00309459 0.000586426 -0.00646985  0.0155282 -0.0110932  0.0130651 1 0 0 6292
              193.49  1.29017  9.71256 -50.9248  15.2949  19.4912 0.884675 -0.647439  -0.49968 0.0741804  0.00309153 0.000599972  -0.0064731  0.0159313 -0.0112227  0.0134226 1 0 0 0
              193.59  2.25084  9.36126 -52.4811   15.228  19.4389 0.892645 -0.667057 -0.510507 0.0475321  0.00303006 0.000605203 -0.00650204  0.0154551 -0.0106204  0.0129736 1 0 0 6332
              193.59  2.31932  9.40581 -52.4952  15.2273  19.4382 0.897797 -0.673331  -0.51927  0.103106  0.00300361 0.000590209 -0.00649822  0.0155415 -0.0105103  0.0122378 1 0 0 0
              193.69  3.17449  9.33726 -54.7202  15.1651  19.3908 0.899836  -0.628307  -0.458671 -0.0423894  0.00302265 0.000607982 -0.00646545  0.0154897 -0.0111797  0.0123623 1 0 0 6363
              193.69  3.25409  9.46028 -54.5899  15.1638  19.4112 0.902003  -0.636568  -0.235364 -0.0196539   0.0030401 0.000610047 -0.00649759  0.0179701 -0.0127881  0.0125002 1 0 0 0
              193.79  5.19021  9.21061 -53.5534  15.1012  19.3638 0.890162 -0.654069 -0.528477 -0.149402  0.00303401 0.000605485 -0.00657865  0.0148988 -0.0114997  0.0127984 1 0 0 6807
              193.79  5.10476  9.26976 -53.6943 15.0881 19.3667 0.87863 -0.795228 -0.497575 -0.278085  0.00302763 0.000619278 -0.00653734  0.0159812 -0.0100512  0.0146325 1 0 0 0
              193.89  6.25772  9.63184 -53.0736  15.0157  19.2949 0.852822 -0.758426 -0.755111 -0.218593  0.00299533 0.000546519 -0.00658183   0.0127074 -0.00956889   0.0137855 1 0 0 6660
              193.89  6.37239  9.61265 -53.1358  15.0273  19.2915 0.853793  -0.63046 -0.793827 -0.204595  0.00298334 0.000523098 -0.00656311  0.0114159 -0.0107046  0.0135038 1 0 0 0
              193.99  7.21801    9.631 -53.2679  14.9524  19.2132 0.847253 -0.779909 -0.784443 0.0230515   0.0030032 0.000561045 -0.00654652   0.0123862 -0.00986425   0.0126615 1 0 0 6843
              193.99 7.19036 9.63039 -53.222  14.9395  19.2258 0.844854   -0.918592   -0.642909 -0.00913734  0.00300279 0.000626716 -0.00656222  0.0147899 -0.0093331  0.0134309 1 0 0 0
              194.09  6.78421  9.89005 -53.0161  14.8501  19.1668 0.866211 -0.834203 -0.545984   0.28385  0.00302432 0.000634792 -0.00656206  0.0153402 -0.0100393  0.0120957 1 0 0 6931
              194.09  6.81352  9.90299 -52.9426  14.8524  19.1807 0.862756 -0.810423  -0.38588  0.245073   0.0030641 0.000673438 -0.00658172  0.0167399 -0.0113395   0.013046 1 0 0 0
              194.19  2.80144  10.5026 -53.6396  14.7791  19.1354 0.892284 -0.704817 -0.436932  0.268401  0.00317835 0.000605526 -0.00651613  0.0153786 -0.0107707  0.0112886 1 0 0 6723
              194.19  2.97094  10.5149 -53.6054 14.7842 19.1422 0.90224 -0.648307  -0.36122  0.376067  0.00315083 0.000610667 -0.00652627  0.0159962 -0.0121025     0.0101 1 0 0 0
              194.29  2.65771  10.0605 -53.7642   14.732  19.1013 0.927119 -0.494534 -0.417668  0.191866  0.00307167 0.000627963  -0.0065386  0.0144314 -0.0127067  0.0110409 1 0 0 6359
              194.29  2.58953  10.2081 -53.7297 14.7278 19.1029 0.91297 -0.544747 -0.398517 0.0419731  0.00309146   0.0005932 -0.00655086 0.0146589  -0.01216 0.0130859 1 0 0 0
              194.39  2.31896  10.3294 -53.7923  14.6679  19.0557 0.908179  -0.630921  -0.496342 -0.0841377  0.00305298 0.000597201 -0.00653794  0.0141506 -0.0113839  0.0137396 1 0 0 6390
              194.39  2.47081  10.3026 -53.8413  14.6692  19.0548 0.910823  -0.617092  -0.506524 -0.0557543  0.00300533 0.000602059 -0.00652311  0.0140058 -0.0114879   0.013331 1 0 0 0
              194.49  3.48381  9.50269 -53.7475  14.6013  19.0011 0.894619 -0.693311 -0.563175 -0.208358  0.00299514 0.000650174 -0.00654956  0.0141038 -0.0106968  0.0139858 1 0 0 6323
              194.49  3.64713  9.53664 -53.6627  14.5995   18.996 0.894892 -0.713127 -0.621034 -0.205674   0.0029362 0.000628555 -0.00657832  0.0136419 -0.0100812  0.0138412 1 0 0 0
              194.59  5.07043  10.2752 -54.1981    14.52  18.9363 0.871857 -0.791467 -0.611022 -0.239891  0.00296635 0.000617492 -0.00651907   0.0150233 -0.00939579    0.014055 1 0 0 6563
              194.59  5.07905  10.2675 -54.1407  14.5162    18.95 0.869381 -0.832286 -0.457211 -0.267916  0.00298163 0.000657679 -0.00653273   0.016901 -0.0100324  0.0147943 1 0 0 0
              194.69  5.46924  10.1865 -53.4023  14.4352  18.8927 0.853881  -0.809859  -0.620139 -0.0832723  0.00301621 0.000637186 -0.00655274   0.0157385 -0.00988232   0.0137056 1 0 0 6545
              194.69  5.52146  10.1415 -53.4507  14.4278  18.9004 0.850309 -0.893114 -0.531809 -0.122463  0.00299217 0.000689609 -0.00654054   0.0171774 -0.00955812   0.0144679 1 0 0 0
              194.79   3.9013  10.7813 -53.1153  14.3531  18.8274 0.856138 -0.727239 -0.767417  0.161172  0.00310412  0.00055386 -0.00651813   0.014095 -0.0102623  0.0126089 1 0 0 6494
              194.79  3.97635  10.8376 -53.1202 14.3576 18.8457 0.85032 -0.679915 -0.562438 0.0952274  0.00313783 0.000590169 -0.00651084  0.015723 -0.012105 0.0139941 1 0 0 0
              194.89  1.87756  12.3717 -53.4789  14.3076  18.7745 0.871901 -0.462639 -0.668013  0.206134  0.00314434 0.000477357 -0.00647257  0.0126339 -0.0122082  0.0115251 1 0 0 6318
              194.89  1.99601  12.3132 -53.4855  14.3097  18.7856 0.878615 -0.435803 -0.538947  0.280742 0.00313935 0.00052565 -0.0064721   0.013959 -0.0134963  0.0108552 1 0 0 0
              194.99  2.76452  11.0028 -53.6403  14.2651  18.7233 0.904066 -0.437209 -0.618572  0.211506  0.00302429 0.000572285 -0.00649793  0.0125601 -0.0124035   0.010676 1 0 0 6161
              194.99  2.53924  11.0116 -53.7029  14.2529  18.7204 0.894279 -0.574029 -0.650345  0.101515  0.00306151 0.000588804 -0.00649316   0.012899 -0.0106051  0.0122073 1 0 0 0
              195.09 2.93459 9.51437 -54.235  14.1908  18.6542 0.897647  -0.636752   -0.67012 -0.0293076  0.00301595 0.000606048 -0.00650178   0.0130358 -0.00975471    0.012204 1 0 0 6087
              195.09  2.92929  9.56793 -54.2873  14.1871  18.6695 0.893536  -0.674973  -0.500722 -0.0741656  0.00303353 0.000631062  -0.0064813  0.0149951 -0.0105456  0.0132222 1 0 0 0
              195.19  4.86108  9.27927 -53.5225  14.1162  18.6166 0.877328 -0.737815 -0.559566 -0.193196  0.00298876 0.000609701 -0.00653851  0.0149239 -0.0103954    0.01389 1 0 0 6073
              195.19  4.85727  9.30565 -53.4973  14.112 18.6148 0.87821 -0.782138 -0.580941  -0.18535  0.00297985 0.000603068 -0.00654798   0.0150322 -0.00975927   0.0137665 1 0 0 0
              195.29  5.87167  8.94449 -52.4222  14.0357   18.558 0.863974 -0.774337 -0.567208 -0.115226  0.00302706 0.000617353 -0.00657679  0.0149948 -0.0105364  0.0133926 1 0 0 6136
              195.29  5.91596   8.9258 -52.4342  14.0397  18.5615 0.862092  -0.73212 -0.526879 -0.136064  0.00302861 0.000626214 -0.00657108  0.0150733 -0.0112696  0.0137572 1 0 0 0
              195.39  5.42387  9.06485 -51.3859  13.9682  18.5095 0.859779 -0.743429 -0.528808 0.0692671  0.00311002 0.000587842  -0.0065516  0.0150161 -0.0118656  0.0129166 1 0 0 6021
              195.39  5.42387  9.06485 -51.3859  13.9682  18.5095 0.859779 -0.743429 -0.528808 0.0692671  0.00311002 0.000587842  -0.0065516  0.0150161 -0.0118656  0.0129166 1 0 0 0
              195.49  6.27375  9.35251 -51.2205  13.8927  18.4517 0.878362  -0.69245 -0.554548  0.232634  0.00305482 0.000582204 -0.00652829  0.0146895 -0.0114724  0.0128621 1 0 0 6079
              195.49  6.30879   9.3363 -51.2263  13.8924  18.4511 0.879294 -0.695299 -0.561982  0.242878  0.00304143 0.000585766 -0.00652725 0.0146554 -0.011406 0.0127109 1 0 0 0
             195.591  2.62592  9.96711 -51.8818  13.8251   18.399 0.898417 -0.649328 -0.478561   0.15275  0.00319317 0.000580814 -0.00650878  0.0147237 -0.0107088  0.0125775 1 0 0 6138
             195.591 2.60171 9.97443 -51.917  13.8292  18.4055 0.899116 -0.606403 -0.405082  0.160519  0.00321355 0.000583545 -0.00649947  0.0151639 -0.0117312  0.0126473 1 0 0 0
              195.69  2.31099  9.64884 -51.9653  13.7649  18.3625 0.907284 -0.656661 -0.458242 0.0305579  0.00310124 0.000581332 -0.00651437  0.0152095 -0.0112092  0.0132523 1 0 0 5700
              195.69  2.37734  9.59824 -51.9266   13.764  18.3622 0.912543 -0.666631 -0.461043 0.0875941  0.00308285 0.000596511 -0.00652681   0.015395 -0.0111254  0.0124379 1 0 0 0
              195.79  2.71355  9.59773 -52.2085  13.6954  18.3105 0.911173  -0.693797  -0.545833 -0.0677398   0.0030532 0.000589021 -0.00652724  0.0149381 -0.0107275   0.013246 1 0 0 5964
              195.79  2.72237  9.64748 -52.2261  13.698 18.3148 0.91761  -0.662458  -0.495561 0.00195838  0.00306687 0.000580795 -0.00651858  0.0153695 -0.0114614  0.0124024 1 0 0 0
              195.89  3.61421  9.71518 -51.5417  13.6349   18.259 0.903975 -0.612853 -0.597059 -0.176565  0.00307292 0.000580364 -0.00655789 0.0145881 -0.011192 0.0134817 1 0 0 5961
              195.89  3.62244  9.66622 -51.5582  13.6348  18.2597 0.900552 -0.615538 -0.587991 -0.213795  0.00306995  0.00059711 -0.00655359  0.0146194 -0.0112125  0.0139943 1 0 0 0
              195.99  3.09913  9.91925 -50.5448  13.5707  18.1917 0.876126 -0.659711 -0.729376    -0.218  0.00309859  0.00055852 -0.00656218  0.0141278 -0.0101291  0.0142659 1 0 0 6023
              195.99  3.18399  9.91573 -50.5653  13.5741  18.1971 0.873143 -0.621889 -0.666091 -0.247758  0.00309111 0.000567388 -0.00655522   0.014423 -0.0109913   0.014774 1 0 0 0
              196.09  3.67136  10.3739 -50.7843  13.5069  18.1208 0.862744   -0.688611   -0.797417 -0.00730662  0.00306109 0.000549329 -0.00649534  0.0142864 -0.0103372  0.0139851 1 0 0 6023
              196.09  3.71748    10.26 -50.7032  13.5064  18.1224 0.862295  -0.694654  -0.778949 -0.0122155  0.00305342 0.000589017 -0.00652178  0.0144934 -0.0104203   0.014093 1 0 0 0
              196.19 2.50162 11.7586 -49.851  13.4395  18.0453 0.882497 -0.635862 -0.741558  0.249958  0.00313591   0.0004993 -0.00652377  0.0145376 -0.0111198  0.0126153 1 0 0 5863
              196.19  2.39586  11.6935 -49.8304  13.4514   18.038 0.890501 -0.500138 -0.821864  0.334908  0.00319149 0.000463619 -0.00652681  0.0128865 -0.0119173  0.0112064 1 0 0 0
              196.29 -0.851159   11.7377  -51.0392  13.3891   17.975 0.919574 -0.665881  -0.54726  0.256902    0.003193  0.00057146 -0.00652134  0.0152077 -0.0111531  0.0114411 1 0 0 5702
              196.29 -0.851159   11.7377  -51.0392  13.3891   17.975 0.919574 -0.665881  -0.54726  0.256902    0.003193  0.00057146 -0.00652134  0.0152077 -0.0111531  0.0114411 1 0 0 0
              196.39 0.319393  9.86889 -53.4588 13.3134 17.9312 0.93528 -0.773697 -0.414053 0.0670247  0.00305775 0.000673669 -0.00645644  0.0166299 -0.0112042   0.012428 1 0 0 5655
              196.39 0.314883  9.87609 -53.4633  13.3077  17.9297 0.933093 -0.836298 -0.431797 0.0419193  0.00304492  0.00067999 -0.00646245 0.0168637 -0.010418 0.0128353 1 0 0 0
              196.49   1.2177  8.32751 -53.8964  13.2245  17.8892 0.921589 -0.872429   -0.4258 -0.144811  0.00306089 0.000658731 -0.00654562  0.0167859 -0.0110876  0.0139717 1 0 0 5611
              196.49   1.2177  8.32751 -53.8964  13.2245  17.8892 0.921589 -0.872429   -0.4258 -0.144811  0.00306089 0.000658731 -0.00654562  0.0167859 -0.0110876  0.0139717 1 0 0 0
              196.59  3.20145  8.16907 -53.5774  13.1437  17.8364 0.897977 -0.802106 -0.546425 -0.260907  0.00305389 0.000577543  -0.0065571  0.0151371 -0.0112848  0.0148756 1 0 0 6005
              196.59  3.17024  8.07372 -53.5496  13.1405   17.843 0.891366 -0.838786 -0.466462   -0.3338  0.00306568 0.000631284 -0.00656167  0.0161159 -0.0114419  0.0159885 1 0 0 0
              196.69  3.51509  8.60372 -52.4472   13.061  17.7828 0.863709 -0.848251 -0.639378  -0.21685  0.00310136 0.000533588 -0.00656859  0.0139106 -0.0116344   0.015427 1 0 0 5731
              196.69  3.51509  8.60372 -52.4472   13.061  17.7828 0.863709 -0.848251 -0.639378  -0.21685  0.00310136 0.000533588 -0.00656859  0.0139106 -0.0116344   0.015427 1 0 0 0
              196.79  4.79511  8.46854 -51.6991  12.9772  17.7128 0.863379 -0.802493 -0.683039  0.118298  0.00311879 0.000490964 -0.00656492  0.0130302 -0.0112787  0.0137553 1 0 0 6045
              196.79  4.79511  8.46854 -51.6991  12.9772  17.7128 0.863379 -0.802493 -0.683039  0.118298  0.00311879 0.000490964 -0.00656492  0.0130302 -0.0112787  0.0137553 1 0 0 0
              196.89   2.7244  9.32476 -50.9159 12.9026 17.6495 0.89024 -0.685827 -0.583412  0.258688  0.00318415 0.000493205 -0.00656155  0.0134962 -0.0111044  0.0119665 1 0 0 5966
              196.89  2.78959  9.36968 -50.8892  12.9049  17.6543 0.890752 -0.658865 -0.527959   0.26459  0.00318546  0.00048953 -0.00656902 0.0138702 -0.011807 0.0119968 1 0 0 0
              196.99  1.97608    9.197 -50.5541  12.8381  17.6123 0.920364 -0.651428 -0.401467  0.247157  0.00312465 0.000557174 -0.00654891   0.015325 -0.0125563  0.0113401 1 0 0 5787
              196.99  1.90384  9.30997 -50.5797  12.8347  17.6189 0.910664 -0.685557 -0.325878  0.143325  0.00315524 0.000543331  -0.0065455  0.0161629 -0.0127079  0.0128807 1 0 0 0
              197.09  1.78744  9.66104 -50.7127 12.7676 17.5824 0.91825  -0.69117 -0.383288  0.048822  0.00310552 0.000560775 -0.00654472  0.0154865 -0.0126465  0.0129924 1 0 0 5774
              197.09  1.83228  9.76254 -50.7569  12.7692  17.5874 0.925738  -0.67209 -0.325767  0.129935  0.00310281 0.000538982 -0.00652858  0.0160986 -0.0133342  0.0120106 1 0 0 0
              197.19  2.42564  8.61248 -51.6025 12.7004 17.5442 0.92672  -0.677018  -0.453779 -0.0623922  0.00306366 0.000581191 -0.00655153  0.0148528 -0.0119743  0.0127386 1 0 0 5799
              197.19  2.42564  8.61248 -51.6025 12.7004 17.5442 0.92672  -0.677018  -0.453779 -0.0623922  0.00306366 0.000581191 -0.00655153  0.0148528 -0.0119743  0.0127386 1 0 0 0
              197.29  3.50594  8.34065 -51.8918  12.6333  17.4877 0.908044 -0.668137  -0.62758 -0.222812  0.00301702 0.000550029 -0.00655798 0.0139514 -0.011236 0.0137885 1 0 0 5891
              197.29  3.40273  8.35695 -51.9106  12.6325  17.4871 0.904614 -0.677832 -0.634124 -0.260156  0.00304507 0.000544496 -0.00655214  0.0138881 -0.0110527  0.0142771 1 0 0 0
              197.39  4.62087  8.41619 -51.0348 12.5588 17.4163 0.88134   -0.7546 -0.768778 -0.158838  0.00301607 0.000551597 -0.00658377  0.0138591 -0.0103283   0.014495 1 0 0 6099
              197.39  4.62691  8.42848 -51.0156  12.5568  17.4161 0.881288 -0.775451 -0.771963 -0.159794  0.00300938 0.000550411 -0.00658924  0.0139866 -0.0100847  0.0145101 1 0 0 0
              197.49  4.55723  9.63025 -50.3709  12.4793  17.3414 0.878579 -0.788209 -0.763586 0.0855657  0.00308244 0.000535449 -0.00657541  0.0146255 -0.0106814  0.0140572 1 0 0 6111
              197.49  4.56171   9.6309 -50.3807  12.4783  17.3423 0.879329 -0.799198  -0.75356 0.0941341  0.00307973  0.00054151 -0.00657215  0.0148239 -0.0106544  0.0139677 1 0 0 0
              197.59  2.70001  11.0746 -51.4339  12.4076  17.2759 0.895271  -0.67594 -0.584616  0.131278  0.00315644 0.000540021 -0.00652581  0.0149527 -0.0118372  0.0132317 1 0 0 6022
              197.59  2.64443  11.0411 -51.3601  12.4044  17.2793 0.892492 -0.708964 -0.546314  0.100937   0.0031771 0.000566891 -0.00655121  0.0155167 -0.0117589  0.0137253 1 0 0 0
              197.69  2.95736  10.2746 -51.4826   12.344   17.233 0.900029 -0.591755 -0.443346 0.0361225  0.00312629 0.000579378 -0.00653387  0.0151162 -0.0132684  0.0136789 1 0 0 5978
              197.69  2.95736  10.2746 -51.4826   12.344   17.233 0.900029 -0.591755 -0.443346 0.0361225  0.00312629 0.000579378 -0.00653387  0.0151162 -0.0132684  0.0136789 1 0 0 0
              197.79  4.25978  9.85655 -53.7785  12.2826   17.184 0.899702   -0.62069  -0.500805 -0.0607082  0.00308809 0.000572424 -0.00650126  0.0149383 -0.0125583  0.0131903 1 0 0 6074
              197.79 4.17381  9.8837 -53.757  12.2708  17.1949 0.900089  -0.737049  -0.377364 -0.0610389  0.00311414 0.000606381 -0.00650955  0.0171051 -0.0122709  0.0135719 1 0 0 0
              197.89  6.13742  9.53811 -52.4088  12.2039  17.1361 0.890236 -0.678664 -0.652005 -0.119745   0.0030692 0.000548277 -0.00658374  0.0141882 -0.0116458  0.0130835 1 0 0 6168
              197.89  6.13742  9.53811 -52.4088  12.2039  17.1361 0.890236 -0.678664 -0.652005 -0.119745   0.0030692 0.000548277 -0.00658374  0.0141882 -0.0116458  0.0130835 1 0 0 0
              197.99  6.39084  9.60577 -51.6016 12.1372 17.0578  0.8805  -0.687894  -0.801119 -0.0652656  0.00309511 0.000514629 -0.00658854  0.0126526 -0.0111249   0.012473 1 0 0 6249
              197.99  6.18094  9.72926 -51.4909  12.1248  17.0761 0.872724 -0.814567 -0.596286 -0.149838   0.0031658 0.000543313 -0.00661569  0.0155852 -0.0111216  0.0141274 1 0 0 0
              198.09  5.75685  9.64516 -50.7614  12.0588  17.0019 0.869264 -0.670162 -0.761522  0.057433  0.00312918 0.000504228 -0.00658148  0.0127941 -0.0116616  0.0129771 1 0 0 6157
              198.09  5.79419  9.65922 -50.7653  12.0581  17.0027 0.869827 -0.677835 -0.752056 0.0636711  0.00311738 0.000504163 -0.00658017  0.0129629 -0.0116663  0.0129207 1 0 0 0
              198.19  5.57494  9.88191 -50.7433  11.9936  16.9233 0.892949 -0.569991 -0.756981  0.267053   0.0031408 0.000488132 -0.00654275   0.012427 -0.0114981  0.0120531 1 0 0 6076
              198.19  5.5765 9.91099  -50.72  11.9918  16.9211 0.895169 -0.590598 -0.782295   0.29103  0.00312966 0.000475544 -0.00655054  0.0123902 -0.0111327  0.0116795 1 0 0 0
              198.29  2.79191  9.53974 -50.4443   11.936  16.8611 0.918749  -0.51924 -0.568965  0.199856  0.00319241 0.000529523 -0.00656832  0.0140811 -0.0120972  0.0124004 1 0 0 6070
              198.29  2.99921  9.58966 -50.4207  11.9442  16.8686 0.922663 -0.437771 -0.485965  0.239728  0.00316071 0.000517483 -0.00657256  0.0143777 -0.0136663  0.0120499 1 0 0 0
              198.39   2.1491  10.2865 -49.4917  11.8907  16.8213 0.932476 -0.538474 -0.505132 0.0165018    0.003144 0.000546574 -0.00658663  0.0155785 -0.0127505  0.0131308 1 0 0 5777
              198.39  2.12625  10.3598 -49.5455  11.8924  16.8258 0.924012  -0.519531  -0.453689 -0.0740633  0.00316199 0.000531002 -0.00656899  0.015759 -0.013286 0.0144127 1 0 0 0
              198.49   2.7556  10.2972 -48.4503  11.8316  16.7707 0.913462 -0.625244 -0.598554 -0.155778  0.00310644 0.000553379 -0.00660608  0.0156982 -0.0119398   0.014184 1 0 0 5705
              198.49  2.84594  10.3961 -48.4274  11.8337  16.7776 0.905371 -0.601463 -0.521157 -0.238441  0.00309179 0.000531193  -0.0066101  0.0160981 -0.0127971  0.0154121 1 0 0 0
              198.59 3.84294 10.6738 -47.395  11.7732   16.705 0.883083 -0.597225 -0.801921 -0.256112  0.00307906 0.000505949 -0.00661324  0.014764 -0.011108 0.0141274 1 0 0 5847
              198.59  3.83595  10.6699 -47.3843  11.7688  16.7024 0.882334 -0.644996 -0.833628 -0.264571  0.00306712 0.000507807 -0.00661728  0.0148342 -0.0103491  0.0142191 1 0 0 0
              198.69  4.82101    11.83 -45.9228  11.7108  16.6039 0.866338  -0.568403   -1.03807 -0.0799234  0.00309211 0.000468541 -0.00661315   0.0133918 -0.00987893   0.0128786 1 0 0 5789
              198.69  4.82861  11.8134 -45.9527  11.7102   16.606 0.863159 -0.574293  -1.01359 -0.113325  0.00309055 0.000479802 -0.00660415  0.0135898 -0.0100006  0.0133809 1 0 0 0
             198.791  3.55657  11.4693 -45.7864  11.6549  16.5072 0.871479 -0.583487 -0.990667  0.239755  0.00315461 0.000514521 -0.00657023  0.013858 -0.010964 0.0127129 1 0 0 5976
             198.791  3.57348  11.4808 -45.7862 11.6555 16.5082 0.87147  -0.57717 -0.979402   0.23974  0.00315167 0.000511709 -0.00656986  0.0139076 -0.0111213  0.0127376 1 0 0 0
              198.89   1.5352  11.3706 -47.5231  11.5996  16.4222 0.901888 -0.534933 -0.777797  0.251432  0.00317523 0.000512325 -0.00651562   0.014905 -0.0121284  0.0122866 1 0 0 5698
              198.89  1.55018  11.4063 -47.5342  11.5968  16.4279 0.903838 -0.561214 -0.714446  0.270704  0.00316972 0.000503002 -0.00651355  0.0158377 -0.0124841  0.0122156 1 0 0 0
              198.99  1.34349  9.59725 -47.8018  11.5401  16.3638 0.928874 -0.584217 -0.596873  0.218391  0.00313197 0.000569914  -0.0065488  0.0158404 -0.0127697  0.0118111 1 0 0 5688
              198.99  1.36203  9.56746 -47.7746 11.5394 16.3604 0.92797 -0.592852 -0.635412  0.208754   0.0031193 0.000574071 -0.00655942  0.0155181 -0.0123525  0.0118735 1 0 0 0
              199.09  3.09504  8.67221 -49.0381  11.4851  16.3012 0.938093 -0.534513 -0.586264 0.0385443  0.00304222 0.000546636 -0.00653922  0.0155601 -0.0129321  0.0124216 1 0 0 5705
              199.09  3.17503  8.74096 -49.0841  11.4776  16.3086 0.935867 -0.611654 -0.503681 0.0144413  0.00301298 0.000544823 -0.00652344  0.0169767 -0.0128805  0.0129814 1 0 0 0
              199.19  4.96907  7.92801 -48.6647  11.4223  16.2477 0.924324 -0.567717 -0.634195 -0.154679  0.00303509 0.000584307  -0.0065803  0.0147949 -0.0127906  0.0139007 1 0 0 5946
              199.19   5.1039  8.03124 -48.6908  11.4258  16.2458 0.917625 -0.530804 -0.654496 -0.221894  0.00298698 0.000553076 -0.00657083  0.0141103 -0.0129785  0.0147945 1 0 0 0
              199.29  6.49781  8.05737 -48.8319  11.3675  16.1695 0.890993 -0.606777 -0.794848 -0.268282    0.003049 0.000571588 -0.00656554  0.0134158 -0.0116355  0.0148463 1 0 0 5933
              199.29  6.54724  8.03589 -48.8243  11.3645  16.1701 0.893645 -0.637387 -0.789805 -0.242479  0.00303435 0.000576641 -0.00656776  0.0137969 -0.0113826  0.0144919 1 0 0 0
              199.39 7.75022 8.62231 -48.322  11.2972  16.0879 0.874547 -0.708679 -0.861508 -0.120821  0.00307536 0.000550582 -0.00656905  0.0138031 -0.0112609  0.0142603 1 0 0 5968
              199.39 7.75022 8.62231 -48.322  11.2972  16.0879 0.874547 -0.708679 -0.861508 -0.120821  0.00307536 0.000550582 -0.00656905  0.0138031 -0.0112609  0.0142603 1 0 0 0
              199.49  9.33031   9.5549 -48.2449  11.2205  16.0027 0.884242 -0.735923 -0.823177  0.230435   0.0030555 0.000544379 -0.00655338  0.0145441 -0.0113491  0.0133406 1 0 0 6304
              199.49  9.29812  9.54118 -48.2424   11.227  16.0142 0.889676 -0.667389 -0.696991   0.28453  0.00305957 0.000546428 -0.00655699  0.0153576 -0.0132837  0.0129561 1 0 0 0
              199.59   5.5479  10.1192 -48.9866  11.1703  15.9532 0.915411  -0.52424 -0.527453  0.204579   0.0031491 0.000562519 -0.00654651  0.0151373 -0.0131992  0.0128658 1 0 0 6246
              199.59 5.46574 10.1308 -48.945  11.1671  15.9589 0.913407  -0.55716 -0.465113  0.182231  0.00317959 0.000553323 -0.00656152  0.0160287 -0.0133219  0.0133647 1 0 0 0
              199.69 4.65708 9.78194 -48.685  11.1107  15.9037 0.929206 -0.566153 -0.561093  0.107272  0.00312351 0.000576731 -0.00659499   0.014733 -0.0125357  0.0128985 1 0 0 5891
              199.69  4.62193  9.78471 -48.7204  11.1101  15.8987 0.928908 -0.571448 -0.615883  0.104701  0.00313603 0.000579826 -0.00658112  0.0141844 -0.0119787  0.0127789 1 0 0 0
             199.791  4.47683  9.49361 -49.3861  11.0496  15.8324 0.930579  -0.626444  -0.683361 -0.0224481  0.00308326 0.000560919 -0.00655062  0.0139858 -0.0112621  0.0130008 1 0 0 5965
             199.791  4.58139  9.47726 -49.3579  11.0556  15.8462 0.936959 -0.562891 -0.532777 0.0421889  0.00303919 0.000559847 -0.00656165  0.0151937 -0.0134107  0.0124213 1 0 0 0
             199.891   5.3458  8.42802 -48.7238  10.9949  15.7812 0.926965 -0.605311 -0.687851 -0.152688  0.00303341   0.0005961 -0.00661183  0.0143251 -0.0120027  0.0136427 1 0 0 5914
             199.891  5.30422  8.48402 -48.7359  10.9926  15.7832 0.917549 -0.631451 -0.665103 -0.250297   0.0030461 0.000576768 -0.00660579  0.0145867 -0.0118013  0.0151008 1 0 0 0
              199.99 5.71847 9.01294 -48.448 10.9298 15.7053 0.88881 -0.629387 -0.833535 -0.292092  0.00306268 0.000549863 -0.00660733  0.0135553 -0.0107932   0.015053 1 0 0 6026
              199.99  5.69048  9.03534 -48.4443  10.9269  15.7053 0.891319 -0.659786 -0.833512 -0.266134  0.00307277 0.000542007  -0.0066074  0.0138848 -0.0104942  0.0146912 1 0 0 0
              200.09  6.97225   9.6091 -48.2035  10.8568   15.614 0.877391  -0.714858  -0.963819 -0.0440797  0.00303727 0.000539446 -0.00659239   0.0138203 -0.00984807   0.0137734 1 0 0 6209
              200.09  6.97225   9.6091 -48.2035  10.8568   15.614 0.877391  -0.714858  -0.963819 -0.0440797  0.00303727 0.000539446 -0.00659239   0.0138203 -0.00984807   0.0137734 1 0 0 0
              200.19 6.25207 10.3312 -48.707 10.7876 15.5193 0.89067 -0.705423 -0.944488  0.210602  0.00312749 0.000548581  -0.0065592  0.0139512 -0.0108025  0.0129245 1 0 0 6259
              200.19  6.27975  10.4564 -48.6134 10.7746 15.5414 0.87764 -0.849288 -0.690711 0.0706513  0.00314537 0.000620844  -0.0065836  0.0171903 -0.0111981  0.0154254 1 0 0 0
              200.29  4.60968  11.8243 -51.1416  10.7114  15.4682 0.895448 -0.623945 -0.641616  0.141987  0.00318877 0.000538808 -0.00647539  0.0145057 -0.0126007   0.013156 1 0 0 6325
              200.29  4.80479  11.7938 -51.0706  10.7247  15.4784 0.904695  -0.47476 -0.525722  0.240453  0.00318912 0.000539419 -0.00648316  0.0146592 -0.0151975  0.0121526 1 0 0 0
              200.39  6.53534  10.8735 -53.2792  10.6767   15.417 0.926439 -0.492639 -0.592713  0.137131  0.00312281 0.000554989 -0.00649413  0.0129789 -0.0144718  0.0114486 1 0 0 6285
              200.39  6.71971  10.8552 -53.3191 10.6908 15.4024 0.93094 -0.350276 -0.753971   0.18719  0.00305676 0.000505768 -0.00647056  0.0103401 -0.0147838  0.0102603 1 0 0 0
              200.49  7.65273  9.01271 -56.0079  10.6268  15.3398 0.930316  -0.694851  -0.618019 -0.0797706   0.0030728 0.000629567 -0.00647601   0.013369 -0.0123009  0.0121719 1 0 0 6506
              200.49 7.69955 9.03364 -55.999  10.6128  15.3439 0.933048  -0.840031  -0.575292 -0.0583987  0.00304235 0.000652905 -0.00648804  0.0149546 -0.0110639  0.0120408 1 0 0 0
              200.59  10.4686  8.40332 -56.7795  10.5159  15.2876 0.912304 -0.962985 -0.587769 -0.207132  0.00299536 0.000650817 -0.00654087   0.0160629 -0.00977001   0.0140737 1 0 0 6558
              200.59   10.498  8.49287 -56.8152  10.5285  15.2819 0.904335 -0.833379 -0.646659 -0.285298  0.00300017 0.000591398 -0.00652266  0.0143719 -0.0106846    0.01501 1 0 0 0
              200.69  9.67072  8.45601 -55.1363   10.436  15.2168 0.880191 -0.934738 -0.681454 -0.190411  0.00311477 0.000614775 -0.00662199   0.0153093 -0.00950516   0.0148032 1 0 0 6634
              200.69 9.67724 8.47279 -55.114  10.4358  15.2188 0.881149 -0.936159 -0.659454 -0.180869  0.00311741 0.000615007 -0.00662853   0.0155801 -0.00964979    0.014742 1 0 0 0
              200.79  10.1909  9.41982 -52.3554  10.3425  15.1474 0.878203 -0.929786 -0.729155  0.108571  0.00311854 0.000555678 -0.00664413    0.015151 -0.00977224   0.0140004 1 0 0 6660
